experiment_id,scenario,estimator,seed,reference_every_n,control_enabled,edge_config,edge_config_hash,git_commit,detected,missed,recall,alarms,false_alarms,false_alarms_per_hour,recalibrations,degradations,n_references,mae_kg,bias_kg,rmse_kg,dynamic_floor_kg,failed
blocking,S4_step_fault,rls,1,10,True,detect_cusum,02b156c6de838405cccd0b77c34359bed7d5ebd69b06d64d823e5a9933696b0a,d520cb63df0c6f4d0f262a544d06e088d0150a7f,0,2,0.0,2,2,0.125,1,0,346,159.68665859721216,-8.775782478485814,347.48257770985583,135.85743427104407,False
blocking,S4_step_fault,rls,1,10,True,detect_cusum_h6,a4f678249bfb70366f67a789105fbda738544504120ca43f85614e97b483bf8d,d520cb63df0c6f4d0f262a544d06e088d0150a7f,0,2,0.0,2,2,0.125,1,0,346,158.87614121732503,-4.255044214492521,344.56205345802624,135.85743427104407,False
blocking,S4_step_fault,rls,1,10,True,detect_cusum_h3,65a20645c162989edc778d5a5e83aa2f3c5a0a6ba0d0605810e1f3e4ebe2af3f,d520cb63df0c6f4d0f262a544d06e088d0150a7f,0,2,0.0,3,3,0.1875,1,0,346,154.86027365392002,-24.425954882088256,329.9991742029828,135.85743427104407,False
blocking,S4_step_fault,rls,1,10,True,detect_cusum_h1p5,451a103aa34ef76d9264fc10eb6bc9d7cdaf57567f9fa4470870b544cd6aba58,d520cb63df0c6f4d0f262a544d06e088d0150a7f,0,2,0.0,3,3,0.1875,1,0,346,154.86027365392002,-24.425954882088256,329.9991742029828,135.85743427104407,False
blocking,S4_step_fault,rls,1,10,True,detect_ph,b063edce9d506ca7eaf5134aba55816c09afa2cb2ef6ae22f28315349edd8406,d520cb63df0c6f4d0f262a544d06e088d0150a7f,0,2,0.0,1,1,0.0625,0,0,346,157.15679163152672,-41.75432650370831,338.06537955644166,135.85743427104407,False
blocking,S4_step_fault,rls,1,10,True,detect_ph_h7p5,017a29a5545c00ce5ac534627e3a6ec2fc8fdcfc0c83a17da09aa46639af32f3,d520cb63df0c6f4d0f262a544d06e088d0150a7f,0,2,0.0,2,2,0.125,1,0,346,158.87614121732503,-4.255044214492521,344.56205345802624,135.85743427104407,False
blocking,S4_step_fault,rls,1,10,True,detect_ph_h3p75,71faba01ccbc6361a1317bfd102852cdbfb1d649642484249b4af805ac86c80c,d520cb63df0c6f4d0f262a544d06e088d0150a7f,1,1,0.5,2,1,0.0625,1,0,346,159.29675624592826,-1.9607891575223872,344.07376714295935,135.85743427104407,False
blocking,S4_step_fault,rls,1,10,True,detect_ph_h1p875,500e11e9c824b56809e55489313688d74b4a961af9b0e577a3ae800b2eb553ad,d520cb63df0c6f4d0f262a544d06e088d0150a7f,0,2,0.0,3,3,0.1875,1,0,346,154.86027365392002,-24.425954882088256,329.9991742029828,135.85743427104407,False
blocking,S4_step_fault,rls,1,10,True,detect_adwin,c713c6ff067c0eb9d2d9e6f7c6ebafc0d4a8982fffde9b8ee5016969e4063c1a,d520cb63df0c6f4d0f262a544d06e088d0150a7f,0,2,0.0,1,1,0.0625,0,0,346,157.15679163152672,-41.75432650370831,338.06537955644166,135.85743427104407,False
blocking,S4_step_fault,rls,1,10,True,detect_adwin_d01,5ae11b091d9e7df23ca542456a14adc75040fae07d022d7f78faec4639a84700,d520cb63df0c6f4d0f262a544d06e088d0150a7f,0,2,0.0,1,1,0.0625,1,0,346,159.68665859721216,-8.775782478485814,347.48257770985583,135.85743427104407,False
blocking,S4_step_fault,rls,1,10,True,detect_adwin_d05,27a19f03595b20ffdf0f756ead43268dd255dc455be381b11730a9b38d447ca9,d520cb63df0c6f4d0f262a544d06e088d0150a7f,0,2,0.0,1,1,0.0625,1,0,346,159.68665859721216,-8.775782478485814,347.48257770985583,135.85743427104407,False
blocking,S4_step_fault,rls,1,10,True,detect_adwin_d25,3858cf5bdf35e4353ed086f34dbad5381acc610798bc6e392be4a44705e5fcf9,d520cb63df0c6f4d0f262a544d06e088d0150a7f,0,2,0.0,1,1,0.0625,1,0,346,159.22810071819865,-7.392099613342701,346.2955278052987,135.85743427104407,False
blocking,S4_step_fault,rls,1,10,True,detect_adwin_d9,aa3cee0268fe68ff0203c39d0ed116280bd8d1983ebc55e9cbfd1d9a711fda32,d520cb63df0c6f4d0f262a544d06e088d0150a7f,0,2,0.0,2,2,0.125,1,0,346,158.98413495321847,-6.802229432934485,345.1577900230438,135.85743427104407,False
blocking,S4_step_fault,rls,1,10,True,detect_ks,5cc332ea7161cc2fbaa8e642a329e320aa928d3793c2588253ab72c338213dd8,d520cb63df0c6f4d0f262a544d06e088d0150a7f,0,2,0.0,1,1,0.0625,0,0,346,157.15679163152672,-41.75432650370831,338.06537955644166,135.85743427104407,False
blocking,S4_step_fault,rls,1,10,True,detect_ks_a001,ed0ad13f5a574d68caed89b9b52616e9e404422e94de4bfc9451b483bc9105c3,d520cb63df0c6f4d0f262a544d06e088d0150a7f,0,2,0.0,1,1,0.0625,0,0,346,157.15679163152672,-41.75432650370831,338.06537955644166,135.85743427104407,False
blocking,S4_step_fault,rls,1,10,True,detect_ks_a01,880d14f469f2f330495f13f909990def916756d0e6b2e6c8d206a89c45bd54ed,d520cb63df0c6f4d0f262a544d06e088d0150a7f,0,2,0.0,1,1,0.0625,0,0,346,157.15679163152672,-41.75432650370831,338.06537955644166,135.85743427104407,False
blocking,S4_step_fault,rls,1,10,True,detect_ks_a1,07dc553a109336280d80a905c3ac17604b4571fa9d1059d1c1082551071e6c84,d520cb63df0c6f4d0f262a544d06e088d0150a7f,0,2,0.0,1,1,0.0625,0,0,346,157.15679163152672,-41.75432650370831,338.06537955644166,135.85743427104407,False
blocking,S4_step_fault,rls,1,10,True,detect_cusum_nb,5089e1b5d25b9901b42c6eb04639484322e2a3f80890298ef3ae6985e1f073a9,d520cb63df0c6f4d0f262a544d06e088d0150a7f,0,2,0.0,4,4,0.25,1,0,346,159.68665859721216,-8.775782478485814,347.48257770985583,135.85743427104407,False
blocking,S4_step_fault,rls,1,10,True,detect_cusum_h6_nb,e962108e830ea46bf9a74f08549be574a4fedc20e7844166f7d8806d43a8d467,d520cb63df0c6f4d0f262a544d06e088d0150a7f,0,2,0.0,4,4,0.25,1,0,346,158.87614121732503,-4.255044214492521,344.56205345802624,135.85743427104407,False
blocking,S4_step_fault,rls,1,10,True,detect_cusum_h3_nb,e47bea936456fd1c645564100e62c0f794edea588af0b70a85a161b6be6b41fe,d520cb63df0c6f4d0f262a544d06e088d0150a7f,0,2,0.0,6,6,0.375,1,0,346,154.86027365392002,-24.425954882088256,329.9991742029828,135.85743427104407,False
blocking,S4_step_fault,rls,1,10,True,detect_cusum_h1p5_nb,711c4880e0a6af455eaca5941afff9f6f986a7f809d145ce44fafa7f7f686c0d,d520cb63df0c6f4d0f262a544d06e088d0150a7f,0,2,0.0,6,6,0.375,1,0,346,154.86027365392002,-24.425954882088256,329.9991742029828,135.85743427104407,False
blocking,S4_step_fault,rls,1,10,True,detect_ph_nb,84dffedbc7a426ed6a5c695db07be2f2d3b5e43c1c80fed9180736cde5ed994d,d520cb63df0c6f4d0f262a544d06e088d0150a7f,0,2,0.0,2,2,0.125,0,0,346,157.15679163152672,-41.75432650370831,338.06537955644166,135.85743427104407,False
blocking,S4_step_fault,rls,1,10,True,detect_ph_h7p5_nb,9f5b8cd1a62ca3bd4bb61cf50468c9440933dbd25fd4e217947e89999c7dddbc,d520cb63df0c6f4d0f262a544d06e088d0150a7f,0,2,0.0,4,4,0.25,1,0,346,158.87614121732503,-4.255044214492521,344.56205345802624,135.85743427104407,False
blocking,S4_step_fault,rls,1,10,True,detect_ph_h3p75_nb,45c9536b9ac99ef7712cf461947902ad7190d0549509c5ec06aa5ab9ed63231e,d520cb63df0c6f4d0f262a544d06e088d0150a7f,1,1,0.5,4,3,0.1875,1,0,346,159.29675624592826,-1.9607891575223872,344.07376714295935,135.85743427104407,False
blocking,S4_step_fault,rls,1,10,True,detect_ph_h1p875_nb,04538b2b6f38b6d85173d5ba7a188d01202d8c85661fc93932f735702d077254,d520cb63df0c6f4d0f262a544d06e088d0150a7f,0,2,0.0,6,6,0.375,1,0,346,154.86027365392002,-24.425954882088256,329.9991742029828,135.85743427104407,False
blocking,S4_step_fault,rls,1,10,True,detect_adwin_nb,28fa2dd51669715b9a77a376181a742518f99c16aeab791ac12fbf6306736eb7,d520cb63df0c6f4d0f262a544d06e088d0150a7f,0,2,0.0,2,2,0.125,0,0,346,157.15679163152672,-41.75432650370831,338.06537955644166,135.85743427104407,False
blocking,S4_step_fault,rls,1,10,True,detect_adwin_d01_nb,7e5645c8446b22e8aa323a21fe61d3c3d3d04eda8319ab08aa3e57a9509f2944,d520cb63df0c6f4d0f262a544d06e088d0150a7f,0,2,0.0,2,2,0.125,1,0,346,159.68665859721216,-8.775782478485814,347.48257770985583,135.85743427104407,False
blocking,S4_step_fault,rls,1,10,True,detect_adwin_d05_nb,ee707f1d2f35eadc717e7c582810116230ebed6f606e0b94ed1bb74805217117,d520cb63df0c6f4d0f262a544d06e088d0150a7f,0,2,0.0,2,2,0.125,1,0,346,159.68665859721216,-8.775782478485814,347.48257770985583,135.85743427104407,False
blocking,S4_step_fault,rls,1,10,True,detect_adwin_d25_nb,68768119fac31e436eddcd6a60b7490f7af690c43abb7141551ae4fc8b280d42,d520cb63df0c6f4d0f262a544d06e088d0150a7f,0,2,0.0,2,2,0.125,1,0,346,159.22810071819865,-7.392099613342701,346.2955278052987,135.85743427104407,False
blocking,S4_step_fault,rls,1,10,True,detect_adwin_d9_nb,213bd61c39a477f6652d9c521e99c9c26c1312c4df490ddf428cbd9fd786aa96,d520cb63df0c6f4d0f262a544d06e088d0150a7f,0,2,0.0,4,4,0.25,1,0,346,158.98413495321847,-6.802229432934485,345.1577900230438,135.85743427104407,False
blocking,S4_step_fault,rls,1,10,True,detect_ks_nb,1a9da829abe8feb4a54bc2b39bf7b8e91684c7405c4b5a1dba891e1b63a2138e,d520cb63df0c6f4d0f262a544d06e088d0150a7f,0,2,0.0,2,2,0.125,0,0,346,157.15679163152672,-41.75432650370831,338.06537955644166,135.85743427104407,False
blocking,S4_step_fault,rls,1,10,True,detect_ks_a001_nb,40c9ae6037d09911eac943853ba2a0491a8152c584ad24a28413d77a6e8ca4de,d520cb63df0c6f4d0f262a544d06e088d0150a7f,0,2,0.0,2,2,0.125,0,0,346,157.15679163152672,-41.75432650370831,338.06537955644166,135.85743427104407,False
blocking,S4_step_fault,rls,1,10,True,detect_ks_a01_nb,0a8b9ba44fca6058f6bca15c888f8a3b8dda672bd68c7509200d27f07c460127,d520cb63df0c6f4d0f262a544d06e088d0150a7f,0,2,0.0,2,2,0.125,0,0,346,157.15679163152672,-41.75432650370831,338.06537955644166,135.85743427104407,False
blocking,S4_step_fault,rls,1,10,True,detect_ks_a1_nb,c8a9547f27c01cf2951be67a0808c2b4fdedefa1cbb712459d2c54ef8242378c,d520cb63df0c6f4d0f262a544d06e088d0150a7f,0,2,0.0,2,2,0.125,0,0,346,157.15679163152672,-41.75432650370831,338.06537955644166,135.85743427104407,False
blocking,S4_step_fault,rls,2,10,True,detect_cusum,02b156c6de838405cccd0b77c34359bed7d5ebd69b06d64d823e5a9933696b0a,d520cb63df0c6f4d0f262a544d06e088d0150a7f,0,2,0.0,1,1,0.0625,1,0,355,152.70571564016544,17.375762983867617,329.8467777481311,128.90500309648888,False
blocking,S4_step_fault,rls,2,10,True,detect_cusum_h6,a4f678249bfb70366f67a789105fbda738544504120ca43f85614e97b483bf8d,d520cb63df0c6f4d0f262a544d06e088d0150a7f,1,1,0.5,3,2,0.125,1,0,355,152.45473928184134,18.51434893752477,328.28568718075894,128.90500309648888,False
blocking,S4_step_fault,rls,2,10,True,detect_cusum_h3,65a20645c162989edc778d5a5e83aa2f3c5a0a6ba0d0605810e1f3e4ebe2af3f,d520cb63df0c6f4d0f262a544d06e088d0150a7f,0,2,0.0,3,3,0.1875,1,0,355,142.79906502554968,-17.68140219966372,299.5176386380731,128.90500309648888,False
blocking,S4_step_fault,rls,2,10,True,detect_cusum_h1p5,451a103aa34ef76d9264fc10eb6bc9d7cdaf57567f9fa4470870b544cd6aba58,d520cb63df0c6f4d0f262a544d06e088d0150a7f,0,2,0.0,3,3,0.1875,1,0,355,142.79906502554968,-17.68140219966372,299.5176386380731,128.90500309648888,False
blocking,S4_step_fault,rls,2,10,True,detect_ph,b063edce9d506ca7eaf5134aba55816c09afa2cb2ef6ae22f28315349edd8406,d520cb63df0c6f4d0f262a544d06e088d0150a7f,0,2,0.0,1,1,0.0625,0,0,355,146.3149146986283,-5.68695925897993,313.16843892492034,128.90500309648888,False
blocking,S4_step_fault,rls,2,10,True,detect_ph_h7p5,017a29a5545c00ce5ac534627e3a6ec2fc8fdcfc0c83a17da09aa46639af32f3,d520cb63df0c6f4d0f262a544d06e088d0150a7f,1,1,0.5,2,1,0.0625,1,0,355,151.38121748574758,16.36176335381794,325.10790566335527,128.90500309648888,False
blocking,S4_step_fault,rls,2,10,True,detect_ph_h3p75,71faba01ccbc6361a1317bfd102852cdbfb1d649642484249b4af805ac86c80c,d520cb63df0c6f4d0f262a544d06e088d0150a7f,1,1,0.5,3,2,0.125,1,0,355,152.80598947234105,18.932057716883353,328.84914244533707,128.90500309648888,False
blocking,S4_step_fault,rls,2,10,True,detect_ph_h1p875,500e11e9c824b56809e55489313688d74b4a961af9b0e577a3ae800b2eb553ad,d520cb63df0c6f4d0f262a544d06e088d0150a7f,0,2,0.0,3,3,0.1875,1,0,355,142.79906502554968,-17.68140219966372,299.5176386380731,128.90500309648888,False
blocking,S4_step_fault,rls,2,10,True,detect_adwin,c713c6ff067c0eb9d2d9e6f7c6ebafc0d4a8982fffde9b8ee5016969e4063c1a,d520cb63df0c6f4d0f262a544d06e088d0150a7f,0,2,0.0,1,1,0.0625,0,0,355,146.3149146986283,-5.68695925897993,313.16843892492034,128.90500309648888,False
blocking,S4_step_fault,rls,2,10,True,detect_adwin_d01,5ae11b091d9e7df23ca542456a14adc75040fae07d022d7f78faec4639a84700,d520cb63df0c6f4d0f262a544d06e088d0150a7f,0,2,0.0,1,1,0.0625,0,0,355,146.3149146986283,-5.68695925897993,313.16843892492034,128.90500309648888,False
blocking,S4_step_fault,rls,2,10,True,detect_adwin_d05,27a19f03595b20ffdf0f756ead43268dd255dc455be381b11730a9b38d447ca9,d520cb63df0c6f4d0f262a544d06e088d0150a7f,0,2,0.0,1,1,0.0625,0,0,355,146.3149146986283,-5.68695925897993,313.16843892492034,128.90500309648888,False
blocking,S4_step_fault,rls,2,10,True,detect_adwin_d25,3858cf5bdf35e4353ed086f34dbad5381acc610798bc6e392be4a44705e5fcf9,d520cb63df0c6f4d0f262a544d06e088d0150a7f,0,2,0.0,1,1,0.0625,0,0,355,146.3149146986283,-5.68695925897993,313.16843892492034,128.90500309648888,False
blocking,S4_step_fault,rls,2,10,True,detect_adwin_d9,aa3cee0268fe68ff0203c39d0ed116280bd8d1983ebc55e9cbfd1d9a711fda32,d520cb63df0c6f4d0f262a544d06e088d0150a7f,0,2,0.0,1,1,0.0625,0,0,355,146.3149146986283,-5.68695925897993,313.16843892492034,128.90500309648888,False
blocking,S4_step_fault,rls,2,10,True,detect_ks,5cc332ea7161cc2fbaa8e642a329e320aa928d3793c2588253ab72c338213dd8,d520cb63df0c6f4d0f262a544d06e088d0150a7f,0,2,0.0,0,0,0.0,0,0,355,146.3149146986283,-5.68695925897993,313.16843892492034,128.90500309648888,False
blocking,S4_step_fault,rls,2,10,True,detect_ks_a001,ed0ad13f5a574d68caed89b9b52616e9e404422e94de4bfc9451b483bc9105c3,d520cb63df0c6f4d0f262a544d06e088d0150a7f,0,2,0.0,1,1,0.0625,0,0,355,146.3149146986283,-5.68695925897993,313.16843892492034,128.90500309648888,False
blocking,S4_step_fault,rls,2,10,True,detect_ks_a01,880d14f469f2f330495f13f909990def916756d0e6b2e6c8d206a89c45bd54ed,d520cb63df0c6f4d0f262a544d06e088d0150a7f,0,2,0.0,1,1,0.0625,0,0,355,146.3149146986283,-5.68695925897993,313.16843892492034,128.90500309648888,False
blocking,S4_step_fault,rls,2,10,True,detect_ks_a1,07dc553a109336280d80a905c3ac17604b4571fa9d1059d1c1082551071e6c84,d520cb63df0c6f4d0f262a544d06e088d0150a7f,0,2,0.0,1,1,0.0625,0,0,355,146.3149146986283,-5.68695925897993,313.16843892492034,128.90500309648888,False
blocking,S4_step_fault,rls,2,10,True,detect_cusum_nb,5089e1b5d25b9901b42c6eb04639484322e2a3f80890298ef3ae6985e1f073a9,d520cb63df0c6f4d0f262a544d06e088d0150a7f,0,2,0.0,2,2,0.125,1,0,355,152.70571564016544,17.375762983867617,329.8467777481311,128.90500309648888,False
blocking,S4_step_fault,rls,2,10,True,detect_cusum_h6_nb,e962108e830ea46bf9a74f08549be574a4fedc20e7844166f7d8806d43a8d467,d520cb63df0c6f4d0f262a544d06e088d0150a7f,1,1,0.5,6,5,0.3125,1,0,355,152.45473928184134,18.51434893752477,328.28568718075894,128.90500309648888,False
blocking,S4_step_fault,rls,2,10,True,detect_cusum_h3_nb,e47bea936456fd1c645564100e62c0f794edea588af0b70a85a161b6be6b41fe,d520cb63df0c6f4d0f262a544d06e088d0150a7f,1,1,0.5,6,5,0.3125,1,0,355,142.79906502554968,-17.68140219966372,299.5176386380731,128.90500309648888,False
blocking,S4_step_fault,rls,2,10,True,detect_cusum_h1p5_nb,711c4880e0a6af455eaca5941afff9f6f986a7f809d145ce44fafa7f7f686c0d,d520cb63df0c6f4d0f262a544d06e088d0150a7f,1,1,0.5,6,5,0.3125,1,0,355,142.79906502554968,-17.68140219966372,299.5176386380731,128.90500309648888,False
blocking,S4_step_fault,rls,2,10,True,detect_ph_nb,84dffedbc7a426ed6a5c695db07be2f2d3b5e43c1c80fed9180736cde5ed994d,d520cb63df0c6f4d0f262a544d06e088d0150a7f,0,2,0.0,2,2,0.125,0,0,355,146.3149146986283,-5.68695925897993,313.16843892492034,128.90500309648888,False
blocking,S4_step_fault,rls,2,10,True,detect_ph_h7p5_nb,9f5b8cd1a62ca3bd4bb61cf50468c9440933dbd25fd4e217947e89999c7dddbc,d520cb63df0c6f4d0f262a544d06e088d0150a7f,1,1,0.5,4,3,0.1875,1,0,355,151.38121748574758,16.36176335381794,325.10790566335527,128.90500309648888,False
blocking,S4_step_fault,rls,2,10,True,detect_ph_h3p75_nb,45c9536b9ac99ef7712cf461947902ad7190d0549509c5ec06aa5ab9ed63231e,d520cb63df0c6f4d0f262a544d06e088d0150a7f,1,1,0.5,5,4,0.25,1,0,355,152.80598947234105,18.932057716883353,328.84914244533707,128.90500309648888,False
blocking,S4_step_fault,rls,2,10,True,detect_ph_h1p875_nb,04538b2b6f38b6d85173d5ba7a188d01202d8c85661fc93932f735702d077254,d520cb63df0c6f4d0f262a544d06e088d0150a7f,1,1,0.5,6,5,0.3125,1,0,355,142.79906502554968,-17.68140219966372,299.5176386380731,128.90500309648888,False
blocking,S4_step_fault,rls,2,10,True,detect_adwin_nb,28fa2dd51669715b9a77a376181a742518f99c16aeab791ac12fbf6306736eb7,d520cb63df0c6f4d0f262a544d06e088d0150a7f,0,2,0.0,2,2,0.125,0,0,355,146.3149146986283,-5.68695925897993,313.16843892492034,128.90500309648888,False
blocking,S4_step_fault,rls,2,10,True,detect_adwin_d01_nb,7e5645c8446b22e8aa323a21fe61d3c3d3d04eda8319ab08aa3e57a9509f2944,d520cb63df0c6f4d0f262a544d06e088d0150a7f,0,2,0.0,2,2,0.125,0,0,355,146.3149146986283,-5.68695925897993,313.16843892492034,128.90500309648888,False
blocking,S4_step_fault,rls,2,10,True,detect_adwin_d05_nb,ee707f1d2f35eadc717e7c582810116230ebed6f606e0b94ed1bb74805217117,d520cb63df0c6f4d0f262a544d06e088d0150a7f,0,2,0.0,2,2,0.125,0,0,355,146.3149146986283,-5.68695925897993,313.16843892492034,128.90500309648888,False
blocking,S4_step_fault,rls,2,10,True,detect_adwin_d25_nb,68768119fac31e436eddcd6a60b7490f7af690c43abb7141551ae4fc8b280d42,d520cb63df0c6f4d0f262a544d06e088d0150a7f,0,2,0.0,2,2,0.125,0,0,355,146.3149146986283,-5.68695925897993,313.16843892492034,128.90500309648888,False
blocking,S4_step_fault,rls,2,10,True,detect_adwin_d9_nb,213bd61c39a477f6652d9c521e99c9c26c1312c4df490ddf428cbd9fd786aa96,d520cb63df0c6f4d0f262a544d06e088d0150a7f,0,2,0.0,2,2,0.125,0,0,355,146.3149146986283,-5.68695925897993,313.16843892492034,128.90500309648888,False
blocking,S4_step_fault,rls,2,10,True,detect_ks_nb,1a9da829abe8feb4a54bc2b39bf7b8e91684c7405c4b5a1dba891e1b63a2138e,d520cb63df0c6f4d0f262a544d06e088d0150a7f,0,2,0.0,0,0,0.0,0,0,355,146.3149146986283,-5.68695925897993,313.16843892492034,128.90500309648888,False
blocking,S4_step_fault,rls,2,10,True,detect_ks_a001_nb,40c9ae6037d09911eac943853ba2a0491a8152c584ad24a28413d77a6e8ca4de,d520cb63df0c6f4d0f262a544d06e088d0150a7f,0,2,0.0,2,2,0.125,0,0,355,146.3149146986283,-5.68695925897993,313.16843892492034,128.90500309648888,False
blocking,S4_step_fault,rls,2,10,True,detect_ks_a01_nb,0a8b9ba44fca6058f6bca15c888f8a3b8dda672bd68c7509200d27f07c460127,d520cb63df0c6f4d0f262a544d06e088d0150a7f,0,2,0.0,2,2,0.125,0,0,355,146.3149146986283,-5.68695925897993,313.16843892492034,128.90500309648888,False
blocking,S4_step_fault,rls,2,10,True,detect_ks_a1_nb,c8a9547f27c01cf2951be67a0808c2b4fdedefa1cbb712459d2c54ef8242378c,d520cb63df0c6f4d0f262a544d06e088d0150a7f,0,2,0.0,2,2,0.125,0,0,355,146.3149146986283,-5.68695925897993,313.16843892492034,128.90500309648888,False
blocking,S4_step_fault,rls,3,10,True,detect_cusum,02b156c6de838405cccd0b77c34359bed7d5ebd69b06d64d823e5a9933696b0a,d520cb63df0c6f4d0f262a544d06e088d0150a7f,1,1,0.5,2,1,0.0625,0,0,358,147.482589842959,-40.954159041442075,322.11218715389407,127.39820939505377,False
blocking,S4_step_fault,rls,3,10,True,detect_cusum_h6,a4f678249bfb70366f67a789105fbda738544504120ca43f85614e97b483bf8d,d520cb63df0c6f4d0f262a544d06e088d0150a7f,0,2,0.0,2,2,0.125,1,0,358,146.20586584768228,-8.176238594826136,311.332137152796,127.39820939505377,False
blocking,S4_step_fault,rls,3,10,True,detect_cusum_h3,65a20645c162989edc778d5a5e83aa2f3c5a0a6ba0d0605810e1f3e4ebe2af3f,d520cb63df0c6f4d0f262a544d06e088d0150a7f,0,2,0.0,3,3,0.1875,2,0,358,145.20101788111393,-27.695328921413754,313.0749914012995,127.39820939505377,False
blocking,S4_step_fault,rls,3,10,True,detect_cusum_h1p5,451a103aa34ef76d9264fc10eb6bc9d7cdaf57567f9fa4470870b544cd6aba58,d520cb63df0c6f4d0f262a544d06e088d0150a7f,0,2,0.0,3,3,0.1875,2,0,358,144.85988463585073,-29.023084218428107,312.89273611377035,127.39820939505377,False
blocking,S4_step_fault,rls,3,10,True,detect_ph,b063edce9d506ca7eaf5134aba55816c09afa2cb2ef6ae22f28315349edd8406,d520cb63df0c6f4d0f262a544d06e088d0150a7f,0,2,0.0,1,1,0.0625,0,0,358,147.482589842959,-40.954159041442075,322.11218715389407,127.39820939505377,False
blocking,S4_step_fault,rls,3,10,True,detect_ph_h7p5,017a29a5545c00ce5ac534627e3a6ec2fc8fdcfc0c83a17da09aa46639af32f3,d520cb63df0c6f4d0f262a544d06e088d0150a7f,1,1,0.5,2,1,0.0625,0,0,358,147.482589842959,-40.954159041442075,322.11218715389407,127.39820939505377,False
blocking,S4_step_fault,rls,3,10,True,detect_ph_h3p75,71faba01ccbc6361a1317bfd102852cdbfb1d649642484249b4af805ac86c80c,d520cb63df0c6f4d0f262a544d06e088d0150a7f,1,1,0.5,2,1,0.0625,2,0,358,145.09575265992794,-21.067549451157035,310.40637126041287,127.39820939505377,False
blocking,S4_step_fault,rls,3,10,True,detect_ph_h1p875,500e11e9c824b56809e55489313688d74b4a961af9b0e577a3ae800b2eb553ad,d520cb63df0c6f4d0f262a544d06e088d0150a7f,0,2,0.0,3,3,0.1875,2,0,358,145.20101788111393,-27.695328921413754,313.0749914012995,127.39820939505377,False
blocking,S4_step_fault,rls,3,10,True,detect_adwin,c713c6ff067c0eb9d2d9e6f7c6ebafc0d4a8982fffde9b8ee5016969e4063c1a,d520cb63df0c6f4d0f262a544d06e088d0150a7f,0,2,0.0,1,1,0.0625,0,0,358,147.482589842959,-40.954159041442075,322.11218715389407,127.39820939505377,False
blocking,S4_step_fault,rls,3,10,True,detect_adwin_d01,5ae11b091d9e7df23ca542456a14adc75040fae07d022d7f78faec4639a84700,d520cb63df0c6f4d0f262a544d06e088d0150a7f,0,2,0.0,2,2,0.125,0,0,358,147.482589842959,-40.954159041442075,322.11218715389407,127.39820939505377,False
blocking,S4_step_fault,rls,3,10,True,detect_adwin_d05,27a19f03595b20ffdf0f756ead43268dd255dc455be381b11730a9b38d447ca9,d520cb63df0c6f4d0f262a544d06e088d0150a7f,0,2,0.0,2,2,0.125,0,0,358,147.482589842959,-40.954159041442075,322.11218715389407,127.39820939505377,False
blocking,S4_step_fault,rls,3,10,True,detect_adwin_d25,3858cf5bdf35e4353ed086f34dbad5381acc610798bc6e392be4a44705e5fcf9,d520cb63df0c6f4d0f262a544d06e088d0150a7f,0,2,0.0,2,2,0.125,0,0,358,147.482589842959,-40.954159041442075,322.11218715389407,127.39820939505377,False
blocking,S4_step_fault,rls,3,10,True,detect_adwin_d9,aa3cee0268fe68ff0203c39d0ed116280bd8d1983ebc55e9cbfd1d9a711fda32,d520cb63df0c6f4d0f262a544d06e088d0150a7f,0,2,0.0,2,2,0.125,0,0,358,147.482589842959,-40.954159041442075,322.11218715389407,127.39820939505377,False
blocking,S4_step_fault,rls,3,10,True,detect_ks,5cc332ea7161cc2fbaa8e642a329e320aa928d3793c2588253ab72c338213dd8,d520cb63df0c6f4d0f262a544d06e088d0150a7f,0,2,0.0,0,0,0.0,0,0,358,147.482589842959,-40.954159041442075,322.11218715389407,127.39820939505377,False
blocking,S4_step_fault,rls,3,10,True,detect_ks_a001,ed0ad13f5a574d68caed89b9b52616e9e404422e94de4bfc9451b483bc9105c3,d520cb63df0c6f4d0f262a544d06e088d0150a7f,0,2,0.0,0,0,0.0,0,0,358,147.482589842959,-40.954159041442075,322.11218715389407,127.39820939505377,False
blocking,S4_step_fault,rls,3,10,True,detect_ks_a01,880d14f469f2f330495f13f909990def916756d0e6b2e6c8d206a89c45bd54ed,d520cb63df0c6f4d0f262a544d06e088d0150a7f,0,2,0.0,1,1,0.0625,0,0,358,147.482589842959,-40.954159041442075,322.11218715389407,127.39820939505377,False
blocking,S4_step_fault,rls,3,10,True,detect_ks_a1,07dc553a109336280d80a905c3ac17604b4571fa9d1059d1c1082551071e6c84,d520cb63df0c6f4d0f262a544d06e088d0150a7f,0,2,0.0,1,1,0.0625,0,0,358,147.482589842959,-40.954159041442075,322.11218715389407,127.39820939505377,False
blocking,S4_step_fault,rls,3,10,True,detect_cusum_nb,5089e1b5d25b9901b42c6eb04639484322e2a3f80890298ef3ae6985e1f073a9,d520cb63df0c6f4d0f262a544d06e088d0150a7f,1,1,0.5,4,3,0.1875,0,0,358,147.482589842959,-40.954159041442075,322.11218715389407,127.39820939505377,False
blocking,S4_step_fault,rls,3,10,True,detect_cusum_h6_nb,e962108e830ea46bf9a74f08549be574a4fedc20e7844166f7d8806d43a8d467,d520cb63df0c6f4d0f262a544d06e088d0150a7f,0,2,0.0,4,4,0.25,1,0,358,146.20586584768228,-8.176238594826136,311.332137152796,127.39820939505377,False
blocking,S4_step_fault,rls,3,10,True,detect_cusum_h3_nb,e47bea936456fd1c645564100e62c0f794edea588af0b70a85a161b6be6b41fe,d520cb63df0c6f4d0f262a544d06e088d0150a7f,0,2,0.0,6,6,0.375,2,0,358,145.20101788111393,-27.695328921413754,313.0749914012995,127.39820939505377,False
blocking,S4_step_fault,rls,3,10,True,detect_cusum_h1p5_nb,711c4880e0a6af455eaca5941afff9f6f986a7f809d145ce44fafa7f7f686c0d,d520cb63df0c6f4d0f262a544d06e088d0150a7f,0,2,0.0,6,6,0.375,2,0,358,144.85988463585073,-29.023084218428107,312.89273611377035,127.39820939505377,False
blocking,S4_step_fault,rls,3,10,True,detect_ph_nb,84dffedbc7a426ed6a5c695db07be2f2d3b5e43c1c80fed9180736cde5ed994d,d520cb63df0c6f4d0f262a544d06e088d0150a7f,0,2,0.0,2,2,0.125,0,0,358,147.482589842959,-40.954159041442075,322.11218715389407,127.39820939505377,False
blocking,S4_step_fault,rls,3,10,True,detect_ph_h7p5_nb,9f5b8cd1a62ca3bd4bb61cf50468c9440933dbd25fd4e217947e89999c7dddbc,d520cb63df0c6f4d0f262a544d06e088d0150a7f,1,1,0.5,4,3,0.1875,0,0,358,147.482589842959,-40.954159041442075,322.11218715389407,127.39820939505377,False
blocking,S4_step_fault,rls,3,10,True,detect_ph_h3p75_nb,45c9536b9ac99ef7712cf461947902ad7190d0549509c5ec06aa5ab9ed63231e,d520cb63df0c6f4d0f262a544d06e088d0150a7f,1,1,0.5,4,3,0.1875,2,0,358,145.09575265992794,-21.067549451157035,310.40637126041287,127.39820939505377,False
blocking,S4_step_fault,rls,3,10,True,detect_ph_h1p875_nb,04538b2b6f38b6d85173d5ba7a188d01202d8c85661fc93932f735702d077254,d520cb63df0c6f4d0f262a544d06e088d0150a7f,0,2,0.0,6,6,0.375,2,0,358,145.20101788111393,-27.695328921413754,313.0749914012995,127.39820939505377,False
blocking,S4_step_fault,rls,3,10,True,detect_adwin_nb,28fa2dd51669715b9a77a376181a742518f99c16aeab791ac12fbf6306736eb7,d520cb63df0c6f4d0f262a544d06e088d0150a7f,0,2,0.0,2,2,0.125,0,0,358,147.482589842959,-40.954159041442075,322.11218715389407,127.39820939505377,False
blocking,S4_step_fault,rls,3,10,True,detect_adwin_d01_nb,7e5645c8446b22e8aa323a21fe61d3c3d3d04eda8319ab08aa3e57a9509f2944,d520cb63df0c6f4d0f262a544d06e088d0150a7f,0,2,0.0,4,4,0.25,0,0,358,147.482589842959,-40.954159041442075,322.11218715389407,127.39820939505377,False
blocking,S4_step_fault,rls,3,10,True,detect_adwin_d05_nb,ee707f1d2f35eadc717e7c582810116230ebed6f606e0b94ed1bb74805217117,d520cb63df0c6f4d0f262a544d06e088d0150a7f,0,2,0.0,4,4,0.25,0,0,358,147.482589842959,-40.954159041442075,322.11218715389407,127.39820939505377,False
blocking,S4_step_fault,rls,3,10,True,detect_adwin_d25_nb,68768119fac31e436eddcd6a60b7490f7af690c43abb7141551ae4fc8b280d42,d520cb63df0c6f4d0f262a544d06e088d0150a7f,0,2,0.0,4,4,0.25,0,0,358,147.482589842959,-40.954159041442075,322.11218715389407,127.39820939505377,False
blocking,S4_step_fault,rls,3,10,True,detect_adwin_d9_nb,213bd61c39a477f6652d9c521e99c9c26c1312c4df490ddf428cbd9fd786aa96,d520cb63df0c6f4d0f262a544d06e088d0150a7f,0,2,0.0,4,4,0.25,0,0,358,147.482589842959,-40.954159041442075,322.11218715389407,127.39820939505377,False
blocking,S4_step_fault,rls,3,10,True,detect_ks_nb,1a9da829abe8feb4a54bc2b39bf7b8e91684c7405c4b5a1dba891e1b63a2138e,d520cb63df0c6f4d0f262a544d06e088d0150a7f,0,2,0.0,0,0,0.0,0,0,358,147.482589842959,-40.954159041442075,322.11218715389407,127.39820939505377,False
blocking,S4_step_fault,rls,3,10,True,detect_ks_a001_nb,40c9ae6037d09911eac943853ba2a0491a8152c584ad24a28413d77a6e8ca4de,d520cb63df0c6f4d0f262a544d06e088d0150a7f,0,2,0.0,0,0,0.0,0,0,358,147.482589842959,-40.954159041442075,322.11218715389407,127.39820939505377,False
blocking,S4_step_fault,rls,3,10,True,detect_ks_a01_nb,0a8b9ba44fca6058f6bca15c888f8a3b8dda672bd68c7509200d27f07c460127,d520cb63df0c6f4d0f262a544d06e088d0150a7f,0,2,0.0,2,2,0.125,0,0,358,147.482589842959,-40.954159041442075,322.11218715389407,127.39820939505377,False
blocking,S4_step_fault,rls,3,10,True,detect_ks_a1_nb,c8a9547f27c01cf2951be67a0808c2b4fdedefa1cbb712459d2c54ef8242378c,d520cb63df0c6f4d0f262a544d06e088d0150a7f,0,2,0.0,2,2,0.125,0,0,358,147.482589842959,-40.954159041442075,322.11218715389407,127.39820939505377,False
blocking,S4_step_fault,rls,4,10,True,detect_cusum,02b156c6de838405cccd0b77c34359bed7d5ebd69b06d64d823e5a9933696b0a,d520cb63df0c6f4d0f262a544d06e088d0150a7f,0,2,0.0,2,2,0.125,1,0,357,154.67823048334247,-3.7023234179974076,334.0738345448137,134.51782288750053,False
blocking,S4_step_fault,rls,4,10,True,detect_cusum_h6,a4f678249bfb70366f67a789105fbda738544504120ca43f85614e97b483bf8d,d520cb63df0c6f4d0f262a544d06e088d0150a7f,0,2,0.0,2,2,0.125,1,0,357,154.41305503809335,-3.7479117155519197,332.6502798378187,134.51782288750053,False
blocking,S4_step_fault,rls,4,10,True,detect_cusum_h3,65a20645c162989edc778d5a5e83aa2f3c5a0a6ba0d0605810e1f3e4ebe2af3f,d520cb63df0c6f4d0f262a544d06e088d0150a7f,0,2,0.0,3,3,0.1875,0,0,357,151.6981932585968,-26.939354920488718,322.38937153408966,134.51782288750053,False
blocking,S4_step_fault,rls,4,10,True,detect_cusum_h1p5,451a103aa34ef76d9264fc10eb6bc9d7cdaf57567f9fa4470870b544cd6aba58,d520cb63df0c6f4d0f262a544d06e088d0150a7f,0,2,0.0,3,3,0.1875,0,0,357,151.6981932585968,-26.939354920488718,322.38937153408966,134.51782288750053,False
blocking,S4_step_fault,rls,4,10,True,detect_ph,b063edce9d506ca7eaf5134aba55816c09afa2cb2ef6ae22f28315349edd8406,d520cb63df0c6f4d0f262a544d06e088d0150a7f,0,2,0.0,1,1,0.0625,0,0,357,151.6981932585968,-26.939354920488718,322.38937153408966,134.51782288750053,False
blocking,S4_step_fault,rls,4,10,True,detect_ph_h7p5,017a29a5545c00ce5ac534627e3a6ec2fc8fdcfc0c83a17da09aa46639af32f3,d520cb63df0c6f4d0f262a544d06e088d0150a7f,0,2,0.0,2,2,0.125,1,0,357,154.67823048334247,-3.7023234179974076,334.0738345448137,134.51782288750053,False
blocking,S4_step_fault,rls,4,10,True,detect_ph_h3p75,71faba01ccbc6361a1317bfd102852cdbfb1d649642484249b4af805ac86c80c,d520cb63df0c6f4d0f262a544d06e088d0150a7f,0,2,0.0,3,3,0.1875,1,0,357,154.41305503809335,-3.7479117155519197,332.6502798378187,134.51782288750053,False
blocking,S4_step_fault,rls,4,10,True,detect_ph_h1p875,500e11e9c824b56809e55489313688d74b4a961af9b0e577a3ae800b2eb553ad,d520cb63df0c6f4d0f262a544d06e088d0150a7f,0,2,0.0,3,3,0.1875,0,0,357,151.6981932585968,-26.939354920488718,322.38937153408966,134.51782288750053,False
blocking,S4_step_fault,rls,4,10,True,detect_adwin,c713c6ff067c0eb9d2d9e6f7c6ebafc0d4a8982fffde9b8ee5016969e4063c1a,d520cb63df0c6f4d0f262a544d06e088d0150a7f,0,2,0.0,1,1,0.0625,0,0,357,151.6981932585968,-26.939354920488718,322.38937153408966,134.51782288750053,False
blocking,S4_step_fault,rls,4,10,True,detect_adwin_d01,5ae11b091d9e7df23ca542456a14adc75040fae07d022d7f78faec4639a84700,d520cb63df0c6f4d0f262a544d06e088d0150a7f,0,2,0.0,1,1,0.0625,0,0,357,151.6981932585968,-26.939354920488718,322.38937153408966,134.51782288750053,False
blocking,S4_step_fault,rls,4,10,True,detect_adwin_d05,27a19f03595b20ffdf0f756ead43268dd255dc455be381b11730a9b38d447ca9,d520cb63df0c6f4d0f262a544d06e088d0150a7f,0,2,0.0,1,1,0.0625,0,0,357,151.6981932585968,-26.939354920488718,322.38937153408966,134.51782288750053,False
blocking,S4_step_fault,rls,4,10,True,detect_adwin_d25,3858cf5bdf35e4353ed086f34dbad5381acc610798bc6e392be4a44705e5fcf9,d520cb63df0c6f4d0f262a544d06e088d0150a7f,0,2,0.0,1,1,0.0625,0,0,357,151.6981932585968,-26.939354920488718,322.38937153408966,134.51782288750053,False
blocking,S4_step_fault,rls,4,10,True,detect_adwin_d9,aa3cee0268fe68ff0203c39d0ed116280bd8d1983ebc55e9cbfd1d9a711fda32,d520cb63df0c6f4d0f262a544d06e088d0150a7f,0,2,0.0,2,2,0.125,0,0,357,151.6981932585968,-26.939354920488718,322.38937153408966,134.51782288750053,False
blocking,S4_step_fault,rls,4,10,True,detect_ks,5cc332ea7161cc2fbaa8e642a329e320aa928d3793c2588253ab72c338213dd8,d520cb63df0c6f4d0f262a544d06e088d0150a7f,0,2,0.0,0,0,0.0,0,0,357,151.6981932585968,-26.939354920488718,322.38937153408966,134.51782288750053,False
blocking,S4_step_fault,rls,4,10,True,detect_ks_a001,ed0ad13f5a574d68caed89b9b52616e9e404422e94de4bfc9451b483bc9105c3,d520cb63df0c6f4d0f262a544d06e088d0150a7f,0,2,0.0,1,1,0.0625,0,0,357,151.6981932585968,-26.939354920488718,322.38937153408966,134.51782288750053,False
blocking,S4_step_fault,rls,4,10,True,detect_ks_a01,880d14f469f2f330495f13f909990def916756d0e6b2e6c8d206a89c45bd54ed,d520cb63df0c6f4d0f262a544d06e088d0150a7f,0,2,0.0,1,1,0.0625,0,0,357,151.6981932585968,-26.939354920488718,322.38937153408966,134.51782288750053,False
blocking,S4_step_fault,rls,4,10,True,detect_ks_a1,07dc553a109336280d80a905c3ac17604b4571fa9d1059d1c1082551071e6c84,d520cb63df0c6f4d0f262a544d06e088d0150a7f,0,2,0.0,1,1,0.0625,0,0,357,151.6981932585968,-26.939354920488718,322.38937153408966,134.51782288750053,False
blocking,S4_step_fault,rls,4,10,True,detect_cusum_nb,5089e1b5d25b9901b42c6eb04639484322e2a3f80890298ef3ae6985e1f073a9,d520cb63df0c6f4d0f262a544d06e088d0150a7f,0,2,0.0,4,4,0.25,1,0,357,154.67823048334247,-3.7023234179974076,334.0738345448137,134.51782288750053,False
blocking,S4_step_fault,rls,4,10,True,detect_cusum_h6_nb,e962108e830ea46bf9a74f08549be574a4fedc20e7844166f7d8806d43a8d467,d520cb63df0c6f4d0f262a544d06e088d0150a7f,0,2,0.0,4,4,0.25,1,0,357,154.41305503809335,-3.7479117155519197,332.6502798378187,134.51782288750053,False
blocking,S4_step_fault,rls,4,10,True,detect_cusum_h3_nb,e47bea936456fd1c645564100e62c0f794edea588af0b70a85a161b6be6b41fe,d520cb63df0c6f4d0f262a544d06e088d0150a7f,0,2,0.0,6,6,0.375,0,0,357,151.6981932585968,-26.939354920488718,322.38937153408966,134.51782288750053,False
blocking,S4_step_fault,rls,4,10,True,detect_cusum_h1p5_nb,711c4880e0a6af455eaca5941afff9f6f986a7f809d145ce44fafa7f7f686c0d,d520cb63df0c6f4d0f262a544d06e088d0150a7f,0,2,0.0,6,6,0.375,0,0,357,151.6981932585968,-26.939354920488718,322.38937153408966,134.51782288750053,False
blocking,S4_step_fault,rls,4,10,True,detect_ph_nb,84dffedbc7a426ed6a5c695db07be2f2d3b5e43c1c80fed9180736cde5ed994d,d520cb63df0c6f4d0f262a544d06e088d0150a7f,0,2,0.0,2,2,0.125,0,0,357,151.6981932585968,-26.939354920488718,322.38937153408966,134.51782288750053,False
blocking,S4_step_fault,rls,4,10,True,detect_ph_h7p5_nb,9f5b8cd1a62ca3bd4bb61cf50468c9440933dbd25fd4e217947e89999c7dddbc,d520cb63df0c6f4d0f262a544d06e088d0150a7f,0,2,0.0,4,4,0.25,1,0,357,154.67823048334247,-3.7023234179974076,334.0738345448137,134.51782288750053,False
blocking,S4_step_fault,rls,4,10,True,detect_ph_h3p75_nb,45c9536b9ac99ef7712cf461947902ad7190d0549509c5ec06aa5ab9ed63231e,d520cb63df0c6f4d0f262a544d06e088d0150a7f,0,2,0.0,6,6,0.375,1,0,357,154.41305503809335,-3.7479117155519197,332.6502798378187,134.51782288750053,False
blocking,S4_step_fault,rls,4,10,True,detect_ph_h1p875_nb,04538b2b6f38b6d85173d5ba7a188d01202d8c85661fc93932f735702d077254,d520cb63df0c6f4d0f262a544d06e088d0150a7f,0,2,0.0,6,6,0.375,0,0,357,151.6981932585968,-26.939354920488718,322.38937153408966,134.51782288750053,False
blocking,S4_step_fault,rls,4,10,True,detect_adwin_nb,28fa2dd51669715b9a77a376181a742518f99c16aeab791ac12fbf6306736eb7,d520cb63df0c6f4d0f262a544d06e088d0150a7f,0,2,0.0,2,2,0.125,0,0,357,151.6981932585968,-26.939354920488718,322.38937153408966,134.51782288750053,False
blocking,S4_step_fault,rls,4,10,True,detect_adwin_d01_nb,7e5645c8446b22e8aa323a21fe61d3c3d3d04eda8319ab08aa3e57a9509f2944,d520cb63df0c6f4d0f262a544d06e088d0150a7f,0,2,0.0,2,2,0.125,0,0,357,151.6981932585968,-26.939354920488718,322.38937153408966,134.51782288750053,False
blocking,S4_step_fault,rls,4,10,True,detect_adwin_d05_nb,ee707f1d2f35eadc717e7c582810116230ebed6f606e0b94ed1bb74805217117,d520cb63df0c6f4d0f262a544d06e088d0150a7f,0,2,0.0,2,2,0.125,0,0,357,151.6981932585968,-26.939354920488718,322.38937153408966,134.51782288750053,False
blocking,S4_step_fault,rls,4,10,True,detect_adwin_d25_nb,68768119fac31e436eddcd6a60b7490f7af690c43abb7141551ae4fc8b280d42,d520cb63df0c6f4d0f262a544d06e088d0150a7f,0,2,0.0,2,2,0.125,0,0,357,151.6981932585968,-26.939354920488718,322.38937153408966,134.51782288750053,False
blocking,S4_step_fault,rls,4,10,True,detect_adwin_d9_nb,213bd61c39a477f6652d9c521e99c9c26c1312c4df490ddf428cbd9fd786aa96,d520cb63df0c6f4d0f262a544d06e088d0150a7f,0,2,0.0,4,4,0.25,0,0,357,151.6981932585968,-26.939354920488718,322.38937153408966,134.51782288750053,False
blocking,S4_step_fault,rls,4,10,True,detect_ks_nb,1a9da829abe8feb4a54bc2b39bf7b8e91684c7405c4b5a1dba891e1b63a2138e,d520cb63df0c6f4d0f262a544d06e088d0150a7f,0,2,0.0,0,0,0.0,0,0,357,151.6981932585968,-26.939354920488718,322.38937153408966,134.51782288750053,False
blocking,S4_step_fault,rls,4,10,True,detect_ks_a001_nb,40c9ae6037d09911eac943853ba2a0491a8152c584ad24a28413d77a6e8ca4de,d520cb63df0c6f4d0f262a544d06e088d0150a7f,0,2,0.0,2,2,0.125,0,0,357,151.6981932585968,-26.939354920488718,322.38937153408966,134.51782288750053,False
blocking,S4_step_fault,rls,4,10,True,detect_ks_a01_nb,0a8b9ba44fca6058f6bca15c888f8a3b8dda672bd68c7509200d27f07c460127,d520cb63df0c6f4d0f262a544d06e088d0150a7f,0,2,0.0,2,2,0.125,0,0,357,151.6981932585968,-26.939354920488718,322.38937153408966,134.51782288750053,False
blocking,S4_step_fault,rls,4,10,True,detect_ks_a1_nb,c8a9547f27c01cf2951be67a0808c2b4fdedefa1cbb712459d2c54ef8242378c,d520cb63df0c6f4d0f262a544d06e088d0150a7f,0,2,0.0,2,2,0.125,0,0,357,151.6981932585968,-26.939354920488718,322.38937153408966,134.51782288750053,False
blocking,S4_step_fault,rls,5,10,True,detect_cusum,02b156c6de838405cccd0b77c34359bed7d5ebd69b06d64d823e5a9933696b0a,d520cb63df0c6f4d0f262a544d06e088d0150a7f,0,2,0.0,1,1,0.0625,0,0,356,150.95964692169755,-32.40353852843975,328.53415373047994,131.6830372492218,False
blocking,S4_step_fault,rls,5,10,True,detect_cusum_h6,a4f678249bfb70366f67a789105fbda738544504120ca43f85614e97b483bf8d,d520cb63df0c6f4d0f262a544d06e088d0150a7f,0,2,0.0,2,2,0.125,1,0,356,148.76810996758093,-9.93368069890164,319.12733263664995,131.6830372492218,False
blocking,S4_step_fault,rls,5,10,True,detect_cusum_h3,65a20645c162989edc778d5a5e83aa2f3c5a0a6ba0d0605810e1f3e4ebe2af3f,d520cb63df0c6f4d0f262a544d06e088d0150a7f,0,2,0.0,3,3,0.1875,1,0,356,150.8253505300693,-32.02800417083473,328.8812680873296,131.6830372492218,False
blocking,S4_step_fault,rls,5,10,True,detect_cusum_h1p5,451a103aa34ef76d9264fc10eb6bc9d7cdaf57567f9fa4470870b544cd6aba58,d520cb63df0c6f4d0f262a544d06e088d0150a7f,0,2,0.0,3,3,0.1875,1,0,356,150.8253505300693,-32.02800417083473,328.8812680873296,131.6830372492218,False
blocking,S4_step_fault,rls,5,10,True,detect_ph,b063edce9d506ca7eaf5134aba55816c09afa2cb2ef6ae22f28315349edd8406,d520cb63df0c6f4d0f262a544d06e088d0150a7f,0,2,0.0,1,1,0.0625,0,0,356,150.95964692169755,-32.40353852843975,328.53415373047994,131.6830372492218,False
blocking,S4_step_fault,rls,5,10,True,detect_ph_h7p5,017a29a5545c00ce5ac534627e3a6ec2fc8fdcfc0c83a17da09aa46639af32f3,d520cb63df0c6f4d0f262a544d06e088d0150a7f,1,1,0.5,2,1,0.0625,1,0,356,151.72889220863695,-3.832134499293996,325.6568034501105,131.6830372492218,False
blocking,S4_step_fault,rls,5,10,True,detect_ph_h3p75,71faba01ccbc6361a1317bfd102852cdbfb1d649642484249b4af805ac86c80c,d520cb63df0c6f4d0f262a544d06e088d0150a7f,0,2,0.0,3,3,0.1875,1,0,356,148.76810996758093,-9.93368069890164,319.12733263664995,131.6830372492218,False
blocking,S4_step_fault,rls,5,10,True,detect_ph_h1p875,500e11e9c824b56809e55489313688d74b4a961af9b0e577a3ae800b2eb553ad,d520cb63df0c6f4d0f262a544d06e088d0150a7f,0,2,0.0,3,3,0.1875,1,0,356,150.71362536160413,-34.45725466989751,328.64224599452933,131.6830372492218,False
blocking,S4_step_fault,rls,5,10,True,detect_adwin,c713c6ff067c0eb9d2d9e6f7c6ebafc0d4a8982fffde9b8ee5016969e4063c1a,d520cb63df0c6f4d0f262a544d06e088d0150a7f,0,2,0.0,1,1,0.0625,0,0,356,150.95964692169755,-32.40353852843975,328.53415373047994,131.6830372492218,False
blocking,S4_step_fault,rls,5,10,True,detect_adwin_d01,5ae11b091d9e7df23ca542456a14adc75040fae07d022d7f78faec4639a84700,d520cb63df0c6f4d0f262a544d06e088d0150a7f,0,2,0.0,1,1,0.0625,0,0,356,150.95964692169755,-32.40353852843975,328.53415373047994,131.6830372492218,False
blocking,S4_step_fault,rls,5,10,True,detect_adwin_d05,27a19f03595b20ffdf0f756ead43268dd255dc455be381b11730a9b38d447ca9,d520cb63df0c6f4d0f262a544d06e088d0150a7f,0,2,0.0,1,1,0.0625,0,0,356,150.95964692169755,-32.40353852843975,328.53415373047994,131.6830372492218,False
blocking,S4_step_fault,rls,5,10,True,detect_adwin_d25,3858cf5bdf35e4353ed086f34dbad5381acc610798bc6e392be4a44705e5fcf9,d520cb63df0c6f4d0f262a544d06e088d0150a7f,0,2,0.0,1,1,0.0625,0,0,356,150.95964692169755,-32.40353852843975,328.53415373047994,131.6830372492218,False
blocking,S4_step_fault,rls,5,10,True,detect_adwin_d9,aa3cee0268fe68ff0203c39d0ed116280bd8d1983ebc55e9cbfd1d9a711fda32,d520cb63df0c6f4d0f262a544d06e088d0150a7f,0,2,0.0,2,2,0.125,0,0,356,150.95964692169755,-32.40353852843975,328.53415373047994,131.6830372492218,False
blocking,S4_step_fault,rls,5,10,True,detect_ks,5cc332ea7161cc2fbaa8e642a329e320aa928d3793c2588253ab72c338213dd8,d520cb63df0c6f4d0f262a544d06e088d0150a7f,0,2,0.0,1,1,0.0625,0,0,356,150.95964692169755,-32.40353852843975,328.53415373047994,131.6830372492218,False
blocking,S4_step_fault,rls,5,10,True,detect_ks_a001,ed0ad13f5a574d68caed89b9b52616e9e404422e94de4bfc9451b483bc9105c3,d520cb63df0c6f4d0f262a544d06e088d0150a7f,0,2,0.0,1,1,0.0625,0,0,356,150.95964692169755,-32.40353852843975,328.53415373047994,131.6830372492218,False
blocking,S4_step_fault,rls,5,10,True,detect_ks_a01,880d14f469f2f330495f13f909990def916756d0e6b2e6c8d206a89c45bd54ed,d520cb63df0c6f4d0f262a544d06e088d0150a7f,0,2,0.0,1,1,0.0625,0,0,356,150.95964692169755,-32.40353852843975,328.53415373047994,131.6830372492218,False
blocking,S4_step_fault,rls,5,10,True,detect_ks_a1,07dc553a109336280d80a905c3ac17604b4571fa9d1059d1c1082551071e6c84,d520cb63df0c6f4d0f262a544d06e088d0150a7f,0,2,0.0,1,1,0.0625,0,0,356,150.95964692169755,-32.40353852843975,328.53415373047994,131.6830372492218,False
blocking,S4_step_fault,rls,5,10,True,detect_cusum_nb,5089e1b5d25b9901b42c6eb04639484322e2a3f80890298ef3ae6985e1f073a9,d520cb63df0c6f4d0f262a544d06e088d0150a7f,0,2,0.0,2,2,0.125,0,0,356,150.95964692169755,-32.40353852843975,328.53415373047994,131.6830372492218,False
blocking,S4_step_fault,rls,5,10,True,detect_cusum_h6_nb,e962108e830ea46bf9a74f08549be574a4fedc20e7844166f7d8806d43a8d467,d520cb63df0c6f4d0f262a544d06e088d0150a7f,0,2,0.0,4,4,0.25,1,0,356,148.76810996758093,-9.93368069890164,319.12733263664995,131.6830372492218,False
blocking,S4_step_fault,rls,5,10,True,detect_cusum_h3_nb,e47bea936456fd1c645564100e62c0f794edea588af0b70a85a161b6be6b41fe,d520cb63df0c6f4d0f262a544d06e088d0150a7f,0,2,0.0,6,6,0.375,1,0,356,150.8253505300693,-32.02800417083473,328.8812680873296,131.6830372492218,False
blocking,S4_step_fault,rls,5,10,True,detect_cusum_h1p5_nb,711c4880e0a6af455eaca5941afff9f6f986a7f809d145ce44fafa7f7f686c0d,d520cb63df0c6f4d0f262a544d06e088d0150a7f,0,2,0.0,6,6,0.375,1,0,356,150.8253505300693,-32.02800417083473,328.8812680873296,131.6830372492218,False
blocking,S4_step_fault,rls,5,10,True,detect_ph_nb,84dffedbc7a426ed6a5c695db07be2f2d3b5e43c1c80fed9180736cde5ed994d,d520cb63df0c6f4d0f262a544d06e088d0150a7f,0,2,0.0,2,2,0.125,0,0,356,150.95964692169755,-32.40353852843975,328.53415373047994,131.6830372492218,False
blocking,S4_step_fault,rls,5,10,True,detect_ph_h7p5_nb,9f5b8cd1a62ca3bd4bb61cf50468c9440933dbd25fd4e217947e89999c7dddbc,d520cb63df0c6f4d0f262a544d06e088d0150a7f,1,1,0.5,4,3,0.1875,1,0,356,151.72889220863695,-3.832134499293996,325.6568034501105,131.6830372492218,False
blocking,S4_step_fault,rls,5,10,True,detect_ph_h3p75_nb,45c9536b9ac99ef7712cf461947902ad7190d0549509c5ec06aa5ab9ed63231e,d520cb63df0c6f4d0f262a544d06e088d0150a7f,0,2,0.0,6,6,0.375,1,0,356,148.76810996758093,-9.93368069890164,319.12733263664995,131.6830372492218,False
blocking,S4_step_fault,rls,5,10,True,detect_ph_h1p875_nb,04538b2b6f38b6d85173d5ba7a188d01202d8c85661fc93932f735702d077254,d520cb63df0c6f4d0f262a544d06e088d0150a7f,0,2,0.0,6,6,0.375,1,0,356,150.71362536160413,-34.45725466989751,328.64224599452933,131.6830372492218,False
blocking,S4_step_fault,rls,5,10,True,detect_adwin_nb,28fa2dd51669715b9a77a376181a742518f99c16aeab791ac12fbf6306736eb7,d520cb63df0c6f4d0f262a544d06e088d0150a7f,0,2,0.0,2,2,0.125,0,0,356,150.95964692169755,-32.40353852843975,328.53415373047994,131.6830372492218,False
blocking,S4_step_fault,rls,5,10,True,detect_adwin_d01_nb,7e5645c8446b22e8aa323a21fe61d3c3d3d04eda8319ab08aa3e57a9509f2944,d520cb63df0c6f4d0f262a544d06e088d0150a7f,0,2,0.0,2,2,0.125,0,0,356,150.95964692169755,-32.40353852843975,328.53415373047994,131.6830372492218,False
blocking,S4_step_fault,rls,5,10,True,detect_adwin_d05_nb,ee707f1d2f35eadc717e7c582810116230ebed6f606e0b94ed1bb74805217117,d520cb63df0c6f4d0f262a544d06e088d0150a7f,0,2,0.0,2,2,0.125,0,0,356,150.95964692169755,-32.40353852843975,328.53415373047994,131.6830372492218,False
blocking,S4_step_fault,rls,5,10,True,detect_adwin_d25_nb,68768119fac31e436eddcd6a60b7490f7af690c43abb7141551ae4fc8b280d42,d520cb63df0c6f4d0f262a544d06e088d0150a7f,0,2,0.0,2,2,0.125,0,0,356,150.95964692169755,-32.40353852843975,328.53415373047994,131.6830372492218,False
blocking,S4_step_fault,rls,5,10,True,detect_adwin_d9_nb,213bd61c39a477f6652d9c521e99c9c26c1312c4df490ddf428cbd9fd786aa96,d520cb63df0c6f4d0f262a544d06e088d0150a7f,0,2,0.0,4,4,0.25,0,0,356,150.95964692169755,-32.40353852843975,328.53415373047994,131.6830372492218,False
blocking,S4_step_fault,rls,5,10,True,detect_ks_nb,1a9da829abe8feb4a54bc2b39bf7b8e91684c7405c4b5a1dba891e1b63a2138e,d520cb63df0c6f4d0f262a544d06e088d0150a7f,0,2,0.0,2,2,0.125,0,0,356,150.95964692169755,-32.40353852843975,328.53415373047994,131.6830372492218,False
blocking,S4_step_fault,rls,5,10,True,detect_ks_a001_nb,40c9ae6037d09911eac943853ba2a0491a8152c584ad24a28413d77a6e8ca4de,d520cb63df0c6f4d0f262a544d06e088d0150a7f,0,2,0.0,2,2,0.125,0,0,356,150.95964692169755,-32.40353852843975,328.53415373047994,131.6830372492218,False
blocking,S4_step_fault,rls,5,10,True,detect_ks_a01_nb,0a8b9ba44fca6058f6bca15c888f8a3b8dda672bd68c7509200d27f07c460127,d520cb63df0c6f4d0f262a544d06e088d0150a7f,0,2,0.0,2,2,0.125,0,0,356,150.95964692169755,-32.40353852843975,328.53415373047994,131.6830372492218,False
blocking,S4_step_fault,rls,5,10,True,detect_ks_a1_nb,c8a9547f27c01cf2951be67a0808c2b4fdedefa1cbb712459d2c54ef8242378c,d520cb63df0c6f4d0f262a544d06e088d0150a7f,0,2,0.0,2,2,0.125,0,0,356,150.95964692169755,-32.40353852843975,328.53415373047994,131.6830372492218,False
blocking,S4_step_fault,rls,6,10,True,detect_cusum,02b156c6de838405cccd0b77c34359bed7d5ebd69b06d64d823e5a9933696b0a,d520cb63df0c6f4d0f262a544d06e088d0150a7f,1,1,0.5,1,0,0.0,0,0,352,163.13115776899227,-45.42677797109383,349.7128459466342,140.3786049001755,False
blocking,S4_step_fault,rls,6,10,True,detect_cusum_h6,a4f678249bfb70366f67a789105fbda738544504120ca43f85614e97b483bf8d,d520cb63df0c6f4d0f262a544d06e088d0150a7f,0,2,0.0,2,2,0.125,1,0,352,160.94591017802847,-15.461704874670753,344.47202642801636,140.3786049001755,False
blocking,S4_step_fault,rls,6,10,True,detect_cusum_h3,65a20645c162989edc778d5a5e83aa2f3c5a0a6ba0d0605810e1f3e4ebe2af3f,d520cb63df0c6f4d0f262a544d06e088d0150a7f,0,2,0.0,3,3,0.1875,0,0,352,163.13115776899227,-45.42677797109383,349.7128459466342,140.3786049001755,False
blocking,S4_step_fault,rls,6,10,True,detect_cusum_h1p5,451a103aa34ef76d9264fc10eb6bc9d7cdaf57567f9fa4470870b544cd6aba58,d520cb63df0c6f4d0f262a544d06e088d0150a7f,0,2,0.0,3,3,0.1875,0,0,352,163.13115776899227,-45.42677797109383,349.7128459466342,140.3786049001755,False
blocking,S4_step_fault,rls,6,10,True,detect_ph,b063edce9d506ca7eaf5134aba55816c09afa2cb2ef6ae22f28315349edd8406,d520cb63df0c6f4d0f262a544d06e088d0150a7f,0,2,0.0,0,0,0.0,0,0,352,163.13115776899227,-45.42677797109383,349.7128459466342,140.3786049001755,False
blocking,S4_step_fault,rls,6,10,True,detect_ph_h7p5,017a29a5545c00ce5ac534627e3a6ec2fc8fdcfc0c83a17da09aa46639af32f3,d520cb63df0c6f4d0f262a544d06e088d0150a7f,1,1,0.5,2,1,0.0625,1,0,352,166.24022301157456,-4.39497053700706,359.66777970721677,140.3786049001755,False
blocking,S4_step_fault,rls,6,10,True,detect_ph_h3p75,71faba01ccbc6361a1317bfd102852cdbfb1d649642484249b4af805ac86c80c,d520cb63df0c6f4d0f262a544d06e088d0150a7f,0,2,0.0,2,2,0.125,1,0,352,160.94591017802847,-15.461704874670753,344.47202642801636,140.3786049001755,False
blocking,S4_step_fault,rls,6,10,True,detect_ph_h1p875,500e11e9c824b56809e55489313688d74b4a961af9b0e577a3ae800b2eb553ad,d520cb63df0c6f4d0f262a544d06e088d0150a7f,0,2,0.0,3,3,0.1875,0,0,352,163.13115776899227,-45.42677797109383,349.7128459466342,140.3786049001755,False
blocking,S4_step_fault,rls,6,10,True,detect_adwin,c713c6ff067c0eb9d2d9e6f7c6ebafc0d4a8982fffde9b8ee5016969e4063c1a,d520cb63df0c6f4d0f262a544d06e088d0150a7f,0,2,0.0,2,2,0.125,1,0,352,171.0903048019036,-4.460413428269108,371.3198481953487,140.3786049001755,False
blocking,S4_step_fault,rls,6,10,True,detect_adwin_d01,5ae11b091d9e7df23ca542456a14adc75040fae07d022d7f78faec4639a84700,d520cb63df0c6f4d0f262a544d06e088d0150a7f,0,2,0.0,2,2,0.125,1,0,352,170.43912371855654,-3.520445666916127,369.4221597562618,140.3786049001755,False
blocking,S4_step_fault,rls,6,10,True,detect_adwin_d05,27a19f03595b20ffdf0f756ead43268dd255dc455be381b11730a9b38d447ca9,d520cb63df0c6f4d0f262a544d06e088d0150a7f,1,1,0.5,1,0,0.0,0,0,352,163.13115776899227,-45.42677797109383,349.7128459466342,140.3786049001755,False
blocking,S4_step_fault,rls,6,10,True,detect_adwin_d25,3858cf5bdf35e4353ed086f34dbad5381acc610798bc6e392be4a44705e5fcf9,d520cb63df0c6f4d0f262a544d06e088d0150a7f,1,1,0.5,2,1,0.0625,0,0,352,163.13115776899227,-45.42677797109383,349.7128459466342,140.3786049001755,False
blocking,S4_step_fault,rls,6,10,True,detect_adwin_d9,aa3cee0268fe68ff0203c39d0ed116280bd8d1983ebc55e9cbfd1d9a711fda32,d520cb63df0c6f4d0f262a544d06e088d0150a7f,1,1,0.5,2,1,0.0625,0,0,352,163.13115776899227,-45.42677797109383,349.7128459466342,140.3786049001755,False
blocking,S4_step_fault,rls,6,10,True,detect_ks,5cc332ea7161cc2fbaa8e642a329e320aa928d3793c2588253ab72c338213dd8,d520cb63df0c6f4d0f262a544d06e088d0150a7f,0,2,0.0,0,0,0.0,0,0,352,163.13115776899227,-45.42677797109383,349.7128459466342,140.3786049001755,False
blocking,S4_step_fault,rls,6,10,True,detect_ks_a001,ed0ad13f5a574d68caed89b9b52616e9e404422e94de4bfc9451b483bc9105c3,d520cb63df0c6f4d0f262a544d06e088d0150a7f,0,2,0.0,1,1,0.0625,0,0,352,163.13115776899227,-45.42677797109383,349.7128459466342,140.3786049001755,False
blocking,S4_step_fault,rls,6,10,True,detect_ks_a01,880d14f469f2f330495f13f909990def916756d0e6b2e6c8d206a89c45bd54ed,d520cb63df0c6f4d0f262a544d06e088d0150a7f,0,2,0.0,1,1,0.0625,0,0,352,163.13115776899227,-45.42677797109383,349.7128459466342,140.3786049001755,False
blocking,S4_step_fault,rls,6,10,True,detect_ks_a1,07dc553a109336280d80a905c3ac17604b4571fa9d1059d1c1082551071e6c84,d520cb63df0c6f4d0f262a544d06e088d0150a7f,0,2,0.0,1,1,0.0625,0,0,352,163.13115776899227,-45.42677797109383,349.7128459466342,140.3786049001755,False
blocking,S4_step_fault,rls,6,10,True,detect_cusum_nb,5089e1b5d25b9901b42c6eb04639484322e2a3f80890298ef3ae6985e1f073a9,d520cb63df0c6f4d0f262a544d06e088d0150a7f,1,1,0.5,2,1,0.0625,0,0,352,163.13115776899227,-45.42677797109383,349.7128459466342,140.3786049001755,False
blocking,S4_step_fault,rls,6,10,True,detect_cusum_h6_nb,e962108e830ea46bf9a74f08549be574a4fedc20e7844166f7d8806d43a8d467,d520cb63df0c6f4d0f262a544d06e088d0150a7f,0,2,0.0,4,4,0.25,1,0,352,160.94591017802847,-15.461704874670753,344.47202642801636,140.3786049001755,False
blocking,S4_step_fault,rls,6,10,True,detect_cusum_h3_nb,e47bea936456fd1c645564100e62c0f794edea588af0b70a85a161b6be6b41fe,d520cb63df0c6f4d0f262a544d06e088d0150a7f,0,2,0.0,6,6,0.375,0,0,352,163.13115776899227,-45.42677797109383,349.7128459466342,140.3786049001755,False
blocking,S4_step_fault,rls,6,10,True,detect_cusum_h1p5_nb,711c4880e0a6af455eaca5941afff9f6f986a7f809d145ce44fafa7f7f686c0d,d520cb63df0c6f4d0f262a544d06e088d0150a7f,0,2,0.0,6,6,0.375,0,0,352,163.13115776899227,-45.42677797109383,349.7128459466342,140.3786049001755,False
blocking,S4_step_fault,rls,6,10,True,detect_ph_nb,84dffedbc7a426ed6a5c695db07be2f2d3b5e43c1c80fed9180736cde5ed994d,d520cb63df0c6f4d0f262a544d06e088d0150a7f,0,2,0.0,0,0,0.0,0,0,352,163.13115776899227,-45.42677797109383,349.7128459466342,140.3786049001755,False
blocking,S4_step_fault,rls,6,10,True,detect_ph_h7p5_nb,9f5b8cd1a62ca3bd4bb61cf50468c9440933dbd25fd4e217947e89999c7dddbc,d520cb63df0c6f4d0f262a544d06e088d0150a7f,1,1,0.5,4,3,0.1875,1,0,352,166.24022301157456,-4.39497053700706,359.66777970721677,140.3786049001755,False
blocking,S4_step_fault,rls,6,10,True,detect_ph_h3p75_nb,45c9536b9ac99ef7712cf461947902ad7190d0549509c5ec06aa5ab9ed63231e,d520cb63df0c6f4d0f262a544d06e088d0150a7f,0,2,0.0,4,4,0.25,1,0,352,160.94591017802847,-15.461704874670753,344.47202642801636,140.3786049001755,False
blocking,S4_step_fault,rls,6,10,True,detect_ph_h1p875_nb,04538b2b6f38b6d85173d5ba7a188d01202d8c85661fc93932f735702d077254,d520cb63df0c6f4d0f262a544d06e088d0150a7f,0,2,0.0,6,6,0.375,0,0,352,163.13115776899227,-45.42677797109383,349.7128459466342,140.3786049001755,False
blocking,S4_step_fault,rls,6,10,True,detect_adwin_nb,28fa2dd51669715b9a77a376181a742518f99c16aeab791ac12fbf6306736eb7,d520cb63df0c6f4d0f262a544d06e088d0150a7f,0,2,0.0,4,4,0.25,1,0,352,171.0903048019036,-4.460413428269108,371.3198481953487,140.3786049001755,False
blocking,S4_step_fault,rls,6,10,True,detect_adwin_d01_nb,7e5645c8446b22e8aa323a21fe61d3c3d3d04eda8319ab08aa3e57a9509f2944,d520cb63df0c6f4d0f262a544d06e088d0150a7f,0,2,0.0,4,4,0.25,1,0,352,170.43912371855654,-3.520445666916127,369.4221597562618,140.3786049001755,False
blocking,S4_step_fault,rls,6,10,True,detect_adwin_d05_nb,ee707f1d2f35eadc717e7c582810116230ebed6f606e0b94ed1bb74805217117,d520cb63df0c6f4d0f262a544d06e088d0150a7f,1,1,0.5,2,1,0.0625,0,0,352,163.13115776899227,-45.42677797109383,349.7128459466342,140.3786049001755,False
blocking,S4_step_fault,rls,6,10,True,detect_adwin_d25_nb,68768119fac31e436eddcd6a60b7490f7af690c43abb7141551ae4fc8b280d42,d520cb63df0c6f4d0f262a544d06e088d0150a7f,1,1,0.5,4,3,0.1875,0,0,352,163.13115776899227,-45.42677797109383,349.7128459466342,140.3786049001755,False
blocking,S4_step_fault,rls,6,10,True,detect_adwin_d9_nb,213bd61c39a477f6652d9c521e99c9c26c1312c4df490ddf428cbd9fd786aa96,d520cb63df0c6f4d0f262a544d06e088d0150a7f,1,1,0.5,4,3,0.1875,0,0,352,163.13115776899227,-45.42677797109383,349.7128459466342,140.3786049001755,False
blocking,S4_step_fault,rls,6,10,True,detect_ks_nb,1a9da829abe8feb4a54bc2b39bf7b8e91684c7405c4b5a1dba891e1b63a2138e,d520cb63df0c6f4d0f262a544d06e088d0150a7f,0,2,0.0,0,0,0.0,0,0,352,163.13115776899227,-45.42677797109383,349.7128459466342,140.3786049001755,False
blocking,S4_step_fault,rls,6,10,True,detect_ks_a001_nb,40c9ae6037d09911eac943853ba2a0491a8152c584ad24a28413d77a6e8ca4de,d520cb63df0c6f4d0f262a544d06e088d0150a7f,0,2,0.0,2,2,0.125,0,0,352,163.13115776899227,-45.42677797109383,349.7128459466342,140.3786049001755,False
blocking,S4_step_fault,rls,6,10,True,detect_ks_a01_nb,0a8b9ba44fca6058f6bca15c888f8a3b8dda672bd68c7509200d27f07c460127,d520cb63df0c6f4d0f262a544d06e088d0150a7f,0,2,0.0,2,2,0.125,0,0,352,163.13115776899227,-45.42677797109383,349.7128459466342,140.3786049001755,False
blocking,S4_step_fault,rls,6,10,True,detect_ks_a1_nb,c8a9547f27c01cf2951be67a0808c2b4fdedefa1cbb712459d2c54ef8242378c,d520cb63df0c6f4d0f262a544d06e088d0150a7f,0,2,0.0,2,2,0.125,0,0,352,163.13115776899227,-45.42677797109383,349.7128459466342,140.3786049001755,False
blocking,S4_step_fault,rls,7,10,True,detect_cusum,02b156c6de838405cccd0b77c34359bed7d5ebd69b06d64d823e5a9933696b0a,d520cb63df0c6f4d0f262a544d06e088d0150a7f,1,1,0.5,1,0,0.0,0,0,343,153.66650338042078,-57.24732648094179,332.6027888035004,138.3835552589546,False
blocking,S4_step_fault,rls,7,10,True,detect_cusum_h6,a4f678249bfb70366f67a789105fbda738544504120ca43f85614e97b483bf8d,d520cb63df0c6f4d0f262a544d06e088d0150a7f,1,1,0.5,2,1,0.0625,0,0,343,153.66650338042078,-57.24732648094179,332.6027888035004,138.3835552589546,False
blocking,S4_step_fault,rls,7,10,True,detect_cusum_h3,65a20645c162989edc778d5a5e83aa2f3c5a0a6ba0d0605810e1f3e4ebe2af3f,d520cb63df0c6f4d0f262a544d06e088d0150a7f,1,1,0.5,3,2,0.125,0,0,343,153.66650338042078,-57.24732648094179,332.6027888035004,138.3835552589546,False
blocking,S4_step_fault,rls,7,10,True,detect_cusum_h1p5,451a103aa34ef76d9264fc10eb6bc9d7cdaf57567f9fa4470870b544cd6aba58,d520cb63df0c6f4d0f262a544d06e088d0150a7f,1,1,0.5,3,2,0.125,0,0,343,153.66650338042078,-57.24732648094179,332.6027888035004,138.3835552589546,False
blocking,S4_step_fault,rls,7,10,True,detect_ph,b063edce9d506ca7eaf5134aba55816c09afa2cb2ef6ae22f28315349edd8406,d520cb63df0c6f4d0f262a544d06e088d0150a7f,1,1,0.5,1,0,0.0,0,0,343,153.66650338042078,-57.24732648094179,332.6027888035004,138.3835552589546,False
blocking,S4_step_fault,rls,7,10,True,detect_ph_h7p5,017a29a5545c00ce5ac534627e3a6ec2fc8fdcfc0c83a17da09aa46639af32f3,d520cb63df0c6f4d0f262a544d06e088d0150a7f,1,1,0.5,1,0,0.0,0,0,343,153.66650338042078,-57.24732648094179,332.6027888035004,138.3835552589546,False
blocking,S4_step_fault,rls,7,10,True,detect_ph_h3p75,71faba01ccbc6361a1317bfd102852cdbfb1d649642484249b4af805ac86c80c,d520cb63df0c6f4d0f262a544d06e088d0150a7f,1,1,0.5,2,1,0.0625,0,0,343,153.66650338042078,-57.24732648094179,332.6027888035004,138.3835552589546,False
blocking,S4_step_fault,rls,7,10,True,detect_ph_h1p875,500e11e9c824b56809e55489313688d74b4a961af9b0e577a3ae800b2eb553ad,d520cb63df0c6f4d0f262a544d06e088d0150a7f,1,1,0.5,3,2,0.125,0,0,343,153.66650338042078,-57.24732648094179,332.6027888035004,138.3835552589546,False
blocking,S4_step_fault,rls,7,10,True,detect_adwin,c713c6ff067c0eb9d2d9e6f7c6ebafc0d4a8982fffde9b8ee5016969e4063c1a,d520cb63df0c6f4d0f262a544d06e088d0150a7f,0,2,0.0,1,1,0.0625,0,0,343,153.66650338042078,-57.24732648094179,332.6027888035004,138.3835552589546,False
blocking,S4_step_fault,rls,7,10,True,detect_adwin_d01,5ae11b091d9e7df23ca542456a14adc75040fae07d022d7f78faec4639a84700,d520cb63df0c6f4d0f262a544d06e088d0150a7f,1,1,0.5,1,0,0.0,0,0,343,153.66650338042078,-57.24732648094179,332.6027888035004,138.3835552589546,False
blocking,S4_step_fault,rls,7,10,True,detect_adwin_d05,27a19f03595b20ffdf0f756ead43268dd255dc455be381b11730a9b38d447ca9,d520cb63df0c6f4d0f262a544d06e088d0150a7f,0,2,0.0,2,2,0.125,0,0,343,153.66650338042078,-57.24732648094179,332.6027888035004,138.3835552589546,False
blocking,S4_step_fault,rls,7,10,True,detect_adwin_d25,3858cf5bdf35e4353ed086f34dbad5381acc610798bc6e392be4a44705e5fcf9,d520cb63df0c6f4d0f262a544d06e088d0150a7f,0,2,0.0,2,2,0.125,0,0,343,153.66650338042078,-57.24732648094179,332.6027888035004,138.3835552589546,False
blocking,S4_step_fault,rls,7,10,True,detect_adwin_d9,aa3cee0268fe68ff0203c39d0ed116280bd8d1983ebc55e9cbfd1d9a711fda32,d520cb63df0c6f4d0f262a544d06e088d0150a7f,0,2,0.0,2,2,0.125,0,0,343,153.66650338042078,-57.24732648094179,332.6027888035004,138.3835552589546,False
blocking,S4_step_fault,rls,7,10,True,detect_ks,5cc332ea7161cc2fbaa8e642a329e320aa928d3793c2588253ab72c338213dd8,d520cb63df0c6f4d0f262a544d06e088d0150a7f,0,2,0.0,0,0,0.0,0,0,343,153.66650338042078,-57.24732648094179,332.6027888035004,138.3835552589546,False
blocking,S4_step_fault,rls,7,10,True,detect_ks_a001,ed0ad13f5a574d68caed89b9b52616e9e404422e94de4bfc9451b483bc9105c3,d520cb63df0c6f4d0f262a544d06e088d0150a7f,0,2,0.0,0,0,0.0,0,0,343,153.66650338042078,-57.24732648094179,332.6027888035004,138.3835552589546,False
blocking,S4_step_fault,rls,7,10,True,detect_ks_a01,880d14f469f2f330495f13f909990def916756d0e6b2e6c8d206a89c45bd54ed,d520cb63df0c6f4d0f262a544d06e088d0150a7f,0,2,0.0,1,1,0.0625,0,0,343,153.66650338042078,-57.24732648094179,332.6027888035004,138.3835552589546,False
blocking,S4_step_fault,rls,7,10,True,detect_ks_a1,07dc553a109336280d80a905c3ac17604b4571fa9d1059d1c1082551071e6c84,d520cb63df0c6f4d0f262a544d06e088d0150a7f,0,2,0.0,2,2,0.125,0,0,343,153.66650338042078,-57.24732648094179,332.6027888035004,138.3835552589546,False
blocking,S4_step_fault,rls,7,10,True,detect_cusum_nb,5089e1b5d25b9901b42c6eb04639484322e2a3f80890298ef3ae6985e1f073a9,d520cb63df0c6f4d0f262a544d06e088d0150a7f,1,1,0.5,2,1,0.0625,0,0,343,153.66650338042078,-57.24732648094179,332.6027888035004,138.3835552589546,False
blocking,S4_step_fault,rls,7,10,True,detect_cusum_h6_nb,e962108e830ea46bf9a74f08549be574a4fedc20e7844166f7d8806d43a8d467,d520cb63df0c6f4d0f262a544d06e088d0150a7f,1,1,0.5,4,3,0.1875,0,0,343,153.66650338042078,-57.24732648094179,332.6027888035004,138.3835552589546,False
blocking,S4_step_fault,rls,7,10,True,detect_cusum_h3_nb,e47bea936456fd1c645564100e62c0f794edea588af0b70a85a161b6be6b41fe,d520cb63df0c6f4d0f262a544d06e088d0150a7f,1,1,0.5,6,5,0.3125,0,0,343,153.66650338042078,-57.24732648094179,332.6027888035004,138.3835552589546,False
blocking,S4_step_fault,rls,7,10,True,detect_cusum_h1p5_nb,711c4880e0a6af455eaca5941afff9f6f986a7f809d145ce44fafa7f7f686c0d,d520cb63df0c6f4d0f262a544d06e088d0150a7f,1,1,0.5,6,5,0.3125,0,0,343,153.66650338042078,-57.24732648094179,332.6027888035004,138.3835552589546,False
blocking,S4_step_fault,rls,7,10,True,detect_ph_nb,84dffedbc7a426ed6a5c695db07be2f2d3b5e43c1c80fed9180736cde5ed994d,d520cb63df0c6f4d0f262a544d06e088d0150a7f,1,1,0.5,2,1,0.0625,0,0,343,153.66650338042078,-57.24732648094179,332.6027888035004,138.3835552589546,False
blocking,S4_step_fault,rls,7,10,True,detect_ph_h7p5_nb,9f5b8cd1a62ca3bd4bb61cf50468c9440933dbd25fd4e217947e89999c7dddbc,d520cb63df0c6f4d0f262a544d06e088d0150a7f,1,1,0.5,2,1,0.0625,0,0,343,153.66650338042078,-57.24732648094179,332.6027888035004,138.3835552589546,False
blocking,S4_step_fault,rls,7,10,True,detect_ph_h3p75_nb,45c9536b9ac99ef7712cf461947902ad7190d0549509c5ec06aa5ab9ed63231e,d520cb63df0c6f4d0f262a544d06e088d0150a7f,1,1,0.5,4,3,0.1875,0,0,343,153.66650338042078,-57.24732648094179,332.6027888035004,138.3835552589546,False
blocking,S4_step_fault,rls,7,10,True,detect_ph_h1p875_nb,04538b2b6f38b6d85173d5ba7a188d01202d8c85661fc93932f735702d077254,d520cb63df0c6f4d0f262a544d06e088d0150a7f,1,1,0.5,6,5,0.3125,0,0,343,153.66650338042078,-57.24732648094179,332.6027888035004,138.3835552589546,False
blocking,S4_step_fault,rls,7,10,True,detect_adwin_nb,28fa2dd51669715b9a77a376181a742518f99c16aeab791ac12fbf6306736eb7,d520cb63df0c6f4d0f262a544d06e088d0150a7f,0,2,0.0,2,2,0.125,0,0,343,153.66650338042078,-57.24732648094179,332.6027888035004,138.3835552589546,False
blocking,S4_step_fault,rls,7,10,True,detect_adwin_d01_nb,7e5645c8446b22e8aa323a21fe61d3c3d3d04eda8319ab08aa3e57a9509f2944,d520cb63df0c6f4d0f262a544d06e088d0150a7f,1,1,0.5,2,1,0.0625,0,0,343,153.66650338042078,-57.24732648094179,332.6027888035004,138.3835552589546,False
blocking,S4_step_fault,rls,7,10,True,detect_adwin_d05_nb,ee707f1d2f35eadc717e7c582810116230ebed6f606e0b94ed1bb74805217117,d520cb63df0c6f4d0f262a544d06e088d0150a7f,0,2,0.0,4,4,0.25,0,0,343,153.66650338042078,-57.24732648094179,332.6027888035004,138.3835552589546,False
blocking,S4_step_fault,rls,7,10,True,detect_adwin_d25_nb,68768119fac31e436eddcd6a60b7490f7af690c43abb7141551ae4fc8b280d42,d520cb63df0c6f4d0f262a544d06e088d0150a7f,0,2,0.0,4,4,0.25,0,0,343,153.66650338042078,-57.24732648094179,332.6027888035004,138.3835552589546,False
blocking,S4_step_fault,rls,7,10,True,detect_adwin_d9_nb,213bd61c39a477f6652d9c521e99c9c26c1312c4df490ddf428cbd9fd786aa96,d520cb63df0c6f4d0f262a544d06e088d0150a7f,0,2,0.0,4,4,0.25,0,0,343,153.66650338042078,-57.24732648094179,332.6027888035004,138.3835552589546,False
blocking,S4_step_fault,rls,7,10,True,detect_ks_nb,1a9da829abe8feb4a54bc2b39bf7b8e91684c7405c4b5a1dba891e1b63a2138e,d520cb63df0c6f4d0f262a544d06e088d0150a7f,0,2,0.0,0,0,0.0,0,0,343,153.66650338042078,-57.24732648094179,332.6027888035004,138.3835552589546,False
blocking,S4_step_fault,rls,7,10,True,detect_ks_a001_nb,40c9ae6037d09911eac943853ba2a0491a8152c584ad24a28413d77a6e8ca4de,d520cb63df0c6f4d0f262a544d06e088d0150a7f,0,2,0.0,0,0,0.0,0,0,343,153.66650338042078,-57.24732648094179,332.6027888035004,138.3835552589546,False
blocking,S4_step_fault,rls,7,10,True,detect_ks_a01_nb,0a8b9ba44fca6058f6bca15c888f8a3b8dda672bd68c7509200d27f07c460127,d520cb63df0c6f4d0f262a544d06e088d0150a7f,0,2,0.0,2,2,0.125,0,0,343,153.66650338042078,-57.24732648094179,332.6027888035004,138.3835552589546,False
blocking,S4_step_fault,rls,7,10,True,detect_ks_a1_nb,c8a9547f27c01cf2951be67a0808c2b4fdedefa1cbb712459d2c54ef8242378c,d520cb63df0c6f4d0f262a544d06e088d0150a7f,0,2,0.0,4,4,0.25,0,0,343,153.66650338042078,-57.24732648094179,332.6027888035004,138.3835552589546,False
blocking,S4_step_fault,rls,8,10,True,detect_cusum,02b156c6de838405cccd0b77c34359bed7d5ebd69b06d64d823e5a9933696b0a,d520cb63df0c6f4d0f262a544d06e088d0150a7f,0,2,0.0,1,1,0.0625,0,0,353,150.81125305493399,-18.294716891528857,328.3153426806517,135.53119393704583,False
blocking,S4_step_fault,rls,8,10,True,detect_cusum_h6,a4f678249bfb70366f67a789105fbda738544504120ca43f85614e97b483bf8d,d520cb63df0c6f4d0f262a544d06e088d0150a7f,0,2,0.0,2,2,0.125,0,0,353,150.81125305493399,-18.294716891528857,328.3153426806517,135.53119393704583,False
blocking,S4_step_fault,rls,8,10,True,detect_cusum_h3,65a20645c162989edc778d5a5e83aa2f3c5a0a6ba0d0605810e1f3e4ebe2af3f,d520cb63df0c6f4d0f262a544d06e088d0150a7f,0,2,0.0,3,3,0.1875,0,0,353,150.81125305493399,-18.294716891528857,328.3153426806517,135.53119393704583,False
blocking,S4_step_fault,rls,8,10,True,detect_cusum_h1p5,451a103aa34ef76d9264fc10eb6bc9d7cdaf57567f9fa4470870b544cd6aba58,d520cb63df0c6f4d0f262a544d06e088d0150a7f,0,2,0.0,3,3,0.1875,0,0,353,150.81125305493399,-18.294716891528857,328.3153426806517,135.53119393704583,False
blocking,S4_step_fault,rls,8,10,True,detect_ph,b063edce9d506ca7eaf5134aba55816c09afa2cb2ef6ae22f28315349edd8406,d520cb63df0c6f4d0f262a544d06e088d0150a7f,0,2,0.0,1,1,0.0625,0,0,353,150.81125305493399,-18.294716891528857,328.3153426806517,135.53119393704583,False
blocking,S4_step_fault,rls,8,10,True,detect_ph_h7p5,017a29a5545c00ce5ac534627e3a6ec2fc8fdcfc0c83a17da09aa46639af32f3,d520cb63df0c6f4d0f262a544d06e088d0150a7f,0,2,0.0,1,1,0.0625,0,0,353,150.81125305493399,-18.294716891528857,328.3153426806517,135.53119393704583,False
blocking,S4_step_fault,rls,8,10,True,detect_ph_h3p75,71faba01ccbc6361a1317bfd102852cdbfb1d649642484249b4af805ac86c80c,d520cb63df0c6f4d0f262a544d06e088d0150a7f,0,2,0.0,3,3,0.1875,0,0,353,150.81125305493399,-18.294716891528857,328.3153426806517,135.53119393704583,False
blocking,S4_step_fault,rls,8,10,True,detect_ph_h1p875,500e11e9c824b56809e55489313688d74b4a961af9b0e577a3ae800b2eb553ad,d520cb63df0c6f4d0f262a544d06e088d0150a7f,0,2,0.0,3,3,0.1875,0,0,353,150.81125305493399,-18.294716891528857,328.3153426806517,135.53119393704583,False
blocking,S4_step_fault,rls,8,10,True,detect_adwin,c713c6ff067c0eb9d2d9e6f7c6ebafc0d4a8982fffde9b8ee5016969e4063c1a,d520cb63df0c6f4d0f262a544d06e088d0150a7f,0,2,0.0,1,1,0.0625,0,0,353,150.81125305493399,-18.294716891528857,328.3153426806517,135.53119393704583,False
blocking,S4_step_fault,rls,8,10,True,detect_adwin_d01,5ae11b091d9e7df23ca542456a14adc75040fae07d022d7f78faec4639a84700,d520cb63df0c6f4d0f262a544d06e088d0150a7f,0,2,0.0,1,1,0.0625,0,0,353,150.81125305493399,-18.294716891528857,328.3153426806517,135.53119393704583,False
blocking,S4_step_fault,rls,8,10,True,detect_adwin_d05,27a19f03595b20ffdf0f756ead43268dd255dc455be381b11730a9b38d447ca9,d520cb63df0c6f4d0f262a544d06e088d0150a7f,1,1,0.5,1,0,0.0,0,0,353,150.81125305493399,-18.294716891528857,328.3153426806517,135.53119393704583,False
blocking,S4_step_fault,rls,8,10,True,detect_adwin_d25,3858cf5bdf35e4353ed086f34dbad5381acc610798bc6e392be4a44705e5fcf9,d520cb63df0c6f4d0f262a544d06e088d0150a7f,1,1,0.5,2,1,0.0625,0,0,353,150.81125305493399,-18.294716891528857,328.3153426806517,135.53119393704583,False
blocking,S4_step_fault,rls,8,10,True,detect_adwin_d9,aa3cee0268fe68ff0203c39d0ed116280bd8d1983ebc55e9cbfd1d9a711fda32,d520cb63df0c6f4d0f262a544d06e088d0150a7f,1,1,0.5,2,1,0.0625,0,0,353,150.81125305493399,-18.294716891528857,328.3153426806517,135.53119393704583,False
blocking,S4_step_fault,rls,8,10,True,detect_ks,5cc332ea7161cc2fbaa8e642a329e320aa928d3793c2588253ab72c338213dd8,d520cb63df0c6f4d0f262a544d06e088d0150a7f,0,2,0.0,0,0,0.0,0,0,353,150.81125305493399,-18.294716891528857,328.3153426806517,135.53119393704583,False
blocking,S4_step_fault,rls,8,10,True,detect_ks_a001,ed0ad13f5a574d68caed89b9b52616e9e404422e94de4bfc9451b483bc9105c3,d520cb63df0c6f4d0f262a544d06e088d0150a7f,0,2,0.0,0,0,0.0,0,0,353,150.81125305493399,-18.294716891528857,328.3153426806517,135.53119393704583,False
blocking,S4_step_fault,rls,8,10,True,detect_ks_a01,880d14f469f2f330495f13f909990def916756d0e6b2e6c8d206a89c45bd54ed,d520cb63df0c6f4d0f262a544d06e088d0150a7f,0,2,0.0,0,0,0.0,0,0,353,150.81125305493399,-18.294716891528857,328.3153426806517,135.53119393704583,False
blocking,S4_step_fault,rls,8,10,True,detect_ks_a1,07dc553a109336280d80a905c3ac17604b4571fa9d1059d1c1082551071e6c84,d520cb63df0c6f4d0f262a544d06e088d0150a7f,0,2,0.0,1,1,0.0625,0,0,353,150.81125305493399,-18.294716891528857,328.3153426806517,135.53119393704583,False
blocking,S4_step_fault,rls,8,10,True,detect_cusum_nb,5089e1b5d25b9901b42c6eb04639484322e2a3f80890298ef3ae6985e1f073a9,d520cb63df0c6f4d0f262a544d06e088d0150a7f,0,2,0.0,2,2,0.125,0,0,353,150.81125305493399,-18.294716891528857,328.3153426806517,135.53119393704583,False
blocking,S4_step_fault,rls,8,10,True,detect_cusum_h6_nb,e962108e830ea46bf9a74f08549be574a4fedc20e7844166f7d8806d43a8d467,d520cb63df0c6f4d0f262a544d06e088d0150a7f,0,2,0.0,4,4,0.25,0,0,353,150.81125305493399,-18.294716891528857,328.3153426806517,135.53119393704583,False
blocking,S4_step_fault,rls,8,10,True,detect_cusum_h3_nb,e47bea936456fd1c645564100e62c0f794edea588af0b70a85a161b6be6b41fe,d520cb63df0c6f4d0f262a544d06e088d0150a7f,0,2,0.0,6,6,0.375,0,0,353,150.81125305493399,-18.294716891528857,328.3153426806517,135.53119393704583,False
blocking,S4_step_fault,rls,8,10,True,detect_cusum_h1p5_nb,711c4880e0a6af455eaca5941afff9f6f986a7f809d145ce44fafa7f7f686c0d,d520cb63df0c6f4d0f262a544d06e088d0150a7f,0,2,0.0,6,6,0.375,0,0,353,150.81125305493399,-18.294716891528857,328.3153426806517,135.53119393704583,False
blocking,S4_step_fault,rls,8,10,True,detect_ph_nb,84dffedbc7a426ed6a5c695db07be2f2d3b5e43c1c80fed9180736cde5ed994d,d520cb63df0c6f4d0f262a544d06e088d0150a7f,0,2,0.0,2,2,0.125,0,0,353,150.81125305493399,-18.294716891528857,328.3153426806517,135.53119393704583,False
blocking,S4_step_fault,rls,8,10,True,detect_ph_h7p5_nb,9f5b8cd1a62ca3bd4bb61cf50468c9440933dbd25fd4e217947e89999c7dddbc,d520cb63df0c6f4d0f262a544d06e088d0150a7f,0,2,0.0,2,2,0.125,0,0,353,150.81125305493399,-18.294716891528857,328.3153426806517,135.53119393704583,False
blocking,S4_step_fault,rls,8,10,True,detect_ph_h3p75_nb,45c9536b9ac99ef7712cf461947902ad7190d0549509c5ec06aa5ab9ed63231e,d520cb63df0c6f4d0f262a544d06e088d0150a7f,0,2,0.0,5,5,0.3125,0,0,353,150.81125305493399,-18.294716891528857,328.3153426806517,135.53119393704583,False
blocking,S4_step_fault,rls,8,10,True,detect_ph_h1p875_nb,04538b2b6f38b6d85173d5ba7a188d01202d8c85661fc93932f735702d077254,d520cb63df0c6f4d0f262a544d06e088d0150a7f,0,2,0.0,6,6,0.375,0,0,353,150.81125305493399,-18.294716891528857,328.3153426806517,135.53119393704583,False
blocking,S4_step_fault,rls,8,10,True,detect_adwin_nb,28fa2dd51669715b9a77a376181a742518f99c16aeab791ac12fbf6306736eb7,d520cb63df0c6f4d0f262a544d06e088d0150a7f,0,2,0.0,2,2,0.125,0,0,353,150.81125305493399,-18.294716891528857,328.3153426806517,135.53119393704583,False
blocking,S4_step_fault,rls,8,10,True,detect_adwin_d01_nb,7e5645c8446b22e8aa323a21fe61d3c3d3d04eda8319ab08aa3e57a9509f2944,d520cb63df0c6f4d0f262a544d06e088d0150a7f,0,2,0.0,2,2,0.125,0,0,353,150.81125305493399,-18.294716891528857,328.3153426806517,135.53119393704583,False
blocking,S4_step_fault,rls,8,10,True,detect_adwin_d05_nb,ee707f1d2f35eadc717e7c582810116230ebed6f606e0b94ed1bb74805217117,d520cb63df0c6f4d0f262a544d06e088d0150a7f,1,1,0.5,2,1,0.0625,0,0,353,150.81125305493399,-18.294716891528857,328.3153426806517,135.53119393704583,False
blocking,S4_step_fault,rls,8,10,True,detect_adwin_d25_nb,68768119fac31e436eddcd6a60b7490f7af690c43abb7141551ae4fc8b280d42,d520cb63df0c6f4d0f262a544d06e088d0150a7f,1,1,0.5,4,3,0.1875,0,0,353,150.81125305493399,-18.294716891528857,328.3153426806517,135.53119393704583,False
blocking,S4_step_fault,rls,8,10,True,detect_adwin_d9_nb,213bd61c39a477f6652d9c521e99c9c26c1312c4df490ddf428cbd9fd786aa96,d520cb63df0c6f4d0f262a544d06e088d0150a7f,1,1,0.5,4,3,0.1875,0,0,353,150.81125305493399,-18.294716891528857,328.3153426806517,135.53119393704583,False
blocking,S4_step_fault,rls,8,10,True,detect_ks_nb,1a9da829abe8feb4a54bc2b39bf7b8e91684c7405c4b5a1dba891e1b63a2138e,d520cb63df0c6f4d0f262a544d06e088d0150a7f,0,2,0.0,0,0,0.0,0,0,353,150.81125305493399,-18.294716891528857,328.3153426806517,135.53119393704583,False
blocking,S4_step_fault,rls,8,10,True,detect_ks_a001_nb,40c9ae6037d09911eac943853ba2a0491a8152c584ad24a28413d77a6e8ca4de,d520cb63df0c6f4d0f262a544d06e088d0150a7f,0,2,0.0,0,0,0.0,0,0,353,150.81125305493399,-18.294716891528857,328.3153426806517,135.53119393704583,False
blocking,S4_step_fault,rls,8,10,True,detect_ks_a01_nb,0a8b9ba44fca6058f6bca15c888f8a3b8dda672bd68c7509200d27f07c460127,d520cb63df0c6f4d0f262a544d06e088d0150a7f,0,2,0.0,0,0,0.0,0,0,353,150.81125305493399,-18.294716891528857,328.3153426806517,135.53119393704583,False
blocking,S4_step_fault,rls,8,10,True,detect_ks_a1_nb,c8a9547f27c01cf2951be67a0808c2b4fdedefa1cbb712459d2c54ef8242378c,d520cb63df0c6f4d0f262a544d06e088d0150a7f,0,2,0.0,2,2,0.125,0,0,353,150.81125305493399,-18.294716891528857,328.3153426806517,135.53119393704583,False
blocking,S4_step_fault,rls,9,10,True,detect_cusum,02b156c6de838405cccd0b77c34359bed7d5ebd69b06d64d823e5a9933696b0a,d520cb63df0c6f4d0f262a544d06e088d0150a7f,0,2,0.0,2,2,0.125,1,0,346,149.42562517320616,-18.270313418097672,321.3683575359195,130.8350077304496,False
blocking,S4_step_fault,rls,9,10,True,detect_cusum_h6,a4f678249bfb70366f67a789105fbda738544504120ca43f85614e97b483bf8d,d520cb63df0c6f4d0f262a544d06e088d0150a7f,0,2,0.0,2,2,0.125,2,1,346,145.42293808431316,-16.006785328182822,312.74632569482844,130.8350077304496,False
blocking,S4_step_fault,rls,9,10,True,detect_cusum_h3,65a20645c162989edc778d5a5e83aa2f3c5a0a6ba0d0605810e1f3e4ebe2af3f,d520cb63df0c6f4d0f262a544d06e088d0150a7f,0,2,0.0,3,3,0.1875,1,0,346,147.2631047868834,-23.60090539477268,316.01638079934065,130.8350077304496,False
blocking,S4_step_fault,rls,9,10,True,detect_cusum_h1p5,451a103aa34ef76d9264fc10eb6bc9d7cdaf57567f9fa4470870b544cd6aba58,d520cb63df0c6f4d0f262a544d06e088d0150a7f,0,2,0.0,3,3,0.1875,2,0,346,147.0930802043088,-31.52839459553443,316.856901498354,130.8350077304496,False
blocking,S4_step_fault,rls,9,10,True,detect_ph,b063edce9d506ca7eaf5134aba55816c09afa2cb2ef6ae22f28315349edd8406,d520cb63df0c6f4d0f262a544d06e088d0150a7f,0,2,0.0,1,1,0.0625,1,0,346,149.42562517320616,-18.270313418097672,321.3683575359195,130.8350077304496,False
blocking,S4_step_fault,rls,9,10,True,detect_ph_h7p5,017a29a5545c00ce5ac534627e3a6ec2fc8fdcfc0c83a17da09aa46639af32f3,d520cb63df0c6f4d0f262a544d06e088d0150a7f,0,2,0.0,1,1,0.0625,2,1,346,146.67848954711098,-9.765788328323444,316.5817060760384,130.8350077304496,False
blocking,S4_step_fault,rls,9,10,True,detect_ph_h3p75,71faba01ccbc6361a1317bfd102852cdbfb1d649642484249b4af805ac86c80c,d520cb63df0c6f4d0f262a544d06e088d0150a7f,0,2,0.0,2,2,0.125,2,1,346,145.42293808431316,-16.006785328182822,312.74632569482844,130.8350077304496,False
blocking,S4_step_fault,rls,9,10,True,detect_ph_h1p875,500e11e9c824b56809e55489313688d74b4a961af9b0e577a3ae800b2eb553ad,d520cb63df0c6f4d0f262a544d06e088d0150a7f,0,2,0.0,3,3,0.1875,1,0,346,147.2631047868834,-23.60090539477268,316.01638079934065,130.8350077304496,False
blocking,S4_step_fault,rls,9,10,True,detect_adwin,c713c6ff067c0eb9d2d9e6f7c6ebafc0d4a8982fffde9b8ee5016969e4063c1a,d520cb63df0c6f4d0f262a544d06e088d0150a7f,0,2,0.0,1,1,0.0625,1,0,346,149.3218742890676,-21.633575755986882,321.97213351372653,130.8350077304496,False
blocking,S4_step_fault,rls,9,10,True,detect_adwin_d01,5ae11b091d9e7df23ca542456a14adc75040fae07d022d7f78faec4639a84700,d520cb63df0c6f4d0f262a544d06e088d0150a7f,0,2,0.0,1,1,0.0625,1,0,346,149.3218742890676,-21.633575755986882,321.97213351372653,130.8350077304496,False
blocking,S4_step_fault,rls,9,10,True,detect_adwin_d05,27a19f03595b20ffdf0f756ead43268dd255dc455be381b11730a9b38d447ca9,d520cb63df0c6f4d0f262a544d06e088d0150a7f,0,2,0.0,1,1,0.0625,1,0,346,149.3218742890676,-21.633575755986882,321.97213351372653,130.8350077304496,False
blocking,S4_step_fault,rls,9,10,True,detect_adwin_d25,3858cf5bdf35e4353ed086f34dbad5381acc610798bc6e392be4a44705e5fcf9,d520cb63df0c6f4d0f262a544d06e088d0150a7f,0,2,0.0,2,2,0.125,1,0,346,149.3218742890676,-21.633575755986882,321.97213351372653,130.8350077304496,False
blocking,S4_step_fault,rls,9,10,True,detect_adwin_d9,aa3cee0268fe68ff0203c39d0ed116280bd8d1983ebc55e9cbfd1d9a711fda32,d520cb63df0c6f4d0f262a544d06e088d0150a7f,0,2,0.0,2,2,0.125,1,0,346,149.3218742890676,-21.633575755986882,321.97213351372653,130.8350077304496,False
blocking,S4_step_fault,rls,9,10,True,detect_ks,5cc332ea7161cc2fbaa8e642a329e320aa928d3793c2588253ab72c338213dd8,d520cb63df0c6f4d0f262a544d06e088d0150a7f,0,2,0.0,1,1,0.0625,0,0,346,147.92385248927897,-41.2862498391332,320.80232818922764,130.8350077304496,False
blocking,S4_step_fault,rls,9,10,True,detect_ks_a001,ed0ad13f5a574d68caed89b9b52616e9e404422e94de4bfc9451b483bc9105c3,d520cb63df0c6f4d0f262a544d06e088d0150a7f,0,2,0.0,1,1,0.0625,0,0,346,147.92385248927897,-41.2862498391332,320.80232818922764,130.8350077304496,False
blocking,S4_step_fault,rls,9,10,True,detect_ks_a01,880d14f469f2f330495f13f909990def916756d0e6b2e6c8d206a89c45bd54ed,d520cb63df0c6f4d0f262a544d06e088d0150a7f,0,2,0.0,1,1,0.0625,0,0,346,147.92385248927897,-41.2862498391332,320.80232818922764,130.8350077304496,False
blocking,S4_step_fault,rls,9,10,True,detect_ks_a1,07dc553a109336280d80a905c3ac17604b4571fa9d1059d1c1082551071e6c84,d520cb63df0c6f4d0f262a544d06e088d0150a7f,0,2,0.0,1,1,0.0625,0,0,346,147.92385248927897,-41.2862498391332,320.80232818922764,130.8350077304496,False
blocking,S4_step_fault,rls,9,10,True,detect_cusum_nb,5089e1b5d25b9901b42c6eb04639484322e2a3f80890298ef3ae6985e1f073a9,d520cb63df0c6f4d0f262a544d06e088d0150a7f,0,2,0.0,4,4,0.25,1,0,346,149.42562517320616,-18.270313418097672,321.3683575359195,130.8350077304496,False
blocking,S4_step_fault,rls,9,10,True,detect_cusum_h6_nb,e962108e830ea46bf9a74f08549be574a4fedc20e7844166f7d8806d43a8d467,d520cb63df0c6f4d0f262a544d06e088d0150a7f,0,2,0.0,4,4,0.25,2,1,346,145.42293808431316,-16.006785328182822,312.74632569482844,130.8350077304496,False
blocking,S4_step_fault,rls,9,10,True,detect_cusum_h3_nb,e47bea936456fd1c645564100e62c0f794edea588af0b70a85a161b6be6b41fe,d520cb63df0c6f4d0f262a544d06e088d0150a7f,0,2,0.0,6,6,0.375,1,0,346,147.2631047868834,-23.60090539477268,316.01638079934065,130.8350077304496,False
blocking,S4_step_fault,rls,9,10,True,detect_cusum_h1p5_nb,711c4880e0a6af455eaca5941afff9f6f986a7f809d145ce44fafa7f7f686c0d,d520cb63df0c6f4d0f262a544d06e088d0150a7f,0,2,0.0,6,6,0.375,2,0,346,147.0930802043088,-31.52839459553443,316.856901498354,130.8350077304496,False
blocking,S4_step_fault,rls,9,10,True,detect_ph_nb,84dffedbc7a426ed6a5c695db07be2f2d3b5e43c1c80fed9180736cde5ed994d,d520cb63df0c6f4d0f262a544d06e088d0150a7f,0,2,0.0,2,2,0.125,1,0,346,149.42562517320616,-18.270313418097672,321.3683575359195,130.8350077304496,False
blocking,S4_step_fault,rls,9,10,True,detect_ph_h7p5_nb,9f5b8cd1a62ca3bd4bb61cf50468c9440933dbd25fd4e217947e89999c7dddbc,d520cb63df0c6f4d0f262a544d06e088d0150a7f,0,2,0.0,2,2,0.125,2,1,346,146.67848954711098,-9.765788328323444,316.5817060760384,130.8350077304496,False
blocking,S4_step_fault,rls,9,10,True,detect_ph_h3p75_nb,45c9536b9ac99ef7712cf461947902ad7190d0549509c5ec06aa5ab9ed63231e,d520cb63df0c6f4d0f262a544d06e088d0150a7f,0,2,0.0,4,4,0.25,2,1,346,145.42293808431316,-16.006785328182822,312.74632569482844,130.8350077304496,False
blocking,S4_step_fault,rls,9,10,True,detect_ph_h1p875_nb,04538b2b6f38b6d85173d5ba7a188d01202d8c85661fc93932f735702d077254,d520cb63df0c6f4d0f262a544d06e088d0150a7f,0,2,0.0,6,6,0.375,1,0,346,147.2631047868834,-23.60090539477268,316.01638079934065,130.8350077304496,False
blocking,S4_step_fault,rls,9,10,True,detect_adwin_nb,28fa2dd51669715b9a77a376181a742518f99c16aeab791ac12fbf6306736eb7,d520cb63df0c6f4d0f262a544d06e088d0150a7f,0,2,0.0,2,2,0.125,1,0,346,149.3218742890676,-21.633575755986882,321.97213351372653,130.8350077304496,False
blocking,S4_step_fault,rls,9,10,True,detect_adwin_d01_nb,7e5645c8446b22e8aa323a21fe61d3c3d3d04eda8319ab08aa3e57a9509f2944,d520cb63df0c6f4d0f262a544d06e088d0150a7f,0,2,0.0,2,2,0.125,1,0,346,149.3218742890676,-21.633575755986882,321.97213351372653,130.8350077304496,False
blocking,S4_step_fault,rls,9,10,True,detect_adwin_d05_nb,ee707f1d2f35eadc717e7c582810116230ebed6f606e0b94ed1bb74805217117,d520cb63df0c6f4d0f262a544d06e088d0150a7f,0,2,0.0,2,2,0.125,1,0,346,149.3218742890676,-21.633575755986882,321.97213351372653,130.8350077304496,False
blocking,S4_step_fault,rls,9,10,True,detect_adwin_d25_nb,68768119fac31e436eddcd6a60b7490f7af690c43abb7141551ae4fc8b280d42,d520cb63df0c6f4d0f262a544d06e088d0150a7f,0,2,0.0,4,4,0.25,1,0,346,149.3218742890676,-21.633575755986882,321.97213351372653,130.8350077304496,False
blocking,S4_step_fault,rls,9,10,True,detect_adwin_d9_nb,213bd61c39a477f6652d9c521e99c9c26c1312c4df490ddf428cbd9fd786aa96,d520cb63df0c6f4d0f262a544d06e088d0150a7f,0,2,0.0,4,4,0.25,1,0,346,149.3218742890676,-21.633575755986882,321.97213351372653,130.8350077304496,False
blocking,S4_step_fault,rls,9,10,True,detect_ks_nb,1a9da829abe8feb4a54bc2b39bf7b8e91684c7405c4b5a1dba891e1b63a2138e,d520cb63df0c6f4d0f262a544d06e088d0150a7f,0,2,0.0,2,2,0.125,0,0,346,147.92385248927897,-41.2862498391332,320.80232818922764,130.8350077304496,False
blocking,S4_step_fault,rls,9,10,True,detect_ks_a001_nb,40c9ae6037d09911eac943853ba2a0491a8152c584ad24a28413d77a6e8ca4de,d520cb63df0c6f4d0f262a544d06e088d0150a7f,0,2,0.0,2,2,0.125,0,0,346,147.92385248927897,-41.2862498391332,320.80232818922764,130.8350077304496,False
blocking,S4_step_fault,rls,9,10,True,detect_ks_a01_nb,0a8b9ba44fca6058f6bca15c888f8a3b8dda672bd68c7509200d27f07c460127,d520cb63df0c6f4d0f262a544d06e088d0150a7f,0,2,0.0,2,2,0.125,0,0,346,147.92385248927897,-41.2862498391332,320.80232818922764,130.8350077304496,False
blocking,S4_step_fault,rls,9,10,True,detect_ks_a1_nb,c8a9547f27c01cf2951be67a0808c2b4fdedefa1cbb712459d2c54ef8242378c,d520cb63df0c6f4d0f262a544d06e088d0150a7f,0,2,0.0,2,2,0.125,0,0,346,147.92385248927897,-41.2862498391332,320.80232818922764,130.8350077304496,False
blocking,S4_step_fault,rls,10,10,True,detect_cusum,02b156c6de838405cccd0b77c34359bed7d5ebd69b06d64d823e5a9933696b0a,d520cb63df0c6f4d0f262a544d06e088d0150a7f,0,2,0.0,2,2,0.125,2,1,349,159.11577938231204,-19.919574854126914,340.16726037768507,140.73465614468518,False
blocking,S4_step_fault,rls,10,10,True,detect_cusum_h6,a4f678249bfb70366f67a789105fbda738544504120ca43f85614e97b483bf8d,d520cb63df0c6f4d0f262a544d06e088d0150a7f,1,1,0.5,2,1,0.0625,1,0,349,155.47617288177707,-31.20940106825663,331.7300595483559,140.73465614468518,False
blocking,S4_step_fault,rls,10,10,True,detect_cusum_h3,65a20645c162989edc778d5a5e83aa2f3c5a0a6ba0d0605810e1f3e4ebe2af3f,d520cb63df0c6f4d0f262a544d06e088d0150a7f,1,1,0.5,3,2,0.125,1,0,349,154.6662365542343,-33.313958397756686,330.23755773307346,140.73465614468518,False
blocking,S4_step_fault,rls,10,10,True,detect_cusum_h1p5,451a103aa34ef76d9264fc10eb6bc9d7cdaf57567f9fa4470870b544cd6aba58,d520cb63df0c6f4d0f262a544d06e088d0150a7f,0,2,0.0,3,3,0.1875,1,0,349,154.42080470649879,-33.20654482633017,329.4638983569759,140.73465614468518,False
blocking,S4_step_fault,rls,10,10,True,detect_ph,b063edce9d506ca7eaf5134aba55816c09afa2cb2ef6ae22f28315349edd8406,d520cb63df0c6f4d0f262a544d06e088d0150a7f,0,2,0.0,1,1,0.0625,2,1,349,160.5441340990469,-20.697009076650165,343.77372740067506,140.73465614468518,False
blocking,S4_step_fault,rls,10,10,True,detect_ph_h7p5,017a29a5545c00ce5ac534627e3a6ec2fc8fdcfc0c83a17da09aa46639af32f3,d520cb63df0c6f4d0f262a544d06e088d0150a7f,0,2,0.0,2,2,0.125,1,0,349,155.47617288177707,-31.20940106825663,331.7300595483559,140.73465614468518,False
blocking,S4_step_fault,rls,10,10,True,detect_ph_h3p75,71faba01ccbc6361a1317bfd102852cdbfb1d649642484249b4af805ac86c80c,d520cb63df0c6f4d0f262a544d06e088d0150a7f,1,1,0.5,3,2,0.125,1,0,349,155.12910742042314,-30.98287127844367,331.01606911841793,140.73465614468518,False
blocking,S4_step_fault,rls,10,10,True,detect_ph_h1p875,500e11e9c824b56809e55489313688d74b4a961af9b0e577a3ae800b2eb553ad,d520cb63df0c6f4d0f262a544d06e088d0150a7f,0,2,0.0,3,3,0.1875,1,0,349,154.6662365542343,-33.313958397756686,330.23755773307346,140.73465614468518,False
blocking,S4_step_fault,rls,10,10,True,detect_adwin,c713c6ff067c0eb9d2d9e6f7c6ebafc0d4a8982fffde9b8ee5016969e4063c1a,d520cb63df0c6f4d0f262a544d06e088d0150a7f,0,2,0.0,2,2,0.125,2,1,349,160.02132349141627,-19.28909141785876,343.4818342862427,140.73465614468518,False
blocking,S4_step_fault,rls,10,10,True,detect_adwin_d01,5ae11b091d9e7df23ca542456a14adc75040fae07d022d7f78faec4639a84700,d520cb63df0c6f4d0f262a544d06e088d0150a7f,0,2,0.0,2,2,0.125,2,1,349,160.0463848164533,-19.00769203121232,343.5179052161691,140.73465614468518,False
blocking,S4_step_fault,rls,10,10,True,detect_adwin_d05,27a19f03595b20ffdf0f756ead43268dd255dc455be381b11730a9b38d447ca9,d520cb63df0c6f4d0f262a544d06e088d0150a7f,0,2,0.0,2,2,0.125,2,1,349,159.14760093339967,-20.57848358599099,340.46176470194587,140.73465614468518,False
blocking,S4_step_fault,rls,10,10,True,detect_adwin_d25,3858cf5bdf35e4353ed086f34dbad5381acc610798bc6e392be4a44705e5fcf9,d520cb63df0c6f4d0f262a544d06e088d0150a7f,0,2,0.0,2,2,0.125,2,1,349,159.11577938231204,-19.919574854126914,340.16726037768507,140.73465614468518,False
blocking,S4_step_fault,rls,10,10,True,detect_adwin_d9,aa3cee0268fe68ff0203c39d0ed116280bd8d1983ebc55e9cbfd1d9a711fda32,d520cb63df0c6f4d0f262a544d06e088d0150a7f,0,2,0.0,2,2,0.125,2,1,349,159.11577938231204,-19.919574854126914,340.16726037768507,140.73465614468518,False
blocking,S4_step_fault,rls,10,10,True,detect_ks,5cc332ea7161cc2fbaa8e642a329e320aa928d3793c2588253ab72c338213dd8,d520cb63df0c6f4d0f262a544d06e088d0150a7f,0,2,0.0,1,1,0.0625,0,0,349,158.1047097042401,-51.52791114137549,338.16704536955444,140.73465614468518,False
blocking,S4_step_fault,rls,10,10,True,detect_ks_a001,ed0ad13f5a574d68caed89b9b52616e9e404422e94de4bfc9451b483bc9105c3,d520cb63df0c6f4d0f262a544d06e088d0150a7f,0,2,0.0,1,1,0.0625,0,0,349,158.1047097042401,-51.52791114137549,338.16704536955444,140.73465614468518,False
blocking,S4_step_fault,rls,10,10,True,detect_ks_a01,880d14f469f2f330495f13f909990def916756d0e6b2e6c8d206a89c45bd54ed,d520cb63df0c6f4d0f262a544d06e088d0150a7f,0,2,0.0,1,1,0.0625,0,0,349,158.1047097042401,-51.52791114137549,338.16704536955444,140.73465614468518,False
blocking,S4_step_fault,rls,10,10,True,detect_ks_a1,07dc553a109336280d80a905c3ac17604b4571fa9d1059d1c1082551071e6c84,d520cb63df0c6f4d0f262a544d06e088d0150a7f,0,2,0.0,1,1,0.0625,0,0,349,158.1047097042401,-51.52791114137549,338.16704536955444,140.73465614468518,False
blocking,S4_step_fault,rls,10,10,True,detect_cusum_nb,5089e1b5d25b9901b42c6eb04639484322e2a3f80890298ef3ae6985e1f073a9,d520cb63df0c6f4d0f262a544d06e088d0150a7f,0,2,0.0,4,4,0.25,2,1,349,159.11577938231204,-19.919574854126914,340.16726037768507,140.73465614468518,False
blocking,S4_step_fault,rls,10,10,True,detect_cusum_h6_nb,e962108e830ea46bf9a74f08549be574a4fedc20e7844166f7d8806d43a8d467,d520cb63df0c6f4d0f262a544d06e088d0150a7f,1,1,0.5,4,3,0.1875,1,0,349,155.47617288177707,-31.20940106825663,331.7300595483559,140.73465614468518,False
blocking,S4_step_fault,rls,10,10,True,detect_cusum_h3_nb,e47bea936456fd1c645564100e62c0f794edea588af0b70a85a161b6be6b41fe,d520cb63df0c6f4d0f262a544d06e088d0150a7f,1,1,0.5,6,5,0.3125,1,0,349,154.6662365542343,-33.313958397756686,330.23755773307346,140.73465614468518,False
blocking,S4_step_fault,rls,10,10,True,detect_cusum_h1p5_nb,711c4880e0a6af455eaca5941afff9f6f986a7f809d145ce44fafa7f7f686c0d,d520cb63df0c6f4d0f262a544d06e088d0150a7f,0,2,0.0,6,6,0.375,1,0,349,154.42080470649879,-33.20654482633017,329.4638983569759,140.73465614468518,False
blocking,S4_step_fault,rls,10,10,True,detect_ph_nb,84dffedbc7a426ed6a5c695db07be2f2d3b5e43c1c80fed9180736cde5ed994d,d520cb63df0c6f4d0f262a544d06e088d0150a7f,0,2,0.0,2,2,0.125,2,1,349,160.5441340990469,-20.697009076650165,343.77372740067506,140.73465614468518,False
blocking,S4_step_fault,rls,10,10,True,detect_ph_h7p5_nb,9f5b8cd1a62ca3bd4bb61cf50468c9440933dbd25fd4e217947e89999c7dddbc,d520cb63df0c6f4d0f262a544d06e088d0150a7f,0,2,0.0,4,4,0.25,1,0,349,155.47617288177707,-31.20940106825663,331.7300595483559,140.73465614468518,False
blocking,S4_step_fault,rls,10,10,True,detect_ph_h3p75_nb,45c9536b9ac99ef7712cf461947902ad7190d0549509c5ec06aa5ab9ed63231e,d520cb63df0c6f4d0f262a544d06e088d0150a7f,1,1,0.5,6,5,0.3125,1,0,349,155.12910742042314,-30.98287127844367,331.01606911841793,140.73465614468518,False
blocking,S4_step_fault,rls,10,10,True,detect_ph_h1p875_nb,04538b2b6f38b6d85173d5ba7a188d01202d8c85661fc93932f735702d077254,d520cb63df0c6f4d0f262a544d06e088d0150a7f,0,2,0.0,6,6,0.375,1,0,349,154.6662365542343,-33.313958397756686,330.23755773307346,140.73465614468518,False
blocking,S4_step_fault,rls,10,10,True,detect_adwin_nb,28fa2dd51669715b9a77a376181a742518f99c16aeab791ac12fbf6306736eb7,d520cb63df0c6f4d0f262a544d06e088d0150a7f,0,2,0.0,4,4,0.25,2,1,349,160.02132349141627,-19.28909141785876,343.4818342862427,140.73465614468518,False
blocking,S4_step_fault,rls,10,10,True,detect_adwin_d01_nb,7e5645c8446b22e8aa323a21fe61d3c3d3d04eda8319ab08aa3e57a9509f2944,d520cb63df0c6f4d0f262a544d06e088d0150a7f,0,2,0.0,4,4,0.25,2,1,349,160.0463848164533,-19.00769203121232,343.5179052161691,140.73465614468518,False
blocking,S4_step_fault,rls,10,10,True,detect_adwin_d05_nb,ee707f1d2f35eadc717e7c582810116230ebed6f606e0b94ed1bb74805217117,d520cb63df0c6f4d0f262a544d06e088d0150a7f,0,2,0.0,4,4,0.25,2,1,349,159.14760093339967,-20.57848358599099,340.46176470194587,140.73465614468518,False
blocking,S4_step_fault,rls,10,10,True,detect_adwin_d25_nb,68768119fac31e436eddcd6a60b7490f7af690c43abb7141551ae4fc8b280d42,d520cb63df0c6f4d0f262a544d06e088d0150a7f,0,2,0.0,4,4,0.25,2,1,349,159.11577938231204,-19.919574854126914,340.16726037768507,140.73465614468518,False
blocking,S4_step_fault,rls,10,10,True,detect_adwin_d9_nb,213bd61c39a477f6652d9c521e99c9c26c1312c4df490ddf428cbd9fd786aa96,d520cb63df0c6f4d0f262a544d06e088d0150a7f,0,2,0.0,4,4,0.25,2,1,349,159.11577938231204,-19.919574854126914,340.16726037768507,140.73465614468518,False
blocking,S4_step_fault,rls,10,10,True,detect_ks_nb,1a9da829abe8feb4a54bc2b39bf7b8e91684c7405c4b5a1dba891e1b63a2138e,d520cb63df0c6f4d0f262a544d06e088d0150a7f,0,2,0.0,2,2,0.125,0,0,349,158.1047097042401,-51.52791114137549,338.16704536955444,140.73465614468518,False
blocking,S4_step_fault,rls,10,10,True,detect_ks_a001_nb,40c9ae6037d09911eac943853ba2a0491a8152c584ad24a28413d77a6e8ca4de,d520cb63df0c6f4d0f262a544d06e088d0150a7f,0,2,0.0,2,2,0.125,0,0,349,158.1047097042401,-51.52791114137549,338.16704536955444,140.73465614468518,False
blocking,S4_step_fault,rls,10,10,True,detect_ks_a01_nb,0a8b9ba44fca6058f6bca15c888f8a3b8dda672bd68c7509200d27f07c460127,d520cb63df0c6f4d0f262a544d06e088d0150a7f,0,2,0.0,2,2,0.125,0,0,349,158.1047097042401,-51.52791114137549,338.16704536955444,140.73465614468518,False
blocking,S4_step_fault,rls,10,10,True,detect_ks_a1_nb,c8a9547f27c01cf2951be67a0808c2b4fdedefa1cbb712459d2c54ef8242378c,d520cb63df0c6f4d0f262a544d06e088d0150a7f,0,2,0.0,2,2,0.125,0,0,349,158.1047097042401,-51.52791114137549,338.16704536955444,140.73465614468518,False
blocking,S6_combined,rls,1,10,True,detect_cusum,02b156c6de838405cccd0b77c34359bed7d5ebd69b06d64d823e5a9933696b0a,d520cb63df0c6f4d0f262a544d06e088d0150a7f,0,2,0.0,2,2,0.041666666666666664,0,0,489,724.6885571518839,-16.60118131423586,3669.736956301557,193.68324222731306,False
blocking,S6_combined,rls,1,10,True,detect_cusum_h6,a4f678249bfb70366f67a789105fbda738544504120ca43f85614e97b483bf8d,d520cb63df0c6f4d0f262a544d06e088d0150a7f,1,1,0.5,3,2,0.041666666666666664,0,0,489,724.6885571518839,-16.60118131423586,3669.736956301557,193.68324222731306,False
blocking,S6_combined,rls,1,10,True,detect_cusum_h3,65a20645c162989edc778d5a5e83aa2f3c5a0a6ba0d0605810e1f3e4ebe2af3f,d520cb63df0c6f4d0f262a544d06e088d0150a7f,0,2,0.0,4,4,0.08333333333333333,0,0,489,724.6885571518839,-16.60118131423586,3669.736956301557,193.68324222731306,False
blocking,S6_combined,rls,1,10,True,detect_cusum_h1p5,451a103aa34ef76d9264fc10eb6bc9d7cdaf57567f9fa4470870b544cd6aba58,d520cb63df0c6f4d0f262a544d06e088d0150a7f,0,2,0.0,4,4,0.08333333333333333,0,0,489,724.6885571518839,-16.60118131423586,3669.736956301557,193.68324222731306,False
blocking,S6_combined,rls,1,10,True,detect_ph,b063edce9d506ca7eaf5134aba55816c09afa2cb2ef6ae22f28315349edd8406,d520cb63df0c6f4d0f262a544d06e088d0150a7f,0,2,0.0,2,2,0.041666666666666664,0,0,489,724.6885571518839,-16.60118131423586,3669.736956301557,193.68324222731306,False
blocking,S6_combined,rls,1,10,True,detect_ph_h7p5,017a29a5545c00ce5ac534627e3a6ec2fc8fdcfc0c83a17da09aa46639af32f3,d520cb63df0c6f4d0f262a544d06e088d0150a7f,0,2,0.0,3,3,0.0625,0,0,489,724.6885571518839,-16.60118131423586,3669.736956301557,193.68324222731306,False
blocking,S6_combined,rls,1,10,True,detect_ph_h3p75,71faba01ccbc6361a1317bfd102852cdbfb1d649642484249b4af805ac86c80c,d520cb63df0c6f4d0f262a544d06e088d0150a7f,1,1,0.5,3,2,0.041666666666666664,0,0,489,724.6885571518839,-16.60118131423586,3669.736956301557,193.68324222731306,False
blocking,S6_combined,rls,1,10,True,detect_ph_h1p875,500e11e9c824b56809e55489313688d74b4a961af9b0e577a3ae800b2eb553ad,d520cb63df0c6f4d0f262a544d06e088d0150a7f,0,2,0.0,4,4,0.08333333333333333,0,0,489,724.6885571518839,-16.60118131423586,3669.736956301557,193.68324222731306,False
blocking,S6_combined,rls,1,10,True,detect_adwin,c713c6ff067c0eb9d2d9e6f7c6ebafc0d4a8982fffde9b8ee5016969e4063c1a,d520cb63df0c6f4d0f262a544d06e088d0150a7f,0,2,0.0,2,2,0.041666666666666664,0,0,489,724.6885571518839,-16.60118131423586,3669.736956301557,193.68324222731306,False
blocking,S6_combined,rls,1,10,True,detect_adwin_d01,5ae11b091d9e7df23ca542456a14adc75040fae07d022d7f78faec4639a84700,d520cb63df0c6f4d0f262a544d06e088d0150a7f,0,2,0.0,2,2,0.041666666666666664,0,0,489,724.6885571518839,-16.60118131423586,3669.736956301557,193.68324222731306,False
blocking,S6_combined,rls,1,10,True,detect_adwin_d05,27a19f03595b20ffdf0f756ead43268dd255dc455be381b11730a9b38d447ca9,d520cb63df0c6f4d0f262a544d06e088d0150a7f,0,2,0.0,2,2,0.041666666666666664,0,0,489,724.6885571518839,-16.60118131423586,3669.736956301557,193.68324222731306,False
blocking,S6_combined,rls,1,10,True,detect_adwin_d25,3858cf5bdf35e4353ed086f34dbad5381acc610798bc6e392be4a44705e5fcf9,d520cb63df0c6f4d0f262a544d06e088d0150a7f,0,2,0.0,2,2,0.041666666666666664,0,0,489,724.6885571518839,-16.60118131423586,3669.736956301557,193.68324222731306,False
blocking,S6_combined,rls,1,10,True,detect_adwin_d9,aa3cee0268fe68ff0203c39d0ed116280bd8d1983ebc55e9cbfd1d9a711fda32,d520cb63df0c6f4d0f262a544d06e088d0150a7f,0,2,0.0,2,2,0.041666666666666664,0,0,489,724.6885571518839,-16.60118131423586,3669.736956301557,193.68324222731306,False
blocking,S6_combined,rls,1,10,True,detect_ks,5cc332ea7161cc2fbaa8e642a329e320aa928d3793c2588253ab72c338213dd8,d520cb63df0c6f4d0f262a544d06e088d0150a7f,0,2,0.0,0,0,0.0,0,0,489,724.6885571518839,-16.60118131423586,3669.736956301557,193.68324222731306,False
blocking,S6_combined,rls,1,10,True,detect_ks_a001,ed0ad13f5a574d68caed89b9b52616e9e404422e94de4bfc9451b483bc9105c3,d520cb63df0c6f4d0f262a544d06e088d0150a7f,0,2,0.0,0,0,0.0,0,0,489,724.6885571518839,-16.60118131423586,3669.736956301557,193.68324222731306,False
blocking,S6_combined,rls,1,10,True,detect_ks_a01,880d14f469f2f330495f13f909990def916756d0e6b2e6c8d206a89c45bd54ed,d520cb63df0c6f4d0f262a544d06e088d0150a7f,0,2,0.0,0,0,0.0,0,0,489,724.6885571518839,-16.60118131423586,3669.736956301557,193.68324222731306,False
blocking,S6_combined,rls,1,10,True,detect_ks_a1,07dc553a109336280d80a905c3ac17604b4571fa9d1059d1c1082551071e6c84,d520cb63df0c6f4d0f262a544d06e088d0150a7f,0,2,0.0,1,1,0.020833333333333332,0,0,489,724.6885571518839,-16.60118131423586,3669.736956301557,193.68324222731306,False
blocking,S6_combined,rls,1,10,True,detect_cusum_nb,5089e1b5d25b9901b42c6eb04639484322e2a3f80890298ef3ae6985e1f073a9,d520cb63df0c6f4d0f262a544d06e088d0150a7f,0,2,0.0,4,4,0.08333333333333333,0,0,489,724.6885571518839,-16.60118131423586,3669.736956301557,193.68324222731306,False
blocking,S6_combined,rls,1,10,True,detect_cusum_h6_nb,e962108e830ea46bf9a74f08549be574a4fedc20e7844166f7d8806d43a8d467,d520cb63df0c6f4d0f262a544d06e088d0150a7f,1,1,0.5,6,5,0.10416666666666667,0,0,489,724.6885571518839,-16.60118131423586,3669.736956301557,193.68324222731306,False
blocking,S6_combined,rls,1,10,True,detect_cusum_h3_nb,e47bea936456fd1c645564100e62c0f794edea588af0b70a85a161b6be6b41fe,d520cb63df0c6f4d0f262a544d06e088d0150a7f,0,2,0.0,8,8,0.16666666666666666,0,0,489,724.6885571518839,-16.60118131423586,3669.736956301557,193.68324222731306,False
blocking,S6_combined,rls,1,10,True,detect_cusum_h1p5_nb,711c4880e0a6af455eaca5941afff9f6f986a7f809d145ce44fafa7f7f686c0d,d520cb63df0c6f4d0f262a544d06e088d0150a7f,0,2,0.0,8,8,0.16666666666666666,0,0,489,724.6885571518839,-16.60118131423586,3669.736956301557,193.68324222731306,False
blocking,S6_combined,rls,1,10,True,detect_ph_nb,84dffedbc7a426ed6a5c695db07be2f2d3b5e43c1c80fed9180736cde5ed994d,d520cb63df0c6f4d0f262a544d06e088d0150a7f,0,2,0.0,4,4,0.08333333333333333,0,0,489,724.6885571518839,-16.60118131423586,3669.736956301557,193.68324222731306,False
blocking,S6_combined,rls,1,10,True,detect_ph_h7p5_nb,9f5b8cd1a62ca3bd4bb61cf50468c9440933dbd25fd4e217947e89999c7dddbc,d520cb63df0c6f4d0f262a544d06e088d0150a7f,0,2,0.0,6,6,0.125,0,0,489,724.6885571518839,-16.60118131423586,3669.736956301557,193.68324222731306,False
blocking,S6_combined,rls,1,10,True,detect_ph_h3p75_nb,45c9536b9ac99ef7712cf461947902ad7190d0549509c5ec06aa5ab9ed63231e,d520cb63df0c6f4d0f262a544d06e088d0150a7f,1,1,0.5,6,5,0.10416666666666667,0,0,489,724.6885571518839,-16.60118131423586,3669.736956301557,193.68324222731306,False
blocking,S6_combined,rls,1,10,True,detect_ph_h1p875_nb,04538b2b6f38b6d85173d5ba7a188d01202d8c85661fc93932f735702d077254,d520cb63df0c6f4d0f262a544d06e088d0150a7f,0,2,0.0,8,8,0.16666666666666666,0,0,489,724.6885571518839,-16.60118131423586,3669.736956301557,193.68324222731306,False
blocking,S6_combined,rls,1,10,True,detect_adwin_nb,28fa2dd51669715b9a77a376181a742518f99c16aeab791ac12fbf6306736eb7,d520cb63df0c6f4d0f262a544d06e088d0150a7f,0,2,0.0,4,4,0.08333333333333333,0,0,489,724.6885571518839,-16.60118131423586,3669.736956301557,193.68324222731306,False
blocking,S6_combined,rls,1,10,True,detect_adwin_d01_nb,7e5645c8446b22e8aa323a21fe61d3c3d3d04eda8319ab08aa3e57a9509f2944,d520cb63df0c6f4d0f262a544d06e088d0150a7f,0,2,0.0,4,4,0.08333333333333333,0,0,489,724.6885571518839,-16.60118131423586,3669.736956301557,193.68324222731306,False
blocking,S6_combined,rls,1,10,True,detect_adwin_d05_nb,ee707f1d2f35eadc717e7c582810116230ebed6f606e0b94ed1bb74805217117,d520cb63df0c6f4d0f262a544d06e088d0150a7f,0,2,0.0,4,4,0.08333333333333333,0,0,489,724.6885571518839,-16.60118131423586,3669.736956301557,193.68324222731306,False
blocking,S6_combined,rls,1,10,True,detect_adwin_d25_nb,68768119fac31e436eddcd6a60b7490f7af690c43abb7141551ae4fc8b280d42,d520cb63df0c6f4d0f262a544d06e088d0150a7f,0,2,0.0,4,4,0.08333333333333333,0,0,489,724.6885571518839,-16.60118131423586,3669.736956301557,193.68324222731306,False
blocking,S6_combined,rls,1,10,True,detect_adwin_d9_nb,213bd61c39a477f6652d9c521e99c9c26c1312c4df490ddf428cbd9fd786aa96,d520cb63df0c6f4d0f262a544d06e088d0150a7f,0,2,0.0,4,4,0.08333333333333333,0,0,489,724.6885571518839,-16.60118131423586,3669.736956301557,193.68324222731306,False
blocking,S6_combined,rls,1,10,True,detect_ks_nb,1a9da829abe8feb4a54bc2b39bf7b8e91684c7405c4b5a1dba891e1b63a2138e,d520cb63df0c6f4d0f262a544d06e088d0150a7f,0,2,0.0,0,0,0.0,0,0,489,724.6885571518839,-16.60118131423586,3669.736956301557,193.68324222731306,False
blocking,S6_combined,rls,1,10,True,detect_ks_a001_nb,40c9ae6037d09911eac943853ba2a0491a8152c584ad24a28413d77a6e8ca4de,d520cb63df0c6f4d0f262a544d06e088d0150a7f,0,2,0.0,0,0,0.0,0,0,489,724.6885571518839,-16.60118131423586,3669.736956301557,193.68324222731306,False
blocking,S6_combined,rls,1,10,True,detect_ks_a01_nb,0a8b9ba44fca6058f6bca15c888f8a3b8dda672bd68c7509200d27f07c460127,d520cb63df0c6f4d0f262a544d06e088d0150a7f,0,2,0.0,0,0,0.0,0,0,489,724.6885571518839,-16.60118131423586,3669.736956301557,193.68324222731306,False
blocking,S6_combined,rls,1,10,True,detect_ks_a1_nb,c8a9547f27c01cf2951be67a0808c2b4fdedefa1cbb712459d2c54ef8242378c,d520cb63df0c6f4d0f262a544d06e088d0150a7f,0,2,0.0,2,2,0.041666666666666664,0,0,489,724.6885571518839,-16.60118131423586,3669.736956301557,193.68324222731306,False
blocking,S6_combined,rls,2,10,True,detect_cusum,02b156c6de838405cccd0b77c34359bed7d5ebd69b06d64d823e5a9933696b0a,d520cb63df0c6f4d0f262a544d06e088d0150a7f,0,2,0.0,2,2,0.041666666666666664,0,0,502,652.8281580575499,-96.2808803667787,3457.171501262751,185.12445235348383,False
blocking,S6_combined,rls,2,10,True,detect_cusum_h6,a4f678249bfb70366f67a789105fbda738544504120ca43f85614e97b483bf8d,d520cb63df0c6f4d0f262a544d06e088d0150a7f,0,2,0.0,3,3,0.0625,1,0,502,649.0818651466549,-73.41751897139152,3453.51529957038,185.12445235348383,False
blocking,S6_combined,rls,2,10,True,detect_cusum_h3,65a20645c162989edc778d5a5e83aa2f3c5a0a6ba0d0605810e1f3e4ebe2af3f,d520cb63df0c6f4d0f262a544d06e088d0150a7f,0,2,0.0,4,4,0.08333333333333333,0,0,502,652.8281580575499,-96.2808803667787,3457.171501262751,185.12445235348383,False
blocking,S6_combined,rls,2,10,True,detect_cusum_h1p5,451a103aa34ef76d9264fc10eb6bc9d7cdaf57567f9fa4470870b544cd6aba58,d520cb63df0c6f4d0f262a544d06e088d0150a7f,0,2,0.0,4,4,0.08333333333333333,0,0,502,652.8281580575499,-96.2808803667787,3457.171501262751,185.12445235348383,False
blocking,S6_combined,rls,2,10,True,detect_ph,b063edce9d506ca7eaf5134aba55816c09afa2cb2ef6ae22f28315349edd8406,d520cb63df0c6f4d0f262a544d06e088d0150a7f,0,2,0.0,2,2,0.041666666666666664,0,0,502,652.8281580575499,-96.2808803667787,3457.171501262751,185.12445235348383,False
blocking,S6_combined,rls,2,10,True,detect_ph_h7p5,017a29a5545c00ce5ac534627e3a6ec2fc8fdcfc0c83a17da09aa46639af32f3,d520cb63df0c6f4d0f262a544d06e088d0150a7f,0,2,0.0,3,3,0.0625,0,0,502,652.8281580575499,-96.2808803667787,3457.171501262751,185.12445235348383,False
blocking,S6_combined,rls,2,10,True,detect_ph_h3p75,71faba01ccbc6361a1317bfd102852cdbfb1d649642484249b4af805ac86c80c,d520cb63df0c6f4d0f262a544d06e088d0150a7f,1,1,0.5,3,2,0.041666666666666664,1,0,502,649.1943172878139,-72.36377190535204,3453.6711758570905,185.12445235348383,False
blocking,S6_combined,rls,2,10,True,detect_ph_h1p875,500e11e9c824b56809e55489313688d74b4a961af9b0e577a3ae800b2eb553ad,d520cb63df0c6f4d0f262a544d06e088d0150a7f,0,2,0.0,4,4,0.08333333333333333,0,0,502,652.8281580575499,-96.2808803667787,3457.171501262751,185.12445235348383,False
blocking,S6_combined,rls,2,10,True,detect_adwin,c713c6ff067c0eb9d2d9e6f7c6ebafc0d4a8982fffde9b8ee5016969e4063c1a,d520cb63df0c6f4d0f262a544d06e088d0150a7f,0,2,0.0,2,2,0.041666666666666664,0,0,502,652.8281580575499,-96.2808803667787,3457.171501262751,185.12445235348383,False
blocking,S6_combined,rls,2,10,True,detect_adwin_d01,5ae11b091d9e7df23ca542456a14adc75040fae07d022d7f78faec4639a84700,d520cb63df0c6f4d0f262a544d06e088d0150a7f,0,2,0.0,2,2,0.041666666666666664,0,0,502,652.8281580575499,-96.2808803667787,3457.171501262751,185.12445235348383,False
blocking,S6_combined,rls,2,10,True,detect_adwin_d05,27a19f03595b20ffdf0f756ead43268dd255dc455be381b11730a9b38d447ca9,d520cb63df0c6f4d0f262a544d06e088d0150a7f,0,2,0.0,2,2,0.041666666666666664,0,0,502,652.8281580575499,-96.2808803667787,3457.171501262751,185.12445235348383,False
blocking,S6_combined,rls,2,10,True,detect_adwin_d25,3858cf5bdf35e4353ed086f34dbad5381acc610798bc6e392be4a44705e5fcf9,d520cb63df0c6f4d0f262a544d06e088d0150a7f,0,2,0.0,2,2,0.041666666666666664,1,0,502,649.6894701243785,-74.91714440096631,3454.071864406382,185.12445235348383,False
blocking,S6_combined,rls,2,10,True,detect_adwin_d9,aa3cee0268fe68ff0203c39d0ed116280bd8d1983ebc55e9cbfd1d9a711fda32,d520cb63df0c6f4d0f262a544d06e088d0150a7f,0,2,0.0,2,2,0.041666666666666664,0,0,502,652.8281580575499,-96.2808803667787,3457.171501262751,185.12445235348383,False
blocking,S6_combined,rls,2,10,True,detect_ks,5cc332ea7161cc2fbaa8e642a329e320aa928d3793c2588253ab72c338213dd8,d520cb63df0c6f4d0f262a544d06e088d0150a7f,0,2,0.0,0,0,0.0,0,0,502,652.8281580575499,-96.2808803667787,3457.171501262751,185.12445235348383,False
blocking,S6_combined,rls,2,10,True,detect_ks_a001,ed0ad13f5a574d68caed89b9b52616e9e404422e94de4bfc9451b483bc9105c3,d520cb63df0c6f4d0f262a544d06e088d0150a7f,0,2,0.0,0,0,0.0,0,0,502,652.8281580575499,-96.2808803667787,3457.171501262751,185.12445235348383,False
blocking,S6_combined,rls,2,10,True,detect_ks_a01,880d14f469f2f330495f13f909990def916756d0e6b2e6c8d206a89c45bd54ed,d520cb63df0c6f4d0f262a544d06e088d0150a7f,0,2,0.0,1,1,0.020833333333333332,0,0,502,652.8281580575499,-96.2808803667787,3457.171501262751,185.12445235348383,False
blocking,S6_combined,rls,2,10,True,detect_ks_a1,07dc553a109336280d80a905c3ac17604b4571fa9d1059d1c1082551071e6c84,d520cb63df0c6f4d0f262a544d06e088d0150a7f,0,2,0.0,1,1,0.020833333333333332,0,0,502,652.8281580575499,-96.2808803667787,3457.171501262751,185.12445235348383,False
blocking,S6_combined,rls,2,10,True,detect_cusum_nb,5089e1b5d25b9901b42c6eb04639484322e2a3f80890298ef3ae6985e1f073a9,d520cb63df0c6f4d0f262a544d06e088d0150a7f,0,2,0.0,4,4,0.08333333333333333,0,0,502,652.8281580575499,-96.2808803667787,3457.171501262751,185.12445235348383,False
blocking,S6_combined,rls,2,10,True,detect_cusum_h6_nb,e962108e830ea46bf9a74f08549be574a4fedc20e7844166f7d8806d43a8d467,d520cb63df0c6f4d0f262a544d06e088d0150a7f,0,2,0.0,6,6,0.125,1,0,502,649.0818651466549,-73.41751897139152,3453.51529957038,185.12445235348383,False
blocking,S6_combined,rls,2,10,True,detect_cusum_h3_nb,e47bea936456fd1c645564100e62c0f794edea588af0b70a85a161b6be6b41fe,d520cb63df0c6f4d0f262a544d06e088d0150a7f,0,2,0.0,8,8,0.16666666666666666,0,0,502,652.8281580575499,-96.2808803667787,3457.171501262751,185.12445235348383,False
blocking,S6_combined,rls,2,10,True,detect_cusum_h1p5_nb,711c4880e0a6af455eaca5941afff9f6f986a7f809d145ce44fafa7f7f686c0d,d520cb63df0c6f4d0f262a544d06e088d0150a7f,0,2,0.0,8,8,0.16666666666666666,0,0,502,652.8281580575499,-96.2808803667787,3457.171501262751,185.12445235348383,False
blocking,S6_combined,rls,2,10,True,detect_ph_nb,84dffedbc7a426ed6a5c695db07be2f2d3b5e43c1c80fed9180736cde5ed994d,d520cb63df0c6f4d0f262a544d06e088d0150a7f,0,2,0.0,4,4,0.08333333333333333,0,0,502,652.8281580575499,-96.2808803667787,3457.171501262751,185.12445235348383,False
blocking,S6_combined,rls,2,10,True,detect_ph_h7p5_nb,9f5b8cd1a62ca3bd4bb61cf50468c9440933dbd25fd4e217947e89999c7dddbc,d520cb63df0c6f4d0f262a544d06e088d0150a7f,0,2,0.0,6,6,0.125,0,0,502,652.8281580575499,-96.2808803667787,3457.171501262751,185.12445235348383,False
blocking,S6_combined,rls,2,10,True,detect_ph_h3p75_nb,45c9536b9ac99ef7712cf461947902ad7190d0549509c5ec06aa5ab9ed63231e,d520cb63df0c6f4d0f262a544d06e088d0150a7f,1,1,0.5,6,5,0.10416666666666667,1,0,502,649.1943172878139,-72.36377190535204,3453.6711758570905,185.12445235348383,False
blocking,S6_combined,rls,2,10,True,detect_ph_h1p875_nb,04538b2b6f38b6d85173d5ba7a188d01202d8c85661fc93932f735702d077254,d520cb63df0c6f4d0f262a544d06e088d0150a7f,0,2,0.0,8,8,0.16666666666666666,0,0,502,652.8281580575499,-96.2808803667787,3457.171501262751,185.12445235348383,False
blocking,S6_combined,rls,2,10,True,detect_adwin_nb,28fa2dd51669715b9a77a376181a742518f99c16aeab791ac12fbf6306736eb7,d520cb63df0c6f4d0f262a544d06e088d0150a7f,0,2,0.0,4,4,0.08333333333333333,0,0,502,652.8281580575499,-96.2808803667787,3457.171501262751,185.12445235348383,False
blocking,S6_combined,rls,2,10,True,detect_adwin_d01_nb,7e5645c8446b22e8aa323a21fe61d3c3d3d04eda8319ab08aa3e57a9509f2944,d520cb63df0c6f4d0f262a544d06e088d0150a7f,0,2,0.0,4,4,0.08333333333333333,0,0,502,652.8281580575499,-96.2808803667787,3457.171501262751,185.12445235348383,False
blocking,S6_combined,rls,2,10,True,detect_adwin_d05_nb,ee707f1d2f35eadc717e7c582810116230ebed6f606e0b94ed1bb74805217117,d520cb63df0c6f4d0f262a544d06e088d0150a7f,0,2,0.0,4,4,0.08333333333333333,0,0,502,652.8281580575499,-96.2808803667787,3457.171501262751,185.12445235348383,False
blocking,S6_combined,rls,2,10,True,detect_adwin_d25_nb,68768119fac31e436eddcd6a60b7490f7af690c43abb7141551ae4fc8b280d42,d520cb63df0c6f4d0f262a544d06e088d0150a7f,0,2,0.0,4,4,0.08333333333333333,1,0,502,649.6894701243785,-74.91714440096631,3454.071864406382,185.12445235348383,False
blocking,S6_combined,rls,2,10,True,detect_adwin_d9_nb,213bd61c39a477f6652d9c521e99c9c26c1312c4df490ddf428cbd9fd786aa96,d520cb63df0c6f4d0f262a544d06e088d0150a7f,0,2,0.0,4,4,0.08333333333333333,0,0,502,652.8281580575499,-96.2808803667787,3457.171501262751,185.12445235348383,False
blocking,S6_combined,rls,2,10,True,detect_ks_nb,1a9da829abe8feb4a54bc2b39bf7b8e91684c7405c4b5a1dba891e1b63a2138e,d520cb63df0c6f4d0f262a544d06e088d0150a7f,0,2,0.0,0,0,0.0,0,0,502,652.8281580575499,-96.2808803667787,3457.171501262751,185.12445235348383,False
blocking,S6_combined,rls,2,10,True,detect_ks_a001_nb,40c9ae6037d09911eac943853ba2a0491a8152c584ad24a28413d77a6e8ca4de,d520cb63df0c6f4d0f262a544d06e088d0150a7f,0,2,0.0,0,0,0.0,0,0,502,652.8281580575499,-96.2808803667787,3457.171501262751,185.12445235348383,False
blocking,S6_combined,rls,2,10,True,detect_ks_a01_nb,0a8b9ba44fca6058f6bca15c888f8a3b8dda672bd68c7509200d27f07c460127,d520cb63df0c6f4d0f262a544d06e088d0150a7f,0,2,0.0,2,2,0.041666666666666664,0,0,502,652.8281580575499,-96.2808803667787,3457.171501262751,185.12445235348383,False
blocking,S6_combined,rls,2,10,True,detect_ks_a1_nb,c8a9547f27c01cf2951be67a0808c2b4fdedefa1cbb712459d2c54ef8242378c,d520cb63df0c6f4d0f262a544d06e088d0150a7f,0,2,0.0,2,2,0.041666666666666664,0,0,502,652.8281580575499,-96.2808803667787,3457.171501262751,185.12445235348383,False
blocking,S6_combined,rls,3,10,True,detect_cusum,02b156c6de838405cccd0b77c34359bed7d5ebd69b06d64d823e5a9933696b0a,d520cb63df0c6f4d0f262a544d06e088d0150a7f,0,2,0.0,2,2,0.041666666666666664,1,0,497,624.10103662583,-11.45941096184464,3272.5261411282054,183.63809539839113,False
blocking,S6_combined,rls,3,10,True,detect_cusum_h6,a4f678249bfb70366f67a789105fbda738544504120ca43f85614e97b483bf8d,d520cb63df0c6f4d0f262a544d06e088d0150a7f,0,2,0.0,4,4,0.08333333333333333,1,0,497,621.8149965276631,-14.303562076897101,3271.0309457431777,183.63809539839113,False
blocking,S6_combined,rls,3,10,True,detect_cusum_h3,65a20645c162989edc778d5a5e83aa2f3c5a0a6ba0d0605810e1f3e4ebe2af3f,d520cb63df0c6f4d0f262a544d06e088d0150a7f,0,2,0.0,4,4,0.08333333333333333,0,0,497,625.6007266820359,-32.52532447278031,3284.1051617000503,183.63809539839113,False
blocking,S6_combined,rls,3,10,True,detect_cusum_h1p5,451a103aa34ef76d9264fc10eb6bc9d7cdaf57567f9fa4470870b544cd6aba58,d520cb63df0c6f4d0f262a544d06e088d0150a7f,0,2,0.0,4,4,0.08333333333333333,0,0,497,625.6007266820359,-32.52532447278031,3284.1051617000503,183.63809539839113,False
blocking,S6_combined,rls,3,10,True,detect_ph,b063edce9d506ca7eaf5134aba55816c09afa2cb2ef6ae22f28315349edd8406,d520cb63df0c6f4d0f262a544d06e088d0150a7f,0,2,0.0,1,1,0.020833333333333332,0,0,497,625.6007266820359,-32.52532447278031,3284.1051617000503,183.63809539839113,False
blocking,S6_combined,rls,3,10,True,detect_ph_h7p5,017a29a5545c00ce5ac534627e3a6ec2fc8fdcfc0c83a17da09aa46639af32f3,d520cb63df0c6f4d0f262a544d06e088d0150a7f,0,2,0.0,2,2,0.041666666666666664,0,0,497,625.6007266820359,-32.52532447278031,3284.1051617000503,183.63809539839113,False
blocking,S6_combined,rls,3,10,True,detect_ph_h3p75,71faba01ccbc6361a1317bfd102852cdbfb1d649642484249b4af805ac86c80c,d520cb63df0c6f4d0f262a544d06e088d0150a7f,0,2,0.0,4,4,0.08333333333333333,0,0,497,625.6007266820359,-32.52532447278031,3284.1051617000503,183.63809539839113,False
blocking,S6_combined,rls,3,10,True,detect_ph_h1p875,500e11e9c824b56809e55489313688d74b4a961af9b0e577a3ae800b2eb553ad,d520cb63df0c6f4d0f262a544d06e088d0150a7f,0,2,0.0,4,4,0.08333333333333333,0,0,497,625.6007266820359,-32.52532447278031,3284.1051617000503,183.63809539839113,False
blocking,S6_combined,rls,3,10,True,detect_adwin,c713c6ff067c0eb9d2d9e6f7c6ebafc0d4a8982fffde9b8ee5016969e4063c1a,d520cb63df0c6f4d0f262a544d06e088d0150a7f,0,2,0.0,1,1,0.020833333333333332,0,0,497,625.6007266820359,-32.52532447278031,3284.1051617000503,183.63809539839113,False
blocking,S6_combined,rls,3,10,True,detect_adwin_d01,5ae11b091d9e7df23ca542456a14adc75040fae07d022d7f78faec4639a84700,d520cb63df0c6f4d0f262a544d06e088d0150a7f,1,1,0.5,1,0,0.0,1,0,497,622.363556143129,-10.193174244790908,3270.9901782537995,183.63809539839113,False
blocking,S6_combined,rls,3,10,True,detect_adwin_d05,27a19f03595b20ffdf0f756ead43268dd255dc455be381b11730a9b38d447ca9,d520cb63df0c6f4d0f262a544d06e088d0150a7f,0,2,0.0,1,1,0.020833333333333332,0,0,497,625.6007266820359,-32.52532447278031,3284.1051617000503,183.63809539839113,False
blocking,S6_combined,rls,3,10,True,detect_adwin_d25,3858cf5bdf35e4353ed086f34dbad5381acc610798bc6e392be4a44705e5fcf9,d520cb63df0c6f4d0f262a544d06e088d0150a7f,0,2,0.0,2,2,0.041666666666666664,0,0,497,625.6007266820359,-32.52532447278031,3284.1051617000503,183.63809539839113,False
blocking,S6_combined,rls,3,10,True,detect_adwin_d9,aa3cee0268fe68ff0203c39d0ed116280bd8d1983ebc55e9cbfd1d9a711fda32,d520cb63df0c6f4d0f262a544d06e088d0150a7f,0,2,0.0,2,2,0.041666666666666664,0,0,497,625.6007266820359,-32.52532447278031,3284.1051617000503,183.63809539839113,False
blocking,S6_combined,rls,3,10,True,detect_ks,5cc332ea7161cc2fbaa8e642a329e320aa928d3793c2588253ab72c338213dd8,d520cb63df0c6f4d0f262a544d06e088d0150a7f,0,2,0.0,0,0,0.0,0,0,497,625.6007266820359,-32.52532447278031,3284.1051617000503,183.63809539839113,False
blocking,S6_combined,rls,3,10,True,detect_ks_a001,ed0ad13f5a574d68caed89b9b52616e9e404422e94de4bfc9451b483bc9105c3,d520cb63df0c6f4d0f262a544d06e088d0150a7f,0,2,0.0,0,0,0.0,0,0,497,625.6007266820359,-32.52532447278031,3284.1051617000503,183.63809539839113,False
blocking,S6_combined,rls,3,10,True,detect_ks_a01,880d14f469f2f330495f13f909990def916756d0e6b2e6c8d206a89c45bd54ed,d520cb63df0c6f4d0f262a544d06e088d0150a7f,0,2,0.0,1,1,0.020833333333333332,0,0,497,625.6007266820359,-32.52532447278031,3284.1051617000503,183.63809539839113,False
blocking,S6_combined,rls,3,10,True,detect_ks_a1,07dc553a109336280d80a905c3ac17604b4571fa9d1059d1c1082551071e6c84,d520cb63df0c6f4d0f262a544d06e088d0150a7f,0,2,0.0,1,1,0.020833333333333332,0,0,497,625.6007266820359,-32.52532447278031,3284.1051617000503,183.63809539839113,False
blocking,S6_combined,rls,3,10,True,detect_cusum_nb,5089e1b5d25b9901b42c6eb04639484322e2a3f80890298ef3ae6985e1f073a9,d520cb63df0c6f4d0f262a544d06e088d0150a7f,0,2,0.0,4,4,0.08333333333333333,1,0,497,624.10103662583,-11.45941096184464,3272.5261411282054,183.63809539839113,False
blocking,S6_combined,rls,3,10,True,detect_cusum_h6_nb,e962108e830ea46bf9a74f08549be574a4fedc20e7844166f7d8806d43a8d467,d520cb63df0c6f4d0f262a544d06e088d0150a7f,0,2,0.0,8,8,0.16666666666666666,1,0,497,621.8149965276631,-14.303562076897101,3271.0309457431777,183.63809539839113,False
blocking,S6_combined,rls,3,10,True,detect_cusum_h3_nb,e47bea936456fd1c645564100e62c0f794edea588af0b70a85a161b6be6b41fe,d520cb63df0c6f4d0f262a544d06e088d0150a7f,0,2,0.0,8,8,0.16666666666666666,0,0,497,625.6007266820359,-32.52532447278031,3284.1051617000503,183.63809539839113,False
blocking,S6_combined,rls,3,10,True,detect_cusum_h1p5_nb,711c4880e0a6af455eaca5941afff9f6f986a7f809d145ce44fafa7f7f686c0d,d520cb63df0c6f4d0f262a544d06e088d0150a7f,0,2,0.0,8,8,0.16666666666666666,0,0,497,625.6007266820359,-32.52532447278031,3284.1051617000503,183.63809539839113,False
blocking,S6_combined,rls,3,10,True,detect_ph_nb,84dffedbc7a426ed6a5c695db07be2f2d3b5e43c1c80fed9180736cde5ed994d,d520cb63df0c6f4d0f262a544d06e088d0150a7f,0,2,0.0,2,2,0.041666666666666664,0,0,497,625.6007266820359,-32.52532447278031,3284.1051617000503,183.63809539839113,False
blocking,S6_combined,rls,3,10,True,detect_ph_h7p5_nb,9f5b8cd1a62ca3bd4bb61cf50468c9440933dbd25fd4e217947e89999c7dddbc,d520cb63df0c6f4d0f262a544d06e088d0150a7f,0,2,0.0,4,4,0.08333333333333333,0,0,497,625.6007266820359,-32.52532447278031,3284.1051617000503,183.63809539839113,False
blocking,S6_combined,rls,3,10,True,detect_ph_h3p75_nb,45c9536b9ac99ef7712cf461947902ad7190d0549509c5ec06aa5ab9ed63231e,d520cb63df0c6f4d0f262a544d06e088d0150a7f,0,2,0.0,8,8,0.16666666666666666,0,0,497,625.6007266820359,-32.52532447278031,3284.1051617000503,183.63809539839113,False
blocking,S6_combined,rls,3,10,True,detect_ph_h1p875_nb,04538b2b6f38b6d85173d5ba7a188d01202d8c85661fc93932f735702d077254,d520cb63df0c6f4d0f262a544d06e088d0150a7f,0,2,0.0,8,8,0.16666666666666666,0,0,497,625.6007266820359,-32.52532447278031,3284.1051617000503,183.63809539839113,False
blocking,S6_combined,rls,3,10,True,detect_adwin_nb,28fa2dd51669715b9a77a376181a742518f99c16aeab791ac12fbf6306736eb7,d520cb63df0c6f4d0f262a544d06e088d0150a7f,0,2,0.0,2,2,0.041666666666666664,0,0,497,625.6007266820359,-32.52532447278031,3284.1051617000503,183.63809539839113,False
blocking,S6_combined,rls,3,10,True,detect_adwin_d01_nb,7e5645c8446b22e8aa323a21fe61d3c3d3d04eda8319ab08aa3e57a9509f2944,d520cb63df0c6f4d0f262a544d06e088d0150a7f,1,1,0.5,2,1,0.020833333333333332,1,0,497,622.363556143129,-10.193174244790908,3270.9901782537995,183.63809539839113,False
blocking,S6_combined,rls,3,10,True,detect_adwin_d05_nb,ee707f1d2f35eadc717e7c582810116230ebed6f606e0b94ed1bb74805217117,d520cb63df0c6f4d0f262a544d06e088d0150a7f,0,2,0.0,2,2,0.041666666666666664,0,0,497,625.6007266820359,-32.52532447278031,3284.1051617000503,183.63809539839113,False
blocking,S6_combined,rls,3,10,True,detect_adwin_d25_nb,68768119fac31e436eddcd6a60b7490f7af690c43abb7141551ae4fc8b280d42,d520cb63df0c6f4d0f262a544d06e088d0150a7f,0,2,0.0,4,4,0.08333333333333333,0,0,497,625.6007266820359,-32.52532447278031,3284.1051617000503,183.63809539839113,False
blocking,S6_combined,rls,3,10,True,detect_adwin_d9_nb,213bd61c39a477f6652d9c521e99c9c26c1312c4df490ddf428cbd9fd786aa96,d520cb63df0c6f4d0f262a544d06e088d0150a7f,0,2,0.0,4,4,0.08333333333333333,0,0,497,625.6007266820359,-32.52532447278031,3284.1051617000503,183.63809539839113,False
blocking,S6_combined,rls,3,10,True,detect_ks_nb,1a9da829abe8feb4a54bc2b39bf7b8e91684c7405c4b5a1dba891e1b63a2138e,d520cb63df0c6f4d0f262a544d06e088d0150a7f,0,2,0.0,0,0,0.0,0,0,497,625.6007266820359,-32.52532447278031,3284.1051617000503,183.63809539839113,False
blocking,S6_combined,rls,3,10,True,detect_ks_a001_nb,40c9ae6037d09911eac943853ba2a0491a8152c584ad24a28413d77a6e8ca4de,d520cb63df0c6f4d0f262a544d06e088d0150a7f,0,2,0.0,0,0,0.0,0,0,497,625.6007266820359,-32.52532447278031,3284.1051617000503,183.63809539839113,False
blocking,S6_combined,rls,3,10,True,detect_ks_a01_nb,0a8b9ba44fca6058f6bca15c888f8a3b8dda672bd68c7509200d27f07c460127,d520cb63df0c6f4d0f262a544d06e088d0150a7f,0,2,0.0,2,2,0.041666666666666664,0,0,497,625.6007266820359,-32.52532447278031,3284.1051617000503,183.63809539839113,False
blocking,S6_combined,rls,3,10,True,detect_ks_a1_nb,c8a9547f27c01cf2951be67a0808c2b4fdedefa1cbb712459d2c54ef8242378c,d520cb63df0c6f4d0f262a544d06e088d0150a7f,0,2,0.0,2,2,0.041666666666666664,0,0,497,625.6007266820359,-32.52532447278031,3284.1051617000503,183.63809539839113,False
blocking,S6_combined,rls,4,10,True,detect_cusum,02b156c6de838405cccd0b77c34359bed7d5ebd69b06d64d823e5a9933696b0a,d520cb63df0c6f4d0f262a544d06e088d0150a7f,0,2,0.0,2,2,0.041666666666666664,0,0,500,627.8239486007133,-61.86373616349022,3472.504351853033,184.40201617976206,False
blocking,S6_combined,rls,4,10,True,detect_cusum_h6,a4f678249bfb70366f67a789105fbda738544504120ca43f85614e97b483bf8d,d520cb63df0c6f4d0f262a544d06e088d0150a7f,0,2,0.0,3,3,0.0625,1,0,500,626.0275155234416,-32.07621022529334,3477.890871406649,184.40201617976206,False
blocking,S6_combined,rls,4,10,True,detect_cusum_h3,65a20645c162989edc778d5a5e83aa2f3c5a0a6ba0d0605810e1f3e4ebe2af3f,d520cb63df0c6f4d0f262a544d06e088d0150a7f,0,2,0.0,4,4,0.08333333333333333,0,0,500,627.8239486007133,-61.86373616349022,3472.504351853033,184.40201617976206,False
blocking,S6_combined,rls,4,10,True,detect_cusum_h1p5,451a103aa34ef76d9264fc10eb6bc9d7cdaf57567f9fa4470870b544cd6aba58,d520cb63df0c6f4d0f262a544d06e088d0150a7f,0,2,0.0,4,4,0.08333333333333333,0,0,500,627.8239486007133,-61.86373616349022,3472.504351853033,184.40201617976206,False
blocking,S6_combined,rls,4,10,True,detect_ph,b063edce9d506ca7eaf5134aba55816c09afa2cb2ef6ae22f28315349edd8406,d520cb63df0c6f4d0f262a544d06e088d0150a7f,0,2,0.0,2,2,0.041666666666666664,0,0,500,627.8239486007133,-61.86373616349022,3472.504351853033,184.40201617976206,False
blocking,S6_combined,rls,4,10,True,detect_ph_h7p5,017a29a5545c00ce5ac534627e3a6ec2fc8fdcfc0c83a17da09aa46639af32f3,d520cb63df0c6f4d0f262a544d06e088d0150a7f,0,2,0.0,3,3,0.0625,0,0,500,627.8239486007133,-61.86373616349022,3472.504351853033,184.40201617976206,False
blocking,S6_combined,rls,4,10,True,detect_ph_h3p75,71faba01ccbc6361a1317bfd102852cdbfb1d649642484249b4af805ac86c80c,d520cb63df0c6f4d0f262a544d06e088d0150a7f,0,2,0.0,3,3,0.0625,1,0,500,625.8486993284399,-32.75885545030157,3477.307393432342,184.40201617976206,False
blocking,S6_combined,rls,4,10,True,detect_ph_h1p875,500e11e9c824b56809e55489313688d74b4a961af9b0e577a3ae800b2eb553ad,d520cb63df0c6f4d0f262a544d06e088d0150a7f,0,2,0.0,4,4,0.08333333333333333,0,0,500,627.8239486007133,-61.86373616349022,3472.504351853033,184.40201617976206,False
blocking,S6_combined,rls,4,10,True,detect_adwin,c713c6ff067c0eb9d2d9e6f7c6ebafc0d4a8982fffde9b8ee5016969e4063c1a,d520cb63df0c6f4d0f262a544d06e088d0150a7f,0,2,0.0,1,1,0.020833333333333332,0,0,500,627.8239486007133,-61.86373616349022,3472.504351853033,184.40201617976206,False
blocking,S6_combined,rls,4,10,True,detect_adwin_d01,5ae11b091d9e7df23ca542456a14adc75040fae07d022d7f78faec4639a84700,d520cb63df0c6f4d0f262a544d06e088d0150a7f,0,2,0.0,1,1,0.020833333333333332,0,0,500,627.8239486007133,-61.86373616349022,3472.504351853033,184.40201617976206,False
blocking,S6_combined,rls,4,10,True,detect_adwin_d05,27a19f03595b20ffdf0f756ead43268dd255dc455be381b11730a9b38d447ca9,d520cb63df0c6f4d0f262a544d06e088d0150a7f,0,2,0.0,2,2,0.041666666666666664,0,0,500,627.8239486007133,-61.86373616349022,3472.504351853033,184.40201617976206,False
blocking,S6_combined,rls,4,10,True,detect_adwin_d25,3858cf5bdf35e4353ed086f34dbad5381acc610798bc6e392be4a44705e5fcf9,d520cb63df0c6f4d0f262a544d06e088d0150a7f,0,2,0.0,3,3,0.0625,0,0,500,627.8239486007133,-61.86373616349022,3472.504351853033,184.40201617976206,False
blocking,S6_combined,rls,4,10,True,detect_adwin_d9,aa3cee0268fe68ff0203c39d0ed116280bd8d1983ebc55e9cbfd1d9a711fda32,d520cb63df0c6f4d0f262a544d06e088d0150a7f,0,2,0.0,3,3,0.0625,0,0,500,627.8239486007133,-61.86373616349022,3472.504351853033,184.40201617976206,False
blocking,S6_combined,rls,4,10,True,detect_ks,5cc332ea7161cc2fbaa8e642a329e320aa928d3793c2588253ab72c338213dd8,d520cb63df0c6f4d0f262a544d06e088d0150a7f,0,2,0.0,0,0,0.0,0,0,500,627.8239486007133,-61.86373616349022,3472.504351853033,184.40201617976206,False
blocking,S6_combined,rls,4,10,True,detect_ks_a001,ed0ad13f5a574d68caed89b9b52616e9e404422e94de4bfc9451b483bc9105c3,d520cb63df0c6f4d0f262a544d06e088d0150a7f,0,2,0.0,1,1,0.020833333333333332,0,0,500,627.8239486007133,-61.86373616349022,3472.504351853033,184.40201617976206,False
blocking,S6_combined,rls,4,10,True,detect_ks_a01,880d14f469f2f330495f13f909990def916756d0e6b2e6c8d206a89c45bd54ed,d520cb63df0c6f4d0f262a544d06e088d0150a7f,0,2,0.0,1,1,0.020833333333333332,0,0,500,627.8239486007133,-61.86373616349022,3472.504351853033,184.40201617976206,False
blocking,S6_combined,rls,4,10,True,detect_ks_a1,07dc553a109336280d80a905c3ac17604b4571fa9d1059d1c1082551071e6c84,d520cb63df0c6f4d0f262a544d06e088d0150a7f,0,2,0.0,2,2,0.041666666666666664,1,0,500,626.4790677779641,-32.78106171787049,3477.8926647929643,184.40201617976206,False
blocking,S6_combined,rls,4,10,True,detect_cusum_nb,5089e1b5d25b9901b42c6eb04639484322e2a3f80890298ef3ae6985e1f073a9,d520cb63df0c6f4d0f262a544d06e088d0150a7f,0,2,0.0,4,4,0.08333333333333333,0,0,500,627.8239486007133,-61.86373616349022,3472.504351853033,184.40201617976206,False
blocking,S6_combined,rls,4,10,True,detect_cusum_h6_nb,e962108e830ea46bf9a74f08549be574a4fedc20e7844166f7d8806d43a8d467,d520cb63df0c6f4d0f262a544d06e088d0150a7f,0,2,0.0,6,6,0.125,1,0,500,626.0275155234416,-32.07621022529334,3477.890871406649,184.40201617976206,False
blocking,S6_combined,rls,4,10,True,detect_cusum_h3_nb,e47bea936456fd1c645564100e62c0f794edea588af0b70a85a161b6be6b41fe,d520cb63df0c6f4d0f262a544d06e088d0150a7f,0,2,0.0,8,8,0.16666666666666666,0,0,500,627.8239486007133,-61.86373616349022,3472.504351853033,184.40201617976206,False
blocking,S6_combined,rls,4,10,True,detect_cusum_h1p5_nb,711c4880e0a6af455eaca5941afff9f6f986a7f809d145ce44fafa7f7f686c0d,d520cb63df0c6f4d0f262a544d06e088d0150a7f,0,2,0.0,8,8,0.16666666666666666,0,0,500,627.8239486007133,-61.86373616349022,3472.504351853033,184.40201617976206,False
blocking,S6_combined,rls,4,10,True,detect_ph_nb,84dffedbc7a426ed6a5c695db07be2f2d3b5e43c1c80fed9180736cde5ed994d,d520cb63df0c6f4d0f262a544d06e088d0150a7f,0,2,0.0,4,4,0.08333333333333333,0,0,500,627.8239486007133,-61.86373616349022,3472.504351853033,184.40201617976206,False
blocking,S6_combined,rls,4,10,True,detect_ph_h7p5_nb,9f5b8cd1a62ca3bd4bb61cf50468c9440933dbd25fd4e217947e89999c7dddbc,d520cb63df0c6f4d0f262a544d06e088d0150a7f,0,2,0.0,6,6,0.125,0,0,500,627.8239486007133,-61.86373616349022,3472.504351853033,184.40201617976206,False
blocking,S6_combined,rls,4,10,True,detect_ph_h3p75_nb,45c9536b9ac99ef7712cf461947902ad7190d0549509c5ec06aa5ab9ed63231e,d520cb63df0c6f4d0f262a544d06e088d0150a7f,0,2,0.0,6,6,0.125,1,0,500,625.8486993284399,-32.75885545030157,3477.307393432342,184.40201617976206,False
blocking,S6_combined,rls,4,10,True,detect_ph_h1p875_nb,04538b2b6f38b6d85173d5ba7a188d01202d8c85661fc93932f735702d077254,d520cb63df0c6f4d0f262a544d06e088d0150a7f,0,2,0.0,8,8,0.16666666666666666,0,0,500,627.8239486007133,-61.86373616349022,3472.504351853033,184.40201617976206,False
blocking,S6_combined,rls,4,10,True,detect_adwin_nb,28fa2dd51669715b9a77a376181a742518f99c16aeab791ac12fbf6306736eb7,d520cb63df0c6f4d0f262a544d06e088d0150a7f,0,2,0.0,2,2,0.041666666666666664,0,0,500,627.8239486007133,-61.86373616349022,3472.504351853033,184.40201617976206,False
blocking,S6_combined,rls,4,10,True,detect_adwin_d01_nb,7e5645c8446b22e8aa323a21fe61d3c3d3d04eda8319ab08aa3e57a9509f2944,d520cb63df0c6f4d0f262a544d06e088d0150a7f,0,2,0.0,2,2,0.041666666666666664,0,0,500,627.8239486007133,-61.86373616349022,3472.504351853033,184.40201617976206,False
blocking,S6_combined,rls,4,10,True,detect_adwin_d05_nb,ee707f1d2f35eadc717e7c582810116230ebed6f606e0b94ed1bb74805217117,d520cb63df0c6f4d0f262a544d06e088d0150a7f,0,2,0.0,4,4,0.08333333333333333,0,0,500,627.8239486007133,-61.86373616349022,3472.504351853033,184.40201617976206,False
blocking,S6_combined,rls,4,10,True,detect_adwin_d25_nb,68768119fac31e436eddcd6a60b7490f7af690c43abb7141551ae4fc8b280d42,d520cb63df0c6f4d0f262a544d06e088d0150a7f,0,2,0.0,6,6,0.125,0,0,500,627.8239486007133,-61.86373616349022,3472.504351853033,184.40201617976206,False
blocking,S6_combined,rls,4,10,True,detect_adwin_d9_nb,213bd61c39a477f6652d9c521e99c9c26c1312c4df490ddf428cbd9fd786aa96,d520cb63df0c6f4d0f262a544d06e088d0150a7f,0,2,0.0,6,6,0.125,0,0,500,627.8239486007133,-61.86373616349022,3472.504351853033,184.40201617976206,False
blocking,S6_combined,rls,4,10,True,detect_ks_nb,1a9da829abe8feb4a54bc2b39bf7b8e91684c7405c4b5a1dba891e1b63a2138e,d520cb63df0c6f4d0f262a544d06e088d0150a7f,0,2,0.0,0,0,0.0,0,0,500,627.8239486007133,-61.86373616349022,3472.504351853033,184.40201617976206,False
blocking,S6_combined,rls,4,10,True,detect_ks_a001_nb,40c9ae6037d09911eac943853ba2a0491a8152c584ad24a28413d77a6e8ca4de,d520cb63df0c6f4d0f262a544d06e088d0150a7f,0,2,0.0,2,2,0.041666666666666664,0,0,500,627.8239486007133,-61.86373616349022,3472.504351853033,184.40201617976206,False
blocking,S6_combined,rls,4,10,True,detect_ks_a01_nb,0a8b9ba44fca6058f6bca15c888f8a3b8dda672bd68c7509200d27f07c460127,d520cb63df0c6f4d0f262a544d06e088d0150a7f,0,2,0.0,2,2,0.041666666666666664,0,0,500,627.8239486007133,-61.86373616349022,3472.504351853033,184.40201617976206,False
blocking,S6_combined,rls,4,10,True,detect_ks_a1_nb,c8a9547f27c01cf2951be67a0808c2b4fdedefa1cbb712459d2c54ef8242378c,d520cb63df0c6f4d0f262a544d06e088d0150a7f,0,2,0.0,4,4,0.08333333333333333,1,0,500,626.4790677779641,-32.78106171787049,3477.8926647929643,184.40201617976206,False
blocking,S6_combined,rls,5,10,True,detect_cusum,02b156c6de838405cccd0b77c34359bed7d5ebd69b06d64d823e5a9933696b0a,d520cb63df0c6f4d0f262a544d06e088d0150a7f,0,2,0.0,1,1,0.020833333333333332,0,0,490,666.7845738946652,-1.7296915173612526,3520.693877594117,182.69804925264216,False
blocking,S6_combined,rls,5,10,True,detect_cusum_h6,a4f678249bfb70366f67a789105fbda738544504120ca43f85614e97b483bf8d,d520cb63df0c6f4d0f262a544d06e088d0150a7f,0,2,0.0,3,3,0.0625,0,0,490,666.7845738946652,-1.7296915173612526,3520.693877594117,182.69804925264216,False
blocking,S6_combined,rls,5,10,True,detect_cusum_h3,65a20645c162989edc778d5a5e83aa2f3c5a0a6ba0d0605810e1f3e4ebe2af3f,d520cb63df0c6f4d0f262a544d06e088d0150a7f,0,2,0.0,4,4,0.08333333333333333,0,0,490,666.7845738946652,-1.7296915173612526,3520.693877594117,182.69804925264216,False
blocking,S6_combined,rls,5,10,True,detect_cusum_h1p5,451a103aa34ef76d9264fc10eb6bc9d7cdaf57567f9fa4470870b544cd6aba58,d520cb63df0c6f4d0f262a544d06e088d0150a7f,0,2,0.0,4,4,0.08333333333333333,0,0,490,666.7845738946652,-1.7296915173612526,3520.693877594117,182.69804925264216,False
blocking,S6_combined,rls,5,10,True,detect_ph,b063edce9d506ca7eaf5134aba55816c09afa2cb2ef6ae22f28315349edd8406,d520cb63df0c6f4d0f262a544d06e088d0150a7f,0,2,0.0,0,0,0.0,0,0,490,666.7845738946652,-1.7296915173612526,3520.693877594117,182.69804925264216,False
blocking,S6_combined,rls,5,10,True,detect_ph_h7p5,017a29a5545c00ce5ac534627e3a6ec2fc8fdcfc0c83a17da09aa46639af32f3,d520cb63df0c6f4d0f262a544d06e088d0150a7f,0,2,0.0,2,2,0.041666666666666664,0,0,490,666.7845738946652,-1.7296915173612526,3520.693877594117,182.69804925264216,False
blocking,S6_combined,rls,5,10,True,detect_ph_h3p75,71faba01ccbc6361a1317bfd102852cdbfb1d649642484249b4af805ac86c80c,d520cb63df0c6f4d0f262a544d06e088d0150a7f,0,2,0.0,4,4,0.08333333333333333,0,0,490,666.7845738946652,-1.7296915173612526,3520.693877594117,182.69804925264216,False
blocking,S6_combined,rls,5,10,True,detect_ph_h1p875,500e11e9c824b56809e55489313688d74b4a961af9b0e577a3ae800b2eb553ad,d520cb63df0c6f4d0f262a544d06e088d0150a7f,0,2,0.0,4,4,0.08333333333333333,0,0,490,666.7845738946652,-1.7296915173612526,3520.693877594117,182.69804925264216,False
blocking,S6_combined,rls,5,10,True,detect_adwin,c713c6ff067c0eb9d2d9e6f7c6ebafc0d4a8982fffde9b8ee5016969e4063c1a,d520cb63df0c6f4d0f262a544d06e088d0150a7f,0,2,0.0,1,1,0.020833333333333332,0,0,490,666.7845738946652,-1.7296915173612526,3520.693877594117,182.69804925264216,False
blocking,S6_combined,rls,5,10,True,detect_adwin_d01,5ae11b091d9e7df23ca542456a14adc75040fae07d022d7f78faec4639a84700,d520cb63df0c6f4d0f262a544d06e088d0150a7f,0,2,0.0,1,1,0.020833333333333332,0,0,490,666.7845738946652,-1.7296915173612526,3520.693877594117,182.69804925264216,False
blocking,S6_combined,rls,5,10,True,detect_adwin_d05,27a19f03595b20ffdf0f756ead43268dd255dc455be381b11730a9b38d447ca9,d520cb63df0c6f4d0f262a544d06e088d0150a7f,0,2,0.0,2,2,0.041666666666666664,0,0,490,666.7845738946652,-1.7296915173612526,3520.693877594117,182.69804925264216,False
blocking,S6_combined,rls,5,10,True,detect_adwin_d25,3858cf5bdf35e4353ed086f34dbad5381acc610798bc6e392be4a44705e5fcf9,d520cb63df0c6f4d0f262a544d06e088d0150a7f,0,2,0.0,2,2,0.041666666666666664,0,0,490,666.7845738946652,-1.7296915173612526,3520.693877594117,182.69804925264216,False
blocking,S6_combined,rls,5,10,True,detect_adwin_d9,aa3cee0268fe68ff0203c39d0ed116280bd8d1983ebc55e9cbfd1d9a711fda32,d520cb63df0c6f4d0f262a544d06e088d0150a7f,0,2,0.0,2,2,0.041666666666666664,0,0,490,666.7845738946652,-1.7296915173612526,3520.693877594117,182.69804925264216,False
blocking,S6_combined,rls,5,10,True,detect_ks,5cc332ea7161cc2fbaa8e642a329e320aa928d3793c2588253ab72c338213dd8,d520cb63df0c6f4d0f262a544d06e088d0150a7f,0,2,0.0,0,0,0.0,0,0,490,666.7845738946652,-1.7296915173612526,3520.693877594117,182.69804925264216,False
blocking,S6_combined,rls,5,10,True,detect_ks_a001,ed0ad13f5a574d68caed89b9b52616e9e404422e94de4bfc9451b483bc9105c3,d520cb63df0c6f4d0f262a544d06e088d0150a7f,0,2,0.0,0,0,0.0,0,0,490,666.7845738946652,-1.7296915173612526,3520.693877594117,182.69804925264216,False
blocking,S6_combined,rls,5,10,True,detect_ks_a01,880d14f469f2f330495f13f909990def916756d0e6b2e6c8d206a89c45bd54ed,d520cb63df0c6f4d0f262a544d06e088d0150a7f,0,2,0.0,0,0,0.0,0,0,490,666.7845738946652,-1.7296915173612526,3520.693877594117,182.69804925264216,False
blocking,S6_combined,rls,5,10,True,detect_ks_a1,07dc553a109336280d80a905c3ac17604b4571fa9d1059d1c1082551071e6c84,d520cb63df0c6f4d0f262a544d06e088d0150a7f,0,2,0.0,0,0,0.0,0,0,490,666.7845738946652,-1.7296915173612526,3520.693877594117,182.69804925264216,False
blocking,S6_combined,rls,5,10,True,detect_cusum_nb,5089e1b5d25b9901b42c6eb04639484322e2a3f80890298ef3ae6985e1f073a9,d520cb63df0c6f4d0f262a544d06e088d0150a7f,0,2,0.0,2,2,0.041666666666666664,0,0,490,666.7845738946652,-1.7296915173612526,3520.693877594117,182.69804925264216,False
blocking,S6_combined,rls,5,10,True,detect_cusum_h6_nb,e962108e830ea46bf9a74f08549be574a4fedc20e7844166f7d8806d43a8d467,d520cb63df0c6f4d0f262a544d06e088d0150a7f,0,2,0.0,6,6,0.125,0,0,490,666.7845738946652,-1.7296915173612526,3520.693877594117,182.69804925264216,False
blocking,S6_combined,rls,5,10,True,detect_cusum_h3_nb,e47bea936456fd1c645564100e62c0f794edea588af0b70a85a161b6be6b41fe,d520cb63df0c6f4d0f262a544d06e088d0150a7f,0,2,0.0,8,8,0.16666666666666666,0,0,490,666.7845738946652,-1.7296915173612526,3520.693877594117,182.69804925264216,False
blocking,S6_combined,rls,5,10,True,detect_cusum_h1p5_nb,711c4880e0a6af455eaca5941afff9f6f986a7f809d145ce44fafa7f7f686c0d,d520cb63df0c6f4d0f262a544d06e088d0150a7f,0,2,0.0,8,8,0.16666666666666666,0,0,490,666.7845738946652,-1.7296915173612526,3520.693877594117,182.69804925264216,False
blocking,S6_combined,rls,5,10,True,detect_ph_nb,84dffedbc7a426ed6a5c695db07be2f2d3b5e43c1c80fed9180736cde5ed994d,d520cb63df0c6f4d0f262a544d06e088d0150a7f,0,2,0.0,0,0,0.0,0,0,490,666.7845738946652,-1.7296915173612526,3520.693877594117,182.69804925264216,False
blocking,S6_combined,rls,5,10,True,detect_ph_h7p5_nb,9f5b8cd1a62ca3bd4bb61cf50468c9440933dbd25fd4e217947e89999c7dddbc,d520cb63df0c6f4d0f262a544d06e088d0150a7f,0,2,0.0,4,4,0.08333333333333333,0,0,490,666.7845738946652,-1.7296915173612526,3520.693877594117,182.69804925264216,False
blocking,S6_combined,rls,5,10,True,detect_ph_h3p75_nb,45c9536b9ac99ef7712cf461947902ad7190d0549509c5ec06aa5ab9ed63231e,d520cb63df0c6f4d0f262a544d06e088d0150a7f,0,2,0.0,8,8,0.16666666666666666,0,0,490,666.7845738946652,-1.7296915173612526,3520.693877594117,182.69804925264216,False
blocking,S6_combined,rls,5,10,True,detect_ph_h1p875_nb,04538b2b6f38b6d85173d5ba7a188d01202d8c85661fc93932f735702d077254,d520cb63df0c6f4d0f262a544d06e088d0150a7f,0,2,0.0,8,8,0.16666666666666666,0,0,490,666.7845738946652,-1.7296915173612526,3520.693877594117,182.69804925264216,False
blocking,S6_combined,rls,5,10,True,detect_adwin_nb,28fa2dd51669715b9a77a376181a742518f99c16aeab791ac12fbf6306736eb7,d520cb63df0c6f4d0f262a544d06e088d0150a7f,0,2,0.0,2,2,0.041666666666666664,0,0,490,666.7845738946652,-1.7296915173612526,3520.693877594117,182.69804925264216,False
blocking,S6_combined,rls,5,10,True,detect_adwin_d01_nb,7e5645c8446b22e8aa323a21fe61d3c3d3d04eda8319ab08aa3e57a9509f2944,d520cb63df0c6f4d0f262a544d06e088d0150a7f,0,2,0.0,2,2,0.041666666666666664,0,0,490,666.7845738946652,-1.7296915173612526,3520.693877594117,182.69804925264216,False
blocking,S6_combined,rls,5,10,True,detect_adwin_d05_nb,ee707f1d2f35eadc717e7c582810116230ebed6f606e0b94ed1bb74805217117,d520cb63df0c6f4d0f262a544d06e088d0150a7f,0,2,0.0,4,4,0.08333333333333333,0,0,490,666.7845738946652,-1.7296915173612526,3520.693877594117,182.69804925264216,False
blocking,S6_combined,rls,5,10,True,detect_adwin_d25_nb,68768119fac31e436eddcd6a60b7490f7af690c43abb7141551ae4fc8b280d42,d520cb63df0c6f4d0f262a544d06e088d0150a7f,0,2,0.0,4,4,0.08333333333333333,0,0,490,666.7845738946652,-1.7296915173612526,3520.693877594117,182.69804925264216,False
blocking,S6_combined,rls,5,10,True,detect_adwin_d9_nb,213bd61c39a477f6652d9c521e99c9c26c1312c4df490ddf428cbd9fd786aa96,d520cb63df0c6f4d0f262a544d06e088d0150a7f,0,2,0.0,4,4,0.08333333333333333,0,0,490,666.7845738946652,-1.7296915173612526,3520.693877594117,182.69804925264216,False
blocking,S6_combined,rls,5,10,True,detect_ks_nb,1a9da829abe8feb4a54bc2b39bf7b8e91684c7405c4b5a1dba891e1b63a2138e,d520cb63df0c6f4d0f262a544d06e088d0150a7f,0,2,0.0,0,0,0.0,0,0,490,666.7845738946652,-1.7296915173612526,3520.693877594117,182.69804925264216,False
blocking,S6_combined,rls,5,10,True,detect_ks_a001_nb,40c9ae6037d09911eac943853ba2a0491a8152c584ad24a28413d77a6e8ca4de,d520cb63df0c6f4d0f262a544d06e088d0150a7f,0,2,0.0,0,0,0.0,0,0,490,666.7845738946652,-1.7296915173612526,3520.693877594117,182.69804925264216,False
blocking,S6_combined,rls,5,10,True,detect_ks_a01_nb,0a8b9ba44fca6058f6bca15c888f8a3b8dda672bd68c7509200d27f07c460127,d520cb63df0c6f4d0f262a544d06e088d0150a7f,0,2,0.0,0,0,0.0,0,0,490,666.7845738946652,-1.7296915173612526,3520.693877594117,182.69804925264216,False
blocking,S6_combined,rls,5,10,True,detect_ks_a1_nb,c8a9547f27c01cf2951be67a0808c2b4fdedefa1cbb712459d2c54ef8242378c,d520cb63df0c6f4d0f262a544d06e088d0150a7f,0,2,0.0,0,0,0.0,0,0,490,666.7845738946652,-1.7296915173612526,3520.693877594117,182.69804925264216,False
blocking,S6_combined,rls,6,10,True,detect_cusum,02b156c6de838405cccd0b77c34359bed7d5ebd69b06d64d823e5a9933696b0a,d520cb63df0c6f4d0f262a544d06e088d0150a7f,0,2,0.0,3,3,0.0625,1,0,492,603.1254157828565,-26.041741904879977,3224.1262303781496,191.59808203021186,False
blocking,S6_combined,rls,6,10,True,detect_cusum_h6,a4f678249bfb70366f67a789105fbda738544504120ca43f85614e97b483bf8d,d520cb63df0c6f4d0f262a544d06e088d0150a7f,0,2,0.0,3,3,0.0625,1,0,492,602.3263700871108,-21.18405299205478,3226.7810958867567,191.59808203021186,False
blocking,S6_combined,rls,6,10,True,detect_cusum_h3,65a20645c162989edc778d5a5e83aa2f3c5a0a6ba0d0605810e1f3e4ebe2af3f,d520cb63df0c6f4d0f262a544d06e088d0150a7f,0,2,0.0,4,4,0.08333333333333333,1,0,492,600.4290036666712,-42.00725712083171,3197.6073572725327,191.59808203021186,False
blocking,S6_combined,rls,6,10,True,detect_cusum_h1p5,451a103aa34ef76d9264fc10eb6bc9d7cdaf57567f9fa4470870b544cd6aba58,d520cb63df0c6f4d0f262a544d06e088d0150a7f,0,2,0.0,4,4,0.08333333333333333,1,0,492,600.4290036666712,-42.00725712083171,3197.6073572725327,191.59808203021186,False
blocking,S6_combined,rls,6,10,True,detect_ph,b063edce9d506ca7eaf5134aba55816c09afa2cb2ef6ae22f28315349edd8406,d520cb63df0c6f4d0f262a544d06e088d0150a7f,0,2,0.0,2,2,0.041666666666666664,1,0,492,603.1254157828565,-26.041741904879977,3224.1262303781496,191.59808203021186,False
blocking,S6_combined,rls,6,10,True,detect_ph_h7p5,017a29a5545c00ce5ac534627e3a6ec2fc8fdcfc0c83a17da09aa46639af32f3,d520cb63df0c6f4d0f262a544d06e088d0150a7f,0,2,0.0,3,3,0.0625,1,0,492,602.3263700871108,-21.18405299205478,3226.7810958867567,191.59808203021186,False
blocking,S6_combined,rls,6,10,True,detect_ph_h3p75,71faba01ccbc6361a1317bfd102852cdbfb1d649642484249b4af805ac86c80c,d520cb63df0c6f4d0f262a544d06e088d0150a7f,0,2,0.0,4,4,0.08333333333333333,0,0,492,602.6424380442913,-43.87508814194478,3227.477909617646,191.59808203021186,False
blocking,S6_combined,rls,6,10,True,detect_ph_h1p875,500e11e9c824b56809e55489313688d74b4a961af9b0e577a3ae800b2eb553ad,d520cb63df0c6f4d0f262a544d06e088d0150a7f,0,2,0.0,4,4,0.08333333333333333,0,0,492,602.6424380442913,-43.87508814194478,3227.477909617646,191.59808203021186,False
blocking,S6_combined,rls,6,10,True,detect_adwin,c713c6ff067c0eb9d2d9e6f7c6ebafc0d4a8982fffde9b8ee5016969e4063c1a,d520cb63df0c6f4d0f262a544d06e088d0150a7f,0,2,0.0,1,1,0.020833333333333332,1,0,492,602.9594247517073,-25.82563203358848,3222.442427161207,191.59808203021186,False
blocking,S6_combined,rls,6,10,True,detect_adwin_d01,5ae11b091d9e7df23ca542456a14adc75040fae07d022d7f78faec4639a84700,d520cb63df0c6f4d0f262a544d06e088d0150a7f,0,2,0.0,1,1,0.020833333333333332,1,0,492,603.1254157828565,-26.041741904879977,3224.1262303781496,191.59808203021186,False
blocking,S6_combined,rls,6,10,True,detect_adwin_d05,27a19f03595b20ffdf0f756ead43268dd255dc455be381b11730a9b38d447ca9,d520cb63df0c6f4d0f262a544d06e088d0150a7f,0,2,0.0,2,2,0.041666666666666664,1,0,492,603.1254157828565,-26.041741904879977,3224.1262303781496,191.59808203021186,False
blocking,S6_combined,rls,6,10,True,detect_adwin_d25,3858cf5bdf35e4353ed086f34dbad5381acc610798bc6e392be4a44705e5fcf9,d520cb63df0c6f4d0f262a544d06e088d0150a7f,0,2,0.0,2,2,0.041666666666666664,1,0,492,603.2475397451766,-23.002384592324052,3227.79132747204,191.59808203021186,False
blocking,S6_combined,rls,6,10,True,detect_adwin_d9,aa3cee0268fe68ff0203c39d0ed116280bd8d1983ebc55e9cbfd1d9a711fda32,d520cb63df0c6f4d0f262a544d06e088d0150a7f,0,2,0.0,3,3,0.0625,0,0,492,602.6424380442913,-43.87508814194478,3227.477909617646,191.59808203021186,False
blocking,S6_combined,rls,6,10,True,detect_ks,5cc332ea7161cc2fbaa8e642a329e320aa928d3793c2588253ab72c338213dd8,d520cb63df0c6f4d0f262a544d06e088d0150a7f,0,2,0.0,1,1,0.020833333333333332,0,0,492,602.6424380442913,-43.87508814194478,3227.477909617646,191.59808203021186,False
blocking,S6_combined,rls,6,10,True,detect_ks_a001,ed0ad13f5a574d68caed89b9b52616e9e404422e94de4bfc9451b483bc9105c3,d520cb63df0c6f4d0f262a544d06e088d0150a7f,0,2,0.0,1,1,0.020833333333333332,1,0,492,602.5488818071559,-29.15991576679124,3218.131526620633,191.59808203021186,False
blocking,S6_combined,rls,6,10,True,detect_ks_a01,880d14f469f2f330495f13f909990def916756d0e6b2e6c8d206a89c45bd54ed,d520cb63df0c6f4d0f262a544d06e088d0150a7f,0,2,0.0,2,2,0.041666666666666664,0,0,492,602.6424380442913,-43.87508814194478,3227.477909617646,191.59808203021186,False
blocking,S6_combined,rls,6,10,True,detect_ks_a1,07dc553a109336280d80a905c3ac17604b4571fa9d1059d1c1082551071e6c84,d520cb63df0c6f4d0f262a544d06e088d0150a7f,0,2,0.0,3,3,0.0625,0,0,492,602.6424380442913,-43.87508814194478,3227.477909617646,191.59808203021186,False
blocking,S6_combined,rls,6,10,True,detect_cusum_nb,5089e1b5d25b9901b42c6eb04639484322e2a3f80890298ef3ae6985e1f073a9,d520cb63df0c6f4d0f262a544d06e088d0150a7f,0,2,0.0,6,6,0.125,1,0,492,603.1254157828565,-26.041741904879977,3224.1262303781496,191.59808203021186,False
blocking,S6_combined,rls,6,10,True,detect_cusum_h6_nb,e962108e830ea46bf9a74f08549be574a4fedc20e7844166f7d8806d43a8d467,d520cb63df0c6f4d0f262a544d06e088d0150a7f,0,2,0.0,6,6,0.125,1,0,492,602.3263700871108,-21.18405299205478,3226.7810958867567,191.59808203021186,False
blocking,S6_combined,rls,6,10,True,detect_cusum_h3_nb,e47bea936456fd1c645564100e62c0f794edea588af0b70a85a161b6be6b41fe,d520cb63df0c6f4d0f262a544d06e088d0150a7f,0,2,0.0,8,8,0.16666666666666666,1,0,492,600.4290036666712,-42.00725712083171,3197.6073572725327,191.59808203021186,False
blocking,S6_combined,rls,6,10,True,detect_cusum_h1p5_nb,711c4880e0a6af455eaca5941afff9f6f986a7f809d145ce44fafa7f7f686c0d,d520cb63df0c6f4d0f262a544d06e088d0150a7f,0,2,0.0,8,8,0.16666666666666666,1,0,492,600.4290036666712,-42.00725712083171,3197.6073572725327,191.59808203021186,False
blocking,S6_combined,rls,6,10,True,detect_ph_nb,84dffedbc7a426ed6a5c695db07be2f2d3b5e43c1c80fed9180736cde5ed994d,d520cb63df0c6f4d0f262a544d06e088d0150a7f,0,2,0.0,4,4,0.08333333333333333,1,0,492,603.1254157828565,-26.041741904879977,3224.1262303781496,191.59808203021186,False
blocking,S6_combined,rls,6,10,True,detect_ph_h7p5_nb,9f5b8cd1a62ca3bd4bb61cf50468c9440933dbd25fd4e217947e89999c7dddbc,d520cb63df0c6f4d0f262a544d06e088d0150a7f,0,2,0.0,6,6,0.125,1,0,492,602.3263700871108,-21.18405299205478,3226.7810958867567,191.59808203021186,False
blocking,S6_combined,rls,6,10,True,detect_ph_h3p75_nb,45c9536b9ac99ef7712cf461947902ad7190d0549509c5ec06aa5ab9ed63231e,d520cb63df0c6f4d0f262a544d06e088d0150a7f,0,2,0.0,8,8,0.16666666666666666,0,0,492,602.6424380442913,-43.87508814194478,3227.477909617646,191.59808203021186,False
blocking,S6_combined,rls,6,10,True,detect_ph_h1p875_nb,04538b2b6f38b6d85173d5ba7a188d01202d8c85661fc93932f735702d077254,d520cb63df0c6f4d0f262a544d06e088d0150a7f,0,2,0.0,8,8,0.16666666666666666,0,0,492,602.6424380442913,-43.87508814194478,3227.477909617646,191.59808203021186,False
blocking,S6_combined,rls,6,10,True,detect_adwin_nb,28fa2dd51669715b9a77a376181a742518f99c16aeab791ac12fbf6306736eb7,d520cb63df0c6f4d0f262a544d06e088d0150a7f,0,2,0.0,2,2,0.041666666666666664,1,0,492,602.9594247517073,-25.82563203358848,3222.442427161207,191.59808203021186,False
blocking,S6_combined,rls,6,10,True,detect_adwin_d01_nb,7e5645c8446b22e8aa323a21fe61d3c3d3d04eda8319ab08aa3e57a9509f2944,d520cb63df0c6f4d0f262a544d06e088d0150a7f,0,2,0.0,2,2,0.041666666666666664,1,0,492,603.1254157828565,-26.041741904879977,3224.1262303781496,191.59808203021186,False
blocking,S6_combined,rls,6,10,True,detect_adwin_d05_nb,ee707f1d2f35eadc717e7c582810116230ebed6f606e0b94ed1bb74805217117,d520cb63df0c6f4d0f262a544d06e088d0150a7f,0,2,0.0,4,4,0.08333333333333333,1,0,492,603.1254157828565,-26.041741904879977,3224.1262303781496,191.59808203021186,False
blocking,S6_combined,rls,6,10,True,detect_adwin_d25_nb,68768119fac31e436eddcd6a60b7490f7af690c43abb7141551ae4fc8b280d42,d520cb63df0c6f4d0f262a544d06e088d0150a7f,0,2,0.0,4,4,0.08333333333333333,1,0,492,603.2475397451766,-23.002384592324052,3227.79132747204,191.59808203021186,False
blocking,S6_combined,rls,6,10,True,detect_adwin_d9_nb,213bd61c39a477f6652d9c521e99c9c26c1312c4df490ddf428cbd9fd786aa96,d520cb63df0c6f4d0f262a544d06e088d0150a7f,0,2,0.0,6,6,0.125,0,0,492,602.6424380442913,-43.87508814194478,3227.477909617646,191.59808203021186,False
blocking,S6_combined,rls,6,10,True,detect_ks_nb,1a9da829abe8feb4a54bc2b39bf7b8e91684c7405c4b5a1dba891e1b63a2138e,d520cb63df0c6f4d0f262a544d06e088d0150a7f,0,2,0.0,2,2,0.041666666666666664,0,0,492,602.6424380442913,-43.87508814194478,3227.477909617646,191.59808203021186,False
blocking,S6_combined,rls,6,10,True,detect_ks_a001_nb,40c9ae6037d09911eac943853ba2a0491a8152c584ad24a28413d77a6e8ca4de,d520cb63df0c6f4d0f262a544d06e088d0150a7f,0,2,0.0,2,2,0.041666666666666664,1,0,492,602.5488818071559,-29.15991576679124,3218.131526620633,191.59808203021186,False
blocking,S6_combined,rls,6,10,True,detect_ks_a01_nb,0a8b9ba44fca6058f6bca15c888f8a3b8dda672bd68c7509200d27f07c460127,d520cb63df0c6f4d0f262a544d06e088d0150a7f,0,2,0.0,4,4,0.08333333333333333,0,0,492,602.6424380442913,-43.87508814194478,3227.477909617646,191.59808203021186,False
blocking,S6_combined,rls,6,10,True,detect_ks_a1_nb,c8a9547f27c01cf2951be67a0808c2b4fdedefa1cbb712459d2c54ef8242378c,d520cb63df0c6f4d0f262a544d06e088d0150a7f,0,2,0.0,6,6,0.125,0,0,492,602.6424380442913,-43.87508814194478,3227.477909617646,191.59808203021186,False
blocking,S6_combined,rls,7,10,True,detect_cusum,02b156c6de838405cccd0b77c34359bed7d5ebd69b06d64d823e5a9933696b0a,d520cb63df0c6f4d0f262a544d06e088d0150a7f,0,2,0.0,1,1,0.020833333333333332,1,0,478,627.4184419179786,-27.58282700748353,3555.8429209673914,192.97106772959546,False
blocking,S6_combined,rls,7,10,True,detect_cusum_h6,a4f678249bfb70366f67a789105fbda738544504120ca43f85614e97b483bf8d,d520cb63df0c6f4d0f262a544d06e088d0150a7f,0,2,0.0,3,3,0.0625,1,0,478,626.9736197147936,-19.330898942162115,3557.5692007601306,192.97106772959546,False
blocking,S6_combined,rls,7,10,True,detect_cusum_h3,65a20645c162989edc778d5a5e83aa2f3c5a0a6ba0d0605810e1f3e4ebe2af3f,d520cb63df0c6f4d0f262a544d06e088d0150a7f,0,2,0.0,4,4,0.08333333333333333,0,0,478,629.0125041442952,-51.47261336287612,3549.21109509105,192.97106772959546,False
blocking,S6_combined,rls,7,10,True,detect_cusum_h1p5,451a103aa34ef76d9264fc10eb6bc9d7cdaf57567f9fa4470870b544cd6aba58,d520cb63df0c6f4d0f262a544d06e088d0150a7f,0,2,0.0,4,4,0.08333333333333333,0,0,478,629.0125041442952,-51.47261336287612,3549.21109509105,192.97106772959546,False
blocking,S6_combined,rls,7,10,True,detect_ph,b063edce9d506ca7eaf5134aba55816c09afa2cb2ef6ae22f28315349edd8406,d520cb63df0c6f4d0f262a544d06e088d0150a7f,0,2,0.0,1,1,0.020833333333333332,1,0,478,628.0901213169847,-29.49328306076266,3556.374624088571,192.97106772959546,False
blocking,S6_combined,rls,7,10,True,detect_ph_h7p5,017a29a5545c00ce5ac534627e3a6ec2fc8fdcfc0c83a17da09aa46639af32f3,d520cb63df0c6f4d0f262a544d06e088d0150a7f,0,2,0.0,3,3,0.0625,1,0,478,626.9736197147936,-19.330898942162115,3557.5692007601306,192.97106772959546,False
blocking,S6_combined,rls,7,10,True,detect_ph_h3p75,71faba01ccbc6361a1317bfd102852cdbfb1d649642484249b4af805ac86c80c,d520cb63df0c6f4d0f262a544d06e088d0150a7f,0,2,0.0,3,3,0.0625,0,0,478,629.0125041442952,-51.47261336287612,3549.21109509105,192.97106772959546,False
blocking,S6_combined,rls,7,10,True,detect_ph_h1p875,500e11e9c824b56809e55489313688d74b4a961af9b0e577a3ae800b2eb553ad,d520cb63df0c6f4d0f262a544d06e088d0150a7f,0,2,0.0,4,4,0.08333333333333333,0,0,478,629.0125041442952,-51.47261336287612,3549.21109509105,192.97106772959546,False
blocking,S6_combined,rls,7,10,True,detect_adwin,c713c6ff067c0eb9d2d9e6f7c6ebafc0d4a8982fffde9b8ee5016969e4063c1a,d520cb63df0c6f4d0f262a544d06e088d0150a7f,0,2,0.0,1,1,0.020833333333333332,1,0,478,627.6480571720195,-27.504865717992026,3556.3941116484516,192.97106772959546,False
blocking,S6_combined,rls,7,10,True,detect_adwin_d01,5ae11b091d9e7df23ca542456a14adc75040fae07d022d7f78faec4639a84700,d520cb63df0c6f4d0f262a544d06e088d0150a7f,0,2,0.0,1,1,0.020833333333333332,1,0,478,627.4184419179786,-27.58282700748353,3555.8429209673914,192.97106772959546,False
blocking,S6_combined,rls,7,10,True,detect_adwin_d05,27a19f03595b20ffdf0f756ead43268dd255dc455be381b11730a9b38d447ca9,d520cb63df0c6f4d0f262a544d06e088d0150a7f,0,2,0.0,1,1,0.020833333333333332,1,0,478,627.4184419179786,-27.58282700748353,3555.8429209673914,192.97106772959546,False
blocking,S6_combined,rls,7,10,True,detect_adwin_d25,3858cf5bdf35e4353ed086f34dbad5381acc610798bc6e392be4a44705e5fcf9,d520cb63df0c6f4d0f262a544d06e088d0150a7f,0,2,0.0,1,1,0.020833333333333332,1,0,478,627.1127153161706,-23.701179098379896,3557.3944987648965,192.97106772959546,False
blocking,S6_combined,rls,7,10,True,detect_adwin_d9,aa3cee0268fe68ff0203c39d0ed116280bd8d1983ebc55e9cbfd1d9a711fda32,d520cb63df0c6f4d0f262a544d06e088d0150a7f,0,2,0.0,1,1,0.020833333333333332,1,0,478,627.1127153161706,-23.701179098379896,3557.3944987648965,192.97106772959546,False
blocking,S6_combined,rls,7,10,True,detect_ks,5cc332ea7161cc2fbaa8e642a329e320aa928d3793c2588253ab72c338213dd8,d520cb63df0c6f4d0f262a544d06e088d0150a7f,0,2,0.0,0,0,0.0,0,0,478,629.0125041442952,-51.47261336287612,3549.21109509105,192.97106772959546,False
blocking,S6_combined,rls,7,10,True,detect_ks_a001,ed0ad13f5a574d68caed89b9b52616e9e404422e94de4bfc9451b483bc9105c3,d520cb63df0c6f4d0f262a544d06e088d0150a7f,0,2,0.0,0,0,0.0,0,0,478,629.0125041442952,-51.47261336287612,3549.21109509105,192.97106772959546,False
blocking,S6_combined,rls,7,10,True,detect_ks_a01,880d14f469f2f330495f13f909990def916756d0e6b2e6c8d206a89c45bd54ed,d520cb63df0c6f4d0f262a544d06e088d0150a7f,0,2,0.0,1,1,0.020833333333333332,0,0,478,629.0125041442952,-51.47261336287612,3549.21109509105,192.97106772959546,False
blocking,S6_combined,rls,7,10,True,detect_ks_a1,07dc553a109336280d80a905c3ac17604b4571fa9d1059d1c1082551071e6c84,d520cb63df0c6f4d0f262a544d06e088d0150a7f,0,2,0.0,1,1,0.020833333333333332,0,0,478,629.0125041442952,-51.47261336287612,3549.21109509105,192.97106772959546,False
blocking,S6_combined,rls,7,10,True,detect_cusum_nb,5089e1b5d25b9901b42c6eb04639484322e2a3f80890298ef3ae6985e1f073a9,d520cb63df0c6f4d0f262a544d06e088d0150a7f,0,2,0.0,2,2,0.041666666666666664,1,0,478,627.4184419179786,-27.58282700748353,3555.8429209673914,192.97106772959546,False
blocking,S6_combined,rls,7,10,True,detect_cusum_h6_nb,e962108e830ea46bf9a74f08549be574a4fedc20e7844166f7d8806d43a8d467,d520cb63df0c6f4d0f262a544d06e088d0150a7f,0,2,0.0,6,6,0.125,1,0,478,626.9736197147936,-19.330898942162115,3557.5692007601306,192.97106772959546,False
blocking,S6_combined,rls,7,10,True,detect_cusum_h3_nb,e47bea936456fd1c645564100e62c0f794edea588af0b70a85a161b6be6b41fe,d520cb63df0c6f4d0f262a544d06e088d0150a7f,0,2,0.0,8,8,0.16666666666666666,0,0,478,629.0125041442952,-51.47261336287612,3549.21109509105,192.97106772959546,False
blocking,S6_combined,rls,7,10,True,detect_cusum_h1p5_nb,711c4880e0a6af455eaca5941afff9f6f986a7f809d145ce44fafa7f7f686c0d,d520cb63df0c6f4d0f262a544d06e088d0150a7f,0,2,0.0,8,8,0.16666666666666666,0,0,478,629.0125041442952,-51.47261336287612,3549.21109509105,192.97106772959546,False
blocking,S6_combined,rls,7,10,True,detect_ph_nb,84dffedbc7a426ed6a5c695db07be2f2d3b5e43c1c80fed9180736cde5ed994d,d520cb63df0c6f4d0f262a544d06e088d0150a7f,0,2,0.0,2,2,0.041666666666666664,1,0,478,628.0901213169847,-29.49328306076266,3556.374624088571,192.97106772959546,False
blocking,S6_combined,rls,7,10,True,detect_ph_h7p5_nb,9f5b8cd1a62ca3bd4bb61cf50468c9440933dbd25fd4e217947e89999c7dddbc,d520cb63df0c6f4d0f262a544d06e088d0150a7f,0,2,0.0,6,6,0.125,1,0,478,626.9736197147936,-19.330898942162115,3557.5692007601306,192.97106772959546,False
blocking,S6_combined,rls,7,10,True,detect_ph_h3p75_nb,45c9536b9ac99ef7712cf461947902ad7190d0549509c5ec06aa5ab9ed63231e,d520cb63df0c6f4d0f262a544d06e088d0150a7f,0,2,0.0,6,6,0.125,0,0,478,629.0125041442952,-51.47261336287612,3549.21109509105,192.97106772959546,False
blocking,S6_combined,rls,7,10,True,detect_ph_h1p875_nb,04538b2b6f38b6d85173d5ba7a188d01202d8c85661fc93932f735702d077254,d520cb63df0c6f4d0f262a544d06e088d0150a7f,0,2,0.0,8,8,0.16666666666666666,0,0,478,629.0125041442952,-51.47261336287612,3549.21109509105,192.97106772959546,False
blocking,S6_combined,rls,7,10,True,detect_adwin_nb,28fa2dd51669715b9a77a376181a742518f99c16aeab791ac12fbf6306736eb7,d520cb63df0c6f4d0f262a544d06e088d0150a7f,0,2,0.0,2,2,0.041666666666666664,1,0,478,627.6480571720195,-27.504865717992026,3556.3941116484516,192.97106772959546,False
blocking,S6_combined,rls,7,10,True,detect_adwin_d01_nb,7e5645c8446b22e8aa323a21fe61d3c3d3d04eda8319ab08aa3e57a9509f2944,d520cb63df0c6f4d0f262a544d06e088d0150a7f,0,2,0.0,2,2,0.041666666666666664,1,0,478,627.4184419179786,-27.58282700748353,3555.8429209673914,192.97106772959546,False
blocking,S6_combined,rls,7,10,True,detect_adwin_d05_nb,ee707f1d2f35eadc717e7c582810116230ebed6f606e0b94ed1bb74805217117,d520cb63df0c6f4d0f262a544d06e088d0150a7f,0,2,0.0,2,2,0.041666666666666664,1,0,478,627.4184419179786,-27.58282700748353,3555.8429209673914,192.97106772959546,False
blocking,S6_combined,rls,7,10,True,detect_adwin_d25_nb,68768119fac31e436eddcd6a60b7490f7af690c43abb7141551ae4fc8b280d42,d520cb63df0c6f4d0f262a544d06e088d0150a7f,0,2,0.0,2,2,0.041666666666666664,1,0,478,627.1127153161706,-23.701179098379896,3557.3944987648965,192.97106772959546,False
blocking,S6_combined,rls,7,10,True,detect_adwin_d9_nb,213bd61c39a477f6652d9c521e99c9c26c1312c4df490ddf428cbd9fd786aa96,d520cb63df0c6f4d0f262a544d06e088d0150a7f,0,2,0.0,2,2,0.041666666666666664,1,0,478,627.1127153161706,-23.701179098379896,3557.3944987648965,192.97106772959546,False
blocking,S6_combined,rls,7,10,True,detect_ks_nb,1a9da829abe8feb4a54bc2b39bf7b8e91684c7405c4b5a1dba891e1b63a2138e,d520cb63df0c6f4d0f262a544d06e088d0150a7f,0,2,0.0,0,0,0.0,0,0,478,629.0125041442952,-51.47261336287612,3549.21109509105,192.97106772959546,False
blocking,S6_combined,rls,7,10,True,detect_ks_a001_nb,40c9ae6037d09911eac943853ba2a0491a8152c584ad24a28413d77a6e8ca4de,d520cb63df0c6f4d0f262a544d06e088d0150a7f,0,2,0.0,0,0,0.0,0,0,478,629.0125041442952,-51.47261336287612,3549.21109509105,192.97106772959546,False
blocking,S6_combined,rls,7,10,True,detect_ks_a01_nb,0a8b9ba44fca6058f6bca15c888f8a3b8dda672bd68c7509200d27f07c460127,d520cb63df0c6f4d0f262a544d06e088d0150a7f,0,2,0.0,2,2,0.041666666666666664,0,0,478,629.0125041442952,-51.47261336287612,3549.21109509105,192.97106772959546,False
blocking,S6_combined,rls,7,10,True,detect_ks_a1_nb,c8a9547f27c01cf2951be67a0808c2b4fdedefa1cbb712459d2c54ef8242378c,d520cb63df0c6f4d0f262a544d06e088d0150a7f,0,2,0.0,2,2,0.041666666666666664,0,0,478,629.0125041442952,-51.47261336287612,3549.21109509105,192.97106772959546,False
blocking,S6_combined,rls,8,10,True,detect_cusum,02b156c6de838405cccd0b77c34359bed7d5ebd69b06d64d823e5a9933696b0a,d520cb63df0c6f4d0f262a544d06e088d0150a7f,0,2,0.0,1,1,0.020833333333333332,0,0,495,681.3615845382194,-15.519773876213936,3585.534516953708,187.21835996036847,False
blocking,S6_combined,rls,8,10,True,detect_cusum_h6,a4f678249bfb70366f67a789105fbda738544504120ca43f85614e97b483bf8d,d520cb63df0c6f4d0f262a544d06e088d0150a7f,0,2,0.0,3,3,0.0625,0,0,495,681.3615845382194,-15.519773876213936,3585.534516953708,187.21835996036847,False
blocking,S6_combined,rls,8,10,True,detect_cusum_h3,65a20645c162989edc778d5a5e83aa2f3c5a0a6ba0d0605810e1f3e4ebe2af3f,d520cb63df0c6f4d0f262a544d06e088d0150a7f,0,2,0.0,4,4,0.08333333333333333,0,0,495,681.3615845382194,-15.519773876213936,3585.534516953708,187.21835996036847,False
blocking,S6_combined,rls,8,10,True,detect_cusum_h1p5,451a103aa34ef76d9264fc10eb6bc9d7cdaf57567f9fa4470870b544cd6aba58,d520cb63df0c6f4d0f262a544d06e088d0150a7f,0,2,0.0,4,4,0.08333333333333333,0,0,495,681.3615845382194,-15.519773876213936,3585.534516953708,187.21835996036847,False
blocking,S6_combined,rls,8,10,True,detect_ph,b063edce9d506ca7eaf5134aba55816c09afa2cb2ef6ae22f28315349edd8406,d520cb63df0c6f4d0f262a544d06e088d0150a7f,0,2,0.0,1,1,0.020833333333333332,1,0,495,682.9259517982545,7.1205814757630455,3580.6865302854453,187.21835996036847,False
blocking,S6_combined,rls,8,10,True,detect_ph_h7p5,017a29a5545c00ce5ac534627e3a6ec2fc8fdcfc0c83a17da09aa46639af32f3,d520cb63df0c6f4d0f262a544d06e088d0150a7f,0,2,0.0,3,3,0.0625,1,0,495,682.2634382075254,9.341116504715941,3584.500311889008,187.21835996036847,False
blocking,S6_combined,rls,8,10,True,detect_ph_h3p75,71faba01ccbc6361a1317bfd102852cdbfb1d649642484249b4af805ac86c80c,d520cb63df0c6f4d0f262a544d06e088d0150a7f,0,2,0.0,3,3,0.0625,1,0,495,680.5239292710634,-1.8707018996875935,3583.4118339197485,187.21835996036847,False
blocking,S6_combined,rls,8,10,True,detect_ph_h1p875,500e11e9c824b56809e55489313688d74b4a961af9b0e577a3ae800b2eb553ad,d520cb63df0c6f4d0f262a544d06e088d0150a7f,0,2,0.0,4,4,0.08333333333333333,0,0,495,681.3615845382194,-15.519773876213936,3585.534516953708,187.21835996036847,False
blocking,S6_combined,rls,8,10,True,detect_adwin,c713c6ff067c0eb9d2d9e6f7c6ebafc0d4a8982fffde9b8ee5016969e4063c1a,d520cb63df0c6f4d0f262a544d06e088d0150a7f,0,2,0.0,1,1,0.020833333333333332,1,0,495,682.9259517982545,7.1205814757630455,3580.6865302854453,187.21835996036847,False
blocking,S6_combined,rls,8,10,True,detect_adwin_d01,5ae11b091d9e7df23ca542456a14adc75040fae07d022d7f78faec4639a84700,d520cb63df0c6f4d0f262a544d06e088d0150a7f,0,2,0.0,1,1,0.020833333333333332,1,0,495,682.9454229638417,10.604217296210791,3585.627877827366,187.21835996036847,False
blocking,S6_combined,rls,8,10,True,detect_adwin_d05,27a19f03595b20ffdf0f756ead43268dd255dc455be381b11730a9b38d447ca9,d520cb63df0c6f4d0f262a544d06e088d0150a7f,0,2,0.0,1,1,0.020833333333333332,1,0,495,682.9454229638417,10.604217296210791,3585.627877827366,187.21835996036847,False
blocking,S6_combined,rls,8,10,True,detect_adwin_d25,3858cf5bdf35e4353ed086f34dbad5381acc610798bc6e392be4a44705e5fcf9,d520cb63df0c6f4d0f262a544d06e088d0150a7f,0,2,0.0,2,2,0.041666666666666664,0,0,495,681.3615845382194,-15.519773876213936,3585.534516953708,187.21835996036847,False
blocking,S6_combined,rls,8,10,True,detect_adwin_d9,aa3cee0268fe68ff0203c39d0ed116280bd8d1983ebc55e9cbfd1d9a711fda32,d520cb63df0c6f4d0f262a544d06e088d0150a7f,0,2,0.0,2,2,0.041666666666666664,0,0,495,681.3615845382194,-15.519773876213936,3585.534516953708,187.21835996036847,False
blocking,S6_combined,rls,8,10,True,detect_ks,5cc332ea7161cc2fbaa8e642a329e320aa928d3793c2588253ab72c338213dd8,d520cb63df0c6f4d0f262a544d06e088d0150a7f,0,2,0.0,0,0,0.0,0,0,495,681.3615845382194,-15.519773876213936,3585.534516953708,187.21835996036847,False
blocking,S6_combined,rls,8,10,True,detect_ks_a001,ed0ad13f5a574d68caed89b9b52616e9e404422e94de4bfc9451b483bc9105c3,d520cb63df0c6f4d0f262a544d06e088d0150a7f,0,2,0.0,2,2,0.041666666666666664,0,0,495,681.3615845382194,-15.519773876213936,3585.534516953708,187.21835996036847,False
blocking,S6_combined,rls,8,10,True,detect_ks_a01,880d14f469f2f330495f13f909990def916756d0e6b2e6c8d206a89c45bd54ed,d520cb63df0c6f4d0f262a544d06e088d0150a7f,0,2,0.0,1,1,0.020833333333333332,0,0,495,681.3615845382194,-15.519773876213936,3585.534516953708,187.21835996036847,False
blocking,S6_combined,rls,8,10,True,detect_ks_a1,07dc553a109336280d80a905c3ac17604b4571fa9d1059d1c1082551071e6c84,d520cb63df0c6f4d0f262a544d06e088d0150a7f,0,2,0.0,2,2,0.041666666666666664,1,0,495,684.8387234329349,-0.027969525652628807,3586.906881695564,187.21835996036847,False
blocking,S6_combined,rls,8,10,True,detect_cusum_nb,5089e1b5d25b9901b42c6eb04639484322e2a3f80890298ef3ae6985e1f073a9,d520cb63df0c6f4d0f262a544d06e088d0150a7f,0,2,0.0,2,2,0.041666666666666664,0,0,495,681.3615845382194,-15.519773876213936,3585.534516953708,187.21835996036847,False
blocking,S6_combined,rls,8,10,True,detect_cusum_h6_nb,e962108e830ea46bf9a74f08549be574a4fedc20e7844166f7d8806d43a8d467,d520cb63df0c6f4d0f262a544d06e088d0150a7f,0,2,0.0,6,6,0.125,0,0,495,681.3615845382194,-15.519773876213936,3585.534516953708,187.21835996036847,False
blocking,S6_combined,rls,8,10,True,detect_cusum_h3_nb,e47bea936456fd1c645564100e62c0f794edea588af0b70a85a161b6be6b41fe,d520cb63df0c6f4d0f262a544d06e088d0150a7f,0,2,0.0,8,8,0.16666666666666666,0,0,495,681.3615845382194,-15.519773876213936,3585.534516953708,187.21835996036847,False
blocking,S6_combined,rls,8,10,True,detect_cusum_h1p5_nb,711c4880e0a6af455eaca5941afff9f6f986a7f809d145ce44fafa7f7f686c0d,d520cb63df0c6f4d0f262a544d06e088d0150a7f,0,2,0.0,8,8,0.16666666666666666,0,0,495,681.3615845382194,-15.519773876213936,3585.534516953708,187.21835996036847,False
blocking,S6_combined,rls,8,10,True,detect_ph_nb,84dffedbc7a426ed6a5c695db07be2f2d3b5e43c1c80fed9180736cde5ed994d,d520cb63df0c6f4d0f262a544d06e088d0150a7f,0,2,0.0,2,2,0.041666666666666664,1,0,495,682.9259517982545,7.1205814757630455,3580.6865302854453,187.21835996036847,False
blocking,S6_combined,rls,8,10,True,detect_ph_h7p5_nb,9f5b8cd1a62ca3bd4bb61cf50468c9440933dbd25fd4e217947e89999c7dddbc,d520cb63df0c6f4d0f262a544d06e088d0150a7f,0,2,0.0,6,6,0.125,1,0,495,682.2634382075254,9.341116504715941,3584.500311889008,187.21835996036847,False
blocking,S6_combined,rls,8,10,True,detect_ph_h3p75_nb,45c9536b9ac99ef7712cf461947902ad7190d0549509c5ec06aa5ab9ed63231e,d520cb63df0c6f4d0f262a544d06e088d0150a7f,0,2,0.0,6,6,0.125,1,0,495,680.5239292710634,-1.8707018996875935,3583.4118339197485,187.21835996036847,False
blocking,S6_combined,rls,8,10,True,detect_ph_h1p875_nb,04538b2b6f38b6d85173d5ba7a188d01202d8c85661fc93932f735702d077254,d520cb63df0c6f4d0f262a544d06e088d0150a7f,0,2,0.0,8,8,0.16666666666666666,0,0,495,681.3615845382194,-15.519773876213936,3585.534516953708,187.21835996036847,False
blocking,S6_combined,rls,8,10,True,detect_adwin_nb,28fa2dd51669715b9a77a376181a742518f99c16aeab791ac12fbf6306736eb7,d520cb63df0c6f4d0f262a544d06e088d0150a7f,0,2,0.0,2,2,0.041666666666666664,1,0,495,682.9259517982545,7.1205814757630455,3580.6865302854453,187.21835996036847,False
blocking,S6_combined,rls,8,10,True,detect_adwin_d01_nb,7e5645c8446b22e8aa323a21fe61d3c3d3d04eda8319ab08aa3e57a9509f2944,d520cb63df0c6f4d0f262a544d06e088d0150a7f,0,2,0.0,2,2,0.041666666666666664,1,0,495,682.9454229638417,10.604217296210791,3585.627877827366,187.21835996036847,False
blocking,S6_combined,rls,8,10,True,detect_adwin_d05_nb,ee707f1d2f35eadc717e7c582810116230ebed6f606e0b94ed1bb74805217117,d520cb63df0c6f4d0f262a544d06e088d0150a7f,0,2,0.0,2,2,0.041666666666666664,1,0,495,682.9454229638417,10.604217296210791,3585.627877827366,187.21835996036847,False
blocking,S6_combined,rls,8,10,True,detect_adwin_d25_nb,68768119fac31e436eddcd6a60b7490f7af690c43abb7141551ae4fc8b280d42,d520cb63df0c6f4d0f262a544d06e088d0150a7f,0,2,0.0,4,4,0.08333333333333333,0,0,495,681.3615845382194,-15.519773876213936,3585.534516953708,187.21835996036847,False
blocking,S6_combined,rls,8,10,True,detect_adwin_d9_nb,213bd61c39a477f6652d9c521e99c9c26c1312c4df490ddf428cbd9fd786aa96,d520cb63df0c6f4d0f262a544d06e088d0150a7f,0,2,0.0,4,4,0.08333333333333333,0,0,495,681.3615845382194,-15.519773876213936,3585.534516953708,187.21835996036847,False
blocking,S6_combined,rls,8,10,True,detect_ks_nb,1a9da829abe8feb4a54bc2b39bf7b8e91684c7405c4b5a1dba891e1b63a2138e,d520cb63df0c6f4d0f262a544d06e088d0150a7f,0,2,0.0,0,0,0.0,0,0,495,681.3615845382194,-15.519773876213936,3585.534516953708,187.21835996036847,False
blocking,S6_combined,rls,8,10,True,detect_ks_a001_nb,40c9ae6037d09911eac943853ba2a0491a8152c584ad24a28413d77a6e8ca4de,d520cb63df0c6f4d0f262a544d06e088d0150a7f,0,2,0.0,4,4,0.08333333333333333,0,0,495,681.3615845382194,-15.519773876213936,3585.534516953708,187.21835996036847,False
blocking,S6_combined,rls,8,10,True,detect_ks_a01_nb,0a8b9ba44fca6058f6bca15c888f8a3b8dda672bd68c7509200d27f07c460127,d520cb63df0c6f4d0f262a544d06e088d0150a7f,0,2,0.0,2,2,0.041666666666666664,0,0,495,681.3615845382194,-15.519773876213936,3585.534516953708,187.21835996036847,False
blocking,S6_combined,rls,8,10,True,detect_ks_a1_nb,c8a9547f27c01cf2951be67a0808c2b4fdedefa1cbb712459d2c54ef8242378c,d520cb63df0c6f4d0f262a544d06e088d0150a7f,0,2,0.0,4,4,0.08333333333333333,1,0,495,684.8387234329349,-0.027969525652628807,3586.906881695564,187.21835996036847,False
blocking,S6_combined,rls,9,10,True,detect_cusum,02b156c6de838405cccd0b77c34359bed7d5ebd69b06d64d823e5a9933696b0a,d520cb63df0c6f4d0f262a544d06e088d0150a7f,0,2,0.0,3,3,0.0625,1,0,483,787.3583639433799,-34.375173520833854,4056.0716372601723,186.5929485367819,False
blocking,S6_combined,rls,9,10,True,detect_cusum_h6,a4f678249bfb70366f67a789105fbda738544504120ca43f85614e97b483bf8d,d520cb63df0c6f4d0f262a544d06e088d0150a7f,1,1,0.5,3,2,0.041666666666666664,1,0,483,785.4943462884696,-33.42437048074756,4057.9651335117587,186.5929485367819,False
blocking,S6_combined,rls,9,10,True,detect_cusum_h3,65a20645c162989edc778d5a5e83aa2f3c5a0a6ba0d0605810e1f3e4ebe2af3f,d520cb63df0c6f4d0f262a544d06e088d0150a7f,0,2,0.0,4,4,0.08333333333333333,0,0,483,793.4987723422914,-59.65552097566632,4061.994922104998,186.5929485367819,False
blocking,S6_combined,rls,9,10,True,detect_cusum_h1p5,451a103aa34ef76d9264fc10eb6bc9d7cdaf57567f9fa4470870b544cd6aba58,d520cb63df0c6f4d0f262a544d06e088d0150a7f,0,2,0.0,4,4,0.08333333333333333,0,0,483,793.4987723422914,-59.65552097566632,4061.994922104998,186.5929485367819,False
blocking,S6_combined,rls,9,10,True,detect_ph,b063edce9d506ca7eaf5134aba55816c09afa2cb2ef6ae22f28315349edd8406,d520cb63df0c6f4d0f262a544d06e088d0150a7f,0,2,0.0,2,2,0.041666666666666664,1,0,483,788.3143803427957,-35.61581316660261,4056.3710045817697,186.5929485367819,False
blocking,S6_combined,rls,9,10,True,detect_ph_h7p5,017a29a5545c00ce5ac534627e3a6ec2fc8fdcfc0c83a17da09aa46639af32f3,d520cb63df0c6f4d0f262a544d06e088d0150a7f,0,2,0.0,3,3,0.0625,0,0,483,793.4987723422914,-59.65552097566632,4061.994922104998,186.5929485367819,False
blocking,S6_combined,rls,9,10,True,detect_ph_h3p75,71faba01ccbc6361a1317bfd102852cdbfb1d649642484249b4af805ac86c80c,d520cb63df0c6f4d0f262a544d06e088d0150a7f,0,2,0.0,4,4,0.08333333333333333,0,0,483,793.4987723422914,-59.65552097566632,4061.994922104998,186.5929485367819,False
blocking,S6_combined,rls,9,10,True,detect_ph_h1p875,500e11e9c824b56809e55489313688d74b4a961af9b0e577a3ae800b2eb553ad,d520cb63df0c6f4d0f262a544d06e088d0150a7f,0,2,0.0,4,4,0.08333333333333333,0,0,483,793.4987723422914,-59.65552097566632,4061.994922104998,186.5929485367819,False
blocking,S6_combined,rls,9,10,True,detect_adwin,c713c6ff067c0eb9d2d9e6f7c6ebafc0d4a8982fffde9b8ee5016969e4063c1a,d520cb63df0c6f4d0f262a544d06e088d0150a7f,0,2,0.0,3,3,0.0625,1,0,483,788.1677061416344,-36.21219624731179,4056.5320530797426,186.5929485367819,False
blocking,S6_combined,rls,9,10,True,detect_adwin_d01,5ae11b091d9e7df23ca542456a14adc75040fae07d022d7f78faec4639a84700,d520cb63df0c6f4d0f262a544d06e088d0150a7f,0,2,0.0,3,3,0.0625,1,0,483,788.3143803427957,-35.61581316660261,4056.3710045817697,186.5929485367819,False
blocking,S6_combined,rls,9,10,True,detect_adwin_d05,27a19f03595b20ffdf0f756ead43268dd255dc455be381b11730a9b38d447ca9,d520cb63df0c6f4d0f262a544d06e088d0150a7f,0,2,0.0,3,3,0.0625,1,0,483,788.3143803427957,-35.61581316660261,4056.3710045817697,186.5929485367819,False
blocking,S6_combined,rls,9,10,True,detect_adwin_d25,3858cf5bdf35e4353ed086f34dbad5381acc610798bc6e392be4a44705e5fcf9,d520cb63df0c6f4d0f262a544d06e088d0150a7f,0,2,0.0,3,3,0.0625,1,0,483,788.3143803427957,-35.61581316660261,4056.3710045817697,186.5929485367819,False
blocking,S6_combined,rls,9,10,True,detect_adwin_d9,aa3cee0268fe68ff0203c39d0ed116280bd8d1983ebc55e9cbfd1d9a711fda32,d520cb63df0c6f4d0f262a544d06e088d0150a7f,0,2,0.0,3,3,0.0625,1,0,483,787.3583639433799,-34.375173520833854,4056.0716372601723,186.5929485367819,False
blocking,S6_combined,rls,9,10,True,detect_ks,5cc332ea7161cc2fbaa8e642a329e320aa928d3793c2588253ab72c338213dd8,d520cb63df0c6f4d0f262a544d06e088d0150a7f,0,2,0.0,0,0,0.0,0,0,483,793.4987723422914,-59.65552097566632,4061.994922104998,186.5929485367819,False
blocking,S6_combined,rls,9,10,True,detect_ks_a001,ed0ad13f5a574d68caed89b9b52616e9e404422e94de4bfc9451b483bc9105c3,d520cb63df0c6f4d0f262a544d06e088d0150a7f,0,2,0.0,1,1,0.020833333333333332,0,0,483,793.4987723422914,-59.65552097566632,4061.994922104998,186.5929485367819,False
blocking,S6_combined,rls,9,10,True,detect_ks_a01,880d14f469f2f330495f13f909990def916756d0e6b2e6c8d206a89c45bd54ed,d520cb63df0c6f4d0f262a544d06e088d0150a7f,0,2,0.0,1,1,0.020833333333333332,0,0,483,793.4987723422914,-59.65552097566632,4061.994922104998,186.5929485367819,False
blocking,S6_combined,rls,9,10,True,detect_ks_a1,07dc553a109336280d80a905c3ac17604b4571fa9d1059d1c1082551071e6c84,d520cb63df0c6f4d0f262a544d06e088d0150a7f,0,2,0.0,2,2,0.041666666666666664,0,0,483,793.4987723422914,-59.65552097566632,4061.994922104998,186.5929485367819,False
blocking,S6_combined,rls,9,10,True,detect_cusum_nb,5089e1b5d25b9901b42c6eb04639484322e2a3f80890298ef3ae6985e1f073a9,d520cb63df0c6f4d0f262a544d06e088d0150a7f,0,2,0.0,6,6,0.125,1,0,483,787.3583639433799,-34.375173520833854,4056.0716372601723,186.5929485367819,False
blocking,S6_combined,rls,9,10,True,detect_cusum_h6_nb,e962108e830ea46bf9a74f08549be574a4fedc20e7844166f7d8806d43a8d467,d520cb63df0c6f4d0f262a544d06e088d0150a7f,1,1,0.5,6,5,0.10416666666666667,1,0,483,785.4943462884696,-33.42437048074756,4057.9651335117587,186.5929485367819,False
blocking,S6_combined,rls,9,10,True,detect_cusum_h3_nb,e47bea936456fd1c645564100e62c0f794edea588af0b70a85a161b6be6b41fe,d520cb63df0c6f4d0f262a544d06e088d0150a7f,0,2,0.0,8,8,0.16666666666666666,0,0,483,793.4987723422914,-59.65552097566632,4061.994922104998,186.5929485367819,False
blocking,S6_combined,rls,9,10,True,detect_cusum_h1p5_nb,711c4880e0a6af455eaca5941afff9f6f986a7f809d145ce44fafa7f7f686c0d,d520cb63df0c6f4d0f262a544d06e088d0150a7f,0,2,0.0,8,8,0.16666666666666666,0,0,483,793.4987723422914,-59.65552097566632,4061.994922104998,186.5929485367819,False
blocking,S6_combined,rls,9,10,True,detect_ph_nb,84dffedbc7a426ed6a5c695db07be2f2d3b5e43c1c80fed9180736cde5ed994d,d520cb63df0c6f4d0f262a544d06e088d0150a7f,0,2,0.0,4,4,0.08333333333333333,1,0,483,788.3143803427957,-35.61581316660261,4056.3710045817697,186.5929485367819,False
blocking,S6_combined,rls,9,10,True,detect_ph_h7p5_nb,9f5b8cd1a62ca3bd4bb61cf50468c9440933dbd25fd4e217947e89999c7dddbc,d520cb63df0c6f4d0f262a544d06e088d0150a7f,0,2,0.0,6,6,0.125,0,0,483,793.4987723422914,-59.65552097566632,4061.994922104998,186.5929485367819,False
blocking,S6_combined,rls,9,10,True,detect_ph_h3p75_nb,45c9536b9ac99ef7712cf461947902ad7190d0549509c5ec06aa5ab9ed63231e,d520cb63df0c6f4d0f262a544d06e088d0150a7f,0,2,0.0,8,8,0.16666666666666666,0,0,483,793.4987723422914,-59.65552097566632,4061.994922104998,186.5929485367819,False
blocking,S6_combined,rls,9,10,True,detect_ph_h1p875_nb,04538b2b6f38b6d85173d5ba7a188d01202d8c85661fc93932f735702d077254,d520cb63df0c6f4d0f262a544d06e088d0150a7f,0,2,0.0,8,8,0.16666666666666666,0,0,483,793.4987723422914,-59.65552097566632,4061.994922104998,186.5929485367819,False
blocking,S6_combined,rls,9,10,True,detect_adwin_nb,28fa2dd51669715b9a77a376181a742518f99c16aeab791ac12fbf6306736eb7,d520cb63df0c6f4d0f262a544d06e088d0150a7f,0,2,0.0,6,6,0.125,1,0,483,788.1677061416344,-36.21219624731179,4056.5320530797426,186.5929485367819,False
blocking,S6_combined,rls,9,10,True,detect_adwin_d01_nb,7e5645c8446b22e8aa323a21fe61d3c3d3d04eda8319ab08aa3e57a9509f2944,d520cb63df0c6f4d0f262a544d06e088d0150a7f,0,2,0.0,6,6,0.125,1,0,483,788.3143803427957,-35.61581316660261,4056.3710045817697,186.5929485367819,False
blocking,S6_combined,rls,9,10,True,detect_adwin_d05_nb,ee707f1d2f35eadc717e7c582810116230ebed6f606e0b94ed1bb74805217117,d520cb63df0c6f4d0f262a544d06e088d0150a7f,0,2,0.0,6,6,0.125,1,0,483,788.3143803427957,-35.61581316660261,4056.3710045817697,186.5929485367819,False
blocking,S6_combined,rls,9,10,True,detect_adwin_d25_nb,68768119fac31e436eddcd6a60b7490f7af690c43abb7141551ae4fc8b280d42,d520cb63df0c6f4d0f262a544d06e088d0150a7f,0,2,0.0,6,6,0.125,1,0,483,788.3143803427957,-35.61581316660261,4056.3710045817697,186.5929485367819,False
blocking,S6_combined,rls,9,10,True,detect_adwin_d9_nb,213bd61c39a477f6652d9c521e99c9c26c1312c4df490ddf428cbd9fd786aa96,d520cb63df0c6f4d0f262a544d06e088d0150a7f,0,2,0.0,6,6,0.125,1,0,483,787.3583639433799,-34.375173520833854,4056.0716372601723,186.5929485367819,False
blocking,S6_combined,rls,9,10,True,detect_ks_nb,1a9da829abe8feb4a54bc2b39bf7b8e91684c7405c4b5a1dba891e1b63a2138e,d520cb63df0c6f4d0f262a544d06e088d0150a7f,0,2,0.0,0,0,0.0,0,0,483,793.4987723422914,-59.65552097566632,4061.994922104998,186.5929485367819,False
blocking,S6_combined,rls,9,10,True,detect_ks_a001_nb,40c9ae6037d09911eac943853ba2a0491a8152c584ad24a28413d77a6e8ca4de,d520cb63df0c6f4d0f262a544d06e088d0150a7f,0,2,0.0,2,2,0.041666666666666664,0,0,483,793.4987723422914,-59.65552097566632,4061.994922104998,186.5929485367819,False
blocking,S6_combined,rls,9,10,True,detect_ks_a01_nb,0a8b9ba44fca6058f6bca15c888f8a3b8dda672bd68c7509200d27f07c460127,d520cb63df0c6f4d0f262a544d06e088d0150a7f,0,2,0.0,2,2,0.041666666666666664,0,0,483,793.4987723422914,-59.65552097566632,4061.994922104998,186.5929485367819,False
blocking,S6_combined,rls,9,10,True,detect_ks_a1_nb,c8a9547f27c01cf2951be67a0808c2b4fdedefa1cbb712459d2c54ef8242378c,d520cb63df0c6f4d0f262a544d06e088d0150a7f,0,2,0.0,4,4,0.08333333333333333,0,0,483,793.4987723422914,-59.65552097566632,4061.994922104998,186.5929485367819,False
blocking,S6_combined,rls,10,10,True,detect_cusum,02b156c6de838405cccd0b77c34359bed7d5ebd69b06d64d823e5a9933696b0a,d520cb63df0c6f4d0f262a544d06e088d0150a7f,0,2,0.0,2,2,0.041666666666666664,0,0,487,664.7130066287654,-33.955162674288594,3529.1136475001013,198.63103183123297,False
blocking,S6_combined,rls,10,10,True,detect_cusum_h6,a4f678249bfb70366f67a789105fbda738544504120ca43f85614e97b483bf8d,d520cb63df0c6f4d0f262a544d06e088d0150a7f,0,2,0.0,3,3,0.0625,0,0,487,664.7130066287654,-33.955162674288594,3529.1136475001013,198.63103183123297,False
blocking,S6_combined,rls,10,10,True,detect_cusum_h3,65a20645c162989edc778d5a5e83aa2f3c5a0a6ba0d0605810e1f3e4ebe2af3f,d520cb63df0c6f4d0f262a544d06e088d0150a7f,0,2,0.0,4,4,0.08333333333333333,0,0,487,664.7130066287654,-33.955162674288594,3529.1136475001013,198.63103183123297,False
blocking,S6_combined,rls,10,10,True,detect_cusum_h1p5,451a103aa34ef76d9264fc10eb6bc9d7cdaf57567f9fa4470870b544cd6aba58,d520cb63df0c6f4d0f262a544d06e088d0150a7f,0,2,0.0,4,4,0.08333333333333333,0,0,487,664.7130066287654,-33.955162674288594,3529.1136475001013,198.63103183123297,False
blocking,S6_combined,rls,10,10,True,detect_ph,b063edce9d506ca7eaf5134aba55816c09afa2cb2ef6ae22f28315349edd8406,d520cb63df0c6f4d0f262a544d06e088d0150a7f,0,2,0.0,1,1,0.020833333333333332,0,0,487,664.7130066287654,-33.955162674288594,3529.1136475001013,198.63103183123297,False
blocking,S6_combined,rls,10,10,True,detect_ph_h7p5,017a29a5545c00ce5ac534627e3a6ec2fc8fdcfc0c83a17da09aa46639af32f3,d520cb63df0c6f4d0f262a544d06e088d0150a7f,0,2,0.0,2,2,0.041666666666666664,0,0,487,664.7130066287654,-33.955162674288594,3529.1136475001013,198.63103183123297,False
blocking,S6_combined,rls,10,10,True,detect_ph_h3p75,71faba01ccbc6361a1317bfd102852cdbfb1d649642484249b4af805ac86c80c,d520cb63df0c6f4d0f262a544d06e088d0150a7f,0,2,0.0,3,3,0.0625,0,0,487,664.7130066287654,-33.955162674288594,3529.1136475001013,198.63103183123297,False
blocking,S6_combined,rls,10,10,True,detect_ph_h1p875,500e11e9c824b56809e55489313688d74b4a961af9b0e577a3ae800b2eb553ad,d520cb63df0c6f4d0f262a544d06e088d0150a7f,0,2,0.0,4,4,0.08333333333333333,0,0,487,664.7130066287654,-33.955162674288594,3529.1136475001013,198.63103183123297,False
blocking,S6_combined,rls,10,10,True,detect_adwin,c713c6ff067c0eb9d2d9e6f7c6ebafc0d4a8982fffde9b8ee5016969e4063c1a,d520cb63df0c6f4d0f262a544d06e088d0150a7f,0,2,0.0,1,1,0.020833333333333332,0,0,487,664.7130066287654,-33.955162674288594,3529.1136475001013,198.63103183123297,False
blocking,S6_combined,rls,10,10,True,detect_adwin_d01,5ae11b091d9e7df23ca542456a14adc75040fae07d022d7f78faec4639a84700,d520cb63df0c6f4d0f262a544d06e088d0150a7f,0,2,0.0,1,1,0.020833333333333332,0,0,487,664.7130066287654,-33.955162674288594,3529.1136475001013,198.63103183123297,False
blocking,S6_combined,rls,10,10,True,detect_adwin_d05,27a19f03595b20ffdf0f756ead43268dd255dc455be381b11730a9b38d447ca9,d520cb63df0c6f4d0f262a544d06e088d0150a7f,0,2,0.0,2,2,0.041666666666666664,0,0,487,664.7130066287654,-33.955162674288594,3529.1136475001013,198.63103183123297,False
blocking,S6_combined,rls,10,10,True,detect_adwin_d25,3858cf5bdf35e4353ed086f34dbad5381acc610798bc6e392be4a44705e5fcf9,d520cb63df0c6f4d0f262a544d06e088d0150a7f,0,2,0.0,2,2,0.041666666666666664,0,0,487,664.7130066287654,-33.955162674288594,3529.1136475001013,198.63103183123297,False
blocking,S6_combined,rls,10,10,True,detect_adwin_d9,aa3cee0268fe68ff0203c39d0ed116280bd8d1983ebc55e9cbfd1d9a711fda32,d520cb63df0c6f4d0f262a544d06e088d0150a7f,0,2,0.0,2,2,0.041666666666666664,0,0,487,664.7130066287654,-33.955162674288594,3529.1136475001013,198.63103183123297,False
blocking,S6_combined,rls,10,10,True,detect_ks,5cc332ea7161cc2fbaa8e642a329e320aa928d3793c2588253ab72c338213dd8,d520cb63df0c6f4d0f262a544d06e088d0150a7f,0,2,0.0,0,0,0.0,0,0,487,664.7130066287654,-33.955162674288594,3529.1136475001013,198.63103183123297,False
blocking,S6_combined,rls,10,10,True,detect_ks_a001,ed0ad13f5a574d68caed89b9b52616e9e404422e94de4bfc9451b483bc9105c3,d520cb63df0c6f4d0f262a544d06e088d0150a7f,0,2,0.0,0,0,0.0,0,0,487,664.7130066287654,-33.955162674288594,3529.1136475001013,198.63103183123297,False
blocking,S6_combined,rls,10,10,True,detect_ks_a01,880d14f469f2f330495f13f909990def916756d0e6b2e6c8d206a89c45bd54ed,d520cb63df0c6f4d0f262a544d06e088d0150a7f,0,2,0.0,0,0,0.0,0,0,487,664.7130066287654,-33.955162674288594,3529.1136475001013,198.63103183123297,False
blocking,S6_combined,rls,10,10,True,detect_ks_a1,07dc553a109336280d80a905c3ac17604b4571fa9d1059d1c1082551071e6c84,d520cb63df0c6f4d0f262a544d06e088d0150a7f,0,2,0.0,2,2,0.041666666666666664,0,0,487,664.7130066287654,-33.955162674288594,3529.1136475001013,198.63103183123297,False
blocking,S6_combined,rls,10,10,True,detect_cusum_nb,5089e1b5d25b9901b42c6eb04639484322e2a3f80890298ef3ae6985e1f073a9,d520cb63df0c6f4d0f262a544d06e088d0150a7f,0,2,0.0,4,4,0.08333333333333333,0,0,487,664.7130066287654,-33.955162674288594,3529.1136475001013,198.63103183123297,False
blocking,S6_combined,rls,10,10,True,detect_cusum_h6_nb,e962108e830ea46bf9a74f08549be574a4fedc20e7844166f7d8806d43a8d467,d520cb63df0c6f4d0f262a544d06e088d0150a7f,0,2,0.0,6,6,0.125,0,0,487,664.7130066287654,-33.955162674288594,3529.1136475001013,198.63103183123297,False
blocking,S6_combined,rls,10,10,True,detect_cusum_h3_nb,e47bea936456fd1c645564100e62c0f794edea588af0b70a85a161b6be6b41fe,d520cb63df0c6f4d0f262a544d06e088d0150a7f,0,2,0.0,8,8,0.16666666666666666,0,0,487,664.7130066287654,-33.955162674288594,3529.1136475001013,198.63103183123297,False
blocking,S6_combined,rls,10,10,True,detect_cusum_h1p5_nb,711c4880e0a6af455eaca5941afff9f6f986a7f809d145ce44fafa7f7f686c0d,d520cb63df0c6f4d0f262a544d06e088d0150a7f,0,2,0.0,8,8,0.16666666666666666,0,0,487,664.7130066287654,-33.955162674288594,3529.1136475001013,198.63103183123297,False
blocking,S6_combined,rls,10,10,True,detect_ph_nb,84dffedbc7a426ed6a5c695db07be2f2d3b5e43c1c80fed9180736cde5ed994d,d520cb63df0c6f4d0f262a544d06e088d0150a7f,0,2,0.0,2,2,0.041666666666666664,0,0,487,664.7130066287654,-33.955162674288594,3529.1136475001013,198.63103183123297,False
blocking,S6_combined,rls,10,10,True,detect_ph_h7p5_nb,9f5b8cd1a62ca3bd4bb61cf50468c9440933dbd25fd4e217947e89999c7dddbc,d520cb63df0c6f4d0f262a544d06e088d0150a7f,0,2,0.0,4,4,0.08333333333333333,0,0,487,664.7130066287654,-33.955162674288594,3529.1136475001013,198.63103183123297,False
blocking,S6_combined,rls,10,10,True,detect_ph_h3p75_nb,45c9536b9ac99ef7712cf461947902ad7190d0549509c5ec06aa5ab9ed63231e,d520cb63df0c6f4d0f262a544d06e088d0150a7f,0,2,0.0,6,6,0.125,0,0,487,664.7130066287654,-33.955162674288594,3529.1136475001013,198.63103183123297,False
blocking,S6_combined,rls,10,10,True,detect_ph_h1p875_nb,04538b2b6f38b6d85173d5ba7a188d01202d8c85661fc93932f735702d077254,d520cb63df0c6f4d0f262a544d06e088d0150a7f,0,2,0.0,8,8,0.16666666666666666,0,0,487,664.7130066287654,-33.955162674288594,3529.1136475001013,198.63103183123297,False
blocking,S6_combined,rls,10,10,True,detect_adwin_nb,28fa2dd51669715b9a77a376181a742518f99c16aeab791ac12fbf6306736eb7,d520cb63df0c6f4d0f262a544d06e088d0150a7f,0,2,0.0,2,2,0.041666666666666664,0,0,487,664.7130066287654,-33.955162674288594,3529.1136475001013,198.63103183123297,False
blocking,S6_combined,rls,10,10,True,detect_adwin_d01_nb,7e5645c8446b22e8aa323a21fe61d3c3d3d04eda8319ab08aa3e57a9509f2944,d520cb63df0c6f4d0f262a544d06e088d0150a7f,0,2,0.0,2,2,0.041666666666666664,0,0,487,664.7130066287654,-33.955162674288594,3529.1136475001013,198.63103183123297,False
blocking,S6_combined,rls,10,10,True,detect_adwin_d05_nb,ee707f1d2f35eadc717e7c582810116230ebed6f606e0b94ed1bb74805217117,d520cb63df0c6f4d0f262a544d06e088d0150a7f,0,2,0.0,4,4,0.08333333333333333,0,0,487,664.7130066287654,-33.955162674288594,3529.1136475001013,198.63103183123297,False
blocking,S6_combined,rls,10,10,True,detect_adwin_d25_nb,68768119fac31e436eddcd6a60b7490f7af690c43abb7141551ae4fc8b280d42,d520cb63df0c6f4d0f262a544d06e088d0150a7f,0,2,0.0,4,4,0.08333333333333333,0,0,487,664.7130066287654,-33.955162674288594,3529.1136475001013,198.63103183123297,False
blocking,S6_combined,rls,10,10,True,detect_adwin_d9_nb,213bd61c39a477f6652d9c521e99c9c26c1312c4df490ddf428cbd9fd786aa96,d520cb63df0c6f4d0f262a544d06e088d0150a7f,0,2,0.0,4,4,0.08333333333333333,0,0,487,664.7130066287654,-33.955162674288594,3529.1136475001013,198.63103183123297,False
blocking,S6_combined,rls,10,10,True,detect_ks_nb,1a9da829abe8feb4a54bc2b39bf7b8e91684c7405c4b5a1dba891e1b63a2138e,d520cb63df0c6f4d0f262a544d06e088d0150a7f,0,2,0.0,0,0,0.0,0,0,487,664.7130066287654,-33.955162674288594,3529.1136475001013,198.63103183123297,False
blocking,S6_combined,rls,10,10,True,detect_ks_a001_nb,40c9ae6037d09911eac943853ba2a0491a8152c584ad24a28413d77a6e8ca4de,d520cb63df0c6f4d0f262a544d06e088d0150a7f,0,2,0.0,0,0,0.0,0,0,487,664.7130066287654,-33.955162674288594,3529.1136475001013,198.63103183123297,False
blocking,S6_combined,rls,10,10,True,detect_ks_a01_nb,0a8b9ba44fca6058f6bca15c888f8a3b8dda672bd68c7509200d27f07c460127,d520cb63df0c6f4d0f262a544d06e088d0150a7f,0,2,0.0,0,0,0.0,0,0,487,664.7130066287654,-33.955162674288594,3529.1136475001013,198.63103183123297,False
blocking,S6_combined,rls,10,10,True,detect_ks_a1_nb,c8a9547f27c01cf2951be67a0808c2b4fdedefa1cbb712459d2c54ef8242378c,d520cb63df0c6f4d0f262a544d06e088d0150a7f,0,2,0.0,4,4,0.08333333333333333,0,0,487,664.7130066287654,-33.955162674288594,3529.1136475001013,198.63103183123297,False
