sweep,scenario,estimator,seed,reference_every_n,control_enabled,run_id,config_hash,edge_config_hash,git_commit,metric,value,unit
cintron_ladder,S1_nominal,static_affine,1,10.0,True,S1_nominal__static_affine__seed1,2a7e164a7e04cfa5ac607c92ecf3c4a53c40e90964e7a047230c36cd233b8751,320c4e05e312df4a024a274474879a10d765f07f65ee3478b6ac1f7c31980d82,76cc3775534774ea58f799ee1a64020724e5cefb,mae_kg,12.391188371458767,kg
cintron_ladder,S1_nominal,static_affine,2,10.0,True,S1_nominal__static_affine__seed2,fa2ca240ac17605f28e43b1573d61379f65c20aab226bb0fcf8af13e416712a1,320c4e05e312df4a024a274474879a10d765f07f65ee3478b6ac1f7c31980d82,76cc3775534774ea58f799ee1a64020724e5cefb,mae_kg,12.557220641261111,kg
cintron_ladder,S1_nominal,static_affine,3,10.0,True,S1_nominal__static_affine__seed3,e2bb79b9efe0975489e6c62e2c85ebeea90bcc05eddf00c5e3397cde3d2a9805,320c4e05e312df4a024a274474879a10d765f07f65ee3478b6ac1f7c31980d82,76cc3775534774ea58f799ee1a64020724e5cefb,mae_kg,12.03363238333627,kg
cintron_ladder,S1_nominal,rls,1,10.0,True,S1_nominal__rls__seed1,2a7e164a7e04cfa5ac607c92ecf3c4a53c40e90964e7a047230c36cd233b8751,7cfed748c1a23fa8b895d925c453ff71b8171df9f5c670346fe7006efecf7439,76cc3775534774ea58f799ee1a64020724e5cefb,mae_kg,12.251375941294173,kg
cintron_ladder,S1_nominal,rls,2,10.0,True,S1_nominal__rls__seed2,fa2ca240ac17605f28e43b1573d61379f65c20aab226bb0fcf8af13e416712a1,7cfed748c1a23fa8b895d925c453ff71b8171df9f5c670346fe7006efecf7439,76cc3775534774ea58f799ee1a64020724e5cefb,mae_kg,12.033298427103544,kg
cintron_ladder,S1_nominal,rls,3,10.0,True,S1_nominal__rls__seed3,e2bb79b9efe0975489e6c62e2c85ebeea90bcc05eddf00c5e3397cde3d2a9805,7cfed748c1a23fa8b895d925c453ff71b8171df9f5c670346fe7006efecf7439,76cc3775534774ea58f799ee1a64020724e5cefb,mae_kg,11.990159626826287,kg
cintron_ladder,S1_nominal,kalman,1,10.0,True,S1_nominal__kalman__seed1,2a7e164a7e04cfa5ac607c92ecf3c4a53c40e90964e7a047230c36cd233b8751,6a7aa063ebf027f849ecd3e9c514f26b15cd0e81da553bdba217a4b021eaa2ce,76cc3775534774ea58f799ee1a64020724e5cefb,mae_kg,12.293104937791146,kg
cintron_ladder,S1_nominal,kalman,2,10.0,True,S1_nominal__kalman__seed2,fa2ca240ac17605f28e43b1573d61379f65c20aab226bb0fcf8af13e416712a1,6a7aa063ebf027f849ecd3e9c514f26b15cd0e81da553bdba217a4b021eaa2ce,76cc3775534774ea58f799ee1a64020724e5cefb,mae_kg,11.948247131944301,kg
cintron_ladder,S1_nominal,kalman,3,10.0,True,S1_nominal__kalman__seed3,e2bb79b9efe0975489e6c62e2c85ebeea90bcc05eddf00c5e3397cde3d2a9805,6a7aa063ebf027f849ecd3e9c514f26b15cd0e81da553bdba217a4b021eaa2ce,76cc3775534774ea58f799ee1a64020724e5cefb,mae_kg,12.04306628454498,kg
cintron_ladder,S2_thermal_cycle,static_affine,1,10.0,True,S2_thermal_cycle__static_affine__seed1,f5077dc87411ed3b1d5de66609f9ade74b2b190d2ee2584a79de6dbb70344dee,320c4e05e312df4a024a274474879a10d765f07f65ee3478b6ac1f7c31980d82,76cc3775534774ea58f799ee1a64020724e5cefb,mae_kg,152.39073243876555,kg
cintron_ladder,S2_thermal_cycle,static_affine,2,10.0,True,S2_thermal_cycle__static_affine__seed2,464a9ded5d97e5522353c10b5f4e7d6fb82021b240fd00240425a619b73a60c1,320c4e05e312df4a024a274474879a10d765f07f65ee3478b6ac1f7c31980d82,76cc3775534774ea58f799ee1a64020724e5cefb,mae_kg,148.8516953019428,kg
cintron_ladder,S2_thermal_cycle,static_affine,3,10.0,True,S2_thermal_cycle__static_affine__seed3,9f3ded4a30a0049ceb88c4dd85f0059c2f7ecb82b310ae3424cc48f8b5e42da5,320c4e05e312df4a024a274474879a10d765f07f65ee3478b6ac1f7c31980d82,76cc3775534774ea58f799ee1a64020724e5cefb,mae_kg,149.47531593438214,kg
cintron_ladder,S2_thermal_cycle,rls,1,10.0,True,S2_thermal_cycle__rls__seed1,f5077dc87411ed3b1d5de66609f9ade74b2b190d2ee2584a79de6dbb70344dee,7cfed748c1a23fa8b895d925c453ff71b8171df9f5c670346fe7006efecf7439,76cc3775534774ea58f799ee1a64020724e5cefb,mae_kg,152.04420533610337,kg
cintron_ladder,S2_thermal_cycle,rls,2,10.0,True,S2_thermal_cycle__rls__seed2,464a9ded5d97e5522353c10b5f4e7d6fb82021b240fd00240425a619b73a60c1,7cfed748c1a23fa8b895d925c453ff71b8171df9f5c670346fe7006efecf7439,76cc3775534774ea58f799ee1a64020724e5cefb,mae_kg,150.20065209471437,kg
cintron_ladder,S2_thermal_cycle,rls,3,10.0,True,S2_thermal_cycle__rls__seed3,9f3ded4a30a0049ceb88c4dd85f0059c2f7ecb82b310ae3424cc48f8b5e42da5,7cfed748c1a23fa8b895d925c453ff71b8171df9f5c670346fe7006efecf7439,76cc3775534774ea58f799ee1a64020724e5cefb,mae_kg,149.11028097015082,kg
cintron_ladder,S2_thermal_cycle,kalman,1,10.0,True,S2_thermal_cycle__kalman__seed1,f5077dc87411ed3b1d5de66609f9ade74b2b190d2ee2584a79de6dbb70344dee,6a7aa063ebf027f849ecd3e9c514f26b15cd0e81da553bdba217a4b021eaa2ce,76cc3775534774ea58f799ee1a64020724e5cefb,mae_kg,153.62588969491435,kg
cintron_ladder,S2_thermal_cycle,kalman,2,10.0,True,S2_thermal_cycle__kalman__seed2,464a9ded5d97e5522353c10b5f4e7d6fb82021b240fd00240425a619b73a60c1,6a7aa063ebf027f849ecd3e9c514f26b15cd0e81da553bdba217a4b021eaa2ce,76cc3775534774ea58f799ee1a64020724e5cefb,mae_kg,151.1836530306397,kg
cintron_ladder,S2_thermal_cycle,kalman,3,10.0,True,S2_thermal_cycle__kalman__seed3,9f3ded4a30a0049ceb88c4dd85f0059c2f7ecb82b310ae3424cc48f8b5e42da5,6a7aa063ebf027f849ecd3e9c514f26b15cd0e81da553bdba217a4b021eaa2ce,76cc3775534774ea58f799ee1a64020724e5cefb,mae_kg,150.05820294338733,kg
cintron_ladder,S3_zero_drift_walk,static_affine,1,10.0,True,S3_zero_drift_walk__static_affine__seed1,e7b981f1a695ead56faf9a26e3ac56f7cf242bda6227b5aabd270e829bc92da5,320c4e05e312df4a024a274474879a10d765f07f65ee3478b6ac1f7c31980d82,76cc3775534774ea58f799ee1a64020724e5cefb,mae_kg,149.43360840440533,kg
cintron_ladder,S3_zero_drift_walk,static_affine,2,10.0,True,S3_zero_drift_walk__static_affine__seed2,8aaeb0ed7c28c2b0ee4c567f78a99e1728b00afc703637facbb86bff31b40b49,320c4e05e312df4a024a274474879a10d765f07f65ee3478b6ac1f7c31980d82,76cc3775534774ea58f799ee1a64020724e5cefb,mae_kg,149.67641665338328,kg
cintron_ladder,S3_zero_drift_walk,static_affine,3,10.0,True,S3_zero_drift_walk__static_affine__seed3,b63f96c73e8c77b630930fed7883f11ae94db4991b7977259a58ca8a4af785b0,320c4e05e312df4a024a274474879a10d765f07f65ee3478b6ac1f7c31980d82,76cc3775534774ea58f799ee1a64020724e5cefb,mae_kg,145.43270295313877,kg
cintron_ladder,S3_zero_drift_walk,rls,1,10.0,True,S3_zero_drift_walk__rls__seed1,e7b981f1a695ead56faf9a26e3ac56f7cf242bda6227b5aabd270e829bc92da5,7cfed748c1a23fa8b895d925c453ff71b8171df9f5c670346fe7006efecf7439,76cc3775534774ea58f799ee1a64020724e5cefb,mae_kg,149.74220587336987,kg
cintron_ladder,S3_zero_drift_walk,rls,2,10.0,True,S3_zero_drift_walk__rls__seed2,8aaeb0ed7c28c2b0ee4c567f78a99e1728b00afc703637facbb86bff31b40b49,7cfed748c1a23fa8b895d925c453ff71b8171df9f5c670346fe7006efecf7439,76cc3775534774ea58f799ee1a64020724e5cefb,mae_kg,150.29748935933145,kg
cintron_ladder,S3_zero_drift_walk,rls,3,10.0,True,S3_zero_drift_walk__rls__seed3,b63f96c73e8c77b630930fed7883f11ae94db4991b7977259a58ca8a4af785b0,7cfed748c1a23fa8b895d925c453ff71b8171df9f5c670346fe7006efecf7439,76cc3775534774ea58f799ee1a64020724e5cefb,mae_kg,145.99343947959827,kg
cintron_ladder,S3_zero_drift_walk,kalman,1,10.0,True,S3_zero_drift_walk__kalman__seed1,e7b981f1a695ead56faf9a26e3ac56f7cf242bda6227b5aabd270e829bc92da5,6a7aa063ebf027f849ecd3e9c514f26b15cd0e81da553bdba217a4b021eaa2ce,76cc3775534774ea58f799ee1a64020724e5cefb,mae_kg,151.05747844639967,kg
cintron_ladder,S3_zero_drift_walk,kalman,2,10.0,True,S3_zero_drift_walk__kalman__seed2,8aaeb0ed7c28c2b0ee4c567f78a99e1728b00afc703637facbb86bff31b40b49,6a7aa063ebf027f849ecd3e9c514f26b15cd0e81da553bdba217a4b021eaa2ce,76cc3775534774ea58f799ee1a64020724e5cefb,mae_kg,151.35169970181917,kg
cintron_ladder,S3_zero_drift_walk,kalman,3,10.0,True,S3_zero_drift_walk__kalman__seed3,b63f96c73e8c77b630930fed7883f11ae94db4991b7977259a58ca8a4af785b0,6a7aa063ebf027f849ecd3e9c514f26b15cd0e81da553bdba217a4b021eaa2ce,76cc3775534774ea58f799ee1a64020724e5cefb,mae_kg,147.23692394947656,kg
cintron_ladder,S4_step_fault,static_affine,1,10.0,True,S4_step_fault__static_affine__seed1,2ddd431c649ca2b8ec1dd1fa3d1be7053e06b556b429fda303db43e771c49b4d,320c4e05e312df4a024a274474879a10d765f07f65ee3478b6ac1f7c31980d82,76cc3775534774ea58f799ee1a64020724e5cefb,mae_kg,209.12966101589566,kg
cintron_ladder,S4_step_fault,static_affine,2,10.0,True,S4_step_fault__static_affine__seed2,1319c874fdf7655f120c5fbb53cc4c8398e4675d47673de0fd98005d630b52b1,320c4e05e312df4a024a274474879a10d765f07f65ee3478b6ac1f7c31980d82,76cc3775534774ea58f799ee1a64020724e5cefb,mae_kg,192.21721698382453,kg
cintron_ladder,S4_step_fault,static_affine,3,10.0,True,S4_step_fault__static_affine__seed3,135fc15f1c43d85f0045c59ffbd10841f2a3be848d4153fded5d6a5d6a4e34a0,320c4e05e312df4a024a274474879a10d765f07f65ee3478b6ac1f7c31980d82,76cc3775534774ea58f799ee1a64020724e5cefb,mae_kg,194.23736415813534,kg
cintron_ladder,S4_step_fault,rls,1,10.0,True,S4_step_fault__rls__seed1,2ddd431c649ca2b8ec1dd1fa3d1be7053e06b556b429fda303db43e771c49b4d,7cfed748c1a23fa8b895d925c453ff71b8171df9f5c670346fe7006efecf7439,76cc3775534774ea58f799ee1a64020724e5cefb,mae_kg,171.06567413454118,kg
cintron_ladder,S4_step_fault,rls,2,10.0,True,S4_step_fault__rls__seed2,1319c874fdf7655f120c5fbb53cc4c8398e4675d47673de0fd98005d630b52b1,7cfed748c1a23fa8b895d925c453ff71b8171df9f5c670346fe7006efecf7439,76cc3775534774ea58f799ee1a64020724e5cefb,mae_kg,166.93253951657488,kg
cintron_ladder,S4_step_fault,rls,3,10.0,True,S4_step_fault__rls__seed3,135fc15f1c43d85f0045c59ffbd10841f2a3be848d4153fded5d6a5d6a4e34a0,7cfed748c1a23fa8b895d925c453ff71b8171df9f5c670346fe7006efecf7439,76cc3775534774ea58f799ee1a64020724e5cefb,mae_kg,160.4788038313978,kg
cintron_ladder,S4_step_fault,kalman,1,10.0,True,S4_step_fault__kalman__seed1,2ddd431c649ca2b8ec1dd1fa3d1be7053e06b556b429fda303db43e771c49b4d,6a7aa063ebf027f849ecd3e9c514f26b15cd0e81da553bdba217a4b021eaa2ce,76cc3775534774ea58f799ee1a64020724e5cefb,mae_kg,165.45162938670188,kg
cintron_ladder,S4_step_fault,kalman,2,10.0,True,S4_step_fault__kalman__seed2,1319c874fdf7655f120c5fbb53cc4c8398e4675d47673de0fd98005d630b52b1,6a7aa063ebf027f849ecd3e9c514f26b15cd0e81da553bdba217a4b021eaa2ce,76cc3775534774ea58f799ee1a64020724e5cefb,mae_kg,159.5614996808552,kg
cintron_ladder,S4_step_fault,kalman,3,10.0,True,S4_step_fault__kalman__seed3,135fc15f1c43d85f0045c59ffbd10841f2a3be848d4153fded5d6a5d6a4e34a0,6a7aa063ebf027f849ecd3e9c514f26b15cd0e81da553bdba217a4b021eaa2ce,76cc3775534774ea58f799ee1a64020724e5cefb,mae_kg,158.12517965135112,kg
cintron_ladder,S5_outage,static_affine,1,10.0,True,S5_outage__static_affine__seed1,a9fcc049f0f73db1ab44c7ca7ce4b41b05c1b293caabfeb3401f0bef2d75cce3,320c4e05e312df4a024a274474879a10d765f07f65ee3478b6ac1f7c31980d82,76cc3775534774ea58f799ee1a64020724e5cefb,mae_kg,147.34187366520206,kg
cintron_ladder,S5_outage,static_affine,2,10.0,True,S5_outage__static_affine__seed2,1510a2663b5f63da6b5b1385333b17c9beaafcd638df3bce3262b43d051f97e1,320c4e05e312df4a024a274474879a10d765f07f65ee3478b6ac1f7c31980d82,76cc3775534774ea58f799ee1a64020724e5cefb,mae_kg,143.8402186157892,kg
cintron_ladder,S5_outage,static_affine,3,10.0,True,S5_outage__static_affine__seed3,f84d5ae0ec8ad2f6df97000007a3d8ffecacea53aec887acf2f9adb90f328ec1,320c4e05e312df4a024a274474879a10d765f07f65ee3478b6ac1f7c31980d82,76cc3775534774ea58f799ee1a64020724e5cefb,mae_kg,138.06684233898383,kg
cintron_ladder,S5_outage,rls,1,10.0,True,S5_outage__rls__seed1,a9fcc049f0f73db1ab44c7ca7ce4b41b05c1b293caabfeb3401f0bef2d75cce3,7cfed748c1a23fa8b895d925c453ff71b8171df9f5c670346fe7006efecf7439,76cc3775534774ea58f799ee1a64020724e5cefb,mae_kg,146.2044860041579,kg
cintron_ladder,S5_outage,rls,2,10.0,True,S5_outage__rls__seed2,1510a2663b5f63da6b5b1385333b17c9beaafcd638df3bce3262b43d051f97e1,7cfed748c1a23fa8b895d925c453ff71b8171df9f5c670346fe7006efecf7439,76cc3775534774ea58f799ee1a64020724e5cefb,mae_kg,142.83431470945752,kg
cintron_ladder,S5_outage,rls,3,10.0,True,S5_outage__rls__seed3,f84d5ae0ec8ad2f6df97000007a3d8ffecacea53aec887acf2f9adb90f328ec1,7cfed748c1a23fa8b895d925c453ff71b8171df9f5c670346fe7006efecf7439,76cc3775534774ea58f799ee1a64020724e5cefb,mae_kg,137.98928818377397,kg
cintron_ladder,S5_outage,kalman,1,10.0,True,S5_outage__kalman__seed1,a9fcc049f0f73db1ab44c7ca7ce4b41b05c1b293caabfeb3401f0bef2d75cce3,6a7aa063ebf027f849ecd3e9c514f26b15cd0e81da553bdba217a4b021eaa2ce,76cc3775534774ea58f799ee1a64020724e5cefb,mae_kg,149.67304648754623,kg
cintron_ladder,S5_outage,kalman,2,10.0,True,S5_outage__kalman__seed2,1510a2663b5f63da6b5b1385333b17c9beaafcd638df3bce3262b43d051f97e1,6a7aa063ebf027f849ecd3e9c514f26b15cd0e81da553bdba217a4b021eaa2ce,76cc3775534774ea58f799ee1a64020724e5cefb,mae_kg,143.20907977594078,kg
cintron_ladder,S5_outage,kalman,3,10.0,True,S5_outage__kalman__seed3,f84d5ae0ec8ad2f6df97000007a3d8ffecacea53aec887acf2f9adb90f328ec1,6a7aa063ebf027f849ecd3e9c514f26b15cd0e81da553bdba217a4b021eaa2ce,76cc3775534774ea58f799ee1a64020724e5cefb,mae_kg,140.28541620748166,kg
cintron_ladder,S6_combined,static_affine,1,10.0,True,S6_combined__static_affine__seed1,5d4f2a11ab7b925de02ef1d34875af815611f0d172cbf30a820f6e4a5db791f7,320c4e05e312df4a024a274474879a10d765f07f65ee3478b6ac1f7c31980d82,76cc3775534774ea58f799ee1a64020724e5cefb,mae_kg,775.9920921034143,kg
cintron_ladder,S6_combined,static_affine,2,10.0,True,S6_combined__static_affine__seed2,d01e5c41507ccd6868ea37a1d0993c222e5af61f3b79e1372f0aceb13bdbcf73,320c4e05e312df4a024a274474879a10d765f07f65ee3478b6ac1f7c31980d82,76cc3775534774ea58f799ee1a64020724e5cefb,mae_kg,682.5099515467825,kg
cintron_ladder,S6_combined,static_affine,3,10.0,True,S6_combined__static_affine__seed3,023a22c68d81022af0f29d6a4d407ec5521336f357a4e5f5fbb3be2ea33f3920,320c4e05e312df4a024a274474879a10d765f07f65ee3478b6ac1f7c31980d82,76cc3775534774ea58f799ee1a64020724e5cefb,mae_kg,678.5145121508884,kg
cintron_ladder,S6_combined,rls,1,10.0,True,S6_combined__rls__seed1,5d4f2a11ab7b925de02ef1d34875af815611f0d172cbf30a820f6e4a5db791f7,7cfed748c1a23fa8b895d925c453ff71b8171df9f5c670346fe7006efecf7439,76cc3775534774ea58f799ee1a64020724e5cefb,mae_kg,717.1002604612762,kg
cintron_ladder,S6_combined,rls,2,10.0,True,S6_combined__rls__seed2,d01e5c41507ccd6868ea37a1d0993c222e5af61f3b79e1372f0aceb13bdbcf73,7cfed748c1a23fa8b895d925c453ff71b8171df9f5c670346fe7006efecf7439,76cc3775534774ea58f799ee1a64020724e5cefb,mae_kg,661.2703361607236,kg
cintron_ladder,S6_combined,rls,3,10.0,True,S6_combined__rls__seed3,023a22c68d81022af0f29d6a4d407ec5521336f357a4e5f5fbb3be2ea33f3920,7cfed748c1a23fa8b895d925c453ff71b8171df9f5c670346fe7006efecf7439,76cc3775534774ea58f799ee1a64020724e5cefb,mae_kg,649.0500059209679,kg
cintron_ladder,S6_combined,kalman,1,10.0,True,S6_combined__kalman__seed1,5d4f2a11ab7b925de02ef1d34875af815611f0d172cbf30a820f6e4a5db791f7,6a7aa063ebf027f849ecd3e9c514f26b15cd0e81da553bdba217a4b021eaa2ce,76cc3775534774ea58f799ee1a64020724e5cefb,mae_kg,781.5795969832291,kg
cintron_ladder,S6_combined,kalman,2,10.0,True,S6_combined__kalman__seed2,d01e5c41507ccd6868ea37a1d0993c222e5af61f3b79e1372f0aceb13bdbcf73,6a7aa063ebf027f849ecd3e9c514f26b15cd0e81da553bdba217a4b021eaa2ce,76cc3775534774ea58f799ee1a64020724e5cefb,mae_kg,668.3246970431985,kg
cintron_ladder,S6_combined,kalman,3,10.0,True,S6_combined__kalman__seed3,023a22c68d81022af0f29d6a4d407ec5521336f357a4e5f5fbb3be2ea33f3920,6a7aa063ebf027f849ecd3e9c514f26b15cd0e81da553bdba217a4b021eaa2ce,76cc3775534774ea58f799ee1a64020724e5cefb,mae_kg,664.8510983761132,kg
cintron_ladder,S7_sparse_reference,static_affine,1,10.0,True,S7_sparse_reference__static_affine__seed1,398c721afafcfb355a753ac0cfd1ebcf65a21a6ef468740ce93012df90f00ec4,320c4e05e312df4a024a274474879a10d765f07f65ee3478b6ac1f7c31980d82,76cc3775534774ea58f799ee1a64020724e5cefb,mae_kg,196.48056236233367,kg
cintron_ladder,S7_sparse_reference,static_affine,2,10.0,True,S7_sparse_reference__static_affine__seed2,1301d7f22942f2e6619dcc555486092a7c3c37061e6b225ed3f3da3b3ca3b132,320c4e05e312df4a024a274474879a10d765f07f65ee3478b6ac1f7c31980d82,76cc3775534774ea58f799ee1a64020724e5cefb,mae_kg,195.60042246607358,kg
cintron_ladder,S7_sparse_reference,static_affine,3,10.0,True,S7_sparse_reference__static_affine__seed3,32e0738c82819c8cd4653a676dda0f9f67168b628ffc2846dce20179bf21a707,320c4e05e312df4a024a274474879a10d765f07f65ee3478b6ac1f7c31980d82,76cc3775534774ea58f799ee1a64020724e5cefb,mae_kg,192.02304624704263,kg
cintron_ladder,S7_sparse_reference,rls,1,10.0,True,S7_sparse_reference__rls__seed1,398c721afafcfb355a753ac0cfd1ebcf65a21a6ef468740ce93012df90f00ec4,7cfed748c1a23fa8b895d925c453ff71b8171df9f5c670346fe7006efecf7439,76cc3775534774ea58f799ee1a64020724e5cefb,mae_kg,171.7932514197938,kg
cintron_ladder,S7_sparse_reference,rls,2,10.0,True,S7_sparse_reference__rls__seed2,1301d7f22942f2e6619dcc555486092a7c3c37061e6b225ed3f3da3b3ca3b132,7cfed748c1a23fa8b895d925c453ff71b8171df9f5c670346fe7006efecf7439,76cc3775534774ea58f799ee1a64020724e5cefb,mae_kg,172.06627222048837,kg
cintron_ladder,S7_sparse_reference,rls,3,10.0,True,S7_sparse_reference__rls__seed3,32e0738c82819c8cd4653a676dda0f9f67168b628ffc2846dce20179bf21a707,7cfed748c1a23fa8b895d925c453ff71b8171df9f5c670346fe7006efecf7439,76cc3775534774ea58f799ee1a64020724e5cefb,mae_kg,169.27285246984204,kg
cintron_ladder,S7_sparse_reference,kalman,1,10.0,True,S7_sparse_reference__kalman__seed1,398c721afafcfb355a753ac0cfd1ebcf65a21a6ef468740ce93012df90f00ec4,6a7aa063ebf027f849ecd3e9c514f26b15cd0e81da553bdba217a4b021eaa2ce,76cc3775534774ea58f799ee1a64020724e5cefb,mae_kg,172.44693419321305,kg
cintron_ladder,S7_sparse_reference,kalman,2,10.0,True,S7_sparse_reference__kalman__seed2,1301d7f22942f2e6619dcc555486092a7c3c37061e6b225ed3f3da3b3ca3b132,6a7aa063ebf027f849ecd3e9c514f26b15cd0e81da553bdba217a4b021eaa2ce,76cc3775534774ea58f799ee1a64020724e5cefb,mae_kg,171.90749959931995,kg
cintron_ladder,S7_sparse_reference,kalman,3,10.0,True,S7_sparse_reference__kalman__seed3,32e0738c82819c8cd4653a676dda0f9f67168b628ffc2846dce20179bf21a707,6a7aa063ebf027f849ecd3e9c514f26b15cd0e81da553bdba217a4b021eaa2ce,76cc3775534774ea58f799ee1a64020724e5cefb,mae_kg,168.61636460591498,kg
cintron_ladder,S1_nominal,static_affine,1,10.0,True,S1_nominal__static_affine__seed1,2a7e164a7e04cfa5ac607c92ecf3c4a53c40e90964e7a047230c36cd233b8751,320c4e05e312df4a024a274474879a10d765f07f65ee3478b6ac1f7c31980d82,76cc3775534774ea58f799ee1a64020724e5cefb,rmse_kg,15.86540990775168,kg
cintron_ladder,S1_nominal,static_affine,2,10.0,True,S1_nominal__static_affine__seed2,fa2ca240ac17605f28e43b1573d61379f65c20aab226bb0fcf8af13e416712a1,320c4e05e312df4a024a274474879a10d765f07f65ee3478b6ac1f7c31980d82,76cc3775534774ea58f799ee1a64020724e5cefb,rmse_kg,16.709589892849326,kg
cintron_ladder,S1_nominal,static_affine,3,10.0,True,S1_nominal__static_affine__seed3,e2bb79b9efe0975489e6c62e2c85ebeea90bcc05eddf00c5e3397cde3d2a9805,320c4e05e312df4a024a274474879a10d765f07f65ee3478b6ac1f7c31980d82,76cc3775534774ea58f799ee1a64020724e5cefb,rmse_kg,15.875216836091235,kg
cintron_ladder,S1_nominal,rls,1,10.0,True,S1_nominal__rls__seed1,2a7e164a7e04cfa5ac607c92ecf3c4a53c40e90964e7a047230c36cd233b8751,7cfed748c1a23fa8b895d925c453ff71b8171df9f5c670346fe7006efecf7439,76cc3775534774ea58f799ee1a64020724e5cefb,rmse_kg,15.596179345547911,kg
cintron_ladder,S1_nominal,rls,2,10.0,True,S1_nominal__rls__seed2,fa2ca240ac17605f28e43b1573d61379f65c20aab226bb0fcf8af13e416712a1,7cfed748c1a23fa8b895d925c453ff71b8171df9f5c670346fe7006efecf7439,76cc3775534774ea58f799ee1a64020724e5cefb,rmse_kg,15.549132513934076,kg
cintron_ladder,S1_nominal,rls,3,10.0,True,S1_nominal__rls__seed3,e2bb79b9efe0975489e6c62e2c85ebeea90bcc05eddf00c5e3397cde3d2a9805,7cfed748c1a23fa8b895d925c453ff71b8171df9f5c670346fe7006efecf7439,76cc3775534774ea58f799ee1a64020724e5cefb,rmse_kg,15.867101435680523,kg
cintron_ladder,S1_nominal,kalman,1,10.0,True,S1_nominal__kalman__seed1,2a7e164a7e04cfa5ac607c92ecf3c4a53c40e90964e7a047230c36cd233b8751,6a7aa063ebf027f849ecd3e9c514f26b15cd0e81da553bdba217a4b021eaa2ce,76cc3775534774ea58f799ee1a64020724e5cefb,rmse_kg,15.630716641378594,kg
cintron_ladder,S1_nominal,kalman,2,10.0,True,S1_nominal__kalman__seed2,fa2ca240ac17605f28e43b1573d61379f65c20aab226bb0fcf8af13e416712a1,6a7aa063ebf027f849ecd3e9c514f26b15cd0e81da553bdba217a4b021eaa2ce,76cc3775534774ea58f799ee1a64020724e5cefb,rmse_kg,15.370384749274185,kg
cintron_ladder,S1_nominal,kalman,3,10.0,True,S1_nominal__kalman__seed3,e2bb79b9efe0975489e6c62e2c85ebeea90bcc05eddf00c5e3397cde3d2a9805,6a7aa063ebf027f849ecd3e9c514f26b15cd0e81da553bdba217a4b021eaa2ce,76cc3775534774ea58f799ee1a64020724e5cefb,rmse_kg,15.938382549287232,kg
cintron_ladder,S2_thermal_cycle,static_affine,1,10.0,True,S2_thermal_cycle__static_affine__seed1,f5077dc87411ed3b1d5de66609f9ade74b2b190d2ee2584a79de6dbb70344dee,320c4e05e312df4a024a274474879a10d765f07f65ee3478b6ac1f7c31980d82,76cc3775534774ea58f799ee1a64020724e5cefb,rmse_kg,286.91434241969813,kg
cintron_ladder,S2_thermal_cycle,static_affine,2,10.0,True,S2_thermal_cycle__static_affine__seed2,464a9ded5d97e5522353c10b5f4e7d6fb82021b240fd00240425a619b73a60c1,320c4e05e312df4a024a274474879a10d765f07f65ee3478b6ac1f7c31980d82,76cc3775534774ea58f799ee1a64020724e5cefb,rmse_kg,277.8465046274689,kg
cintron_ladder,S2_thermal_cycle,static_affine,3,10.0,True,S2_thermal_cycle__static_affine__seed3,9f3ded4a30a0049ceb88c4dd85f0059c2f7ecb82b310ae3424cc48f8b5e42da5,320c4e05e312df4a024a274474879a10d765f07f65ee3478b6ac1f7c31980d82,76cc3775534774ea58f799ee1a64020724e5cefb,rmse_kg,283.12981911487276,kg
cintron_ladder,S2_thermal_cycle,rls,1,10.0,True,S2_thermal_cycle__rls__seed1,f5077dc87411ed3b1d5de66609f9ade74b2b190d2ee2584a79de6dbb70344dee,7cfed748c1a23fa8b895d925c453ff71b8171df9f5c670346fe7006efecf7439,76cc3775534774ea58f799ee1a64020724e5cefb,rmse_kg,286.0841628521937,kg
cintron_ladder,S2_thermal_cycle,rls,2,10.0,True,S2_thermal_cycle__rls__seed2,464a9ded5d97e5522353c10b5f4e7d6fb82021b240fd00240425a619b73a60c1,7cfed748c1a23fa8b895d925c453ff71b8171df9f5c670346fe7006efecf7439,76cc3775534774ea58f799ee1a64020724e5cefb,rmse_kg,282.1999975417367,kg
cintron_ladder,S2_thermal_cycle,rls,3,10.0,True,S2_thermal_cycle__rls__seed3,9f3ded4a30a0049ceb88c4dd85f0059c2f7ecb82b310ae3424cc48f8b5e42da5,7cfed748c1a23fa8b895d925c453ff71b8171df9f5c670346fe7006efecf7439,76cc3775534774ea58f799ee1a64020724e5cefb,rmse_kg,280.019656733984,kg
cintron_ladder,S2_thermal_cycle,kalman,1,10.0,True,S2_thermal_cycle__kalman__seed1,f5077dc87411ed3b1d5de66609f9ade74b2b190d2ee2584a79de6dbb70344dee,6a7aa063ebf027f849ecd3e9c514f26b15cd0e81da553bdba217a4b021eaa2ce,76cc3775534774ea58f799ee1a64020724e5cefb,rmse_kg,290.3873912289204,kg
cintron_ladder,S2_thermal_cycle,kalman,2,10.0,True,S2_thermal_cycle__kalman__seed2,464a9ded5d97e5522353c10b5f4e7d6fb82021b240fd00240425a619b73a60c1,6a7aa063ebf027f849ecd3e9c514f26b15cd0e81da553bdba217a4b021eaa2ce,76cc3775534774ea58f799ee1a64020724e5cefb,rmse_kg,285.3202146999366,kg
cintron_ladder,S2_thermal_cycle,kalman,3,10.0,True,S2_thermal_cycle__kalman__seed3,9f3ded4a30a0049ceb88c4dd85f0059c2f7ecb82b310ae3424cc48f8b5e42da5,6a7aa063ebf027f849ecd3e9c514f26b15cd0e81da553bdba217a4b021eaa2ce,76cc3775534774ea58f799ee1a64020724e5cefb,rmse_kg,283.76960476052284,kg
cintron_ladder,S3_zero_drift_walk,static_affine,1,10.0,True,S3_zero_drift_walk__static_affine__seed1,e7b981f1a695ead56faf9a26e3ac56f7cf242bda6227b5aabd270e829bc92da5,320c4e05e312df4a024a274474879a10d765f07f65ee3478b6ac1f7c31980d82,76cc3775534774ea58f799ee1a64020724e5cefb,rmse_kg,276.83860657575605,kg
cintron_ladder,S3_zero_drift_walk,static_affine,2,10.0,True,S3_zero_drift_walk__static_affine__seed2,8aaeb0ed7c28c2b0ee4c567f78a99e1728b00afc703637facbb86bff31b40b49,320c4e05e312df4a024a274474879a10d765f07f65ee3478b6ac1f7c31980d82,76cc3775534774ea58f799ee1a64020724e5cefb,rmse_kg,278.6205613926137,kg
cintron_ladder,S3_zero_drift_walk,static_affine,3,10.0,True,S3_zero_drift_walk__static_affine__seed3,b63f96c73e8c77b630930fed7883f11ae94db4991b7977259a58ca8a4af785b0,320c4e05e312df4a024a274474879a10d765f07f65ee3478b6ac1f7c31980d82,76cc3775534774ea58f799ee1a64020724e5cefb,rmse_kg,271.6867481436003,kg
cintron_ladder,S3_zero_drift_walk,rls,1,10.0,True,S3_zero_drift_walk__rls__seed1,e7b981f1a695ead56faf9a26e3ac56f7cf242bda6227b5aabd270e829bc92da5,7cfed748c1a23fa8b895d925c453ff71b8171df9f5c670346fe7006efecf7439,76cc3775534774ea58f799ee1a64020724e5cefb,rmse_kg,275.9823283642462,kg
cintron_ladder,S3_zero_drift_walk,rls,2,10.0,True,S3_zero_drift_walk__rls__seed2,8aaeb0ed7c28c2b0ee4c567f78a99e1728b00afc703637facbb86bff31b40b49,7cfed748c1a23fa8b895d925c453ff71b8171df9f5c670346fe7006efecf7439,76cc3775534774ea58f799ee1a64020724e5cefb,rmse_kg,282.74440758356957,kg
cintron_ladder,S3_zero_drift_walk,rls,3,10.0,True,S3_zero_drift_walk__rls__seed3,b63f96c73e8c77b630930fed7883f11ae94db4991b7977259a58ca8a4af785b0,7cfed748c1a23fa8b895d925c453ff71b8171df9f5c670346fe7006efecf7439,76cc3775534774ea58f799ee1a64020724e5cefb,rmse_kg,271.8745967858379,kg
cintron_ladder,S3_zero_drift_walk,kalman,1,10.0,True,S3_zero_drift_walk__kalman__seed1,e7b981f1a695ead56faf9a26e3ac56f7cf242bda6227b5aabd270e829bc92da5,6a7aa063ebf027f849ecd3e9c514f26b15cd0e81da553bdba217a4b021eaa2ce,76cc3775534774ea58f799ee1a64020724e5cefb,rmse_kg,278.62461166396304,kg
cintron_ladder,S3_zero_drift_walk,kalman,2,10.0,True,S3_zero_drift_walk__kalman__seed2,8aaeb0ed7c28c2b0ee4c567f78a99e1728b00afc703637facbb86bff31b40b49,6a7aa063ebf027f849ecd3e9c514f26b15cd0e81da553bdba217a4b021eaa2ce,76cc3775534774ea58f799ee1a64020724e5cefb,rmse_kg,285.3817106587206,kg
cintron_ladder,S3_zero_drift_walk,kalman,3,10.0,True,S3_zero_drift_walk__kalman__seed3,b63f96c73e8c77b630930fed7883f11ae94db4991b7977259a58ca8a4af785b0,6a7aa063ebf027f849ecd3e9c514f26b15cd0e81da553bdba217a4b021eaa2ce,76cc3775534774ea58f799ee1a64020724e5cefb,rmse_kg,275.590802910555,kg
cintron_ladder,S4_step_fault,static_affine,1,10.0,True,S4_step_fault__static_affine__seed1,2ddd431c649ca2b8ec1dd1fa3d1be7053e06b556b429fda303db43e771c49b4d,320c4e05e312df4a024a274474879a10d765f07f65ee3478b6ac1f7c31980d82,76cc3775534774ea58f799ee1a64020724e5cefb,rmse_kg,454.28132231361576,kg
cintron_ladder,S4_step_fault,static_affine,2,10.0,True,S4_step_fault__static_affine__seed2,1319c874fdf7655f120c5fbb53cc4c8398e4675d47673de0fd98005d630b52b1,320c4e05e312df4a024a274474879a10d765f07f65ee3478b6ac1f7c31980d82,76cc3775534774ea58f799ee1a64020724e5cefb,rmse_kg,400.34214757573636,kg
cintron_ladder,S4_step_fault,static_affine,3,10.0,True,S4_step_fault__static_affine__seed3,135fc15f1c43d85f0045c59ffbd10841f2a3be848d4153fded5d6a5d6a4e34a0,320c4e05e312df4a024a274474879a10d765f07f65ee3478b6ac1f7c31980d82,76cc3775534774ea58f799ee1a64020724e5cefb,rmse_kg,413.431180985709,kg
cintron_ladder,S4_step_fault,rls,1,10.0,True,S4_step_fault__rls__seed1,2ddd431c649ca2b8ec1dd1fa3d1be7053e06b556b429fda303db43e771c49b4d,7cfed748c1a23fa8b895d925c453ff71b8171df9f5c670346fe7006efecf7439,76cc3775534774ea58f799ee1a64020724e5cefb,rmse_kg,343.5732718593869,kg
cintron_ladder,S4_step_fault,rls,2,10.0,True,S4_step_fault__rls__seed2,1319c874fdf7655f120c5fbb53cc4c8398e4675d47673de0fd98005d630b52b1,7cfed748c1a23fa8b895d925c453ff71b8171df9f5c670346fe7006efecf7439,76cc3775534774ea58f799ee1a64020724e5cefb,rmse_kg,338.4674198888053,kg
cintron_ladder,S4_step_fault,rls,3,10.0,True,S4_step_fault__rls__seed3,135fc15f1c43d85f0045c59ffbd10841f2a3be848d4153fded5d6a5d6a4e34a0,7cfed748c1a23fa8b895d925c453ff71b8171df9f5c670346fe7006efecf7439,76cc3775534774ea58f799ee1a64020724e5cefb,rmse_kg,328.23965023661145,kg
cintron_ladder,S4_step_fault,kalman,1,10.0,True,S4_step_fault__kalman__seed1,2ddd431c649ca2b8ec1dd1fa3d1be7053e06b556b429fda303db43e771c49b4d,6a7aa063ebf027f849ecd3e9c514f26b15cd0e81da553bdba217a4b021eaa2ce,76cc3775534774ea58f799ee1a64020724e5cefb,rmse_kg,324.314001953851,kg
cintron_ladder,S4_step_fault,kalman,2,10.0,True,S4_step_fault__kalman__seed2,1319c874fdf7655f120c5fbb53cc4c8398e4675d47673de0fd98005d630b52b1,6a7aa063ebf027f849ecd3e9c514f26b15cd0e81da553bdba217a4b021eaa2ce,76cc3775534774ea58f799ee1a64020724e5cefb,rmse_kg,321.13047629726304,kg
cintron_ladder,S4_step_fault,kalman,3,10.0,True,S4_step_fault__kalman__seed3,135fc15f1c43d85f0045c59ffbd10841f2a3be848d4153fded5d6a5d6a4e34a0,6a7aa063ebf027f849ecd3e9c514f26b15cd0e81da553bdba217a4b021eaa2ce,76cc3775534774ea58f799ee1a64020724e5cefb,rmse_kg,315.75805221268314,kg
cintron_ladder,S5_outage,static_affine,1,10.0,True,S5_outage__static_affine__seed1,a9fcc049f0f73db1ab44c7ca7ce4b41b05c1b293caabfeb3401f0bef2d75cce3,320c4e05e312df4a024a274474879a10d765f07f65ee3478b6ac1f7c31980d82,76cc3775534774ea58f799ee1a64020724e5cefb,rmse_kg,273.0420635791089,kg
cintron_ladder,S5_outage,static_affine,2,10.0,True,S5_outage__static_affine__seed2,1510a2663b5f63da6b5b1385333b17c9beaafcd638df3bce3262b43d051f97e1,320c4e05e312df4a024a274474879a10d765f07f65ee3478b6ac1f7c31980d82,76cc3775534774ea58f799ee1a64020724e5cefb,rmse_kg,268.93885560605634,kg
cintron_ladder,S5_outage,static_affine,3,10.0,True,S5_outage__static_affine__seed3,f84d5ae0ec8ad2f6df97000007a3d8ffecacea53aec887acf2f9adb90f328ec1,320c4e05e312df4a024a274474879a10d765f07f65ee3478b6ac1f7c31980d82,76cc3775534774ea58f799ee1a64020724e5cefb,rmse_kg,254.5783703374124,kg
cintron_ladder,S5_outage,rls,1,10.0,True,S5_outage__rls__seed1,a9fcc049f0f73db1ab44c7ca7ce4b41b05c1b293caabfeb3401f0bef2d75cce3,7cfed748c1a23fa8b895d925c453ff71b8171df9f5c670346fe7006efecf7439,76cc3775534774ea58f799ee1a64020724e5cefb,rmse_kg,269.804129751435,kg
cintron_ladder,S5_outage,rls,2,10.0,True,S5_outage__rls__seed2,1510a2663b5f63da6b5b1385333b17c9beaafcd638df3bce3262b43d051f97e1,7cfed748c1a23fa8b895d925c453ff71b8171df9f5c670346fe7006efecf7439,76cc3775534774ea58f799ee1a64020724e5cefb,rmse_kg,266.7920631792065,kg
cintron_ladder,S5_outage,rls,3,10.0,True,S5_outage__rls__seed3,f84d5ae0ec8ad2f6df97000007a3d8ffecacea53aec887acf2f9adb90f328ec1,7cfed748c1a23fa8b895d925c453ff71b8171df9f5c670346fe7006efecf7439,76cc3775534774ea58f799ee1a64020724e5cefb,rmse_kg,255.50862184643202,kg
cintron_ladder,S5_outage,kalman,1,10.0,True,S5_outage__kalman__seed1,a9fcc049f0f73db1ab44c7ca7ce4b41b05c1b293caabfeb3401f0bef2d75cce3,6a7aa063ebf027f849ecd3e9c514f26b15cd0e81da553bdba217a4b021eaa2ce,76cc3775534774ea58f799ee1a64020724e5cefb,rmse_kg,275.3508967177812,kg
cintron_ladder,S5_outage,kalman,2,10.0,True,S5_outage__kalman__seed2,1510a2663b5f63da6b5b1385333b17c9beaafcd638df3bce3262b43d051f97e1,6a7aa063ebf027f849ecd3e9c514f26b15cd0e81da553bdba217a4b021eaa2ce,76cc3775534774ea58f799ee1a64020724e5cefb,rmse_kg,267.12801335466605,kg
cintron_ladder,S5_outage,kalman,3,10.0,True,S5_outage__kalman__seed3,f84d5ae0ec8ad2f6df97000007a3d8ffecacea53aec887acf2f9adb90f328ec1,6a7aa063ebf027f849ecd3e9c514f26b15cd0e81da553bdba217a4b021eaa2ce,76cc3775534774ea58f799ee1a64020724e5cefb,rmse_kg,263.0584429372868,kg
cintron_ladder,S6_combined,static_affine,1,10.0,True,S6_combined__static_affine__seed1,5d4f2a11ab7b925de02ef1d34875af815611f0d172cbf30a820f6e4a5db791f7,320c4e05e312df4a024a274474879a10d765f07f65ee3478b6ac1f7c31980d82,76cc3775534774ea58f799ee1a64020724e5cefb,rmse_kg,3991.4148835924734,kg
cintron_ladder,S6_combined,static_affine,2,10.0,True,S6_combined__static_affine__seed2,d01e5c41507ccd6868ea37a1d0993c222e5af61f3b79e1372f0aceb13bdbcf73,320c4e05e312df4a024a274474879a10d765f07f65ee3478b6ac1f7c31980d82,76cc3775534774ea58f799ee1a64020724e5cefb,rmse_kg,3587.10817668502,kg
cintron_ladder,S6_combined,static_affine,3,10.0,True,S6_combined__static_affine__seed3,023a22c68d81022af0f29d6a4d407ec5521336f357a4e5f5fbb3be2ea33f3920,320c4e05e312df4a024a274474879a10d765f07f65ee3478b6ac1f7c31980d82,76cc3775534774ea58f799ee1a64020724e5cefb,rmse_kg,3632.7191011490186,kg
cintron_ladder,S6_combined,rls,1,10.0,True,S6_combined__rls__seed1,5d4f2a11ab7b925de02ef1d34875af815611f0d172cbf30a820f6e4a5db791f7,7cfed748c1a23fa8b895d925c453ff71b8171df9f5c670346fe7006efecf7439,76cc3775534774ea58f799ee1a64020724e5cefb,rmse_kg,3651.798643906475,kg
cintron_ladder,S6_combined,rls,2,10.0,True,S6_combined__rls__seed2,d01e5c41507ccd6868ea37a1d0993c222e5af61f3b79e1372f0aceb13bdbcf73,7cfed748c1a23fa8b895d925c453ff71b8171df9f5c670346fe7006efecf7439,76cc3775534774ea58f799ee1a64020724e5cefb,rmse_kg,3519.359403167731,kg
cintron_ladder,S6_combined,rls,3,10.0,True,S6_combined__rls__seed3,023a22c68d81022af0f29d6a4d407ec5521336f357a4e5f5fbb3be2ea33f3920,7cfed748c1a23fa8b895d925c453ff71b8171df9f5c670346fe7006efecf7439,76cc3775534774ea58f799ee1a64020724e5cefb,rmse_kg,3556.964978908634,kg
cintron_ladder,S6_combined,kalman,1,10.0,True,S6_combined__kalman__seed1,5d4f2a11ab7b925de02ef1d34875af815611f0d172cbf30a820f6e4a5db791f7,6a7aa063ebf027f849ecd3e9c514f26b15cd0e81da553bdba217a4b021eaa2ce,76cc3775534774ea58f799ee1a64020724e5cefb,rmse_kg,3987.6221671959643,kg
cintron_ladder,S6_combined,kalman,2,10.0,True,S6_combined__kalman__seed2,d01e5c41507ccd6868ea37a1d0993c222e5af61f3b79e1372f0aceb13bdbcf73,6a7aa063ebf027f849ecd3e9c514f26b15cd0e81da553bdba217a4b021eaa2ce,76cc3775534774ea58f799ee1a64020724e5cefb,rmse_kg,3597.5265213253397,kg
cintron_ladder,S6_combined,kalman,3,10.0,True,S6_combined__kalman__seed3,023a22c68d81022af0f29d6a4d407ec5521336f357a4e5f5fbb3be2ea33f3920,6a7aa063ebf027f849ecd3e9c514f26b15cd0e81da553bdba217a4b021eaa2ce,76cc3775534774ea58f799ee1a64020724e5cefb,rmse_kg,3638.2055085239413,kg
cintron_ladder,S7_sparse_reference,static_affine,1,10.0,True,S7_sparse_reference__static_affine__seed1,398c721afafcfb355a753ac0cfd1ebcf65a21a6ef468740ce93012df90f00ec4,320c4e05e312df4a024a274474879a10d765f07f65ee3478b6ac1f7c31980d82,76cc3775534774ea58f799ee1a64020724e5cefb,rmse_kg,411.94196006541557,kg
cintron_ladder,S7_sparse_reference,static_affine,2,10.0,True,S7_sparse_reference__static_affine__seed2,1301d7f22942f2e6619dcc555486092a7c3c37061e6b225ed3f3da3b3ca3b132,320c4e05e312df4a024a274474879a10d765f07f65ee3478b6ac1f7c31980d82,76cc3775534774ea58f799ee1a64020724e5cefb,rmse_kg,404.56457733309463,kg
cintron_ladder,S7_sparse_reference,static_affine,3,10.0,True,S7_sparse_reference__static_affine__seed3,32e0738c82819c8cd4653a676dda0f9f67168b628ffc2846dce20179bf21a707,320c4e05e312df4a024a274474879a10d765f07f65ee3478b6ac1f7c31980d82,76cc3775534774ea58f799ee1a64020724e5cefb,rmse_kg,401.249907466323,kg
cintron_ladder,S7_sparse_reference,rls,1,10.0,True,S7_sparse_reference__rls__seed1,398c721afafcfb355a753ac0cfd1ebcf65a21a6ef468740ce93012df90f00ec4,7cfed748c1a23fa8b895d925c453ff71b8171df9f5c670346fe7006efecf7439,76cc3775534774ea58f799ee1a64020724e5cefb,rmse_kg,329.0027733544743,kg
cintron_ladder,S7_sparse_reference,rls,2,10.0,True,S7_sparse_reference__rls__seed2,1301d7f22942f2e6619dcc555486092a7c3c37061e6b225ed3f3da3b3ca3b132,7cfed748c1a23fa8b895d925c453ff71b8171df9f5c670346fe7006efecf7439,76cc3775534774ea58f799ee1a64020724e5cefb,rmse_kg,329.1983019711257,kg
cintron_ladder,S7_sparse_reference,rls,3,10.0,True,S7_sparse_reference__rls__seed3,32e0738c82819c8cd4653a676dda0f9f67168b628ffc2846dce20179bf21a707,7cfed748c1a23fa8b895d925c453ff71b8171df9f5c670346fe7006efecf7439,76cc3775534774ea58f799ee1a64020724e5cefb,rmse_kg,332.0708550349736,kg
cintron_ladder,S7_sparse_reference,kalman,1,10.0,True,S7_sparse_reference__kalman__seed1,398c721afafcfb355a753ac0cfd1ebcf65a21a6ef468740ce93012df90f00ec4,6a7aa063ebf027f849ecd3e9c514f26b15cd0e81da553bdba217a4b021eaa2ce,76cc3775534774ea58f799ee1a64020724e5cefb,rmse_kg,330.30203245191916,kg
cintron_ladder,S7_sparse_reference,kalman,2,10.0,True,S7_sparse_reference__kalman__seed2,1301d7f22942f2e6619dcc555486092a7c3c37061e6b225ed3f3da3b3ca3b132,6a7aa063ebf027f849ecd3e9c514f26b15cd0e81da553bdba217a4b021eaa2ce,76cc3775534774ea58f799ee1a64020724e5cefb,rmse_kg,329.03233207331334,kg
cintron_ladder,S7_sparse_reference,kalman,3,10.0,True,S7_sparse_reference__kalman__seed3,32e0738c82819c8cd4653a676dda0f9f67168b628ffc2846dce20179bf21a707,6a7aa063ebf027f849ecd3e9c514f26b15cd0e81da553bdba217a4b021eaa2ce,76cc3775534774ea58f799ee1a64020724e5cefb,rmse_kg,330.80726469585886,kg
cintron_ladder,S1_nominal,static_affine,1,10.0,True,S1_nominal__static_affine__seed1,2a7e164a7e04cfa5ac607c92ecf3c4a53c40e90964e7a047230c36cd233b8751,320c4e05e312df4a024a274474879a10d765f07f65ee3478b6ac1f7c31980d82,76cc3775534774ea58f799ee1a64020724e5cefb,bias_kg,2.0133924939913106,kg
cintron_ladder,S1_nominal,static_affine,2,10.0,True,S1_nominal__static_affine__seed2,fa2ca240ac17605f28e43b1573d61379f65c20aab226bb0fcf8af13e416712a1,320c4e05e312df4a024a274474879a10d765f07f65ee3478b6ac1f7c31980d82,76cc3775534774ea58f799ee1a64020724e5cefb,bias_kg,-3.123227094614821,kg
cintron_ladder,S1_nominal,static_affine,3,10.0,True,S1_nominal__static_affine__seed3,e2bb79b9efe0975489e6c62e2c85ebeea90bcc05eddf00c5e3397cde3d2a9805,320c4e05e312df4a024a274474879a10d765f07f65ee3478b6ac1f7c31980d82,76cc3775534774ea58f799ee1a64020724e5cefb,bias_kg,-2.6821512237920966,kg
cintron_ladder,S1_nominal,rls,1,10.0,True,S1_nominal__rls__seed1,2a7e164a7e04cfa5ac607c92ecf3c4a53c40e90964e7a047230c36cd233b8751,7cfed748c1a23fa8b895d925c453ff71b8171df9f5c670346fe7006efecf7439,76cc3775534774ea58f799ee1a64020724e5cefb,bias_kg,0.3711413933575894,kg
cintron_ladder,S1_nominal,rls,2,10.0,True,S1_nominal__rls__seed2,fa2ca240ac17605f28e43b1573d61379f65c20aab226bb0fcf8af13e416712a1,7cfed748c1a23fa8b895d925c453ff71b8171df9f5c670346fe7006efecf7439,76cc3775534774ea58f799ee1a64020724e5cefb,bias_kg,-1.8941395254789508,kg
cintron_ladder,S1_nominal,rls,3,10.0,True,S1_nominal__rls__seed3,e2bb79b9efe0975489e6c62e2c85ebeea90bcc05eddf00c5e3397cde3d2a9805,7cfed748c1a23fa8b895d925c453ff71b8171df9f5c670346fe7006efecf7439,76cc3775534774ea58f799ee1a64020724e5cefb,bias_kg,-1.6351299353702151,kg
cintron_ladder,S1_nominal,kalman,1,10.0,True,S1_nominal__kalman__seed1,2a7e164a7e04cfa5ac607c92ecf3c4a53c40e90964e7a047230c36cd233b8751,6a7aa063ebf027f849ecd3e9c514f26b15cd0e81da553bdba217a4b021eaa2ce,76cc3775534774ea58f799ee1a64020724e5cefb,bias_kg,-0.14899081343262188,kg
cintron_ladder,S1_nominal,kalman,2,10.0,True,S1_nominal__kalman__seed2,fa2ca240ac17605f28e43b1573d61379f65c20aab226bb0fcf8af13e416712a1,6a7aa063ebf027f849ecd3e9c514f26b15cd0e81da553bdba217a4b021eaa2ce,76cc3775534774ea58f799ee1a64020724e5cefb,bias_kg,-1.6020379220338532,kg
cintron_ladder,S1_nominal,kalman,3,10.0,True,S1_nominal__kalman__seed3,e2bb79b9efe0975489e6c62e2c85ebeea90bcc05eddf00c5e3397cde3d2a9805,6a7aa063ebf027f849ecd3e9c514f26b15cd0e81da553bdba217a4b021eaa2ce,76cc3775534774ea58f799ee1a64020724e5cefb,bias_kg,-1.1181567386440794,kg
cintron_ladder,S2_thermal_cycle,static_affine,1,10.0,True,S2_thermal_cycle__static_affine__seed1,f5077dc87411ed3b1d5de66609f9ade74b2b190d2ee2584a79de6dbb70344dee,320c4e05e312df4a024a274474879a10d765f07f65ee3478b6ac1f7c31980d82,76cc3775534774ea58f799ee1a64020724e5cefb,bias_kg,24.006908685411002,kg
cintron_ladder,S2_thermal_cycle,static_affine,2,10.0,True,S2_thermal_cycle__static_affine__seed2,464a9ded5d97e5522353c10b5f4e7d6fb82021b240fd00240425a619b73a60c1,320c4e05e312df4a024a274474879a10d765f07f65ee3478b6ac1f7c31980d82,76cc3775534774ea58f799ee1a64020724e5cefb,bias_kg,-21.30702441680055,kg
cintron_ladder,S2_thermal_cycle,static_affine,3,10.0,True,S2_thermal_cycle__static_affine__seed3,9f3ded4a30a0049ceb88c4dd85f0059c2f7ecb82b310ae3424cc48f8b5e42da5,320c4e05e312df4a024a274474879a10d765f07f65ee3478b6ac1f7c31980d82,76cc3775534774ea58f799ee1a64020724e5cefb,bias_kg,-22.78567961618718,kg
cintron_ladder,S2_thermal_cycle,rls,1,10.0,True,S2_thermal_cycle__rls__seed1,f5077dc87411ed3b1d5de66609f9ade74b2b190d2ee2584a79de6dbb70344dee,7cfed748c1a23fa8b895d925c453ff71b8171df9f5c670346fe7006efecf7439,76cc3775534774ea58f799ee1a64020724e5cefb,bias_kg,-2.726092524271471,kg
cintron_ladder,S2_thermal_cycle,rls,2,10.0,True,S2_thermal_cycle__rls__seed2,464a9ded5d97e5522353c10b5f4e7d6fb82021b240fd00240425a619b73a60c1,7cfed748c1a23fa8b895d925c453ff71b8171df9f5c670346fe7006efecf7439,76cc3775534774ea58f799ee1a64020724e5cefb,bias_kg,2.876605489989891,kg
cintron_ladder,S2_thermal_cycle,rls,3,10.0,True,S2_thermal_cycle__rls__seed3,9f3ded4a30a0049ceb88c4dd85f0059c2f7ecb82b310ae3424cc48f8b5e42da5,7cfed748c1a23fa8b895d925c453ff71b8171df9f5c670346fe7006efecf7439,76cc3775534774ea58f799ee1a64020724e5cefb,bias_kg,-2.208400716535188,kg
cintron_ladder,S2_thermal_cycle,kalman,1,10.0,True,S2_thermal_cycle__kalman__seed1,f5077dc87411ed3b1d5de66609f9ade74b2b190d2ee2584a79de6dbb70344dee,6a7aa063ebf027f849ecd3e9c514f26b15cd0e81da553bdba217a4b021eaa2ce,76cc3775534774ea58f799ee1a64020724e5cefb,bias_kg,-4.220321189645595,kg
cintron_ladder,S2_thermal_cycle,kalman,2,10.0,True,S2_thermal_cycle__kalman__seed2,464a9ded5d97e5522353c10b5f4e7d6fb82021b240fd00240425a619b73a60c1,6a7aa063ebf027f849ecd3e9c514f26b15cd0e81da553bdba217a4b021eaa2ce,76cc3775534774ea58f799ee1a64020724e5cefb,bias_kg,2.0524961515321922,kg
cintron_ladder,S2_thermal_cycle,kalman,3,10.0,True,S2_thermal_cycle__kalman__seed3,9f3ded4a30a0049ceb88c4dd85f0059c2f7ecb82b310ae3424cc48f8b5e42da5,6a7aa063ebf027f849ecd3e9c514f26b15cd0e81da553bdba217a4b021eaa2ce,76cc3775534774ea58f799ee1a64020724e5cefb,bias_kg,2.1507555543038976,kg
cintron_ladder,S3_zero_drift_walk,static_affine,1,10.0,True,S3_zero_drift_walk__static_affine__seed1,e7b981f1a695ead56faf9a26e3ac56f7cf242bda6227b5aabd270e829bc92da5,320c4e05e312df4a024a274474879a10d765f07f65ee3478b6ac1f7c31980d82,76cc3775534774ea58f799ee1a64020724e5cefb,bias_kg,-19.95975385176655,kg
cintron_ladder,S3_zero_drift_walk,static_affine,2,10.0,True,S3_zero_drift_walk__static_affine__seed2,8aaeb0ed7c28c2b0ee4c567f78a99e1728b00afc703637facbb86bff31b40b49,320c4e05e312df4a024a274474879a10d765f07f65ee3478b6ac1f7c31980d82,76cc3775534774ea58f799ee1a64020724e5cefb,bias_kg,-35.21913443683827,kg
cintron_ladder,S3_zero_drift_walk,static_affine,3,10.0,True,S3_zero_drift_walk__static_affine__seed3,b63f96c73e8c77b630930fed7883f11ae94db4991b7977259a58ca8a4af785b0,320c4e05e312df4a024a274474879a10d765f07f65ee3478b6ac1f7c31980d82,76cc3775534774ea58f799ee1a64020724e5cefb,bias_kg,-12.030422659282905,kg
cintron_ladder,S3_zero_drift_walk,rls,1,10.0,True,S3_zero_drift_walk__rls__seed1,e7b981f1a695ead56faf9a26e3ac56f7cf242bda6227b5aabd270e829bc92da5,7cfed748c1a23fa8b895d925c453ff71b8171df9f5c670346fe7006efecf7439,76cc3775534774ea58f799ee1a64020724e5cefb,bias_kg,-5.855249005001628,kg
cintron_ladder,S3_zero_drift_walk,rls,2,10.0,True,S3_zero_drift_walk__rls__seed2,8aaeb0ed7c28c2b0ee4c567f78a99e1728b00afc703637facbb86bff31b40b49,7cfed748c1a23fa8b895d925c453ff71b8171df9f5c670346fe7006efecf7439,76cc3775534774ea58f799ee1a64020724e5cefb,bias_kg,5.955008719721969,kg
cintron_ladder,S3_zero_drift_walk,rls,3,10.0,True,S3_zero_drift_walk__rls__seed3,b63f96c73e8c77b630930fed7883f11ae94db4991b7977259a58ca8a4af785b0,7cfed748c1a23fa8b895d925c453ff71b8171df9f5c670346fe7006efecf7439,76cc3775534774ea58f799ee1a64020724e5cefb,bias_kg,2.5400419538682604,kg
cintron_ladder,S3_zero_drift_walk,kalman,1,10.0,True,S3_zero_drift_walk__kalman__seed1,e7b981f1a695ead56faf9a26e3ac56f7cf242bda6227b5aabd270e829bc92da5,6a7aa063ebf027f849ecd3e9c514f26b15cd0e81da553bdba217a4b021eaa2ce,76cc3775534774ea58f799ee1a64020724e5cefb,bias_kg,-4.07147101021649,kg
cintron_ladder,S3_zero_drift_walk,kalman,2,10.0,True,S3_zero_drift_walk__kalman__seed2,8aaeb0ed7c28c2b0ee4c567f78a99e1728b00afc703637facbb86bff31b40b49,6a7aa063ebf027f849ecd3e9c514f26b15cd0e81da553bdba217a4b021eaa2ce,76cc3775534774ea58f799ee1a64020724e5cefb,bias_kg,10.06900135836122,kg
cintron_ladder,S3_zero_drift_walk,kalman,3,10.0,True,S3_zero_drift_walk__kalman__seed3,b63f96c73e8c77b630930fed7883f11ae94db4991b7977259a58ca8a4af785b0,6a7aa063ebf027f849ecd3e9c514f26b15cd0e81da553bdba217a4b021eaa2ce,76cc3775534774ea58f799ee1a64020724e5cefb,bias_kg,4.728881611436056,kg
cintron_ladder,S4_step_fault,static_affine,1,10.0,True,S4_step_fault__static_affine__seed1,2ddd431c649ca2b8ec1dd1fa3d1be7053e06b556b429fda303db43e771c49b4d,320c4e05e312df4a024a274474879a10d765f07f65ee3478b6ac1f7c31980d82,76cc3775534774ea58f799ee1a64020724e5cefb,bias_kg,6.431343737806298,kg
cintron_ladder,S4_step_fault,static_affine,2,10.0,True,S4_step_fault__static_affine__seed2,1319c874fdf7655f120c5fbb53cc4c8398e4675d47673de0fd98005d630b52b1,320c4e05e312df4a024a274474879a10d765f07f65ee3478b6ac1f7c31980d82,76cc3775534774ea58f799ee1a64020724e5cefb,bias_kg,19.006116034038186,kg
cintron_ladder,S4_step_fault,static_affine,3,10.0,True,S4_step_fault__static_affine__seed3,135fc15f1c43d85f0045c59ffbd10841f2a3be848d4153fded5d6a5d6a4e34a0,320c4e05e312df4a024a274474879a10d765f07f65ee3478b6ac1f7c31980d82,76cc3775534774ea58f799ee1a64020724e5cefb,bias_kg,25.49516072959152,kg
cintron_ladder,S4_step_fault,rls,1,10.0,True,S4_step_fault__rls__seed1,2ddd431c649ca2b8ec1dd1fa3d1be7053e06b556b429fda303db43e771c49b4d,7cfed748c1a23fa8b895d925c453ff71b8171df9f5c670346fe7006efecf7439,76cc3775534774ea58f799ee1a64020724e5cefb,bias_kg,-47.37387096810448,kg
cintron_ladder,S4_step_fault,rls,2,10.0,True,S4_step_fault__rls__seed2,1319c874fdf7655f120c5fbb53cc4c8398e4675d47673de0fd98005d630b52b1,7cfed748c1a23fa8b895d925c453ff71b8171df9f5c670346fe7006efecf7439,76cc3775534774ea58f799ee1a64020724e5cefb,bias_kg,22.175850912197067,kg
cintron_ladder,S4_step_fault,rls,3,10.0,True,S4_step_fault__rls__seed3,135fc15f1c43d85f0045c59ffbd10841f2a3be848d4153fded5d6a5d6a4e34a0,7cfed748c1a23fa8b895d925c453ff71b8171df9f5c670346fe7006efecf7439,76cc3775534774ea58f799ee1a64020724e5cefb,bias_kg,-37.06105717704966,kg
cintron_ladder,S4_step_fault,kalman,1,10.0,True,S4_step_fault__kalman__seed1,2ddd431c649ca2b8ec1dd1fa3d1be7053e06b556b429fda303db43e771c49b4d,6a7aa063ebf027f849ecd3e9c514f26b15cd0e81da553bdba217a4b021eaa2ce,76cc3775534774ea58f799ee1a64020724e5cefb,bias_kg,-30.429719464754395,kg
cintron_ladder,S4_step_fault,kalman,2,10.0,True,S4_step_fault__kalman__seed2,1319c874fdf7655f120c5fbb53cc4c8398e4675d47673de0fd98005d630b52b1,6a7aa063ebf027f849ecd3e9c514f26b15cd0e81da553bdba217a4b021eaa2ce,76cc3775534774ea58f799ee1a64020724e5cefb,bias_kg,17.611339058245747,kg
cintron_ladder,S4_step_fault,kalman,3,10.0,True,S4_step_fault__kalman__seed3,135fc15f1c43d85f0045c59ffbd10841f2a3be848d4153fded5d6a5d6a4e34a0,6a7aa063ebf027f849ecd3e9c514f26b15cd0e81da553bdba217a4b021eaa2ce,76cc3775534774ea58f799ee1a64020724e5cefb,bias_kg,-13.086133255216325,kg
cintron_ladder,S5_outage,static_affine,1,10.0,True,S5_outage__static_affine__seed1,a9fcc049f0f73db1ab44c7ca7ce4b41b05c1b293caabfeb3401f0bef2d75cce3,320c4e05e312df4a024a274474879a10d765f07f65ee3478b6ac1f7c31980d82,76cc3775534774ea58f799ee1a64020724e5cefb,bias_kg,-15.438196237905249,kg
cintron_ladder,S5_outage,static_affine,2,10.0,True,S5_outage__static_affine__seed2,1510a2663b5f63da6b5b1385333b17c9beaafcd638df3bce3262b43d051f97e1,320c4e05e312df4a024a274474879a10d765f07f65ee3478b6ac1f7c31980d82,76cc3775534774ea58f799ee1a64020724e5cefb,bias_kg,-28.644481537035297,kg
cintron_ladder,S5_outage,static_affine,3,10.0,True,S5_outage__static_affine__seed3,f84d5ae0ec8ad2f6df97000007a3d8ffecacea53aec887acf2f9adb90f328ec1,320c4e05e312df4a024a274474879a10d765f07f65ee3478b6ac1f7c31980d82,76cc3775534774ea58f799ee1a64020724e5cefb,bias_kg,-20.583718140495545,kg
cintron_ladder,S5_outage,rls,1,10.0,True,S5_outage__rls__seed1,a9fcc049f0f73db1ab44c7ca7ce4b41b05c1b293caabfeb3401f0bef2d75cce3,7cfed748c1a23fa8b895d925c453ff71b8171df9f5c670346fe7006efecf7439,76cc3775534774ea58f799ee1a64020724e5cefb,bias_kg,-16.632697804447353,kg
cintron_ladder,S5_outage,rls,2,10.0,True,S5_outage__rls__seed2,1510a2663b5f63da6b5b1385333b17c9beaafcd638df3bce3262b43d051f97e1,7cfed748c1a23fa8b895d925c453ff71b8171df9f5c670346fe7006efecf7439,76cc3775534774ea58f799ee1a64020724e5cefb,bias_kg,-12.654495140304203,kg
cintron_ladder,S5_outage,rls,3,10.0,True,S5_outage__rls__seed3,f84d5ae0ec8ad2f6df97000007a3d8ffecacea53aec887acf2f9adb90f328ec1,7cfed748c1a23fa8b895d925c453ff71b8171df9f5c670346fe7006efecf7439,76cc3775534774ea58f799ee1a64020724e5cefb,bias_kg,-17.979300713435624,kg
cintron_ladder,S5_outage,kalman,1,10.0,True,S5_outage__kalman__seed1,a9fcc049f0f73db1ab44c7ca7ce4b41b05c1b293caabfeb3401f0bef2d75cce3,6a7aa063ebf027f849ecd3e9c514f26b15cd0e81da553bdba217a4b021eaa2ce,76cc3775534774ea58f799ee1a64020724e5cefb,bias_kg,-18.407232922270772,kg
cintron_ladder,S5_outage,kalman,2,10.0,True,S5_outage__kalman__seed2,1510a2663b5f63da6b5b1385333b17c9beaafcd638df3bce3262b43d051f97e1,6a7aa063ebf027f849ecd3e9c514f26b15cd0e81da553bdba217a4b021eaa2ce,76cc3775534774ea58f799ee1a64020724e5cefb,bias_kg,-4.079602699132185,kg
cintron_ladder,S5_outage,kalman,3,10.0,True,S5_outage__kalman__seed3,f84d5ae0ec8ad2f6df97000007a3d8ffecacea53aec887acf2f9adb90f328ec1,6a7aa063ebf027f849ecd3e9c514f26b15cd0e81da553bdba217a4b021eaa2ce,76cc3775534774ea58f799ee1a64020724e5cefb,bias_kg,-9.19692345898327,kg
cintron_ladder,S6_combined,static_affine,1,10.0,True,S6_combined__static_affine__seed1,5d4f2a11ab7b925de02ef1d34875af815611f0d172cbf30a820f6e4a5db791f7,320c4e05e312df4a024a274474879a10d765f07f65ee3478b6ac1f7c31980d82,76cc3775534774ea58f799ee1a64020724e5cefb,bias_kg,15.696323556799731,kg
cintron_ladder,S6_combined,static_affine,2,10.0,True,S6_combined__static_affine__seed2,d01e5c41507ccd6868ea37a1d0993c222e5af61f3b79e1372f0aceb13bdbcf73,320c4e05e312df4a024a274474879a10d765f07f65ee3478b6ac1f7c31980d82,76cc3775534774ea58f799ee1a64020724e5cefb,bias_kg,-92.24662056417249,kg
cintron_ladder,S6_combined,static_affine,3,10.0,True,S6_combined__static_affine__seed3,023a22c68d81022af0f29d6a4d407ec5521336f357a4e5f5fbb3be2ea33f3920,320c4e05e312df4a024a274474879a10d765f07f65ee3478b6ac1f7c31980d82,76cc3775534774ea58f799ee1a64020724e5cefb,bias_kg,-25.79144720169958,kg
cintron_ladder,S6_combined,rls,1,10.0,True,S6_combined__rls__seed1,5d4f2a11ab7b925de02ef1d34875af815611f0d172cbf30a820f6e4a5db791f7,7cfed748c1a23fa8b895d925c453ff71b8171df9f5c670346fe7006efecf7439,76cc3775534774ea58f799ee1a64020724e5cefb,bias_kg,-34.04383094168109,kg
cintron_ladder,S6_combined,rls,2,10.0,True,S6_combined__rls__seed2,d01e5c41507ccd6868ea37a1d0993c222e5af61f3b79e1372f0aceb13bdbcf73,7cfed748c1a23fa8b895d925c453ff71b8171df9f5c670346fe7006efecf7439,76cc3775534774ea58f799ee1a64020724e5cefb,bias_kg,-90.79946111845982,kg
cintron_ladder,S6_combined,rls,3,10.0,True,S6_combined__rls__seed3,023a22c68d81022af0f29d6a4d407ec5521336f357a4e5f5fbb3be2ea33f3920,7cfed748c1a23fa8b895d925c453ff71b8171df9f5c670346fe7006efecf7439,76cc3775534774ea58f799ee1a64020724e5cefb,bias_kg,-15.702613002497264,kg
cintron_ladder,S6_combined,kalman,1,10.0,True,S6_combined__kalman__seed1,5d4f2a11ab7b925de02ef1d34875af815611f0d172cbf30a820f6e4a5db791f7,6a7aa063ebf027f849ecd3e9c514f26b15cd0e81da553bdba217a4b021eaa2ce,76cc3775534774ea58f799ee1a64020724e5cefb,bias_kg,-11.563805064010888,kg
cintron_ladder,S6_combined,kalman,2,10.0,True,S6_combined__kalman__seed2,d01e5c41507ccd6868ea37a1d0993c222e5af61f3b79e1372f0aceb13bdbcf73,6a7aa063ebf027f849ecd3e9c514f26b15cd0e81da553bdba217a4b021eaa2ce,76cc3775534774ea58f799ee1a64020724e5cefb,bias_kg,-48.56117408837335,kg
cintron_ladder,S6_combined,kalman,3,10.0,True,S6_combined__kalman__seed3,023a22c68d81022af0f29d6a4d407ec5521336f357a4e5f5fbb3be2ea33f3920,6a7aa063ebf027f849ecd3e9c514f26b15cd0e81da553bdba217a4b021eaa2ce,76cc3775534774ea58f799ee1a64020724e5cefb,bias_kg,-12.51809611452151,kg
cintron_ladder,S7_sparse_reference,static_affine,1,10.0,True,S7_sparse_reference__static_affine__seed1,398c721afafcfb355a753ac0cfd1ebcf65a21a6ef468740ce93012df90f00ec4,320c4e05e312df4a024a274474879a10d765f07f65ee3478b6ac1f7c31980d82,76cc3775534774ea58f799ee1a64020724e5cefb,bias_kg,-91.8826443909734,kg
cintron_ladder,S7_sparse_reference,static_affine,2,10.0,True,S7_sparse_reference__static_affine__seed2,1301d7f22942f2e6619dcc555486092a7c3c37061e6b225ed3f3da3b3ca3b132,320c4e05e312df4a024a274474879a10d765f07f65ee3478b6ac1f7c31980d82,76cc3775534774ea58f799ee1a64020724e5cefb,bias_kg,-104.48066315240861,kg
cintron_ladder,S7_sparse_reference,static_affine,3,10.0,True,S7_sparse_reference__static_affine__seed3,32e0738c82819c8cd4653a676dda0f9f67168b628ffc2846dce20179bf21a707,320c4e05e312df4a024a274474879a10d765f07f65ee3478b6ac1f7c31980d82,76cc3775534774ea58f799ee1a64020724e5cefb,bias_kg,-104.96703634592147,kg
cintron_ladder,S7_sparse_reference,rls,1,10.0,True,S7_sparse_reference__rls__seed1,398c721afafcfb355a753ac0cfd1ebcf65a21a6ef468740ce93012df90f00ec4,7cfed748c1a23fa8b895d925c453ff71b8171df9f5c670346fe7006efecf7439,76cc3775534774ea58f799ee1a64020724e5cefb,bias_kg,-24.355226371285635,kg
cintron_ladder,S7_sparse_reference,rls,2,10.0,True,S7_sparse_reference__rls__seed2,1301d7f22942f2e6619dcc555486092a7c3c37061e6b225ed3f3da3b3ca3b132,7cfed748c1a23fa8b895d925c453ff71b8171df9f5c670346fe7006efecf7439,76cc3775534774ea58f799ee1a64020724e5cefb,bias_kg,-16.645928980848144,kg
cintron_ladder,S7_sparse_reference,rls,3,10.0,True,S7_sparse_reference__rls__seed3,32e0738c82819c8cd4653a676dda0f9f67168b628ffc2846dce20179bf21a707,7cfed748c1a23fa8b895d925c453ff71b8171df9f5c670346fe7006efecf7439,76cc3775534774ea58f799ee1a64020724e5cefb,bias_kg,-36.10383236975689,kg
cintron_ladder,S7_sparse_reference,kalman,1,10.0,True,S7_sparse_reference__kalman__seed1,398c721afafcfb355a753ac0cfd1ebcf65a21a6ef468740ce93012df90f00ec4,6a7aa063ebf027f849ecd3e9c514f26b15cd0e81da553bdba217a4b021eaa2ce,76cc3775534774ea58f799ee1a64020724e5cefb,bias_kg,-15.625914883611438,kg
cintron_ladder,S7_sparse_reference,kalman,2,10.0,True,S7_sparse_reference__kalman__seed2,1301d7f22942f2e6619dcc555486092a7c3c37061e6b225ed3f3da3b3ca3b132,6a7aa063ebf027f849ecd3e9c514f26b15cd0e81da553bdba217a4b021eaa2ce,76cc3775534774ea58f799ee1a64020724e5cefb,bias_kg,-6.497728054880571,kg
cintron_ladder,S7_sparse_reference,kalman,3,10.0,True,S7_sparse_reference__kalman__seed3,32e0738c82819c8cd4653a676dda0f9f67168b628ffc2846dce20179bf21a707,6a7aa063ebf027f849ecd3e9c514f26b15cd0e81da553bdba217a4b021eaa2ce,76cc3775534774ea58f799ee1a64020724e5cefb,bias_kg,-23.459036715954987,kg
cintron_ladder,S1_nominal,static_affine,1,10.0,True,S1_nominal__static_affine__seed1,2a7e164a7e04cfa5ac607c92ecf3c4a53c40e90964e7a047230c36cd233b8751,320c4e05e312df4a024a274474879a10d765f07f65ee3478b6ac1f7c31980d82,76cc3775534774ea58f799ee1a64020724e5cefb,dynamic_floor_kg,0.0,kg
cintron_ladder,S1_nominal,static_affine,2,10.0,True,S1_nominal__static_affine__seed2,fa2ca240ac17605f28e43b1573d61379f65c20aab226bb0fcf8af13e416712a1,320c4e05e312df4a024a274474879a10d765f07f65ee3478b6ac1f7c31980d82,76cc3775534774ea58f799ee1a64020724e5cefb,dynamic_floor_kg,0.0,kg
cintron_ladder,S1_nominal,static_affine,3,10.0,True,S1_nominal__static_affine__seed3,e2bb79b9efe0975489e6c62e2c85ebeea90bcc05eddf00c5e3397cde3d2a9805,320c4e05e312df4a024a274474879a10d765f07f65ee3478b6ac1f7c31980d82,76cc3775534774ea58f799ee1a64020724e5cefb,dynamic_floor_kg,0.0,kg
cintron_ladder,S1_nominal,rls,1,10.0,True,S1_nominal__rls__seed1,2a7e164a7e04cfa5ac607c92ecf3c4a53c40e90964e7a047230c36cd233b8751,7cfed748c1a23fa8b895d925c453ff71b8171df9f5c670346fe7006efecf7439,76cc3775534774ea58f799ee1a64020724e5cefb,dynamic_floor_kg,0.0,kg
cintron_ladder,S1_nominal,rls,2,10.0,True,S1_nominal__rls__seed2,fa2ca240ac17605f28e43b1573d61379f65c20aab226bb0fcf8af13e416712a1,7cfed748c1a23fa8b895d925c453ff71b8171df9f5c670346fe7006efecf7439,76cc3775534774ea58f799ee1a64020724e5cefb,dynamic_floor_kg,0.0,kg
cintron_ladder,S1_nominal,rls,3,10.0,True,S1_nominal__rls__seed3,e2bb79b9efe0975489e6c62e2c85ebeea90bcc05eddf00c5e3397cde3d2a9805,7cfed748c1a23fa8b895d925c453ff71b8171df9f5c670346fe7006efecf7439,76cc3775534774ea58f799ee1a64020724e5cefb,dynamic_floor_kg,0.0,kg
cintron_ladder,S1_nominal,kalman,1,10.0,True,S1_nominal__kalman__seed1,2a7e164a7e04cfa5ac607c92ecf3c4a53c40e90964e7a047230c36cd233b8751,6a7aa063ebf027f849ecd3e9c514f26b15cd0e81da553bdba217a4b021eaa2ce,76cc3775534774ea58f799ee1a64020724e5cefb,dynamic_floor_kg,0.0,kg
cintron_ladder,S1_nominal,kalman,2,10.0,True,S1_nominal__kalman__seed2,fa2ca240ac17605f28e43b1573d61379f65c20aab226bb0fcf8af13e416712a1,6a7aa063ebf027f849ecd3e9c514f26b15cd0e81da553bdba217a4b021eaa2ce,76cc3775534774ea58f799ee1a64020724e5cefb,dynamic_floor_kg,0.0,kg
cintron_ladder,S1_nominal,kalman,3,10.0,True,S1_nominal__kalman__seed3,e2bb79b9efe0975489e6c62e2c85ebeea90bcc05eddf00c5e3397cde3d2a9805,6a7aa063ebf027f849ecd3e9c514f26b15cd0e81da553bdba217a4b021eaa2ce,76cc3775534774ea58f799ee1a64020724e5cefb,dynamic_floor_kg,0.0,kg
cintron_ladder,S2_thermal_cycle,static_affine,1,10.0,True,S2_thermal_cycle__static_affine__seed1,f5077dc87411ed3b1d5de66609f9ade74b2b190d2ee2584a79de6dbb70344dee,320c4e05e312df4a024a274474879a10d765f07f65ee3478b6ac1f7c31980d82,76cc3775534774ea58f799ee1a64020724e5cefb,dynamic_floor_kg,137.70675049495,kg
cintron_ladder,S2_thermal_cycle,static_affine,2,10.0,True,S2_thermal_cycle__static_affine__seed2,464a9ded5d97e5522353c10b5f4e7d6fb82021b240fd00240425a619b73a60c1,320c4e05e312df4a024a274474879a10d765f07f65ee3478b6ac1f7c31980d82,76cc3775534774ea58f799ee1a64020724e5cefb,dynamic_floor_kg,134.3557375840062,kg
cintron_ladder,S2_thermal_cycle,static_affine,3,10.0,True,S2_thermal_cycle__static_affine__seed3,9f3ded4a30a0049ceb88c4dd85f0059c2f7ecb82b310ae3424cc48f8b5e42da5,320c4e05e312df4a024a274474879a10d765f07f65ee3478b6ac1f7c31980d82,76cc3775534774ea58f799ee1a64020724e5cefb,dynamic_floor_kg,134.52501888630584,kg
cintron_ladder,S2_thermal_cycle,rls,1,10.0,True,S2_thermal_cycle__rls__seed1,f5077dc87411ed3b1d5de66609f9ade74b2b190d2ee2584a79de6dbb70344dee,7cfed748c1a23fa8b895d925c453ff71b8171df9f5c670346fe7006efecf7439,76cc3775534774ea58f799ee1a64020724e5cefb,dynamic_floor_kg,137.70675049495,kg
cintron_ladder,S2_thermal_cycle,rls,2,10.0,True,S2_thermal_cycle__rls__seed2,464a9ded5d97e5522353c10b5f4e7d6fb82021b240fd00240425a619b73a60c1,7cfed748c1a23fa8b895d925c453ff71b8171df9f5c670346fe7006efecf7439,76cc3775534774ea58f799ee1a64020724e5cefb,dynamic_floor_kg,134.3557375840062,kg
cintron_ladder,S2_thermal_cycle,rls,3,10.0,True,S2_thermal_cycle__rls__seed3,9f3ded4a30a0049ceb88c4dd85f0059c2f7ecb82b310ae3424cc48f8b5e42da5,7cfed748c1a23fa8b895d925c453ff71b8171df9f5c670346fe7006efecf7439,76cc3775534774ea58f799ee1a64020724e5cefb,dynamic_floor_kg,134.52501888630584,kg
cintron_ladder,S2_thermal_cycle,kalman,1,10.0,True,S2_thermal_cycle__kalman__seed1,f5077dc87411ed3b1d5de66609f9ade74b2b190d2ee2584a79de6dbb70344dee,6a7aa063ebf027f849ecd3e9c514f26b15cd0e81da553bdba217a4b021eaa2ce,76cc3775534774ea58f799ee1a64020724e5cefb,dynamic_floor_kg,137.70675049495,kg
cintron_ladder,S2_thermal_cycle,kalman,2,10.0,True,S2_thermal_cycle__kalman__seed2,464a9ded5d97e5522353c10b5f4e7d6fb82021b240fd00240425a619b73a60c1,6a7aa063ebf027f849ecd3e9c514f26b15cd0e81da553bdba217a4b021eaa2ce,76cc3775534774ea58f799ee1a64020724e5cefb,dynamic_floor_kg,134.3557375840062,kg
cintron_ladder,S2_thermal_cycle,kalman,3,10.0,True,S2_thermal_cycle__kalman__seed3,9f3ded4a30a0049ceb88c4dd85f0059c2f7ecb82b310ae3424cc48f8b5e42da5,6a7aa063ebf027f849ecd3e9c514f26b15cd0e81da553bdba217a4b021eaa2ce,76cc3775534774ea58f799ee1a64020724e5cefb,dynamic_floor_kg,134.52501888630584,kg
cintron_ladder,S3_zero_drift_walk,static_affine,1,10.0,True,S3_zero_drift_walk__static_affine__seed1,e7b981f1a695ead56faf9a26e3ac56f7cf242bda6227b5aabd270e829bc92da5,320c4e05e312df4a024a274474879a10d765f07f65ee3478b6ac1f7c31980d82,76cc3775534774ea58f799ee1a64020724e5cefb,dynamic_floor_kg,133.9848311074189,kg
cintron_ladder,S3_zero_drift_walk,static_affine,2,10.0,True,S3_zero_drift_walk__static_affine__seed2,8aaeb0ed7c28c2b0ee4c567f78a99e1728b00afc703637facbb86bff31b40b49,320c4e05e312df4a024a274474879a10d765f07f65ee3478b6ac1f7c31980d82,76cc3775534774ea58f799ee1a64020724e5cefb,dynamic_floor_kg,132.8151948559171,kg
cintron_ladder,S3_zero_drift_walk,static_affine,3,10.0,True,S3_zero_drift_walk__static_affine__seed3,b63f96c73e8c77b630930fed7883f11ae94db4991b7977259a58ca8a4af785b0,320c4e05e312df4a024a274474879a10d765f07f65ee3478b6ac1f7c31980d82,76cc3775534774ea58f799ee1a64020724e5cefb,dynamic_floor_kg,131.4732992922771,kg
cintron_ladder,S3_zero_drift_walk,rls,1,10.0,True,S3_zero_drift_walk__rls__seed1,e7b981f1a695ead56faf9a26e3ac56f7cf242bda6227b5aabd270e829bc92da5,7cfed748c1a23fa8b895d925c453ff71b8171df9f5c670346fe7006efecf7439,76cc3775534774ea58f799ee1a64020724e5cefb,dynamic_floor_kg,133.9848311074189,kg
cintron_ladder,S3_zero_drift_walk,rls,2,10.0,True,S3_zero_drift_walk__rls__seed2,8aaeb0ed7c28c2b0ee4c567f78a99e1728b00afc703637facbb86bff31b40b49,7cfed748c1a23fa8b895d925c453ff71b8171df9f5c670346fe7006efecf7439,76cc3775534774ea58f799ee1a64020724e5cefb,dynamic_floor_kg,132.8151948559171,kg
cintron_ladder,S3_zero_drift_walk,rls,3,10.0,True,S3_zero_drift_walk__rls__seed3,b63f96c73e8c77b630930fed7883f11ae94db4991b7977259a58ca8a4af785b0,7cfed748c1a23fa8b895d925c453ff71b8171df9f5c670346fe7006efecf7439,76cc3775534774ea58f799ee1a64020724e5cefb,dynamic_floor_kg,131.4732992922771,kg
cintron_ladder,S3_zero_drift_walk,kalman,1,10.0,True,S3_zero_drift_walk__kalman__seed1,e7b981f1a695ead56faf9a26e3ac56f7cf242bda6227b5aabd270e829bc92da5,6a7aa063ebf027f849ecd3e9c514f26b15cd0e81da553bdba217a4b021eaa2ce,76cc3775534774ea58f799ee1a64020724e5cefb,dynamic_floor_kg,133.9848311074189,kg
cintron_ladder,S3_zero_drift_walk,kalman,2,10.0,True,S3_zero_drift_walk__kalman__seed2,8aaeb0ed7c28c2b0ee4c567f78a99e1728b00afc703637facbb86bff31b40b49,6a7aa063ebf027f849ecd3e9c514f26b15cd0e81da553bdba217a4b021eaa2ce,76cc3775534774ea58f799ee1a64020724e5cefb,dynamic_floor_kg,132.8151948559171,kg
cintron_ladder,S3_zero_drift_walk,kalman,3,10.0,True,S3_zero_drift_walk__kalman__seed3,b63f96c73e8c77b630930fed7883f11ae94db4991b7977259a58ca8a4af785b0,6a7aa063ebf027f849ecd3e9c514f26b15cd0e81da553bdba217a4b021eaa2ce,76cc3775534774ea58f799ee1a64020724e5cefb,dynamic_floor_kg,131.4732992922771,kg
cintron_ladder,S4_step_fault,static_affine,1,10.0,True,S4_step_fault__static_affine__seed1,2ddd431c649ca2b8ec1dd1fa3d1be7053e06b556b429fda303db43e771c49b4d,320c4e05e312df4a024a274474879a10d765f07f65ee3478b6ac1f7c31980d82,76cc3775534774ea58f799ee1a64020724e5cefb,dynamic_floor_kg,135.85743427104407,kg
cintron_ladder,S4_step_fault,static_affine,2,10.0,True,S4_step_fault__static_affine__seed2,1319c874fdf7655f120c5fbb53cc4c8398e4675d47673de0fd98005d630b52b1,320c4e05e312df4a024a274474879a10d765f07f65ee3478b6ac1f7c31980d82,76cc3775534774ea58f799ee1a64020724e5cefb,dynamic_floor_kg,128.90500309648888,kg
cintron_ladder,S4_step_fault,static_affine,3,10.0,True,S4_step_fault__static_affine__seed3,135fc15f1c43d85f0045c59ffbd10841f2a3be848d4153fded5d6a5d6a4e34a0,320c4e05e312df4a024a274474879a10d765f07f65ee3478b6ac1f7c31980d82,76cc3775534774ea58f799ee1a64020724e5cefb,dynamic_floor_kg,127.39820939505377,kg
cintron_ladder,S4_step_fault,rls,1,10.0,True,S4_step_fault__rls__seed1,2ddd431c649ca2b8ec1dd1fa3d1be7053e06b556b429fda303db43e771c49b4d,7cfed748c1a23fa8b895d925c453ff71b8171df9f5c670346fe7006efecf7439,76cc3775534774ea58f799ee1a64020724e5cefb,dynamic_floor_kg,135.85743427104407,kg
cintron_ladder,S4_step_fault,rls,2,10.0,True,S4_step_fault__rls__seed2,1319c874fdf7655f120c5fbb53cc4c8398e4675d47673de0fd98005d630b52b1,7cfed748c1a23fa8b895d925c453ff71b8171df9f5c670346fe7006efecf7439,76cc3775534774ea58f799ee1a64020724e5cefb,dynamic_floor_kg,128.90500309648888,kg
cintron_ladder,S4_step_fault,rls,3,10.0,True,S4_step_fault__rls__seed3,135fc15f1c43d85f0045c59ffbd10841f2a3be848d4153fded5d6a5d6a4e34a0,7cfed748c1a23fa8b895d925c453ff71b8171df9f5c670346fe7006efecf7439,76cc3775534774ea58f799ee1a64020724e5cefb,dynamic_floor_kg,127.39820939505377,kg
cintron_ladder,S4_step_fault,kalman,1,10.0,True,S4_step_fault__kalman__seed1,2ddd431c649ca2b8ec1dd1fa3d1be7053e06b556b429fda303db43e771c49b4d,6a7aa063ebf027f849ecd3e9c514f26b15cd0e81da553bdba217a4b021eaa2ce,76cc3775534774ea58f799ee1a64020724e5cefb,dynamic_floor_kg,135.85743427104407,kg
cintron_ladder,S4_step_fault,kalman,2,10.0,True,S4_step_fault__kalman__seed2,1319c874fdf7655f120c5fbb53cc4c8398e4675d47673de0fd98005d630b52b1,6a7aa063ebf027f849ecd3e9c514f26b15cd0e81da553bdba217a4b021eaa2ce,76cc3775534774ea58f799ee1a64020724e5cefb,dynamic_floor_kg,128.90500309648888,kg
cintron_ladder,S4_step_fault,kalman,3,10.0,True,S4_step_fault__kalman__seed3,135fc15f1c43d85f0045c59ffbd10841f2a3be848d4153fded5d6a5d6a4e34a0,6a7aa063ebf027f849ecd3e9c514f26b15cd0e81da553bdba217a4b021eaa2ce,76cc3775534774ea58f799ee1a64020724e5cefb,dynamic_floor_kg,127.39820939505377,kg
cintron_ladder,S5_outage,static_affine,1,10.0,True,S5_outage__static_affine__seed1,a9fcc049f0f73db1ab44c7ca7ce4b41b05c1b293caabfeb3401f0bef2d75cce3,320c4e05e312df4a024a274474879a10d765f07f65ee3478b6ac1f7c31980d82,76cc3775534774ea58f799ee1a64020724e5cefb,dynamic_floor_kg,130.5678942631274,kg
cintron_ladder,S5_outage,static_affine,2,10.0,True,S5_outage__static_affine__seed2,1510a2663b5f63da6b5b1385333b17c9beaafcd638df3bce3262b43d051f97e1,320c4e05e312df4a024a274474879a10d765f07f65ee3478b6ac1f7c31980d82,76cc3775534774ea58f799ee1a64020724e5cefb,dynamic_floor_kg,126.54905662748858,kg
cintron_ladder,S5_outage,static_affine,3,10.0,True,S5_outage__static_affine__seed3,f84d5ae0ec8ad2f6df97000007a3d8ffecacea53aec887acf2f9adb90f328ec1,320c4e05e312df4a024a274474879a10d765f07f65ee3478b6ac1f7c31980d82,76cc3775534774ea58f799ee1a64020724e5cefb,dynamic_floor_kg,123.92683214668716,kg
cintron_ladder,S5_outage,rls,1,10.0,True,S5_outage__rls__seed1,a9fcc049f0f73db1ab44c7ca7ce4b41b05c1b293caabfeb3401f0bef2d75cce3,7cfed748c1a23fa8b895d925c453ff71b8171df9f5c670346fe7006efecf7439,76cc3775534774ea58f799ee1a64020724e5cefb,dynamic_floor_kg,130.5678942631274,kg
cintron_ladder,S5_outage,rls,2,10.0,True,S5_outage__rls__seed2,1510a2663b5f63da6b5b1385333b17c9beaafcd638df3bce3262b43d051f97e1,7cfed748c1a23fa8b895d925c453ff71b8171df9f5c670346fe7006efecf7439,76cc3775534774ea58f799ee1a64020724e5cefb,dynamic_floor_kg,126.54905662748858,kg
cintron_ladder,S5_outage,rls,3,10.0,True,S5_outage__rls__seed3,f84d5ae0ec8ad2f6df97000007a3d8ffecacea53aec887acf2f9adb90f328ec1,7cfed748c1a23fa8b895d925c453ff71b8171df9f5c670346fe7006efecf7439,76cc3775534774ea58f799ee1a64020724e5cefb,dynamic_floor_kg,123.92683214668716,kg
cintron_ladder,S5_outage,kalman,1,10.0,True,S5_outage__kalman__seed1,a9fcc049f0f73db1ab44c7ca7ce4b41b05c1b293caabfeb3401f0bef2d75cce3,6a7aa063ebf027f849ecd3e9c514f26b15cd0e81da553bdba217a4b021eaa2ce,76cc3775534774ea58f799ee1a64020724e5cefb,dynamic_floor_kg,130.5678942631274,kg
cintron_ladder,S5_outage,kalman,2,10.0,True,S5_outage__kalman__seed2,1510a2663b5f63da6b5b1385333b17c9beaafcd638df3bce3262b43d051f97e1,6a7aa063ebf027f849ecd3e9c514f26b15cd0e81da553bdba217a4b021eaa2ce,76cc3775534774ea58f799ee1a64020724e5cefb,dynamic_floor_kg,126.54905662748858,kg
cintron_ladder,S5_outage,kalman,3,10.0,True,S5_outage__kalman__seed3,f84d5ae0ec8ad2f6df97000007a3d8ffecacea53aec887acf2f9adb90f328ec1,6a7aa063ebf027f849ecd3e9c514f26b15cd0e81da553bdba217a4b021eaa2ce,76cc3775534774ea58f799ee1a64020724e5cefb,dynamic_floor_kg,123.92683214668716,kg
cintron_ladder,S6_combined,static_affine,1,10.0,True,S6_combined__static_affine__seed1,5d4f2a11ab7b925de02ef1d34875af815611f0d172cbf30a820f6e4a5db791f7,320c4e05e312df4a024a274474879a10d765f07f65ee3478b6ac1f7c31980d82,76cc3775534774ea58f799ee1a64020724e5cefb,dynamic_floor_kg,193.86933140477032,kg
cintron_ladder,S6_combined,static_affine,2,10.0,True,S6_combined__static_affine__seed2,d01e5c41507ccd6868ea37a1d0993c222e5af61f3b79e1372f0aceb13bdbcf73,320c4e05e312df4a024a274474879a10d765f07f65ee3478b6ac1f7c31980d82,76cc3775534774ea58f799ee1a64020724e5cefb,dynamic_floor_kg,185.53295103752538,kg
cintron_ladder,S6_combined,static_affine,3,10.0,True,S6_combined__static_affine__seed3,023a22c68d81022af0f29d6a4d407ec5521336f357a4e5f5fbb3be2ea33f3920,320c4e05e312df4a024a274474879a10d765f07f65ee3478b6ac1f7c31980d82,76cc3775534774ea58f799ee1a64020724e5cefb,dynamic_floor_kg,183.73314043441022,kg
cintron_ladder,S6_combined,rls,1,10.0,True,S6_combined__rls__seed1,5d4f2a11ab7b925de02ef1d34875af815611f0d172cbf30a820f6e4a5db791f7,7cfed748c1a23fa8b895d925c453ff71b8171df9f5c670346fe7006efecf7439,76cc3775534774ea58f799ee1a64020724e5cefb,dynamic_floor_kg,193.86933140477032,kg
cintron_ladder,S6_combined,rls,2,10.0,True,S6_combined__rls__seed2,d01e5c41507ccd6868ea37a1d0993c222e5af61f3b79e1372f0aceb13bdbcf73,7cfed748c1a23fa8b895d925c453ff71b8171df9f5c670346fe7006efecf7439,76cc3775534774ea58f799ee1a64020724e5cefb,dynamic_floor_kg,185.53295103752538,kg
cintron_ladder,S6_combined,rls,3,10.0,True,S6_combined__rls__seed3,023a22c68d81022af0f29d6a4d407ec5521336f357a4e5f5fbb3be2ea33f3920,7cfed748c1a23fa8b895d925c453ff71b8171df9f5c670346fe7006efecf7439,76cc3775534774ea58f799ee1a64020724e5cefb,dynamic_floor_kg,183.73314043441022,kg
cintron_ladder,S6_combined,kalman,1,10.0,True,S6_combined__kalman__seed1,5d4f2a11ab7b925de02ef1d34875af815611f0d172cbf30a820f6e4a5db791f7,6a7aa063ebf027f849ecd3e9c514f26b15cd0e81da553bdba217a4b021eaa2ce,76cc3775534774ea58f799ee1a64020724e5cefb,dynamic_floor_kg,193.86933140477032,kg
cintron_ladder,S6_combined,kalman,2,10.0,True,S6_combined__kalman__seed2,d01e5c41507ccd6868ea37a1d0993c222e5af61f3b79e1372f0aceb13bdbcf73,6a7aa063ebf027f849ecd3e9c514f26b15cd0e81da553bdba217a4b021eaa2ce,76cc3775534774ea58f799ee1a64020724e5cefb,dynamic_floor_kg,185.53295103752538,kg
cintron_ladder,S6_combined,kalman,3,10.0,True,S6_combined__kalman__seed3,023a22c68d81022af0f29d6a4d407ec5521336f357a4e5f5fbb3be2ea33f3920,6a7aa063ebf027f849ecd3e9c514f26b15cd0e81da553bdba217a4b021eaa2ce,76cc3775534774ea58f799ee1a64020724e5cefb,dynamic_floor_kg,183.73314043441022,kg
cintron_ladder,S7_sparse_reference,static_affine,1,10.0,True,S7_sparse_reference__static_affine__seed1,398c721afafcfb355a753ac0cfd1ebcf65a21a6ef468740ce93012df90f00ec4,320c4e05e312df4a024a274474879a10d765f07f65ee3478b6ac1f7c31980d82,76cc3775534774ea58f799ee1a64020724e5cefb,dynamic_floor_kg,158.1217684016896,kg
cintron_ladder,S7_sparse_reference,static_affine,2,10.0,True,S7_sparse_reference__static_affine__seed2,1301d7f22942f2e6619dcc555486092a7c3c37061e6b225ed3f3da3b3ca3b132,320c4e05e312df4a024a274474879a10d765f07f65ee3478b6ac1f7c31980d82,76cc3775534774ea58f799ee1a64020724e5cefb,dynamic_floor_kg,158.25928784815767,kg
cintron_ladder,S7_sparse_reference,static_affine,3,10.0,True,S7_sparse_reference__static_affine__seed3,32e0738c82819c8cd4653a676dda0f9f67168b628ffc2846dce20179bf21a707,320c4e05e312df4a024a274474879a10d765f07f65ee3478b6ac1f7c31980d82,76cc3775534774ea58f799ee1a64020724e5cefb,dynamic_floor_kg,153.42872139030092,kg
cintron_ladder,S7_sparse_reference,rls,1,10.0,True,S7_sparse_reference__rls__seed1,398c721afafcfb355a753ac0cfd1ebcf65a21a6ef468740ce93012df90f00ec4,7cfed748c1a23fa8b895d925c453ff71b8171df9f5c670346fe7006efecf7439,76cc3775534774ea58f799ee1a64020724e5cefb,dynamic_floor_kg,158.1217684016896,kg
cintron_ladder,S7_sparse_reference,rls,2,10.0,True,S7_sparse_reference__rls__seed2,1301d7f22942f2e6619dcc555486092a7c3c37061e6b225ed3f3da3b3ca3b132,7cfed748c1a23fa8b895d925c453ff71b8171df9f5c670346fe7006efecf7439,76cc3775534774ea58f799ee1a64020724e5cefb,dynamic_floor_kg,158.25928784815767,kg
cintron_ladder,S7_sparse_reference,rls,3,10.0,True,S7_sparse_reference__rls__seed3,32e0738c82819c8cd4653a676dda0f9f67168b628ffc2846dce20179bf21a707,7cfed748c1a23fa8b895d925c453ff71b8171df9f5c670346fe7006efecf7439,76cc3775534774ea58f799ee1a64020724e5cefb,dynamic_floor_kg,153.42872139030092,kg
cintron_ladder,S7_sparse_reference,kalman,1,10.0,True,S7_sparse_reference__kalman__seed1,398c721afafcfb355a753ac0cfd1ebcf65a21a6ef468740ce93012df90f00ec4,6a7aa063ebf027f849ecd3e9c514f26b15cd0e81da553bdba217a4b021eaa2ce,76cc3775534774ea58f799ee1a64020724e5cefb,dynamic_floor_kg,158.1217684016896,kg
cintron_ladder,S7_sparse_reference,kalman,2,10.0,True,S7_sparse_reference__kalman__seed2,1301d7f22942f2e6619dcc555486092a7c3c37061e6b225ed3f3da3b3ca3b132,6a7aa063ebf027f849ecd3e9c514f26b15cd0e81da553bdba217a4b021eaa2ce,76cc3775534774ea58f799ee1a64020724e5cefb,dynamic_floor_kg,158.25928784815767,kg
cintron_ladder,S7_sparse_reference,kalman,3,10.0,True,S7_sparse_reference__kalman__seed3,32e0738c82819c8cd4653a676dda0f9f67168b628ffc2846dce20179bf21a707,6a7aa063ebf027f849ecd3e9c514f26b15cd0e81da553bdba217a4b021eaa2ce,76cc3775534774ea58f799ee1a64020724e5cefb,dynamic_floor_kg,153.42872139030092,kg
cintron_ladder,S1_nominal,static_affine,1,10.0,True,S1_nominal__static_affine__seed1,2a7e164a7e04cfa5ac607c92ecf3c4a53c40e90964e7a047230c36cd233b8751,320c4e05e312df4a024a274474879a10d765f07f65ee3478b6ac1f7c31980d82,76cc3775534774ea58f799ee1a64020724e5cefb,mean_interval_width_kg,223.6561103508842,kg
cintron_ladder,S1_nominal,static_affine,2,10.0,True,S1_nominal__static_affine__seed2,fa2ca240ac17605f28e43b1573d61379f65c20aab226bb0fcf8af13e416712a1,320c4e05e312df4a024a274474879a10d765f07f65ee3478b6ac1f7c31980d82,76cc3775534774ea58f799ee1a64020724e5cefb,mean_interval_width_kg,201.5909247888687,kg
cintron_ladder,S1_nominal,static_affine,3,10.0,True,S1_nominal__static_affine__seed3,e2bb79b9efe0975489e6c62e2c85ebeea90bcc05eddf00c5e3397cde3d2a9805,320c4e05e312df4a024a274474879a10d765f07f65ee3478b6ac1f7c31980d82,76cc3775534774ea58f799ee1a64020724e5cefb,mean_interval_width_kg,199.0557390635138,kg
cintron_ladder,S1_nominal,rls,1,10.0,True,S1_nominal__rls__seed1,2a7e164a7e04cfa5ac607c92ecf3c4a53c40e90964e7a047230c36cd233b8751,7cfed748c1a23fa8b895d925c453ff71b8171df9f5c670346fe7006efecf7439,76cc3775534774ea58f799ee1a64020724e5cefb,mean_interval_width_kg,219.33062846277602,kg
cintron_ladder,S1_nominal,rls,2,10.0,True,S1_nominal__rls__seed2,fa2ca240ac17605f28e43b1573d61379f65c20aab226bb0fcf8af13e416712a1,7cfed748c1a23fa8b895d925c453ff71b8171df9f5c670346fe7006efecf7439,76cc3775534774ea58f799ee1a64020724e5cefb,mean_interval_width_kg,203.69007568416666,kg
cintron_ladder,S1_nominal,rls,3,10.0,True,S1_nominal__rls__seed3,e2bb79b9efe0975489e6c62e2c85ebeea90bcc05eddf00c5e3397cde3d2a9805,7cfed748c1a23fa8b895d925c453ff71b8171df9f5c670346fe7006efecf7439,76cc3775534774ea58f799ee1a64020724e5cefb,mean_interval_width_kg,194.6470331621014,kg
cintron_ladder,S1_nominal,kalman,1,10.0,True,S1_nominal__kalman__seed1,2a7e164a7e04cfa5ac607c92ecf3c4a53c40e90964e7a047230c36cd233b8751,6a7aa063ebf027f849ecd3e9c514f26b15cd0e81da553bdba217a4b021eaa2ce,76cc3775534774ea58f799ee1a64020724e5cefb,mean_interval_width_kg,219.20818945628625,kg
cintron_ladder,S1_nominal,kalman,2,10.0,True,S1_nominal__kalman__seed2,fa2ca240ac17605f28e43b1573d61379f65c20aab226bb0fcf8af13e416712a1,6a7aa063ebf027f849ecd3e9c514f26b15cd0e81da553bdba217a4b021eaa2ce,76cc3775534774ea58f799ee1a64020724e5cefb,mean_interval_width_kg,207.16587596607786,kg
cintron_ladder,S1_nominal,kalman,3,10.0,True,S1_nominal__kalman__seed3,e2bb79b9efe0975489e6c62e2c85ebeea90bcc05eddf00c5e3397cde3d2a9805,6a7aa063ebf027f849ecd3e9c514f26b15cd0e81da553bdba217a4b021eaa2ce,76cc3775534774ea58f799ee1a64020724e5cefb,mean_interval_width_kg,195.80415216493222,kg
cintron_ladder,S2_thermal_cycle,static_affine,1,10.0,True,S2_thermal_cycle__static_affine__seed1,f5077dc87411ed3b1d5de66609f9ade74b2b190d2ee2584a79de6dbb70344dee,320c4e05e312df4a024a274474879a10d765f07f65ee3478b6ac1f7c31980d82,76cc3775534774ea58f799ee1a64020724e5cefb,mean_interval_width_kg,1231.024148376015,kg
cintron_ladder,S2_thermal_cycle,static_affine,2,10.0,True,S2_thermal_cycle__static_affine__seed2,464a9ded5d97e5522353c10b5f4e7d6fb82021b240fd00240425a619b73a60c1,320c4e05e312df4a024a274474879a10d765f07f65ee3478b6ac1f7c31980d82,76cc3775534774ea58f799ee1a64020724e5cefb,mean_interval_width_kg,1286.26826933085,kg
cintron_ladder,S2_thermal_cycle,static_affine,3,10.0,True,S2_thermal_cycle__static_affine__seed3,9f3ded4a30a0049ceb88c4dd85f0059c2f7ecb82b310ae3424cc48f8b5e42da5,320c4e05e312df4a024a274474879a10d765f07f65ee3478b6ac1f7c31980d82,76cc3775534774ea58f799ee1a64020724e5cefb,mean_interval_width_kg,1153.8519557012676,kg
cintron_ladder,S2_thermal_cycle,rls,1,10.0,True,S2_thermal_cycle__rls__seed1,f5077dc87411ed3b1d5de66609f9ade74b2b190d2ee2584a79de6dbb70344dee,7cfed748c1a23fa8b895d925c453ff71b8171df9f5c670346fe7006efecf7439,76cc3775534774ea58f799ee1a64020724e5cefb,mean_interval_width_kg,1225.518368840873,kg
cintron_ladder,S2_thermal_cycle,rls,2,10.0,True,S2_thermal_cycle__rls__seed2,464a9ded5d97e5522353c10b5f4e7d6fb82021b240fd00240425a619b73a60c1,7cfed748c1a23fa8b895d925c453ff71b8171df9f5c670346fe7006efecf7439,76cc3775534774ea58f799ee1a64020724e5cefb,mean_interval_width_kg,1288.7682404983004,kg
cintron_ladder,S2_thermal_cycle,rls,3,10.0,True,S2_thermal_cycle__rls__seed3,9f3ded4a30a0049ceb88c4dd85f0059c2f7ecb82b310ae3424cc48f8b5e42da5,7cfed748c1a23fa8b895d925c453ff71b8171df9f5c670346fe7006efecf7439,76cc3775534774ea58f799ee1a64020724e5cefb,mean_interval_width_kg,1161.2888367043122,kg
cintron_ladder,S2_thermal_cycle,kalman,1,10.0,True,S2_thermal_cycle__kalman__seed1,f5077dc87411ed3b1d5de66609f9ade74b2b190d2ee2584a79de6dbb70344dee,6a7aa063ebf027f849ecd3e9c514f26b15cd0e81da553bdba217a4b021eaa2ce,76cc3775534774ea58f799ee1a64020724e5cefb,mean_interval_width_kg,1310.9633877807025,kg
cintron_ladder,S2_thermal_cycle,kalman,2,10.0,True,S2_thermal_cycle__kalman__seed2,464a9ded5d97e5522353c10b5f4e7d6fb82021b240fd00240425a619b73a60c1,6a7aa063ebf027f849ecd3e9c514f26b15cd0e81da553bdba217a4b021eaa2ce,76cc3775534774ea58f799ee1a64020724e5cefb,mean_interval_width_kg,1313.1297473932743,kg
cintron_ladder,S2_thermal_cycle,kalman,3,10.0,True,S2_thermal_cycle__kalman__seed3,9f3ded4a30a0049ceb88c4dd85f0059c2f7ecb82b310ae3424cc48f8b5e42da5,6a7aa063ebf027f849ecd3e9c514f26b15cd0e81da553bdba217a4b021eaa2ce,76cc3775534774ea58f799ee1a64020724e5cefb,mean_interval_width_kg,1190.7270112143651,kg
cintron_ladder,S3_zero_drift_walk,static_affine,1,10.0,True,S3_zero_drift_walk__static_affine__seed1,e7b981f1a695ead56faf9a26e3ac56f7cf242bda6227b5aabd270e829bc92da5,320c4e05e312df4a024a274474879a10d765f07f65ee3478b6ac1f7c31980d82,76cc3775534774ea58f799ee1a64020724e5cefb,mean_interval_width_kg,1417.1322620561082,kg
cintron_ladder,S3_zero_drift_walk,static_affine,2,10.0,True,S3_zero_drift_walk__static_affine__seed2,8aaeb0ed7c28c2b0ee4c567f78a99e1728b00afc703637facbb86bff31b40b49,320c4e05e312df4a024a274474879a10d765f07f65ee3478b6ac1f7c31980d82,76cc3775534774ea58f799ee1a64020724e5cefb,mean_interval_width_kg,1226.024829823066,kg
cintron_ladder,S3_zero_drift_walk,static_affine,3,10.0,True,S3_zero_drift_walk__static_affine__seed3,b63f96c73e8c77b630930fed7883f11ae94db4991b7977259a58ca8a4af785b0,320c4e05e312df4a024a274474879a10d765f07f65ee3478b6ac1f7c31980d82,76cc3775534774ea58f799ee1a64020724e5cefb,mean_interval_width_kg,1121.9608459297972,kg
cintron_ladder,S3_zero_drift_walk,rls,1,10.0,True,S3_zero_drift_walk__rls__seed1,e7b981f1a695ead56faf9a26e3ac56f7cf242bda6227b5aabd270e829bc92da5,7cfed748c1a23fa8b895d925c453ff71b8171df9f5c670346fe7006efecf7439,76cc3775534774ea58f799ee1a64020724e5cefb,mean_interval_width_kg,1419.8084624970347,kg
cintron_ladder,S3_zero_drift_walk,rls,2,10.0,True,S3_zero_drift_walk__rls__seed2,8aaeb0ed7c28c2b0ee4c567f78a99e1728b00afc703637facbb86bff31b40b49,7cfed748c1a23fa8b895d925c453ff71b8171df9f5c670346fe7006efecf7439,76cc3775534774ea58f799ee1a64020724e5cefb,mean_interval_width_kg,1196.919200237733,kg
cintron_ladder,S3_zero_drift_walk,rls,3,10.0,True,S3_zero_drift_walk__rls__seed3,b63f96c73e8c77b630930fed7883f11ae94db4991b7977259a58ca8a4af785b0,7cfed748c1a23fa8b895d925c453ff71b8171df9f5c670346fe7006efecf7439,76cc3775534774ea58f799ee1a64020724e5cefb,mean_interval_width_kg,1129.3874687505406,kg
cintron_ladder,S3_zero_drift_walk,kalman,1,10.0,True,S3_zero_drift_walk__kalman__seed1,e7b981f1a695ead56faf9a26e3ac56f7cf242bda6227b5aabd270e829bc92da5,6a7aa063ebf027f849ecd3e9c514f26b15cd0e81da553bdba217a4b021eaa2ce,76cc3775534774ea58f799ee1a64020724e5cefb,mean_interval_width_kg,1454.9432989423744,kg
cintron_ladder,S3_zero_drift_walk,kalman,2,10.0,True,S3_zero_drift_walk__kalman__seed2,8aaeb0ed7c28c2b0ee4c567f78a99e1728b00afc703637facbb86bff31b40b49,6a7aa063ebf027f849ecd3e9c514f26b15cd0e81da553bdba217a4b021eaa2ce,76cc3775534774ea58f799ee1a64020724e5cefb,mean_interval_width_kg,1219.8042485674657,kg
cintron_ladder,S3_zero_drift_walk,kalman,3,10.0,True,S3_zero_drift_walk__kalman__seed3,b63f96c73e8c77b630930fed7883f11ae94db4991b7977259a58ca8a4af785b0,6a7aa063ebf027f849ecd3e9c514f26b15cd0e81da553bdba217a4b021eaa2ce,76cc3775534774ea58f799ee1a64020724e5cefb,mean_interval_width_kg,1185.9388139928676,kg
cintron_ladder,S4_step_fault,static_affine,1,10.0,True,S4_step_fault__static_affine__seed1,2ddd431c649ca2b8ec1dd1fa3d1be7053e06b556b429fda303db43e771c49b4d,320c4e05e312df4a024a274474879a10d765f07f65ee3478b6ac1f7c31980d82,76cc3775534774ea58f799ee1a64020724e5cefb,mean_interval_width_kg,1388.3266353839633,kg
cintron_ladder,S4_step_fault,static_affine,2,10.0,True,S4_step_fault__static_affine__seed2,1319c874fdf7655f120c5fbb53cc4c8398e4675d47673de0fd98005d630b52b1,320c4e05e312df4a024a274474879a10d765f07f65ee3478b6ac1f7c31980d82,76cc3775534774ea58f799ee1a64020724e5cefb,mean_interval_width_kg,1177.8160755400447,kg
cintron_ladder,S4_step_fault,static_affine,3,10.0,True,S4_step_fault__static_affine__seed3,135fc15f1c43d85f0045c59ffbd10841f2a3be848d4153fded5d6a5d6a4e34a0,320c4e05e312df4a024a274474879a10d765f07f65ee3478b6ac1f7c31980d82,76cc3775534774ea58f799ee1a64020724e5cefb,mean_interval_width_kg,1257.4171021785044,kg
cintron_ladder,S4_step_fault,rls,1,10.0,True,S4_step_fault__rls__seed1,2ddd431c649ca2b8ec1dd1fa3d1be7053e06b556b429fda303db43e771c49b4d,7cfed748c1a23fa8b895d925c453ff71b8171df9f5c670346fe7006efecf7439,76cc3775534774ea58f799ee1a64020724e5cefb,mean_interval_width_kg,1397.3055246675547,kg
cintron_ladder,S4_step_fault,rls,2,10.0,True,S4_step_fault__rls__seed2,1319c874fdf7655f120c5fbb53cc4c8398e4675d47673de0fd98005d630b52b1,7cfed748c1a23fa8b895d925c453ff71b8171df9f5c670346fe7006efecf7439,76cc3775534774ea58f799ee1a64020724e5cefb,mean_interval_width_kg,1163.4375551307662,kg
cintron_ladder,S4_step_fault,rls,3,10.0,True,S4_step_fault__rls__seed3,135fc15f1c43d85f0045c59ffbd10841f2a3be848d4153fded5d6a5d6a4e34a0,7cfed748c1a23fa8b895d925c453ff71b8171df9f5c670346fe7006efecf7439,76cc3775534774ea58f799ee1a64020724e5cefb,mean_interval_width_kg,1085.2065950381132,kg
cintron_ladder,S4_step_fault,kalman,1,10.0,True,S4_step_fault__kalman__seed1,2ddd431c649ca2b8ec1dd1fa3d1be7053e06b556b429fda303db43e771c49b4d,6a7aa063ebf027f849ecd3e9c514f26b15cd0e81da553bdba217a4b021eaa2ce,76cc3775534774ea58f799ee1a64020724e5cefb,mean_interval_width_kg,1609.2168452452174,kg
cintron_ladder,S4_step_fault,kalman,2,10.0,True,S4_step_fault__kalman__seed2,1319c874fdf7655f120c5fbb53cc4c8398e4675d47673de0fd98005d630b52b1,6a7aa063ebf027f849ecd3e9c514f26b15cd0e81da553bdba217a4b021eaa2ce,76cc3775534774ea58f799ee1a64020724e5cefb,mean_interval_width_kg,1346.3986024353974,kg
cintron_ladder,S4_step_fault,kalman,3,10.0,True,S4_step_fault__kalman__seed3,135fc15f1c43d85f0045c59ffbd10841f2a3be848d4153fded5d6a5d6a4e34a0,6a7aa063ebf027f849ecd3e9c514f26b15cd0e81da553bdba217a4b021eaa2ce,76cc3775534774ea58f799ee1a64020724e5cefb,mean_interval_width_kg,1182.7518473064893,kg
cintron_ladder,S5_outage,static_affine,1,10.0,True,S5_outage__static_affine__seed1,a9fcc049f0f73db1ab44c7ca7ce4b41b05c1b293caabfeb3401f0bef2d75cce3,320c4e05e312df4a024a274474879a10d765f07f65ee3478b6ac1f7c31980d82,76cc3775534774ea58f799ee1a64020724e5cefb,mean_interval_width_kg,1217.0682734220334,kg
cintron_ladder,S5_outage,static_affine,2,10.0,True,S5_outage__static_affine__seed2,1510a2663b5f63da6b5b1385333b17c9beaafcd638df3bce3262b43d051f97e1,320c4e05e312df4a024a274474879a10d765f07f65ee3478b6ac1f7c31980d82,76cc3775534774ea58f799ee1a64020724e5cefb,mean_interval_width_kg,1331.1042437879178,kg
cintron_ladder,S5_outage,static_affine,3,10.0,True,S5_outage__static_affine__seed3,f84d5ae0ec8ad2f6df97000007a3d8ffecacea53aec887acf2f9adb90f328ec1,320c4e05e312df4a024a274474879a10d765f07f65ee3478b6ac1f7c31980d82,76cc3775534774ea58f799ee1a64020724e5cefb,mean_interval_width_kg,1037.6603034711115,kg
cintron_ladder,S5_outage,rls,1,10.0,True,S5_outage__rls__seed1,a9fcc049f0f73db1ab44c7ca7ce4b41b05c1b293caabfeb3401f0bef2d75cce3,7cfed748c1a23fa8b895d925c453ff71b8171df9f5c670346fe7006efecf7439,76cc3775534774ea58f799ee1a64020724e5cefb,mean_interval_width_kg,1242.523327239123,kg
cintron_ladder,S5_outage,rls,2,10.0,True,S5_outage__rls__seed2,1510a2663b5f63da6b5b1385333b17c9beaafcd638df3bce3262b43d051f97e1,7cfed748c1a23fa8b895d925c453ff71b8171df9f5c670346fe7006efecf7439,76cc3775534774ea58f799ee1a64020724e5cefb,mean_interval_width_kg,1300.405735387687,kg
cintron_ladder,S5_outage,rls,3,10.0,True,S5_outage__rls__seed3,f84d5ae0ec8ad2f6df97000007a3d8ffecacea53aec887acf2f9adb90f328ec1,7cfed748c1a23fa8b895d925c453ff71b8171df9f5c670346fe7006efecf7439,76cc3775534774ea58f799ee1a64020724e5cefb,mean_interval_width_kg,1029.1574329824023,kg
cintron_ladder,S5_outage,kalman,1,10.0,True,S5_outage__kalman__seed1,a9fcc049f0f73db1ab44c7ca7ce4b41b05c1b293caabfeb3401f0bef2d75cce3,6a7aa063ebf027f849ecd3e9c514f26b15cd0e81da553bdba217a4b021eaa2ce,76cc3775534774ea58f799ee1a64020724e5cefb,mean_interval_width_kg,1687.195492296661,kg
cintron_ladder,S5_outage,kalman,2,10.0,True,S5_outage__kalman__seed2,1510a2663b5f63da6b5b1385333b17c9beaafcd638df3bce3262b43d051f97e1,6a7aa063ebf027f849ecd3e9c514f26b15cd0e81da553bdba217a4b021eaa2ce,76cc3775534774ea58f799ee1a64020724e5cefb,mean_interval_width_kg,1450.5112747158096,kg
cintron_ladder,S5_outage,kalman,3,10.0,True,S5_outage__kalman__seed3,f84d5ae0ec8ad2f6df97000007a3d8ffecacea53aec887acf2f9adb90f328ec1,6a7aa063ebf027f849ecd3e9c514f26b15cd0e81da553bdba217a4b021eaa2ce,76cc3775534774ea58f799ee1a64020724e5cefb,mean_interval_width_kg,1110.972432957419,kg
cintron_ladder,S6_combined,static_affine,1,10.0,True,S6_combined__static_affine__seed1,5d4f2a11ab7b925de02ef1d34875af815611f0d172cbf30a820f6e4a5db791f7,320c4e05e312df4a024a274474879a10d765f07f65ee3478b6ac1f7c31980d82,76cc3775534774ea58f799ee1a64020724e5cefb,mean_interval_width_kg,1756.2478742663593,kg
cintron_ladder,S6_combined,static_affine,2,10.0,True,S6_combined__static_affine__seed2,d01e5c41507ccd6868ea37a1d0993c222e5af61f3b79e1372f0aceb13bdbcf73,320c4e05e312df4a024a274474879a10d765f07f65ee3478b6ac1f7c31980d82,76cc3775534774ea58f799ee1a64020724e5cefb,mean_interval_width_kg,1493.5157996071894,kg
cintron_ladder,S6_combined,static_affine,3,10.0,True,S6_combined__static_affine__seed3,023a22c68d81022af0f29d6a4d407ec5521336f357a4e5f5fbb3be2ea33f3920,320c4e05e312df4a024a274474879a10d765f07f65ee3478b6ac1f7c31980d82,76cc3775534774ea58f799ee1a64020724e5cefb,mean_interval_width_kg,1497.5036490223777,kg
cintron_ladder,S6_combined,rls,1,10.0,True,S6_combined__rls__seed1,5d4f2a11ab7b925de02ef1d34875af815611f0d172cbf30a820f6e4a5db791f7,7cfed748c1a23fa8b895d925c453ff71b8171df9f5c670346fe7006efecf7439,76cc3775534774ea58f799ee1a64020724e5cefb,mean_interval_width_kg,1722.5986890937666,kg
cintron_ladder,S6_combined,rls,2,10.0,True,S6_combined__rls__seed2,d01e5c41507ccd6868ea37a1d0993c222e5af61f3b79e1372f0aceb13bdbcf73,7cfed748c1a23fa8b895d925c453ff71b8171df9f5c670346fe7006efecf7439,76cc3775534774ea58f799ee1a64020724e5cefb,mean_interval_width_kg,1423.5592210648697,kg
cintron_ladder,S6_combined,rls,3,10.0,True,S6_combined__rls__seed3,023a22c68d81022af0f29d6a4d407ec5521336f357a4e5f5fbb3be2ea33f3920,7cfed748c1a23fa8b895d925c453ff71b8171df9f5c670346fe7006efecf7439,76cc3775534774ea58f799ee1a64020724e5cefb,mean_interval_width_kg,1466.7990668133582,kg
cintron_ladder,S6_combined,kalman,1,10.0,True,S6_combined__kalman__seed1,5d4f2a11ab7b925de02ef1d34875af815611f0d172cbf30a820f6e4a5db791f7,6a7aa063ebf027f849ecd3e9c514f26b15cd0e81da553bdba217a4b021eaa2ce,76cc3775534774ea58f799ee1a64020724e5cefb,mean_interval_width_kg,2008.9718969321011,kg
cintron_ladder,S6_combined,kalman,2,10.0,True,S6_combined__kalman__seed2,d01e5c41507ccd6868ea37a1d0993c222e5af61f3b79e1372f0aceb13bdbcf73,6a7aa063ebf027f849ecd3e9c514f26b15cd0e81da553bdba217a4b021eaa2ce,76cc3775534774ea58f799ee1a64020724e5cefb,mean_interval_width_kg,1433.7740420144787,kg
cintron_ladder,S6_combined,kalman,3,10.0,True,S6_combined__kalman__seed3,023a22c68d81022af0f29d6a4d407ec5521336f357a4e5f5fbb3be2ea33f3920,6a7aa063ebf027f849ecd3e9c514f26b15cd0e81da553bdba217a4b021eaa2ce,76cc3775534774ea58f799ee1a64020724e5cefb,mean_interval_width_kg,1452.8418263064532,kg
cintron_ladder,S7_sparse_reference,static_affine,1,10.0,True,S7_sparse_reference__static_affine__seed1,398c721afafcfb355a753ac0cfd1ebcf65a21a6ef468740ce93012df90f00ec4,320c4e05e312df4a024a274474879a10d765f07f65ee3478b6ac1f7c31980d82,76cc3775534774ea58f799ee1a64020724e5cefb,mean_interval_width_kg,1300.3329879993678,kg
cintron_ladder,S7_sparse_reference,static_affine,2,10.0,True,S7_sparse_reference__static_affine__seed2,1301d7f22942f2e6619dcc555486092a7c3c37061e6b225ed3f3da3b3ca3b132,320c4e05e312df4a024a274474879a10d765f07f65ee3478b6ac1f7c31980d82,76cc3775534774ea58f799ee1a64020724e5cefb,mean_interval_width_kg,1456.9956718629826,kg
cintron_ladder,S7_sparse_reference,static_affine,3,10.0,True,S7_sparse_reference__static_affine__seed3,32e0738c82819c8cd4653a676dda0f9f67168b628ffc2846dce20179bf21a707,320c4e05e312df4a024a274474879a10d765f07f65ee3478b6ac1f7c31980d82,76cc3775534774ea58f799ee1a64020724e5cefb,mean_interval_width_kg,1408.1410638095085,kg
cintron_ladder,S7_sparse_reference,rls,1,10.0,True,S7_sparse_reference__rls__seed1,398c721afafcfb355a753ac0cfd1ebcf65a21a6ef468740ce93012df90f00ec4,7cfed748c1a23fa8b895d925c453ff71b8171df9f5c670346fe7006efecf7439,76cc3775534774ea58f799ee1a64020724e5cefb,mean_interval_width_kg,1310.5083198569687,kg
cintron_ladder,S7_sparse_reference,rls,2,10.0,True,S7_sparse_reference__rls__seed2,1301d7f22942f2e6619dcc555486092a7c3c37061e6b225ed3f3da3b3ca3b132,7cfed748c1a23fa8b895d925c453ff71b8171df9f5c670346fe7006efecf7439,76cc3775534774ea58f799ee1a64020724e5cefb,mean_interval_width_kg,1388.7703611618053,kg
cintron_ladder,S7_sparse_reference,rls,3,10.0,True,S7_sparse_reference__rls__seed3,32e0738c82819c8cd4653a676dda0f9f67168b628ffc2846dce20179bf21a707,7cfed748c1a23fa8b895d925c453ff71b8171df9f5c670346fe7006efecf7439,76cc3775534774ea58f799ee1a64020724e5cefb,mean_interval_width_kg,1345.5470776256043,kg
cintron_ladder,S7_sparse_reference,kalman,1,10.0,True,S7_sparse_reference__kalman__seed1,398c721afafcfb355a753ac0cfd1ebcf65a21a6ef468740ce93012df90f00ec4,6a7aa063ebf027f849ecd3e9c514f26b15cd0e81da553bdba217a4b021eaa2ce,76cc3775534774ea58f799ee1a64020724e5cefb,mean_interval_width_kg,1453.7679718167349,kg
cintron_ladder,S7_sparse_reference,kalman,2,10.0,True,S7_sparse_reference__kalman__seed2,1301d7f22942f2e6619dcc555486092a7c3c37061e6b225ed3f3da3b3ca3b132,6a7aa063ebf027f849ecd3e9c514f26b15cd0e81da553bdba217a4b021eaa2ce,76cc3775534774ea58f799ee1a64020724e5cefb,mean_interval_width_kg,1425.8347182633897,kg
cintron_ladder,S7_sparse_reference,kalman,3,10.0,True,S7_sparse_reference__kalman__seed3,32e0738c82819c8cd4653a676dda0f9f67168b628ffc2846dce20179bf21a707,6a7aa063ebf027f849ecd3e9c514f26b15cd0e81da553bdba217a4b021eaa2ce,76cc3775534774ea58f799ee1a64020724e5cefb,mean_interval_width_kg,1396.8757076702393,kg
cintron_ladder,S1_nominal,static_affine,1,10.0,True,S1_nominal__static_affine__seed1,2a7e164a7e04cfa5ac607c92ecf3c4a53c40e90964e7a047230c36cd233b8751,320c4e05e312df4a024a274474879a10d765f07f65ee3478b6ac1f7c31980d82,76cc3775534774ea58f799ee1a64020724e5cefb,baseline_error_kg,,kg
cintron_ladder,S1_nominal,static_affine,2,10.0,True,S1_nominal__static_affine__seed2,fa2ca240ac17605f28e43b1573d61379f65c20aab226bb0fcf8af13e416712a1,320c4e05e312df4a024a274474879a10d765f07f65ee3478b6ac1f7c31980d82,76cc3775534774ea58f799ee1a64020724e5cefb,baseline_error_kg,,kg
cintron_ladder,S1_nominal,static_affine,3,10.0,True,S1_nominal__static_affine__seed3,e2bb79b9efe0975489e6c62e2c85ebeea90bcc05eddf00c5e3397cde3d2a9805,320c4e05e312df4a024a274474879a10d765f07f65ee3478b6ac1f7c31980d82,76cc3775534774ea58f799ee1a64020724e5cefb,baseline_error_kg,,kg
cintron_ladder,S1_nominal,rls,1,10.0,True,S1_nominal__rls__seed1,2a7e164a7e04cfa5ac607c92ecf3c4a53c40e90964e7a047230c36cd233b8751,7cfed748c1a23fa8b895d925c453ff71b8171df9f5c670346fe7006efecf7439,76cc3775534774ea58f799ee1a64020724e5cefb,baseline_error_kg,,kg
cintron_ladder,S1_nominal,rls,2,10.0,True,S1_nominal__rls__seed2,fa2ca240ac17605f28e43b1573d61379f65c20aab226bb0fcf8af13e416712a1,7cfed748c1a23fa8b895d925c453ff71b8171df9f5c670346fe7006efecf7439,76cc3775534774ea58f799ee1a64020724e5cefb,baseline_error_kg,,kg
cintron_ladder,S1_nominal,rls,3,10.0,True,S1_nominal__rls__seed3,e2bb79b9efe0975489e6c62e2c85ebeea90bcc05eddf00c5e3397cde3d2a9805,7cfed748c1a23fa8b895d925c453ff71b8171df9f5c670346fe7006efecf7439,76cc3775534774ea58f799ee1a64020724e5cefb,baseline_error_kg,,kg
cintron_ladder,S1_nominal,kalman,1,10.0,True,S1_nominal__kalman__seed1,2a7e164a7e04cfa5ac607c92ecf3c4a53c40e90964e7a047230c36cd233b8751,6a7aa063ebf027f849ecd3e9c514f26b15cd0e81da553bdba217a4b021eaa2ce,76cc3775534774ea58f799ee1a64020724e5cefb,baseline_error_kg,,kg
cintron_ladder,S1_nominal,kalman,2,10.0,True,S1_nominal__kalman__seed2,fa2ca240ac17605f28e43b1573d61379f65c20aab226bb0fcf8af13e416712a1,6a7aa063ebf027f849ecd3e9c514f26b15cd0e81da553bdba217a4b021eaa2ce,76cc3775534774ea58f799ee1a64020724e5cefb,baseline_error_kg,,kg
cintron_ladder,S1_nominal,kalman,3,10.0,True,S1_nominal__kalman__seed3,e2bb79b9efe0975489e6c62e2c85ebeea90bcc05eddf00c5e3397cde3d2a9805,6a7aa063ebf027f849ecd3e9c514f26b15cd0e81da553bdba217a4b021eaa2ce,76cc3775534774ea58f799ee1a64020724e5cefb,baseline_error_kg,,kg
cintron_ladder,S2_thermal_cycle,static_affine,1,10.0,True,S2_thermal_cycle__static_affine__seed1,f5077dc87411ed3b1d5de66609f9ade74b2b190d2ee2584a79de6dbb70344dee,320c4e05e312df4a024a274474879a10d765f07f65ee3478b6ac1f7c31980d82,76cc3775534774ea58f799ee1a64020724e5cefb,baseline_error_kg,,kg
cintron_ladder,S2_thermal_cycle,static_affine,2,10.0,True,S2_thermal_cycle__static_affine__seed2,464a9ded5d97e5522353c10b5f4e7d6fb82021b240fd00240425a619b73a60c1,320c4e05e312df4a024a274474879a10d765f07f65ee3478b6ac1f7c31980d82,76cc3775534774ea58f799ee1a64020724e5cefb,baseline_error_kg,,kg
cintron_ladder,S2_thermal_cycle,static_affine,3,10.0,True,S2_thermal_cycle__static_affine__seed3,9f3ded4a30a0049ceb88c4dd85f0059c2f7ecb82b310ae3424cc48f8b5e42da5,320c4e05e312df4a024a274474879a10d765f07f65ee3478b6ac1f7c31980d82,76cc3775534774ea58f799ee1a64020724e5cefb,baseline_error_kg,,kg
cintron_ladder,S2_thermal_cycle,rls,1,10.0,True,S2_thermal_cycle__rls__seed1,f5077dc87411ed3b1d5de66609f9ade74b2b190d2ee2584a79de6dbb70344dee,7cfed748c1a23fa8b895d925c453ff71b8171df9f5c670346fe7006efecf7439,76cc3775534774ea58f799ee1a64020724e5cefb,baseline_error_kg,,kg
cintron_ladder,S2_thermal_cycle,rls,2,10.0,True,S2_thermal_cycle__rls__seed2,464a9ded5d97e5522353c10b5f4e7d6fb82021b240fd00240425a619b73a60c1,7cfed748c1a23fa8b895d925c453ff71b8171df9f5c670346fe7006efecf7439,76cc3775534774ea58f799ee1a64020724e5cefb,baseline_error_kg,,kg
cintron_ladder,S2_thermal_cycle,rls,3,10.0,True,S2_thermal_cycle__rls__seed3,9f3ded4a30a0049ceb88c4dd85f0059c2f7ecb82b310ae3424cc48f8b5e42da5,7cfed748c1a23fa8b895d925c453ff71b8171df9f5c670346fe7006efecf7439,76cc3775534774ea58f799ee1a64020724e5cefb,baseline_error_kg,,kg
cintron_ladder,S2_thermal_cycle,kalman,1,10.0,True,S2_thermal_cycle__kalman__seed1,f5077dc87411ed3b1d5de66609f9ade74b2b190d2ee2584a79de6dbb70344dee,6a7aa063ebf027f849ecd3e9c514f26b15cd0e81da553bdba217a4b021eaa2ce,76cc3775534774ea58f799ee1a64020724e5cefb,baseline_error_kg,,kg
cintron_ladder,S2_thermal_cycle,kalman,2,10.0,True,S2_thermal_cycle__kalman__seed2,464a9ded5d97e5522353c10b5f4e7d6fb82021b240fd00240425a619b73a60c1,6a7aa063ebf027f849ecd3e9c514f26b15cd0e81da553bdba217a4b021eaa2ce,76cc3775534774ea58f799ee1a64020724e5cefb,baseline_error_kg,,kg
cintron_ladder,S2_thermal_cycle,kalman,3,10.0,True,S2_thermal_cycle__kalman__seed3,9f3ded4a30a0049ceb88c4dd85f0059c2f7ecb82b310ae3424cc48f8b5e42da5,6a7aa063ebf027f849ecd3e9c514f26b15cd0e81da553bdba217a4b021eaa2ce,76cc3775534774ea58f799ee1a64020724e5cefb,baseline_error_kg,,kg
cintron_ladder,S3_zero_drift_walk,static_affine,1,10.0,True,S3_zero_drift_walk__static_affine__seed1,e7b981f1a695ead56faf9a26e3ac56f7cf242bda6227b5aabd270e829bc92da5,320c4e05e312df4a024a274474879a10d765f07f65ee3478b6ac1f7c31980d82,76cc3775534774ea58f799ee1a64020724e5cefb,baseline_error_kg,,kg
cintron_ladder,S3_zero_drift_walk,static_affine,2,10.0,True,S3_zero_drift_walk__static_affine__seed2,8aaeb0ed7c28c2b0ee4c567f78a99e1728b00afc703637facbb86bff31b40b49,320c4e05e312df4a024a274474879a10d765f07f65ee3478b6ac1f7c31980d82,76cc3775534774ea58f799ee1a64020724e5cefb,baseline_error_kg,,kg
cintron_ladder,S3_zero_drift_walk,static_affine,3,10.0,True,S3_zero_drift_walk__static_affine__seed3,b63f96c73e8c77b630930fed7883f11ae94db4991b7977259a58ca8a4af785b0,320c4e05e312df4a024a274474879a10d765f07f65ee3478b6ac1f7c31980d82,76cc3775534774ea58f799ee1a64020724e5cefb,baseline_error_kg,,kg
cintron_ladder,S3_zero_drift_walk,rls,1,10.0,True,S3_zero_drift_walk__rls__seed1,e7b981f1a695ead56faf9a26e3ac56f7cf242bda6227b5aabd270e829bc92da5,7cfed748c1a23fa8b895d925c453ff71b8171df9f5c670346fe7006efecf7439,76cc3775534774ea58f799ee1a64020724e5cefb,baseline_error_kg,,kg
cintron_ladder,S3_zero_drift_walk,rls,2,10.0,True,S3_zero_drift_walk__rls__seed2,8aaeb0ed7c28c2b0ee4c567f78a99e1728b00afc703637facbb86bff31b40b49,7cfed748c1a23fa8b895d925c453ff71b8171df9f5c670346fe7006efecf7439,76cc3775534774ea58f799ee1a64020724e5cefb,baseline_error_kg,,kg
cintron_ladder,S3_zero_drift_walk,rls,3,10.0,True,S3_zero_drift_walk__rls__seed3,b63f96c73e8c77b630930fed7883f11ae94db4991b7977259a58ca8a4af785b0,7cfed748c1a23fa8b895d925c453ff71b8171df9f5c670346fe7006efecf7439,76cc3775534774ea58f799ee1a64020724e5cefb,baseline_error_kg,,kg
cintron_ladder,S3_zero_drift_walk,kalman,1,10.0,True,S3_zero_drift_walk__kalman__seed1,e7b981f1a695ead56faf9a26e3ac56f7cf242bda6227b5aabd270e829bc92da5,6a7aa063ebf027f849ecd3e9c514f26b15cd0e81da553bdba217a4b021eaa2ce,76cc3775534774ea58f799ee1a64020724e5cefb,baseline_error_kg,,kg
cintron_ladder,S3_zero_drift_walk,kalman,2,10.0,True,S3_zero_drift_walk__kalman__seed2,8aaeb0ed7c28c2b0ee4c567f78a99e1728b00afc703637facbb86bff31b40b49,6a7aa063ebf027f849ecd3e9c514f26b15cd0e81da553bdba217a4b021eaa2ce,76cc3775534774ea58f799ee1a64020724e5cefb,baseline_error_kg,,kg
cintron_ladder,S3_zero_drift_walk,kalman,3,10.0,True,S3_zero_drift_walk__kalman__seed3,b63f96c73e8c77b630930fed7883f11ae94db4991b7977259a58ca8a4af785b0,6a7aa063ebf027f849ecd3e9c514f26b15cd0e81da553bdba217a4b021eaa2ce,76cc3775534774ea58f799ee1a64020724e5cefb,baseline_error_kg,,kg
cintron_ladder,S4_step_fault,static_affine,1,10.0,True,S4_step_fault__static_affine__seed1,2ddd431c649ca2b8ec1dd1fa3d1be7053e06b556b429fda303db43e771c49b4d,320c4e05e312df4a024a274474879a10d765f07f65ee3478b6ac1f7c31980d82,76cc3775534774ea58f799ee1a64020724e5cefb,baseline_error_kg,-6.536066047165036,kg
cintron_ladder,S4_step_fault,static_affine,2,10.0,True,S4_step_fault__static_affine__seed2,1319c874fdf7655f120c5fbb53cc4c8398e4675d47673de0fd98005d630b52b1,320c4e05e312df4a024a274474879a10d765f07f65ee3478b6ac1f7c31980d82,76cc3775534774ea58f799ee1a64020724e5cefb,baseline_error_kg,-8.57260479446029,kg
cintron_ladder,S4_step_fault,static_affine,3,10.0,True,S4_step_fault__static_affine__seed3,135fc15f1c43d85f0045c59ffbd10841f2a3be848d4153fded5d6a5d6a4e34a0,320c4e05e312df4a024a274474879a10d765f07f65ee3478b6ac1f7c31980d82,76cc3775534774ea58f799ee1a64020724e5cefb,baseline_error_kg,17.206139483246034,kg
cintron_ladder,S4_step_fault,rls,1,10.0,True,S4_step_fault__rls__seed1,2ddd431c649ca2b8ec1dd1fa3d1be7053e06b556b429fda303db43e771c49b4d,7cfed748c1a23fa8b895d925c453ff71b8171df9f5c670346fe7006efecf7439,76cc3775534774ea58f799ee1a64020724e5cefb,baseline_error_kg,-9.254737962969784,kg
cintron_ladder,S4_step_fault,rls,2,10.0,True,S4_step_fault__rls__seed2,1319c874fdf7655f120c5fbb53cc4c8398e4675d47673de0fd98005d630b52b1,7cfed748c1a23fa8b895d925c453ff71b8171df9f5c670346fe7006efecf7439,76cc3775534774ea58f799ee1a64020724e5cefb,baseline_error_kg,-0.9542722478447558,kg
cintron_ladder,S4_step_fault,rls,3,10.0,True,S4_step_fault__rls__seed3,135fc15f1c43d85f0045c59ffbd10841f2a3be848d4153fded5d6a5d6a4e34a0,7cfed748c1a23fa8b895d925c453ff71b8171df9f5c670346fe7006efecf7439,76cc3775534774ea58f799ee1a64020724e5cefb,baseline_error_kg,16.97300483635013,kg
cintron_ladder,S4_step_fault,kalman,1,10.0,True,S4_step_fault__kalman__seed1,2ddd431c649ca2b8ec1dd1fa3d1be7053e06b556b429fda303db43e771c49b4d,6a7aa063ebf027f849ecd3e9c514f26b15cd0e81da553bdba217a4b021eaa2ce,76cc3775534774ea58f799ee1a64020724e5cefb,baseline_error_kg,-19.72143223176886,kg
cintron_ladder,S4_step_fault,kalman,2,10.0,True,S4_step_fault__kalman__seed2,1319c874fdf7655f120c5fbb53cc4c8398e4675d47673de0fd98005d630b52b1,6a7aa063ebf027f849ecd3e9c514f26b15cd0e81da553bdba217a4b021eaa2ce,76cc3775534774ea58f799ee1a64020724e5cefb,baseline_error_kg,-0.7961273257985795,kg
cintron_ladder,S4_step_fault,kalman,3,10.0,True,S4_step_fault__kalman__seed3,135fc15f1c43d85f0045c59ffbd10841f2a3be848d4153fded5d6a5d6a4e34a0,6a7aa063ebf027f849ecd3e9c514f26b15cd0e81da553bdba217a4b021eaa2ce,76cc3775534774ea58f799ee1a64020724e5cefb,baseline_error_kg,20.520699068788872,kg
cintron_ladder,S5_outage,static_affine,1,10.0,True,S5_outage__static_affine__seed1,a9fcc049f0f73db1ab44c7ca7ce4b41b05c1b293caabfeb3401f0bef2d75cce3,320c4e05e312df4a024a274474879a10d765f07f65ee3478b6ac1f7c31980d82,76cc3775534774ea58f799ee1a64020724e5cefb,baseline_error_kg,,kg
cintron_ladder,S5_outage,static_affine,2,10.0,True,S5_outage__static_affine__seed2,1510a2663b5f63da6b5b1385333b17c9beaafcd638df3bce3262b43d051f97e1,320c4e05e312df4a024a274474879a10d765f07f65ee3478b6ac1f7c31980d82,76cc3775534774ea58f799ee1a64020724e5cefb,baseline_error_kg,,kg
cintron_ladder,S5_outage,static_affine,3,10.0,True,S5_outage__static_affine__seed3,f84d5ae0ec8ad2f6df97000007a3d8ffecacea53aec887acf2f9adb90f328ec1,320c4e05e312df4a024a274474879a10d765f07f65ee3478b6ac1f7c31980d82,76cc3775534774ea58f799ee1a64020724e5cefb,baseline_error_kg,,kg
cintron_ladder,S5_outage,rls,1,10.0,True,S5_outage__rls__seed1,a9fcc049f0f73db1ab44c7ca7ce4b41b05c1b293caabfeb3401f0bef2d75cce3,7cfed748c1a23fa8b895d925c453ff71b8171df9f5c670346fe7006efecf7439,76cc3775534774ea58f799ee1a64020724e5cefb,baseline_error_kg,,kg
cintron_ladder,S5_outage,rls,2,10.0,True,S5_outage__rls__seed2,1510a2663b5f63da6b5b1385333b17c9beaafcd638df3bce3262b43d051f97e1,7cfed748c1a23fa8b895d925c453ff71b8171df9f5c670346fe7006efecf7439,76cc3775534774ea58f799ee1a64020724e5cefb,baseline_error_kg,,kg
cintron_ladder,S5_outage,rls,3,10.0,True,S5_outage__rls__seed3,f84d5ae0ec8ad2f6df97000007a3d8ffecacea53aec887acf2f9adb90f328ec1,7cfed748c1a23fa8b895d925c453ff71b8171df9f5c670346fe7006efecf7439,76cc3775534774ea58f799ee1a64020724e5cefb,baseline_error_kg,,kg
cintron_ladder,S5_outage,kalman,1,10.0,True,S5_outage__kalman__seed1,a9fcc049f0f73db1ab44c7ca7ce4b41b05c1b293caabfeb3401f0bef2d75cce3,6a7aa063ebf027f849ecd3e9c514f26b15cd0e81da553bdba217a4b021eaa2ce,76cc3775534774ea58f799ee1a64020724e5cefb,baseline_error_kg,,kg
cintron_ladder,S5_outage,kalman,2,10.0,True,S5_outage__kalman__seed2,1510a2663b5f63da6b5b1385333b17c9beaafcd638df3bce3262b43d051f97e1,6a7aa063ebf027f849ecd3e9c514f26b15cd0e81da553bdba217a4b021eaa2ce,76cc3775534774ea58f799ee1a64020724e5cefb,baseline_error_kg,,kg
cintron_ladder,S5_outage,kalman,3,10.0,True,S5_outage__kalman__seed3,f84d5ae0ec8ad2f6df97000007a3d8ffecacea53aec887acf2f9adb90f328ec1,6a7aa063ebf027f849ecd3e9c514f26b15cd0e81da553bdba217a4b021eaa2ce,76cc3775534774ea58f799ee1a64020724e5cefb,baseline_error_kg,,kg
cintron_ladder,S6_combined,static_affine,1,10.0,True,S6_combined__static_affine__seed1,5d4f2a11ab7b925de02ef1d34875af815611f0d172cbf30a820f6e4a5db791f7,320c4e05e312df4a024a274474879a10d765f07f65ee3478b6ac1f7c31980d82,76cc3775534774ea58f799ee1a64020724e5cefb,baseline_error_kg,-2.9741853118707695,kg
cintron_ladder,S6_combined,static_affine,2,10.0,True,S6_combined__static_affine__seed2,d01e5c41507ccd6868ea37a1d0993c222e5af61f3b79e1372f0aceb13bdbcf73,320c4e05e312df4a024a274474879a10d765f07f65ee3478b6ac1f7c31980d82,76cc3775534774ea58f799ee1a64020724e5cefb,baseline_error_kg,-49.20206757564631,kg
cintron_ladder,S6_combined,static_affine,3,10.0,True,S6_combined__static_affine__seed3,023a22c68d81022af0f29d6a4d407ec5521336f357a4e5f5fbb3be2ea33f3920,320c4e05e312df4a024a274474879a10d765f07f65ee3478b6ac1f7c31980d82,76cc3775534774ea58f799ee1a64020724e5cefb,baseline_error_kg,11.64670285807415,kg
cintron_ladder,S6_combined,rls,1,10.0,True,S6_combined__rls__seed1,5d4f2a11ab7b925de02ef1d34875af815611f0d172cbf30a820f6e4a5db791f7,7cfed748c1a23fa8b895d925c453ff71b8171df9f5c670346fe7006efecf7439,76cc3775534774ea58f799ee1a64020724e5cefb,baseline_error_kg,3.208185695597649,kg
cintron_ladder,S6_combined,rls,2,10.0,True,S6_combined__rls__seed2,d01e5c41507ccd6868ea37a1d0993c222e5af61f3b79e1372f0aceb13bdbcf73,7cfed748c1a23fa8b895d925c453ff71b8171df9f5c670346fe7006efecf7439,76cc3775534774ea58f799ee1a64020724e5cefb,baseline_error_kg,-17.602009302504257,kg
cintron_ladder,S6_combined,rls,3,10.0,True,S6_combined__rls__seed3,023a22c68d81022af0f29d6a4d407ec5521336f357a4e5f5fbb3be2ea33f3920,7cfed748c1a23fa8b895d925c453ff71b8171df9f5c670346fe7006efecf7439,76cc3775534774ea58f799ee1a64020724e5cefb,baseline_error_kg,28.928302631548945,kg
cintron_ladder,S6_combined,kalman,1,10.0,True,S6_combined__kalman__seed1,5d4f2a11ab7b925de02ef1d34875af815611f0d172cbf30a820f6e4a5db791f7,6a7aa063ebf027f849ecd3e9c514f26b15cd0e81da553bdba217a4b021eaa2ce,76cc3775534774ea58f799ee1a64020724e5cefb,baseline_error_kg,-25.046537639205553,kg
cintron_ladder,S6_combined,kalman,2,10.0,True,S6_combined__kalman__seed2,d01e5c41507ccd6868ea37a1d0993c222e5af61f3b79e1372f0aceb13bdbcf73,6a7aa063ebf027f849ecd3e9c514f26b15cd0e81da553bdba217a4b021eaa2ce,76cc3775534774ea58f799ee1a64020724e5cefb,baseline_error_kg,-25.640188726350402,kg
cintron_ladder,S6_combined,kalman,3,10.0,True,S6_combined__kalman__seed3,023a22c68d81022af0f29d6a4d407ec5521336f357a4e5f5fbb3be2ea33f3920,6a7aa063ebf027f849ecd3e9c514f26b15cd0e81da553bdba217a4b021eaa2ce,76cc3775534774ea58f799ee1a64020724e5cefb,baseline_error_kg,14.537652858508295,kg
cintron_ladder,S7_sparse_reference,static_affine,1,10.0,True,S7_sparse_reference__static_affine__seed1,398c721afafcfb355a753ac0cfd1ebcf65a21a6ef468740ce93012df90f00ec4,320c4e05e312df4a024a274474879a10d765f07f65ee3478b6ac1f7c31980d82,76cc3775534774ea58f799ee1a64020724e5cefb,baseline_error_kg,3.667517421697312,kg
cintron_ladder,S7_sparse_reference,static_affine,2,10.0,True,S7_sparse_reference__static_affine__seed2,1301d7f22942f2e6619dcc555486092a7c3c37061e6b225ed3f3da3b3ca3b132,320c4e05e312df4a024a274474879a10d765f07f65ee3478b6ac1f7c31980d82,76cc3775534774ea58f799ee1a64020724e5cefb,baseline_error_kg,-13.942370722273495,kg
cintron_ladder,S7_sparse_reference,static_affine,3,10.0,True,S7_sparse_reference__static_affine__seed3,32e0738c82819c8cd4653a676dda0f9f67168b628ffc2846dce20179bf21a707,320c4e05e312df4a024a274474879a10d765f07f65ee3478b6ac1f7c31980d82,76cc3775534774ea58f799ee1a64020724e5cefb,baseline_error_kg,-8.14282453787257,kg
cintron_ladder,S7_sparse_reference,rls,1,10.0,True,S7_sparse_reference__rls__seed1,398c721afafcfb355a753ac0cfd1ebcf65a21a6ef468740ce93012df90f00ec4,7cfed748c1a23fa8b895d925c453ff71b8171df9f5c670346fe7006efecf7439,76cc3775534774ea58f799ee1a64020724e5cefb,baseline_error_kg,-13.633508268019,kg
cintron_ladder,S7_sparse_reference,rls,2,10.0,True,S7_sparse_reference__rls__seed2,1301d7f22942f2e6619dcc555486092a7c3c37061e6b225ed3f3da3b3ca3b132,7cfed748c1a23fa8b895d925c453ff71b8171df9f5c670346fe7006efecf7439,76cc3775534774ea58f799ee1a64020724e5cefb,baseline_error_kg,-0.20414929851745,kg
cintron_ladder,S7_sparse_reference,rls,3,10.0,True,S7_sparse_reference__rls__seed3,32e0738c82819c8cd4653a676dda0f9f67168b628ffc2846dce20179bf21a707,7cfed748c1a23fa8b895d925c453ff71b8171df9f5c670346fe7006efecf7439,76cc3775534774ea58f799ee1a64020724e5cefb,baseline_error_kg,23.243722127116257,kg
cintron_ladder,S7_sparse_reference,kalman,1,10.0,True,S7_sparse_reference__kalman__seed1,398c721afafcfb355a753ac0cfd1ebcf65a21a6ef468740ce93012df90f00ec4,6a7aa063ebf027f849ecd3e9c514f26b15cd0e81da553bdba217a4b021eaa2ce,76cc3775534774ea58f799ee1a64020724e5cefb,baseline_error_kg,-15.63534038121361,kg
cintron_ladder,S7_sparse_reference,kalman,2,10.0,True,S7_sparse_reference__kalman__seed2,1301d7f22942f2e6619dcc555486092a7c3c37061e6b225ed3f3da3b3ca3b132,6a7aa063ebf027f849ecd3e9c514f26b15cd0e81da553bdba217a4b021eaa2ce,76cc3775534774ea58f799ee1a64020724e5cefb,baseline_error_kg,-9.410802294049176,kg
cintron_ladder,S7_sparse_reference,kalman,3,10.0,True,S7_sparse_reference__kalman__seed3,32e0738c82819c8cd4653a676dda0f9f67168b628ffc2846dce20179bf21a707,6a7aa063ebf027f849ecd3e9c514f26b15cd0e81da553bdba217a4b021eaa2ce,76cc3775534774ea58f799ee1a64020724e5cefb,baseline_error_kg,9.568889587653075,kg
cintron_ladder,S1_nominal,static_affine,1,10.0,True,S1_nominal__static_affine__seed1,2a7e164a7e04cfa5ac607c92ecf3c4a53c40e90964e7a047230c36cd233b8751,320c4e05e312df4a024a274474879a10d765f07f65ee3478b6ac1f7c31980d82,76cc3775534774ea58f799ee1a64020724e5cefb,final_error_kg,,kg
cintron_ladder,S1_nominal,static_affine,2,10.0,True,S1_nominal__static_affine__seed2,fa2ca240ac17605f28e43b1573d61379f65c20aab226bb0fcf8af13e416712a1,320c4e05e312df4a024a274474879a10d765f07f65ee3478b6ac1f7c31980d82,76cc3775534774ea58f799ee1a64020724e5cefb,final_error_kg,,kg
cintron_ladder,S1_nominal,static_affine,3,10.0,True,S1_nominal__static_affine__seed3,e2bb79b9efe0975489e6c62e2c85ebeea90bcc05eddf00c5e3397cde3d2a9805,320c4e05e312df4a024a274474879a10d765f07f65ee3478b6ac1f7c31980d82,76cc3775534774ea58f799ee1a64020724e5cefb,final_error_kg,,kg
cintron_ladder,S1_nominal,rls,1,10.0,True,S1_nominal__rls__seed1,2a7e164a7e04cfa5ac607c92ecf3c4a53c40e90964e7a047230c36cd233b8751,7cfed748c1a23fa8b895d925c453ff71b8171df9f5c670346fe7006efecf7439,76cc3775534774ea58f799ee1a64020724e5cefb,final_error_kg,,kg
cintron_ladder,S1_nominal,rls,2,10.0,True,S1_nominal__rls__seed2,fa2ca240ac17605f28e43b1573d61379f65c20aab226bb0fcf8af13e416712a1,7cfed748c1a23fa8b895d925c453ff71b8171df9f5c670346fe7006efecf7439,76cc3775534774ea58f799ee1a64020724e5cefb,final_error_kg,,kg
cintron_ladder,S1_nominal,rls,3,10.0,True,S1_nominal__rls__seed3,e2bb79b9efe0975489e6c62e2c85ebeea90bcc05eddf00c5e3397cde3d2a9805,7cfed748c1a23fa8b895d925c453ff71b8171df9f5c670346fe7006efecf7439,76cc3775534774ea58f799ee1a64020724e5cefb,final_error_kg,,kg
cintron_ladder,S1_nominal,kalman,1,10.0,True,S1_nominal__kalman__seed1,2a7e164a7e04cfa5ac607c92ecf3c4a53c40e90964e7a047230c36cd233b8751,6a7aa063ebf027f849ecd3e9c514f26b15cd0e81da553bdba217a4b021eaa2ce,76cc3775534774ea58f799ee1a64020724e5cefb,final_error_kg,,kg
cintron_ladder,S1_nominal,kalman,2,10.0,True,S1_nominal__kalman__seed2,fa2ca240ac17605f28e43b1573d61379f65c20aab226bb0fcf8af13e416712a1,6a7aa063ebf027f849ecd3e9c514f26b15cd0e81da553bdba217a4b021eaa2ce,76cc3775534774ea58f799ee1a64020724e5cefb,final_error_kg,,kg
cintron_ladder,S1_nominal,kalman,3,10.0,True,S1_nominal__kalman__seed3,e2bb79b9efe0975489e6c62e2c85ebeea90bcc05eddf00c5e3397cde3d2a9805,6a7aa063ebf027f849ecd3e9c514f26b15cd0e81da553bdba217a4b021eaa2ce,76cc3775534774ea58f799ee1a64020724e5cefb,final_error_kg,,kg
cintron_ladder,S2_thermal_cycle,static_affine,1,10.0,True,S2_thermal_cycle__static_affine__seed1,f5077dc87411ed3b1d5de66609f9ade74b2b190d2ee2584a79de6dbb70344dee,320c4e05e312df4a024a274474879a10d765f07f65ee3478b6ac1f7c31980d82,76cc3775534774ea58f799ee1a64020724e5cefb,final_error_kg,,kg
cintron_ladder,S2_thermal_cycle,static_affine,2,10.0,True,S2_thermal_cycle__static_affine__seed2,464a9ded5d97e5522353c10b5f4e7d6fb82021b240fd00240425a619b73a60c1,320c4e05e312df4a024a274474879a10d765f07f65ee3478b6ac1f7c31980d82,76cc3775534774ea58f799ee1a64020724e5cefb,final_error_kg,,kg
cintron_ladder,S2_thermal_cycle,static_affine,3,10.0,True,S2_thermal_cycle__static_affine__seed3,9f3ded4a30a0049ceb88c4dd85f0059c2f7ecb82b310ae3424cc48f8b5e42da5,320c4e05e312df4a024a274474879a10d765f07f65ee3478b6ac1f7c31980d82,76cc3775534774ea58f799ee1a64020724e5cefb,final_error_kg,,kg
cintron_ladder,S2_thermal_cycle,rls,1,10.0,True,S2_thermal_cycle__rls__seed1,f5077dc87411ed3b1d5de66609f9ade74b2b190d2ee2584a79de6dbb70344dee,7cfed748c1a23fa8b895d925c453ff71b8171df9f5c670346fe7006efecf7439,76cc3775534774ea58f799ee1a64020724e5cefb,final_error_kg,,kg
cintron_ladder,S2_thermal_cycle,rls,2,10.0,True,S2_thermal_cycle__rls__seed2,464a9ded5d97e5522353c10b5f4e7d6fb82021b240fd00240425a619b73a60c1,7cfed748c1a23fa8b895d925c453ff71b8171df9f5c670346fe7006efecf7439,76cc3775534774ea58f799ee1a64020724e5cefb,final_error_kg,,kg
cintron_ladder,S2_thermal_cycle,rls,3,10.0,True,S2_thermal_cycle__rls__seed3,9f3ded4a30a0049ceb88c4dd85f0059c2f7ecb82b310ae3424cc48f8b5e42da5,7cfed748c1a23fa8b895d925c453ff71b8171df9f5c670346fe7006efecf7439,76cc3775534774ea58f799ee1a64020724e5cefb,final_error_kg,,kg
cintron_ladder,S2_thermal_cycle,kalman,1,10.0,True,S2_thermal_cycle__kalman__seed1,f5077dc87411ed3b1d5de66609f9ade74b2b190d2ee2584a79de6dbb70344dee,6a7aa063ebf027f849ecd3e9c514f26b15cd0e81da553bdba217a4b021eaa2ce,76cc3775534774ea58f799ee1a64020724e5cefb,final_error_kg,,kg
cintron_ladder,S2_thermal_cycle,kalman,2,10.0,True,S2_thermal_cycle__kalman__seed2,464a9ded5d97e5522353c10b5f4e7d6fb82021b240fd00240425a619b73a60c1,6a7aa063ebf027f849ecd3e9c514f26b15cd0e81da553bdba217a4b021eaa2ce,76cc3775534774ea58f799ee1a64020724e5cefb,final_error_kg,,kg
cintron_ladder,S2_thermal_cycle,kalman,3,10.0,True,S2_thermal_cycle__kalman__seed3,9f3ded4a30a0049ceb88c4dd85f0059c2f7ecb82b310ae3424cc48f8b5e42da5,6a7aa063ebf027f849ecd3e9c514f26b15cd0e81da553bdba217a4b021eaa2ce,76cc3775534774ea58f799ee1a64020724e5cefb,final_error_kg,,kg
cintron_ladder,S3_zero_drift_walk,static_affine,1,10.0,True,S3_zero_drift_walk__static_affine__seed1,e7b981f1a695ead56faf9a26e3ac56f7cf242bda6227b5aabd270e829bc92da5,320c4e05e312df4a024a274474879a10d765f07f65ee3478b6ac1f7c31980d82,76cc3775534774ea58f799ee1a64020724e5cefb,final_error_kg,,kg
cintron_ladder,S3_zero_drift_walk,static_affine,2,10.0,True,S3_zero_drift_walk__static_affine__seed2,8aaeb0ed7c28c2b0ee4c567f78a99e1728b00afc703637facbb86bff31b40b49,320c4e05e312df4a024a274474879a10d765f07f65ee3478b6ac1f7c31980d82,76cc3775534774ea58f799ee1a64020724e5cefb,final_error_kg,,kg
cintron_ladder,S3_zero_drift_walk,static_affine,3,10.0,True,S3_zero_drift_walk__static_affine__seed3,b63f96c73e8c77b630930fed7883f11ae94db4991b7977259a58ca8a4af785b0,320c4e05e312df4a024a274474879a10d765f07f65ee3478b6ac1f7c31980d82,76cc3775534774ea58f799ee1a64020724e5cefb,final_error_kg,,kg
cintron_ladder,S3_zero_drift_walk,rls,1,10.0,True,S3_zero_drift_walk__rls__seed1,e7b981f1a695ead56faf9a26e3ac56f7cf242bda6227b5aabd270e829bc92da5,7cfed748c1a23fa8b895d925c453ff71b8171df9f5c670346fe7006efecf7439,76cc3775534774ea58f799ee1a64020724e5cefb,final_error_kg,,kg
cintron_ladder,S3_zero_drift_walk,rls,2,10.0,True,S3_zero_drift_walk__rls__seed2,8aaeb0ed7c28c2b0ee4c567f78a99e1728b00afc703637facbb86bff31b40b49,7cfed748c1a23fa8b895d925c453ff71b8171df9f5c670346fe7006efecf7439,76cc3775534774ea58f799ee1a64020724e5cefb,final_error_kg,,kg
cintron_ladder,S3_zero_drift_walk,rls,3,10.0,True,S3_zero_drift_walk__rls__seed3,b63f96c73e8c77b630930fed7883f11ae94db4991b7977259a58ca8a4af785b0,7cfed748c1a23fa8b895d925c453ff71b8171df9f5c670346fe7006efecf7439,76cc3775534774ea58f799ee1a64020724e5cefb,final_error_kg,,kg
cintron_ladder,S3_zero_drift_walk,kalman,1,10.0,True,S3_zero_drift_walk__kalman__seed1,e7b981f1a695ead56faf9a26e3ac56f7cf242bda6227b5aabd270e829bc92da5,6a7aa063ebf027f849ecd3e9c514f26b15cd0e81da553bdba217a4b021eaa2ce,76cc3775534774ea58f799ee1a64020724e5cefb,final_error_kg,,kg
cintron_ladder,S3_zero_drift_walk,kalman,2,10.0,True,S3_zero_drift_walk__kalman__seed2,8aaeb0ed7c28c2b0ee4c567f78a99e1728b00afc703637facbb86bff31b40b49,6a7aa063ebf027f849ecd3e9c514f26b15cd0e81da553bdba217a4b021eaa2ce,76cc3775534774ea58f799ee1a64020724e5cefb,final_error_kg,,kg
cintron_ladder,S3_zero_drift_walk,kalman,3,10.0,True,S3_zero_drift_walk__kalman__seed3,b63f96c73e8c77b630930fed7883f11ae94db4991b7977259a58ca8a4af785b0,6a7aa063ebf027f849ecd3e9c514f26b15cd0e81da553bdba217a4b021eaa2ce,76cc3775534774ea58f799ee1a64020724e5cefb,final_error_kg,,kg
cintron_ladder,S4_step_fault,static_affine,1,10.0,True,S4_step_fault__static_affine__seed1,2ddd431c649ca2b8ec1dd1fa3d1be7053e06b556b429fda303db43e771c49b4d,320c4e05e312df4a024a274474879a10d765f07f65ee3478b6ac1f7c31980d82,76cc3775534774ea58f799ee1a64020724e5cefb,final_error_kg,72.39711994726736,kg
cintron_ladder,S4_step_fault,static_affine,2,10.0,True,S4_step_fault__static_affine__seed2,1319c874fdf7655f120c5fbb53cc4c8398e4675d47673de0fd98005d630b52b1,320c4e05e312df4a024a274474879a10d765f07f65ee3478b6ac1f7c31980d82,76cc3775534774ea58f799ee1a64020724e5cefb,final_error_kg,29.423257239423606,kg
cintron_ladder,S4_step_fault,static_affine,3,10.0,True,S4_step_fault__static_affine__seed3,135fc15f1c43d85f0045c59ffbd10841f2a3be848d4153fded5d6a5d6a4e34a0,320c4e05e312df4a024a274474879a10d765f07f65ee3478b6ac1f7c31980d82,76cc3775534774ea58f799ee1a64020724e5cefb,final_error_kg,50.4221031344548,kg
cintron_ladder,S4_step_fault,rls,1,10.0,True,S4_step_fault__rls__seed1,2ddd431c649ca2b8ec1dd1fa3d1be7053e06b556b429fda303db43e771c49b4d,7cfed748c1a23fa8b895d925c453ff71b8171df9f5c670346fe7006efecf7439,76cc3775534774ea58f799ee1a64020724e5cefb,final_error_kg,23.0106083324913,kg
cintron_ladder,S4_step_fault,rls,2,10.0,True,S4_step_fault__rls__seed2,1319c874fdf7655f120c5fbb53cc4c8398e4675d47673de0fd98005d630b52b1,7cfed748c1a23fa8b895d925c453ff71b8171df9f5c670346fe7006efecf7439,76cc3775534774ea58f799ee1a64020724e5cefb,final_error_kg,-3.4000018750174377,kg
cintron_ladder,S4_step_fault,rls,3,10.0,True,S4_step_fault__rls__seed3,135fc15f1c43d85f0045c59ffbd10841f2a3be848d4153fded5d6a5d6a4e34a0,7cfed748c1a23fa8b895d925c453ff71b8171df9f5c670346fe7006efecf7439,76cc3775534774ea58f799ee1a64020724e5cefb,final_error_kg,24.623317477330488,kg
cintron_ladder,S4_step_fault,kalman,1,10.0,True,S4_step_fault__kalman__seed1,2ddd431c649ca2b8ec1dd1fa3d1be7053e06b556b429fda303db43e771c49b4d,6a7aa063ebf027f849ecd3e9c514f26b15cd0e81da553bdba217a4b021eaa2ce,76cc3775534774ea58f799ee1a64020724e5cefb,final_error_kg,8.013632948845839,kg
cintron_ladder,S4_step_fault,kalman,2,10.0,True,S4_step_fault__kalman__seed2,1319c874fdf7655f120c5fbb53cc4c8398e4675d47673de0fd98005d630b52b1,6a7aa063ebf027f849ecd3e9c514f26b15cd0e81da553bdba217a4b021eaa2ce,76cc3775534774ea58f799ee1a64020724e5cefb,final_error_kg,-24.691740274242648,kg
cintron_ladder,S4_step_fault,kalman,3,10.0,True,S4_step_fault__kalman__seed3,135fc15f1c43d85f0045c59ffbd10841f2a3be848d4153fded5d6a5d6a4e34a0,6a7aa063ebf027f849ecd3e9c514f26b15cd0e81da553bdba217a4b021eaa2ce,76cc3775534774ea58f799ee1a64020724e5cefb,final_error_kg,2.44388208144926,kg
cintron_ladder,S5_outage,static_affine,1,10.0,True,S5_outage__static_affine__seed1,a9fcc049f0f73db1ab44c7ca7ce4b41b05c1b293caabfeb3401f0bef2d75cce3,320c4e05e312df4a024a274474879a10d765f07f65ee3478b6ac1f7c31980d82,76cc3775534774ea58f799ee1a64020724e5cefb,final_error_kg,,kg
cintron_ladder,S5_outage,static_affine,2,10.0,True,S5_outage__static_affine__seed2,1510a2663b5f63da6b5b1385333b17c9beaafcd638df3bce3262b43d051f97e1,320c4e05e312df4a024a274474879a10d765f07f65ee3478b6ac1f7c31980d82,76cc3775534774ea58f799ee1a64020724e5cefb,final_error_kg,,kg
cintron_ladder,S5_outage,static_affine,3,10.0,True,S5_outage__static_affine__seed3,f84d5ae0ec8ad2f6df97000007a3d8ffecacea53aec887acf2f9adb90f328ec1,320c4e05e312df4a024a274474879a10d765f07f65ee3478b6ac1f7c31980d82,76cc3775534774ea58f799ee1a64020724e5cefb,final_error_kg,,kg
cintron_ladder,S5_outage,rls,1,10.0,True,S5_outage__rls__seed1,a9fcc049f0f73db1ab44c7ca7ce4b41b05c1b293caabfeb3401f0bef2d75cce3,7cfed748c1a23fa8b895d925c453ff71b8171df9f5c670346fe7006efecf7439,76cc3775534774ea58f799ee1a64020724e5cefb,final_error_kg,,kg
cintron_ladder,S5_outage,rls,2,10.0,True,S5_outage__rls__seed2,1510a2663b5f63da6b5b1385333b17c9beaafcd638df3bce3262b43d051f97e1,7cfed748c1a23fa8b895d925c453ff71b8171df9f5c670346fe7006efecf7439,76cc3775534774ea58f799ee1a64020724e5cefb,final_error_kg,,kg
cintron_ladder,S5_outage,rls,3,10.0,True,S5_outage__rls__seed3,f84d5ae0ec8ad2f6df97000007a3d8ffecacea53aec887acf2f9adb90f328ec1,7cfed748c1a23fa8b895d925c453ff71b8171df9f5c670346fe7006efecf7439,76cc3775534774ea58f799ee1a64020724e5cefb,final_error_kg,,kg
cintron_ladder,S5_outage,kalman,1,10.0,True,S5_outage__kalman__seed1,a9fcc049f0f73db1ab44c7ca7ce4b41b05c1b293caabfeb3401f0bef2d75cce3,6a7aa063ebf027f849ecd3e9c514f26b15cd0e81da553bdba217a4b021eaa2ce,76cc3775534774ea58f799ee1a64020724e5cefb,final_error_kg,,kg
cintron_ladder,S5_outage,kalman,2,10.0,True,S5_outage__kalman__seed2,1510a2663b5f63da6b5b1385333b17c9beaafcd638df3bce3262b43d051f97e1,6a7aa063ebf027f849ecd3e9c514f26b15cd0e81da553bdba217a4b021eaa2ce,76cc3775534774ea58f799ee1a64020724e5cefb,final_error_kg,,kg
cintron_ladder,S5_outage,kalman,3,10.0,True,S5_outage__kalman__seed3,f84d5ae0ec8ad2f6df97000007a3d8ffecacea53aec887acf2f9adb90f328ec1,6a7aa063ebf027f849ecd3e9c514f26b15cd0e81da553bdba217a4b021eaa2ce,76cc3775534774ea58f799ee1a64020724e5cefb,final_error_kg,,kg
cintron_ladder,S6_combined,static_affine,1,10.0,True,S6_combined__static_affine__seed1,5d4f2a11ab7b925de02ef1d34875af815611f0d172cbf30a820f6e4a5db791f7,320c4e05e312df4a024a274474879a10d765f07f65ee3478b6ac1f7c31980d82,76cc3775534774ea58f799ee1a64020724e5cefb,final_error_kg,-85.21405557815285,kg
cintron_ladder,S6_combined,static_affine,2,10.0,True,S6_combined__static_affine__seed2,d01e5c41507ccd6868ea37a1d0993c222e5af61f3b79e1372f0aceb13bdbcf73,320c4e05e312df4a024a274474879a10d765f07f65ee3478b6ac1f7c31980d82,76cc3775534774ea58f799ee1a64020724e5cefb,final_error_kg,-1282.394892839852,kg
cintron_ladder,S6_combined,static_affine,3,10.0,True,S6_combined__static_affine__seed3,023a22c68d81022af0f29d6a4d407ec5521336f357a4e5f5fbb3be2ea33f3920,320c4e05e312df4a024a274474879a10d765f07f65ee3478b6ac1f7c31980d82,76cc3775534774ea58f799ee1a64020724e5cefb,final_error_kg,74.91536336683566,kg
cintron_ladder,S6_combined,rls,1,10.0,True,S6_combined__rls__seed1,5d4f2a11ab7b925de02ef1d34875af815611f0d172cbf30a820f6e4a5db791f7,7cfed748c1a23fa8b895d925c453ff71b8171df9f5c670346fe7006efecf7439,76cc3775534774ea58f799ee1a64020724e5cefb,final_error_kg,181.22069470767724,kg
cintron_ladder,S6_combined,rls,2,10.0,True,S6_combined__rls__seed2,d01e5c41507ccd6868ea37a1d0993c222e5af61f3b79e1372f0aceb13bdbcf73,7cfed748c1a23fa8b895d925c453ff71b8171df9f5c670346fe7006efecf7439,76cc3775534774ea58f799ee1a64020724e5cefb,final_error_kg,-976.1691724672734,kg
cintron_ladder,S6_combined,rls,3,10.0,True,S6_combined__rls__seed3,023a22c68d81022af0f29d6a4d407ec5521336f357a4e5f5fbb3be2ea33f3920,7cfed748c1a23fa8b895d925c453ff71b8171df9f5c670346fe7006efecf7439,76cc3775534774ea58f799ee1a64020724e5cefb,final_error_kg,-130.7299127298462,kg
cintron_ladder,S6_combined,kalman,1,10.0,True,S6_combined__kalman__seed1,5d4f2a11ab7b925de02ef1d34875af815611f0d172cbf30a820f6e4a5db791f7,6a7aa063ebf027f849ecd3e9c514f26b15cd0e81da553bdba217a4b021eaa2ce,76cc3775534774ea58f799ee1a64020724e5cefb,final_error_kg,-2305.7619378383797,kg
cintron_ladder,S6_combined,kalman,2,10.0,True,S6_combined__kalman__seed2,d01e5c41507ccd6868ea37a1d0993c222e5af61f3b79e1372f0aceb13bdbcf73,6a7aa063ebf027f849ecd3e9c514f26b15cd0e81da553bdba217a4b021eaa2ce,76cc3775534774ea58f799ee1a64020724e5cefb,final_error_kg,-404.43947284984176,kg
cintron_ladder,S6_combined,kalman,3,10.0,True,S6_combined__kalman__seed3,023a22c68d81022af0f29d6a4d407ec5521336f357a4e5f5fbb3be2ea33f3920,6a7aa063ebf027f849ecd3e9c514f26b15cd0e81da553bdba217a4b021eaa2ce,76cc3775534774ea58f799ee1a64020724e5cefb,final_error_kg,-520.9638421228161,kg
cintron_ladder,S7_sparse_reference,static_affine,1,10.0,True,S7_sparse_reference__static_affine__seed1,398c721afafcfb355a753ac0cfd1ebcf65a21a6ef468740ce93012df90f00ec4,320c4e05e312df4a024a274474879a10d765f07f65ee3478b6ac1f7c31980d82,76cc3775534774ea58f799ee1a64020724e5cefb,final_error_kg,-30.804222332535687,kg
cintron_ladder,S7_sparse_reference,static_affine,2,10.0,True,S7_sparse_reference__static_affine__seed2,1301d7f22942f2e6619dcc555486092a7c3c37061e6b225ed3f3da3b3ca3b132,320c4e05e312df4a024a274474879a10d765f07f65ee3478b6ac1f7c31980d82,76cc3775534774ea58f799ee1a64020724e5cefb,final_error_kg,-47.32663825351182,kg
cintron_ladder,S7_sparse_reference,static_affine,3,10.0,True,S7_sparse_reference__static_affine__seed3,32e0738c82819c8cd4653a676dda0f9f67168b628ffc2846dce20179bf21a707,320c4e05e312df4a024a274474879a10d765f07f65ee3478b6ac1f7c31980d82,76cc3775534774ea58f799ee1a64020724e5cefb,final_error_kg,-41.31693026981134,kg
cintron_ladder,S7_sparse_reference,rls,1,10.0,True,S7_sparse_reference__rls__seed1,398c721afafcfb355a753ac0cfd1ebcf65a21a6ef468740ce93012df90f00ec4,7cfed748c1a23fa8b895d925c453ff71b8171df9f5c670346fe7006efecf7439,76cc3775534774ea58f799ee1a64020724e5cefb,final_error_kg,34.5340776760828,kg
cintron_ladder,S7_sparse_reference,rls,2,10.0,True,S7_sparse_reference__rls__seed2,1301d7f22942f2e6619dcc555486092a7c3c37061e6b225ed3f3da3b3ca3b132,7cfed748c1a23fa8b895d925c453ff71b8171df9f5c670346fe7006efecf7439,76cc3775534774ea58f799ee1a64020724e5cefb,final_error_kg,13.234138238937248,kg
cintron_ladder,S7_sparse_reference,rls,3,10.0,True,S7_sparse_reference__rls__seed3,32e0738c82819c8cd4653a676dda0f9f67168b628ffc2846dce20179bf21a707,7cfed748c1a23fa8b895d925c453ff71b8171df9f5c670346fe7006efecf7439,76cc3775534774ea58f799ee1a64020724e5cefb,final_error_kg,61.7034676030878,kg
cintron_ladder,S7_sparse_reference,kalman,1,10.0,True,S7_sparse_reference__kalman__seed1,398c721afafcfb355a753ac0cfd1ebcf65a21a6ef468740ce93012df90f00ec4,6a7aa063ebf027f849ecd3e9c514f26b15cd0e81da553bdba217a4b021eaa2ce,76cc3775534774ea58f799ee1a64020724e5cefb,final_error_kg,59.741951409349895,kg
cintron_ladder,S7_sparse_reference,kalman,2,10.0,True,S7_sparse_reference__kalman__seed2,1301d7f22942f2e6619dcc555486092a7c3c37061e6b225ed3f3da3b3ca3b132,6a7aa063ebf027f849ecd3e9c514f26b15cd0e81da553bdba217a4b021eaa2ce,76cc3775534774ea58f799ee1a64020724e5cefb,final_error_kg,19.645144149586827,kg
cintron_ladder,S7_sparse_reference,kalman,3,10.0,True,S7_sparse_reference__kalman__seed3,32e0738c82819c8cd4653a676dda0f9f67168b628ffc2846dce20179bf21a707,6a7aa063ebf027f849ecd3e9c514f26b15cd0e81da553bdba217a4b021eaa2ce,76cc3775534774ea58f799ee1a64020724e5cefb,final_error_kg,60.09677759666306,kg
cintron_ladder,S1_nominal,static_affine,1,10.0,True,S1_nominal__static_affine__seed1,2a7e164a7e04cfa5ac607c92ecf3c4a53c40e90964e7a047230c36cd233b8751,320c4e05e312df4a024a274474879a10d765f07f65ee3478b6ac1f7c31980d82,76cc3775534774ea58f799ee1a64020724e5cefb,mape,0.005881126100300909,fraction
cintron_ladder,S1_nominal,static_affine,2,10.0,True,S1_nominal__static_affine__seed2,fa2ca240ac17605f28e43b1573d61379f65c20aab226bb0fcf8af13e416712a1,320c4e05e312df4a024a274474879a10d765f07f65ee3478b6ac1f7c31980d82,76cc3775534774ea58f799ee1a64020724e5cefb,mape,0.005787990904650644,fraction
cintron_ladder,S1_nominal,static_affine,3,10.0,True,S1_nominal__static_affine__seed3,e2bb79b9efe0975489e6c62e2c85ebeea90bcc05eddf00c5e3397cde3d2a9805,320c4e05e312df4a024a274474879a10d765f07f65ee3478b6ac1f7c31980d82,76cc3775534774ea58f799ee1a64020724e5cefb,mape,0.005746148385625971,fraction
cintron_ladder,S1_nominal,rls,1,10.0,True,S1_nominal__rls__seed1,2a7e164a7e04cfa5ac607c92ecf3c4a53c40e90964e7a047230c36cd233b8751,7cfed748c1a23fa8b895d925c453ff71b8171df9f5c670346fe7006efecf7439,76cc3775534774ea58f799ee1a64020724e5cefb,mape,0.005796214423771305,fraction
cintron_ladder,S1_nominal,rls,2,10.0,True,S1_nominal__rls__seed2,fa2ca240ac17605f28e43b1573d61379f65c20aab226bb0fcf8af13e416712a1,7cfed748c1a23fa8b895d925c453ff71b8171df9f5c670346fe7006efecf7439,76cc3775534774ea58f799ee1a64020724e5cefb,mape,0.005787492504481166,fraction
cintron_ladder,S1_nominal,rls,3,10.0,True,S1_nominal__rls__seed3,e2bb79b9efe0975489e6c62e2c85ebeea90bcc05eddf00c5e3397cde3d2a9805,7cfed748c1a23fa8b895d925c453ff71b8171df9f5c670346fe7006efecf7439,76cc3775534774ea58f799ee1a64020724e5cefb,mape,0.0056718759379637195,fraction
cintron_ladder,S1_nominal,kalman,1,10.0,True,S1_nominal__kalman__seed1,2a7e164a7e04cfa5ac607c92ecf3c4a53c40e90964e7a047230c36cd233b8751,6a7aa063ebf027f849ecd3e9c514f26b15cd0e81da553bdba217a4b021eaa2ce,76cc3775534774ea58f799ee1a64020724e5cefb,mape,0.005802896315759835,fraction
cintron_ladder,S1_nominal,kalman,2,10.0,True,S1_nominal__kalman__seed2,fa2ca240ac17605f28e43b1573d61379f65c20aab226bb0fcf8af13e416712a1,6a7aa063ebf027f849ecd3e9c514f26b15cd0e81da553bdba217a4b021eaa2ce,76cc3775534774ea58f799ee1a64020724e5cefb,mape,0.00581222198964315,fraction
cintron_ladder,S1_nominal,kalman,3,10.0,True,S1_nominal__kalman__seed3,e2bb79b9efe0975489e6c62e2c85ebeea90bcc05eddf00c5e3397cde3d2a9805,6a7aa063ebf027f849ecd3e9c514f26b15cd0e81da553bdba217a4b021eaa2ce,76cc3775534774ea58f799ee1a64020724e5cefb,mape,0.005666253383226802,fraction
cintron_ladder,S2_thermal_cycle,static_affine,1,10.0,True,S2_thermal_cycle__static_affine__seed1,f5077dc87411ed3b1d5de66609f9ade74b2b190d2ee2584a79de6dbb70344dee,320c4e05e312df4a024a274474879a10d765f07f65ee3478b6ac1f7c31980d82,76cc3775534774ea58f799ee1a64020724e5cefb,mape,0.03804673932804904,fraction
cintron_ladder,S2_thermal_cycle,static_affine,2,10.0,True,S2_thermal_cycle__static_affine__seed2,464a9ded5d97e5522353c10b5f4e7d6fb82021b240fd00240425a619b73a60c1,320c4e05e312df4a024a274474879a10d765f07f65ee3478b6ac1f7c31980d82,76cc3775534774ea58f799ee1a64020724e5cefb,mape,0.03815412979949051,fraction
cintron_ladder,S2_thermal_cycle,static_affine,3,10.0,True,S2_thermal_cycle__static_affine__seed3,9f3ded4a30a0049ceb88c4dd85f0059c2f7ecb82b310ae3424cc48f8b5e42da5,320c4e05e312df4a024a274474879a10d765f07f65ee3478b6ac1f7c31980d82,76cc3775534774ea58f799ee1a64020724e5cefb,mape,0.03789600893791874,fraction
cintron_ladder,S2_thermal_cycle,rls,1,10.0,True,S2_thermal_cycle__rls__seed1,f5077dc87411ed3b1d5de66609f9ade74b2b190d2ee2584a79de6dbb70344dee,7cfed748c1a23fa8b895d925c453ff71b8171df9f5c670346fe7006efecf7439,76cc3775534774ea58f799ee1a64020724e5cefb,mape,0.03788272227048342,fraction
cintron_ladder,S2_thermal_cycle,rls,2,10.0,True,S2_thermal_cycle__rls__seed2,464a9ded5d97e5522353c10b5f4e7d6fb82021b240fd00240425a619b73a60c1,7cfed748c1a23fa8b895d925c453ff71b8171df9f5c670346fe7006efecf7439,76cc3775534774ea58f799ee1a64020724e5cefb,mape,0.03824541377722973,fraction
cintron_ladder,S2_thermal_cycle,rls,3,10.0,True,S2_thermal_cycle__rls__seed3,9f3ded4a30a0049ceb88c4dd85f0059c2f7ecb82b310ae3424cc48f8b5e42da5,7cfed748c1a23fa8b895d925c453ff71b8171df9f5c670346fe7006efecf7439,76cc3775534774ea58f799ee1a64020724e5cefb,mape,0.038240874233767916,fraction
cintron_ladder,S2_thermal_cycle,kalman,1,10.0,True,S2_thermal_cycle__kalman__seed1,f5077dc87411ed3b1d5de66609f9ade74b2b190d2ee2584a79de6dbb70344dee,6a7aa063ebf027f849ecd3e9c514f26b15cd0e81da553bdba217a4b021eaa2ce,76cc3775534774ea58f799ee1a64020724e5cefb,mape,0.03832420182433703,fraction
cintron_ladder,S2_thermal_cycle,kalman,2,10.0,True,S2_thermal_cycle__kalman__seed2,464a9ded5d97e5522353c10b5f4e7d6fb82021b240fd00240425a619b73a60c1,6a7aa063ebf027f849ecd3e9c514f26b15cd0e81da553bdba217a4b021eaa2ce,76cc3775534774ea58f799ee1a64020724e5cefb,mape,0.03829943892690142,fraction
cintron_ladder,S2_thermal_cycle,kalman,3,10.0,True,S2_thermal_cycle__kalman__seed3,9f3ded4a30a0049ceb88c4dd85f0059c2f7ecb82b310ae3424cc48f8b5e42da5,6a7aa063ebf027f849ecd3e9c514f26b15cd0e81da553bdba217a4b021eaa2ce,76cc3775534774ea58f799ee1a64020724e5cefb,mape,0.03830137570284147,fraction
cintron_ladder,S3_zero_drift_walk,static_affine,1,10.0,True,S3_zero_drift_walk__static_affine__seed1,e7b981f1a695ead56faf9a26e3ac56f7cf242bda6227b5aabd270e829bc92da5,320c4e05e312df4a024a274474879a10d765f07f65ee3478b6ac1f7c31980d82,76cc3775534774ea58f799ee1a64020724e5cefb,mape,0.03787468367877805,fraction
cintron_ladder,S3_zero_drift_walk,static_affine,2,10.0,True,S3_zero_drift_walk__static_affine__seed2,8aaeb0ed7c28c2b0ee4c567f78a99e1728b00afc703637facbb86bff31b40b49,320c4e05e312df4a024a274474879a10d765f07f65ee3478b6ac1f7c31980d82,76cc3775534774ea58f799ee1a64020724e5cefb,mape,0.03909489424337506,fraction
cintron_ladder,S3_zero_drift_walk,static_affine,3,10.0,True,S3_zero_drift_walk__static_affine__seed3,b63f96c73e8c77b630930fed7883f11ae94db4991b7977259a58ca8a4af785b0,320c4e05e312df4a024a274474879a10d765f07f65ee3478b6ac1f7c31980d82,76cc3775534774ea58f799ee1a64020724e5cefb,mape,0.03796011419507087,fraction
cintron_ladder,S3_zero_drift_walk,rls,1,10.0,True,S3_zero_drift_walk__rls__seed1,e7b981f1a695ead56faf9a26e3ac56f7cf242bda6227b5aabd270e829bc92da5,7cfed748c1a23fa8b895d925c453ff71b8171df9f5c670346fe7006efecf7439,76cc3775534774ea58f799ee1a64020724e5cefb,mape,0.03813041817602731,fraction
cintron_ladder,S3_zero_drift_walk,rls,2,10.0,True,S3_zero_drift_walk__rls__seed2,8aaeb0ed7c28c2b0ee4c567f78a99e1728b00afc703637facbb86bff31b40b49,7cfed748c1a23fa8b895d925c453ff71b8171df9f5c670346fe7006efecf7439,76cc3775534774ea58f799ee1a64020724e5cefb,mape,0.038488476048730985,fraction
cintron_ladder,S3_zero_drift_walk,rls,3,10.0,True,S3_zero_drift_walk__rls__seed3,b63f96c73e8c77b630930fed7883f11ae94db4991b7977259a58ca8a4af785b0,7cfed748c1a23fa8b895d925c453ff71b8171df9f5c670346fe7006efecf7439,76cc3775534774ea58f799ee1a64020724e5cefb,mape,0.0380532408933573,fraction
cintron_ladder,S3_zero_drift_walk,kalman,1,10.0,True,S3_zero_drift_walk__kalman__seed1,e7b981f1a695ead56faf9a26e3ac56f7cf242bda6227b5aabd270e829bc92da5,6a7aa063ebf027f849ecd3e9c514f26b15cd0e81da553bdba217a4b021eaa2ce,76cc3775534774ea58f799ee1a64020724e5cefb,mape,0.03860677181444562,fraction
cintron_ladder,S3_zero_drift_walk,kalman,2,10.0,True,S3_zero_drift_walk__kalman__seed2,8aaeb0ed7c28c2b0ee4c567f78a99e1728b00afc703637facbb86bff31b40b49,6a7aa063ebf027f849ecd3e9c514f26b15cd0e81da553bdba217a4b021eaa2ce,76cc3775534774ea58f799ee1a64020724e5cefb,mape,0.03877838929392016,fraction
cintron_ladder,S3_zero_drift_walk,kalman,3,10.0,True,S3_zero_drift_walk__kalman__seed3,b63f96c73e8c77b630930fed7883f11ae94db4991b7977259a58ca8a4af785b0,6a7aa063ebf027f849ecd3e9c514f26b15cd0e81da553bdba217a4b021eaa2ce,76cc3775534774ea58f799ee1a64020724e5cefb,mape,0.03841584033080967,fraction
cintron_ladder,S4_step_fault,static_affine,1,10.0,True,S4_step_fault__static_affine__seed1,2ddd431c649ca2b8ec1dd1fa3d1be7053e06b556b429fda303db43e771c49b4d,320c4e05e312df4a024a274474879a10d765f07f65ee3478b6ac1f7c31980d82,76cc3775534774ea58f799ee1a64020724e5cefb,mape,0.04203638858534851,fraction
cintron_ladder,S4_step_fault,static_affine,2,10.0,True,S4_step_fault__static_affine__seed2,1319c874fdf7655f120c5fbb53cc4c8398e4675d47673de0fd98005d630b52b1,320c4e05e312df4a024a274474879a10d765f07f65ee3478b6ac1f7c31980d82,76cc3775534774ea58f799ee1a64020724e5cefb,mape,0.04400348686445119,fraction
cintron_ladder,S4_step_fault,static_affine,3,10.0,True,S4_step_fault__static_affine__seed3,135fc15f1c43d85f0045c59ffbd10841f2a3be848d4153fded5d6a5d6a4e34a0,320c4e05e312df4a024a274474879a10d765f07f65ee3478b6ac1f7c31980d82,76cc3775534774ea58f799ee1a64020724e5cefb,mape,0.04345744427953076,fraction
cintron_ladder,S4_step_fault,rls,1,10.0,True,S4_step_fault__rls__seed1,2ddd431c649ca2b8ec1dd1fa3d1be7053e06b556b429fda303db43e771c49b4d,7cfed748c1a23fa8b895d925c453ff71b8171df9f5c670346fe7006efecf7439,76cc3775534774ea58f799ee1a64020724e5cefb,mape,0.039943035793671484,fraction
cintron_ladder,S4_step_fault,rls,2,10.0,True,S4_step_fault__rls__seed2,1319c874fdf7655f120c5fbb53cc4c8398e4675d47673de0fd98005d630b52b1,7cfed748c1a23fa8b895d925c453ff71b8171df9f5c670346fe7006efecf7439,76cc3775534774ea58f799ee1a64020724e5cefb,mape,0.04087288464064768,fraction
cintron_ladder,S4_step_fault,rls,3,10.0,True,S4_step_fault__rls__seed3,135fc15f1c43d85f0045c59ffbd10841f2a3be848d4153fded5d6a5d6a4e34a0,7cfed748c1a23fa8b895d925c453ff71b8171df9f5c670346fe7006efecf7439,76cc3775534774ea58f799ee1a64020724e5cefb,mape,0.040231602065158474,fraction
cintron_ladder,S4_step_fault,kalman,1,10.0,True,S4_step_fault__kalman__seed1,2ddd431c649ca2b8ec1dd1fa3d1be7053e06b556b429fda303db43e771c49b4d,6a7aa063ebf027f849ecd3e9c514f26b15cd0e81da553bdba217a4b021eaa2ce,76cc3775534774ea58f799ee1a64020724e5cefb,mape,0.040136078526717495,fraction
cintron_ladder,S4_step_fault,kalman,2,10.0,True,S4_step_fault__kalman__seed2,1319c874fdf7655f120c5fbb53cc4c8398e4675d47673de0fd98005d630b52b1,6a7aa063ebf027f849ecd3e9c514f26b15cd0e81da553bdba217a4b021eaa2ce,76cc3775534774ea58f799ee1a64020724e5cefb,mape,0.03964799619295561,fraction
cintron_ladder,S4_step_fault,kalman,3,10.0,True,S4_step_fault__kalman__seed3,135fc15f1c43d85f0045c59ffbd10841f2a3be848d4153fded5d6a5d6a4e34a0,6a7aa063ebf027f849ecd3e9c514f26b15cd0e81da553bdba217a4b021eaa2ce,76cc3775534774ea58f799ee1a64020724e5cefb,mape,0.041114436507016364,fraction
cintron_ladder,S5_outage,static_affine,1,10.0,True,S5_outage__static_affine__seed1,a9fcc049f0f73db1ab44c7ca7ce4b41b05c1b293caabfeb3401f0bef2d75cce3,320c4e05e312df4a024a274474879a10d765f07f65ee3478b6ac1f7c31980d82,76cc3775534774ea58f799ee1a64020724e5cefb,mape,0.038382610290482004,fraction
cintron_ladder,S5_outage,static_affine,2,10.0,True,S5_outage__static_affine__seed2,1510a2663b5f63da6b5b1385333b17c9beaafcd638df3bce3262b43d051f97e1,320c4e05e312df4a024a274474879a10d765f07f65ee3478b6ac1f7c31980d82,76cc3775534774ea58f799ee1a64020724e5cefb,mape,0.03867432995221523,fraction
cintron_ladder,S5_outage,static_affine,3,10.0,True,S5_outage__static_affine__seed3,f84d5ae0ec8ad2f6df97000007a3d8ffecacea53aec887acf2f9adb90f328ec1,320c4e05e312df4a024a274474879a10d765f07f65ee3478b6ac1f7c31980d82,76cc3775534774ea58f799ee1a64020724e5cefb,mape,0.03749142628081505,fraction
cintron_ladder,S5_outage,rls,1,10.0,True,S5_outage__rls__seed1,a9fcc049f0f73db1ab44c7ca7ce4b41b05c1b293caabfeb3401f0bef2d75cce3,7cfed748c1a23fa8b895d925c453ff71b8171df9f5c670346fe7006efecf7439,76cc3775534774ea58f799ee1a64020724e5cefb,mape,0.03820532944425022,fraction
cintron_ladder,S5_outage,rls,2,10.0,True,S5_outage__rls__seed2,1510a2663b5f63da6b5b1385333b17c9beaafcd638df3bce3262b43d051f97e1,7cfed748c1a23fa8b895d925c453ff71b8171df9f5c670346fe7006efecf7439,76cc3775534774ea58f799ee1a64020724e5cefb,mape,0.038950367551822726,fraction
cintron_ladder,S5_outage,rls,3,10.0,True,S5_outage__rls__seed3,f84d5ae0ec8ad2f6df97000007a3d8ffecacea53aec887acf2f9adb90f328ec1,7cfed748c1a23fa8b895d925c453ff71b8171df9f5c670346fe7006efecf7439,76cc3775534774ea58f799ee1a64020724e5cefb,mape,0.03739015065616249,fraction
cintron_ladder,S5_outage,kalman,1,10.0,True,S5_outage__kalman__seed1,a9fcc049f0f73db1ab44c7ca7ce4b41b05c1b293caabfeb3401f0bef2d75cce3,6a7aa063ebf027f849ecd3e9c514f26b15cd0e81da553bdba217a4b021eaa2ce,76cc3775534774ea58f799ee1a64020724e5cefb,mape,0.04007235060256186,fraction
cintron_ladder,S5_outage,kalman,2,10.0,True,S5_outage__kalman__seed2,1510a2663b5f63da6b5b1385333b17c9beaafcd638df3bce3262b43d051f97e1,6a7aa063ebf027f849ecd3e9c514f26b15cd0e81da553bdba217a4b021eaa2ce,76cc3775534774ea58f799ee1a64020724e5cefb,mape,0.03942939519103195,fraction
cintron_ladder,S5_outage,kalman,3,10.0,True,S5_outage__kalman__seed3,f84d5ae0ec8ad2f6df97000007a3d8ffecacea53aec887acf2f9adb90f328ec1,6a7aa063ebf027f849ecd3e9c514f26b15cd0e81da553bdba217a4b021eaa2ce,76cc3775534774ea58f799ee1a64020724e5cefb,mape,0.0381593572182636,fraction
cintron_ladder,S6_combined,static_affine,1,10.0,True,S6_combined__static_affine__seed1,5d4f2a11ab7b925de02ef1d34875af815611f0d172cbf30a820f6e4a5db791f7,320c4e05e312df4a024a274474879a10d765f07f65ee3478b6ac1f7c31980d82,76cc3775534774ea58f799ee1a64020724e5cefb,mape,0.23899591246442345,fraction
cintron_ladder,S6_combined,static_affine,2,10.0,True,S6_combined__static_affine__seed2,d01e5c41507ccd6868ea37a1d0993c222e5af61f3b79e1372f0aceb13bdbcf73,320c4e05e312df4a024a274474879a10d765f07f65ee3478b6ac1f7c31980d82,76cc3775534774ea58f799ee1a64020724e5cefb,mape,0.19392639643410775,fraction
cintron_ladder,S6_combined,static_affine,3,10.0,True,S6_combined__static_affine__seed3,023a22c68d81022af0f29d6a4d407ec5521336f357a4e5f5fbb3be2ea33f3920,320c4e05e312df4a024a274474879a10d765f07f65ee3478b6ac1f7c31980d82,76cc3775534774ea58f799ee1a64020724e5cefb,mape,0.21960220686110693,fraction
cintron_ladder,S6_combined,rls,1,10.0,True,S6_combined__rls__seed1,5d4f2a11ab7b925de02ef1d34875af815611f0d172cbf30a820f6e4a5db791f7,7cfed748c1a23fa8b895d925c453ff71b8171df9f5c670346fe7006efecf7439,76cc3775534774ea58f799ee1a64020724e5cefb,mape,0.2112017902737833,fraction
cintron_ladder,S6_combined,rls,2,10.0,True,S6_combined__rls__seed2,d01e5c41507ccd6868ea37a1d0993c222e5af61f3b79e1372f0aceb13bdbcf73,7cfed748c1a23fa8b895d925c453ff71b8171df9f5c670346fe7006efecf7439,76cc3775534774ea58f799ee1a64020724e5cefb,mape,0.18879999451843796,fraction
cintron_ladder,S6_combined,rls,3,10.0,True,S6_combined__rls__seed3,023a22c68d81022af0f29d6a4d407ec5521336f357a4e5f5fbb3be2ea33f3920,7cfed748c1a23fa8b895d925c453ff71b8171df9f5c670346fe7006efecf7439,76cc3775534774ea58f799ee1a64020724e5cefb,mape,0.20940108049987965,fraction
cintron_ladder,S6_combined,kalman,1,10.0,True,S6_combined__kalman__seed1,5d4f2a11ab7b925de02ef1d34875af815611f0d172cbf30a820f6e4a5db791f7,6a7aa063ebf027f849ecd3e9c514f26b15cd0e81da553bdba217a4b021eaa2ce,76cc3775534774ea58f799ee1a64020724e5cefb,mape,0.24421485697958772,fraction
cintron_ladder,S6_combined,kalman,2,10.0,True,S6_combined__kalman__seed2,d01e5c41507ccd6868ea37a1d0993c222e5af61f3b79e1372f0aceb13bdbcf73,6a7aa063ebf027f849ecd3e9c514f26b15cd0e81da553bdba217a4b021eaa2ce,76cc3775534774ea58f799ee1a64020724e5cefb,mape,0.1940516658265817,fraction
cintron_ladder,S6_combined,kalman,3,10.0,True,S6_combined__kalman__seed3,023a22c68d81022af0f29d6a4d407ec5521336f357a4e5f5fbb3be2ea33f3920,6a7aa063ebf027f849ecd3e9c514f26b15cd0e81da553bdba217a4b021eaa2ce,76cc3775534774ea58f799ee1a64020724e5cefb,mape,0.21846293176833076,fraction
cintron_ladder,S7_sparse_reference,static_affine,1,10.0,True,S7_sparse_reference__static_affine__seed1,398c721afafcfb355a753ac0cfd1ebcf65a21a6ef468740ce93012df90f00ec4,320c4e05e312df4a024a274474879a10d765f07f65ee3478b6ac1f7c31980d82,76cc3775534774ea58f799ee1a64020724e5cefb,mape,0.043051157981875324,fraction
cintron_ladder,S7_sparse_reference,static_affine,2,10.0,True,S7_sparse_reference__static_affine__seed2,1301d7f22942f2e6619dcc555486092a7c3c37061e6b225ed3f3da3b3ca3b132,320c4e05e312df4a024a274474879a10d765f07f65ee3478b6ac1f7c31980d82,76cc3775534774ea58f799ee1a64020724e5cefb,mape,0.044351552483668184,fraction
cintron_ladder,S7_sparse_reference,static_affine,3,10.0,True,S7_sparse_reference__static_affine__seed3,32e0738c82819c8cd4653a676dda0f9f67168b628ffc2846dce20179bf21a707,320c4e05e312df4a024a274474879a10d765f07f65ee3478b6ac1f7c31980d82,76cc3775534774ea58f799ee1a64020724e5cefb,mape,0.045734267926497665,fraction
cintron_ladder,S7_sparse_reference,rls,1,10.0,True,S7_sparse_reference__rls__seed1,398c721afafcfb355a753ac0cfd1ebcf65a21a6ef468740ce93012df90f00ec4,7cfed748c1a23fa8b895d925c453ff71b8171df9f5c670346fe7006efecf7439,76cc3775534774ea58f799ee1a64020724e5cefb,mape,0.04195820561182257,fraction
cintron_ladder,S7_sparse_reference,rls,2,10.0,True,S7_sparse_reference__rls__seed2,1301d7f22942f2e6619dcc555486092a7c3c37061e6b225ed3f3da3b3ca3b132,7cfed748c1a23fa8b895d925c453ff71b8171df9f5c670346fe7006efecf7439,76cc3775534774ea58f799ee1a64020724e5cefb,mape,0.041342136380341434,fraction
cintron_ladder,S7_sparse_reference,rls,3,10.0,True,S7_sparse_reference__rls__seed3,32e0738c82819c8cd4653a676dda0f9f67168b628ffc2846dce20179bf21a707,7cfed748c1a23fa8b895d925c453ff71b8171df9f5c670346fe7006efecf7439,76cc3775534774ea58f799ee1a64020724e5cefb,mape,0.042721763390440315,fraction
cintron_ladder,S7_sparse_reference,kalman,1,10.0,True,S7_sparse_reference__kalman__seed1,398c721afafcfb355a753ac0cfd1ebcf65a21a6ef468740ce93012df90f00ec4,6a7aa063ebf027f849ecd3e9c514f26b15cd0e81da553bdba217a4b021eaa2ce,76cc3775534774ea58f799ee1a64020724e5cefb,mape,0.04240479284723876,fraction
cintron_ladder,S7_sparse_reference,kalman,2,10.0,True,S7_sparse_reference__kalman__seed2,1301d7f22942f2e6619dcc555486092a7c3c37061e6b225ed3f3da3b3ca3b132,6a7aa063ebf027f849ecd3e9c514f26b15cd0e81da553bdba217a4b021eaa2ce,76cc3775534774ea58f799ee1a64020724e5cefb,mape,0.04127271637302691,fraction
cintron_ladder,S7_sparse_reference,kalman,3,10.0,True,S7_sparse_reference__kalman__seed3,32e0738c82819c8cd4653a676dda0f9f67168b628ffc2846dce20179bf21a707,6a7aa063ebf027f849ecd3e9c514f26b15cd0e81da553bdba217a4b021eaa2ce,76cc3775534774ea58f799ee1a64020724e5cefb,mape,0.04279853233660297,fraction
cintron_ladder,S1_nominal,static_affine,1,10.0,True,S1_nominal__static_affine__seed1,2a7e164a7e04cfa5ac607c92ecf3c4a53c40e90964e7a047230c36cd233b8751,320c4e05e312df4a024a274474879a10d765f07f65ee3478b6ac1f7c31980d82,76cc3775534774ea58f799ee1a64020724e5cefb,coverage,0.9558498896247241,fraction
cintron_ladder,S1_nominal,static_affine,2,10.0,True,S1_nominal__static_affine__seed2,fa2ca240ac17605f28e43b1573d61379f65c20aab226bb0fcf8af13e416712a1,320c4e05e312df4a024a274474879a10d765f07f65ee3478b6ac1f7c31980d82,76cc3775534774ea58f799ee1a64020724e5cefb,coverage,0.9556338028169014,fraction
cintron_ladder,S1_nominal,static_affine,3,10.0,True,S1_nominal__static_affine__seed3,e2bb79b9efe0975489e6c62e2c85ebeea90bcc05eddf00c5e3397cde3d2a9805,320c4e05e312df4a024a274474879a10d765f07f65ee3478b6ac1f7c31980d82,76cc3775534774ea58f799ee1a64020724e5cefb,coverage,0.9412607449856734,fraction
cintron_ladder,S1_nominal,rls,1,10.0,True,S1_nominal__rls__seed1,2a7e164a7e04cfa5ac607c92ecf3c4a53c40e90964e7a047230c36cd233b8751,7cfed748c1a23fa8b895d925c453ff71b8171df9f5c670346fe7006efecf7439,76cc3775534774ea58f799ee1a64020724e5cefb,coverage,0.9565857247976454,fraction
cintron_ladder,S1_nominal,rls,2,10.0,True,S1_nominal__rls__seed2,fa2ca240ac17605f28e43b1573d61379f65c20aab226bb0fcf8af13e416712a1,7cfed748c1a23fa8b895d925c453ff71b8171df9f5c670346fe7006efecf7439,76cc3775534774ea58f799ee1a64020724e5cefb,coverage,0.956338028169014,fraction
cintron_ladder,S1_nominal,rls,3,10.0,True,S1_nominal__rls__seed3,e2bb79b9efe0975489e6c62e2c85ebeea90bcc05eddf00c5e3397cde3d2a9805,7cfed748c1a23fa8b895d925c453ff71b8171df9f5c670346fe7006efecf7439,76cc3775534774ea58f799ee1a64020724e5cefb,coverage,0.9419770773638968,fraction
cintron_ladder,S1_nominal,kalman,1,10.0,True,S1_nominal__kalman__seed1,2a7e164a7e04cfa5ac607c92ecf3c4a53c40e90964e7a047230c36cd233b8751,6a7aa063ebf027f849ecd3e9c514f26b15cd0e81da553bdba217a4b021eaa2ce,76cc3775534774ea58f799ee1a64020724e5cefb,coverage,0.9543782192788816,fraction
cintron_ladder,S1_nominal,kalman,2,10.0,True,S1_nominal__kalman__seed2,fa2ca240ac17605f28e43b1573d61379f65c20aab226bb0fcf8af13e416712a1,6a7aa063ebf027f849ecd3e9c514f26b15cd0e81da553bdba217a4b021eaa2ce,76cc3775534774ea58f799ee1a64020724e5cefb,coverage,0.9591549295774648,fraction
cintron_ladder,S1_nominal,kalman,3,10.0,True,S1_nominal__kalman__seed3,e2bb79b9efe0975489e6c62e2c85ebeea90bcc05eddf00c5e3397cde3d2a9805,6a7aa063ebf027f849ecd3e9c514f26b15cd0e81da553bdba217a4b021eaa2ce,76cc3775534774ea58f799ee1a64020724e5cefb,coverage,0.9434097421203438,fraction
cintron_ladder,S2_thermal_cycle,static_affine,1,10.0,True,S2_thermal_cycle__static_affine__seed1,f5077dc87411ed3b1d5de66609f9ade74b2b190d2ee2584a79de6dbb70344dee,320c4e05e312df4a024a274474879a10d765f07f65ee3478b6ac1f7c31980d82,76cc3775534774ea58f799ee1a64020724e5cefb,coverage,0.9466200466200466,fraction
cintron_ladder,S2_thermal_cycle,static_affine,2,10.0,True,S2_thermal_cycle__static_affine__seed2,464a9ded5d97e5522353c10b5f4e7d6fb82021b240fd00240425a619b73a60c1,320c4e05e312df4a024a274474879a10d765f07f65ee3478b6ac1f7c31980d82,76cc3775534774ea58f799ee1a64020724e5cefb,coverage,0.9529139328444616,fraction
cintron_ladder,S2_thermal_cycle,static_affine,3,10.0,True,S2_thermal_cycle__static_affine__seed3,9f3ded4a30a0049ceb88c4dd85f0059c2f7ecb82b310ae3424cc48f8b5e42da5,320c4e05e312df4a024a274474879a10d765f07f65ee3478b6ac1f7c31980d82,76cc3775534774ea58f799ee1a64020724e5cefb,coverage,0.9389729024334076,fraction
cintron_ladder,S2_thermal_cycle,rls,1,10.0,True,S2_thermal_cycle__rls__seed1,f5077dc87411ed3b1d5de66609f9ade74b2b190d2ee2584a79de6dbb70344dee,7cfed748c1a23fa8b895d925c453ff71b8171df9f5c670346fe7006efecf7439,76cc3775534774ea58f799ee1a64020724e5cefb,coverage,0.9473193473193473,fraction
cintron_ladder,S2_thermal_cycle,rls,2,10.0,True,S2_thermal_cycle__rls__seed2,464a9ded5d97e5522353c10b5f4e7d6fb82021b240fd00240425a619b73a60c1,7cfed748c1a23fa8b895d925c453ff71b8171df9f5c670346fe7006efecf7439,76cc3775534774ea58f799ee1a64020724e5cefb,coverage,0.9580084909301428,fraction
cintron_ladder,S2_thermal_cycle,rls,3,10.0,True,S2_thermal_cycle__rls__seed3,9f3ded4a30a0049ceb88c4dd85f0059c2f7ecb82b310ae3424cc48f8b5e42da5,7cfed748c1a23fa8b895d925c453ff71b8171df9f5c670346fe7006efecf7439,76cc3775534774ea58f799ee1a64020724e5cefb,coverage,0.9382820296307669,fraction
cintron_ladder,S2_thermal_cycle,kalman,1,10.0,True,S2_thermal_cycle__kalman__seed1,f5077dc87411ed3b1d5de66609f9ade74b2b190d2ee2584a79de6dbb70344dee,6a7aa063ebf027f849ecd3e9c514f26b15cd0e81da553bdba217a4b021eaa2ce,76cc3775534774ea58f799ee1a64020724e5cefb,coverage,0.9525252525252526,fraction
cintron_ladder,S2_thermal_cycle,kalman,2,10.0,True,S2_thermal_cycle__kalman__seed2,464a9ded5d97e5522353c10b5f4e7d6fb82021b240fd00240425a619b73a60c1,6a7aa063ebf027f849ecd3e9c514f26b15cd0e81da553bdba217a4b021eaa2ce,76cc3775534774ea58f799ee1a64020724e5cefb,coverage,0.9604013894249325,fraction
cintron_ladder,S2_thermal_cycle,kalman,3,10.0,True,S2_thermal_cycle__kalman__seed3,9f3ded4a30a0049ceb88c4dd85f0059c2f7ecb82b310ae3424cc48f8b5e42da5,6a7aa063ebf027f849ecd3e9c514f26b15cd0e81da553bdba217a4b021eaa2ce,76cc3775534774ea58f799ee1a64020724e5cefb,coverage,0.9415061027097567,fraction
cintron_ladder,S3_zero_drift_walk,static_affine,1,10.0,True,S3_zero_drift_walk__static_affine__seed1,e7b981f1a695ead56faf9a26e3ac56f7cf242bda6227b5aabd270e829bc92da5,320c4e05e312df4a024a274474879a10d765f07f65ee3478b6ac1f7c31980d82,76cc3775534774ea58f799ee1a64020724e5cefb,coverage,0.9706507868991918,fraction
cintron_ladder,S3_zero_drift_walk,static_affine,2,10.0,True,S3_zero_drift_walk__static_affine__seed2,8aaeb0ed7c28c2b0ee4c567f78a99e1728b00afc703637facbb86bff31b40b49,320c4e05e312df4a024a274474879a10d765f07f65ee3478b6ac1f7c31980d82,76cc3775534774ea58f799ee1a64020724e5cefb,coverage,0.9369633507853403,fraction
cintron_ladder,S3_zero_drift_walk,static_affine,3,10.0,True,S3_zero_drift_walk__static_affine__seed3,b63f96c73e8c77b630930fed7883f11ae94db4991b7977259a58ca8a4af785b0,320c4e05e312df4a024a274474879a10d765f07f65ee3478b6ac1f7c31980d82,76cc3775534774ea58f799ee1a64020724e5cefb,coverage,0.9378140703517588,fraction
cintron_ladder,S3_zero_drift_walk,rls,1,10.0,True,S3_zero_drift_walk__rls__seed1,e7b981f1a695ead56faf9a26e3ac56f7cf242bda6227b5aabd270e829bc92da5,7cfed748c1a23fa8b895d925c453ff71b8171df9f5c670346fe7006efecf7439,76cc3775534774ea58f799ee1a64020724e5cefb,coverage,0.9695874096129307,fraction
cintron_ladder,S3_zero_drift_walk,rls,2,10.0,True,S3_zero_drift_walk__rls__seed2,8aaeb0ed7c28c2b0ee4c567f78a99e1728b00afc703637facbb86bff31b40b49,7cfed748c1a23fa8b895d925c453ff71b8171df9f5c670346fe7006efecf7439,76cc3775534774ea58f799ee1a64020724e5cefb,coverage,0.9426178010471205,fraction
cintron_ladder,S3_zero_drift_walk,rls,3,10.0,True,S3_zero_drift_walk__rls__seed3,b63f96c73e8c77b630930fed7883f11ae94db4991b7977259a58ca8a4af785b0,7cfed748c1a23fa8b895d925c453ff71b8171df9f5c670346fe7006efecf7439,76cc3775534774ea58f799ee1a64020724e5cefb,coverage,0.9382328308207705,fraction
cintron_ladder,S3_zero_drift_walk,kalman,1,10.0,True,S3_zero_drift_walk__kalman__seed1,e7b981f1a695ead56faf9a26e3ac56f7cf242bda6227b5aabd270e829bc92da5,6a7aa063ebf027f849ecd3e9c514f26b15cd0e81da553bdba217a4b021eaa2ce,76cc3775534774ea58f799ee1a64020724e5cefb,coverage,0.9693747341556784,fraction
cintron_ladder,S3_zero_drift_walk,kalman,2,10.0,True,S3_zero_drift_walk__kalman__seed2,8aaeb0ed7c28c2b0ee4c567f78a99e1728b00afc703637facbb86bff31b40b49,6a7aa063ebf027f849ecd3e9c514f26b15cd0e81da553bdba217a4b021eaa2ce,76cc3775534774ea58f799ee1a64020724e5cefb,coverage,0.9495287958115183,fraction
cintron_ladder,S3_zero_drift_walk,kalman,3,10.0,True,S3_zero_drift_walk__kalman__seed3,b63f96c73e8c77b630930fed7883f11ae94db4991b7977259a58ca8a4af785b0,6a7aa063ebf027f849ecd3e9c514f26b15cd0e81da553bdba217a4b021eaa2ce,76cc3775534774ea58f799ee1a64020724e5cefb,coverage,0.9484924623115578,fraction
cintron_ladder,S4_step_fault,static_affine,1,10.0,True,S4_step_fault__static_affine__seed1,2ddd431c649ca2b8ec1dd1fa3d1be7053e06b556b429fda303db43e771c49b4d,320c4e05e312df4a024a274474879a10d765f07f65ee3478b6ac1f7c31980d82,76cc3775534774ea58f799ee1a64020724e5cefb,coverage,0.9569575471698113,fraction
cintron_ladder,S4_step_fault,static_affine,2,10.0,True,S4_step_fault__static_affine__seed2,1319c874fdf7655f120c5fbb53cc4c8398e4675d47673de0fd98005d630b52b1,320c4e05e312df4a024a274474879a10d765f07f65ee3478b6ac1f7c31980d82,76cc3775534774ea58f799ee1a64020724e5cefb,coverage,0.9227898966704937,fraction
cintron_ladder,S4_step_fault,static_affine,3,10.0,True,S4_step_fault__static_affine__seed3,135fc15f1c43d85f0045c59ffbd10841f2a3be848d4153fded5d6a5d6a4e34a0,320c4e05e312df4a024a274474879a10d765f07f65ee3478b6ac1f7c31980d82,76cc3775534774ea58f799ee1a64020724e5cefb,coverage,0.9349431818181818,fraction
cintron_ladder,S4_step_fault,rls,1,10.0,True,S4_step_fault__rls__seed1,2ddd431c649ca2b8ec1dd1fa3d1be7053e06b556b429fda303db43e771c49b4d,7cfed748c1a23fa8b895d925c453ff71b8171df9f5c670346fe7006efecf7439,76cc3775534774ea58f799ee1a64020724e5cefb,coverage,0.9631485849056604,fraction
cintron_ladder,S4_step_fault,rls,2,10.0,True,S4_step_fault__rls__seed2,1319c874fdf7655f120c5fbb53cc4c8398e4675d47673de0fd98005d630b52b1,7cfed748c1a23fa8b895d925c453ff71b8171df9f5c670346fe7006efecf7439,76cc3775534774ea58f799ee1a64020724e5cefb,coverage,0.928817451205511,fraction
cintron_ladder,S4_step_fault,rls,3,10.0,True,S4_step_fault__rls__seed3,135fc15f1c43d85f0045c59ffbd10841f2a3be848d4153fded5d6a5d6a4e34a0,7cfed748c1a23fa8b895d925c453ff71b8171df9f5c670346fe7006efecf7439,76cc3775534774ea58f799ee1a64020724e5cefb,coverage,0.9247159090909091,fraction
cintron_ladder,S4_step_fault,kalman,1,10.0,True,S4_step_fault__kalman__seed1,2ddd431c649ca2b8ec1dd1fa3d1be7053e06b556b429fda303db43e771c49b4d,6a7aa063ebf027f849ecd3e9c514f26b15cd0e81da553bdba217a4b021eaa2ce,76cc3775534774ea58f799ee1a64020724e5cefb,coverage,0.9731721698113207,fraction
cintron_ladder,S4_step_fault,kalman,2,10.0,True,S4_step_fault__kalman__seed2,1319c874fdf7655f120c5fbb53cc4c8398e4675d47673de0fd98005d630b52b1,6a7aa063ebf027f849ecd3e9c514f26b15cd0e81da553bdba217a4b021eaa2ce,76cc3775534774ea58f799ee1a64020724e5cefb,coverage,0.9675660160734788,fraction
cintron_ladder,S4_step_fault,kalman,3,10.0,True,S4_step_fault__kalman__seed3,135fc15f1c43d85f0045c59ffbd10841f2a3be848d4153fded5d6a5d6a4e34a0,6a7aa063ebf027f849ecd3e9c514f26b15cd0e81da553bdba217a4b021eaa2ce,76cc3775534774ea58f799ee1a64020724e5cefb,coverage,0.9366477272727273,fraction
cintron_ladder,S5_outage,static_affine,1,10.0,True,S5_outage__static_affine__seed1,a9fcc049f0f73db1ab44c7ca7ce4b41b05c1b293caabfeb3401f0bef2d75cce3,320c4e05e312df4a024a274474879a10d765f07f65ee3478b6ac1f7c31980d82,76cc3775534774ea58f799ee1a64020724e5cefb,coverage,0.9476787030213707,fraction
cintron_ladder,S5_outage,static_affine,2,10.0,True,S5_outage__static_affine__seed2,1510a2663b5f63da6b5b1385333b17c9beaafcd638df3bce3262b43d051f97e1,320c4e05e312df4a024a274474879a10d765f07f65ee3478b6ac1f7c31980d82,76cc3775534774ea58f799ee1a64020724e5cefb,coverage,0.9816124469589816,fraction
cintron_ladder,S5_outage,static_affine,3,10.0,True,S5_outage__static_affine__seed3,f84d5ae0ec8ad2f6df97000007a3d8ffecacea53aec887acf2f9adb90f328ec1,320c4e05e312df4a024a274474879a10d765f07f65ee3478b6ac1f7c31980d82,76cc3775534774ea58f799ee1a64020724e5cefb,coverage,0.9260057471264368,fraction
cintron_ladder,S5_outage,rls,1,10.0,True,S5_outage__rls__seed1,a9fcc049f0f73db1ab44c7ca7ce4b41b05c1b293caabfeb3401f0bef2d75cce3,7cfed748c1a23fa8b895d925c453ff71b8171df9f5c670346fe7006efecf7439,76cc3775534774ea58f799ee1a64020724e5cefb,coverage,0.9506263817243921,fraction
cintron_ladder,S5_outage,rls,2,10.0,True,S5_outage__rls__seed2,1510a2663b5f63da6b5b1385333b17c9beaafcd638df3bce3262b43d051f97e1,7cfed748c1a23fa8b895d925c453ff71b8171df9f5c670346fe7006efecf7439,76cc3775534774ea58f799ee1a64020724e5cefb,coverage,0.9837340876944838,fraction
cintron_ladder,S5_outage,rls,3,10.0,True,S5_outage__rls__seed3,f84d5ae0ec8ad2f6df97000007a3d8ffecacea53aec887acf2f9adb90f328ec1,7cfed748c1a23fa8b895d925c453ff71b8171df9f5c670346fe7006efecf7439,76cc3775534774ea58f799ee1a64020724e5cefb,coverage,0.9260057471264368,fraction
cintron_ladder,S5_outage,kalman,1,10.0,True,S5_outage__kalman__seed1,a9fcc049f0f73db1ab44c7ca7ce4b41b05c1b293caabfeb3401f0bef2d75cce3,6a7aa063ebf027f849ecd3e9c514f26b15cd0e81da553bdba217a4b021eaa2ce,76cc3775534774ea58f799ee1a64020724e5cefb,coverage,0.9727339719970524,fraction
cintron_ladder,S5_outage,kalman,2,10.0,True,S5_outage__kalman__seed2,1510a2663b5f63da6b5b1385333b17c9beaafcd638df3bce3262b43d051f97e1,6a7aa063ebf027f849ecd3e9c514f26b15cd0e81da553bdba217a4b021eaa2ce,76cc3775534774ea58f799ee1a64020724e5cefb,coverage,0.9872701555869873,fraction
cintron_ladder,S5_outage,kalman,3,10.0,True,S5_outage__kalman__seed3,f84d5ae0ec8ad2f6df97000007a3d8ffecacea53aec887acf2f9adb90f328ec1,6a7aa063ebf027f849ecd3e9c514f26b15cd0e81da553bdba217a4b021eaa2ce,76cc3775534774ea58f799ee1a64020724e5cefb,coverage,0.9418103448275862,fraction
cintron_ladder,S6_combined,static_affine,1,10.0,True,S6_combined__static_affine__seed1,5d4f2a11ab7b925de02ef1d34875af815611f0d172cbf30a820f6e4a5db791f7,320c4e05e312df4a024a274474879a10d765f07f65ee3478b6ac1f7c31980d82,76cc3775534774ea58f799ee1a64020724e5cefb,coverage,0.9213729794452206,fraction
cintron_ladder,S6_combined,static_affine,2,10.0,True,S6_combined__static_affine__seed2,d01e5c41507ccd6868ea37a1d0993c222e5af61f3b79e1372f0aceb13bdbcf73,320c4e05e312df4a024a274474879a10d765f07f65ee3478b6ac1f7c31980d82,76cc3775534774ea58f799ee1a64020724e5cefb,coverage,0.8884517017509345,fraction
cintron_ladder,S6_combined,static_affine,3,10.0,True,S6_combined__static_affine__seed3,023a22c68d81022af0f29d6a4d407ec5521336f357a4e5f5fbb3be2ea33f3920,320c4e05e312df4a024a274474879a10d765f07f65ee3478b6ac1f7c31980d82,76cc3775534774ea58f799ee1a64020724e5cefb,coverage,0.9002173483501285,fraction
cintron_ladder,S6_combined,rls,1,10.0,True,S6_combined__rls__seed1,5d4f2a11ab7b925de02ef1d34875af815611f0d172cbf30a820f6e4a5db791f7,7cfed748c1a23fa8b895d925c453ff71b8171df9f5c670346fe7006efecf7439,76cc3775534774ea58f799ee1a64020724e5cefb,coverage,0.9311514667730992,fraction
cintron_ladder,S6_combined,rls,2,10.0,True,S6_combined__rls__seed2,d01e5c41507ccd6868ea37a1d0993c222e5af61f3b79e1372f0aceb13bdbcf73,7cfed748c1a23fa8b895d925c453ff71b8171df9f5c670346fe7006efecf7439,76cc3775534774ea58f799ee1a64020724e5cefb,coverage,0.8953373991737164,fraction
cintron_ladder,S6_combined,rls,3,10.0,True,S6_combined__rls__seed3,023a22c68d81022af0f29d6a4d407ec5521336f357a4e5f5fbb3be2ea33f3920,7cfed748c1a23fa8b895d925c453ff71b8171df9f5c670346fe7006efecf7439,76cc3775534774ea58f799ee1a64020724e5cefb,coverage,0.9083185141276428,fraction
cintron_ladder,S6_combined,kalman,1,10.0,True,S6_combined__kalman__seed1,5d4f2a11ab7b925de02ef1d34875af815611f0d172cbf30a820f6e4a5db791f7,6a7aa063ebf027f849ecd3e9c514f26b15cd0e81da553bdba217a4b021eaa2ce,76cc3775534774ea58f799ee1a64020724e5cefb,coverage,0.9349431251247255,fraction
cintron_ladder,S6_combined,kalman,2,10.0,True,S6_combined__kalman__seed2,d01e5c41507ccd6868ea37a1d0993c222e5af61f3b79e1372f0aceb13bdbcf73,6a7aa063ebf027f849ecd3e9c514f26b15cd0e81da553bdba217a4b021eaa2ce,76cc3775534774ea58f799ee1a64020724e5cefb,coverage,0.9036002360810544,fraction
cintron_ladder,S6_combined,kalman,3,10.0,True,S6_combined__kalman__seed3,023a22c68d81022af0f29d6a4d407ec5521336f357a4e5f5fbb3be2ea33f3920,6a7aa063ebf027f849ecd3e9c514f26b15cd0e81da553bdba217a4b021eaa2ce,76cc3775534774ea58f799ee1a64020724e5cefb,coverage,0.9039715471250741,fraction
cintron_ladder,S7_sparse_reference,static_affine,1,10.0,True,S7_sparse_reference__static_affine__seed1,398c721afafcfb355a753ac0cfd1ebcf65a21a6ef468740ce93012df90f00ec4,320c4e05e312df4a024a274474879a10d765f07f65ee3478b6ac1f7c31980d82,76cc3775534774ea58f799ee1a64020724e5cefb,coverage,0.9416232944155296,fraction
cintron_ladder,S7_sparse_reference,static_affine,2,10.0,True,S7_sparse_reference__static_affine__seed2,1301d7f22942f2e6619dcc555486092a7c3c37061e6b225ed3f3da3b3ca3b132,320c4e05e312df4a024a274474879a10d765f07f65ee3478b6ac1f7c31980d82,76cc3775534774ea58f799ee1a64020724e5cefb,coverage,0.9487573303546495,fraction
cintron_ladder,S7_sparse_reference,static_affine,3,10.0,True,S7_sparse_reference__static_affine__seed3,32e0738c82819c8cd4653a676dda0f9f67168b628ffc2846dce20179bf21a707,320c4e05e312df4a024a274474879a10d765f07f65ee3478b6ac1f7c31980d82,76cc3775534774ea58f799ee1a64020724e5cefb,coverage,0.9362622036262204,fraction
cintron_ladder,S7_sparse_reference,rls,1,10.0,True,S7_sparse_reference__rls__seed1,398c721afafcfb355a753ac0cfd1ebcf65a21a6ef468740ce93012df90f00ec4,7cfed748c1a23fa8b895d925c453ff71b8171df9f5c670346fe7006efecf7439,76cc3775534774ea58f799ee1a64020724e5cefb,coverage,0.9458432972288648,fraction
cintron_ladder,S7_sparse_reference,rls,2,10.0,True,S7_sparse_reference__rls__seed2,1301d7f22942f2e6619dcc555486092a7c3c37061e6b225ed3f3da3b3ca3b132,7cfed748c1a23fa8b895d925c453ff71b8171df9f5c670346fe7006efecf7439,76cc3775534774ea58f799ee1a64020724e5cefb,coverage,0.9571348785255516,fraction
cintron_ladder,S7_sparse_reference,rls,3,10.0,True,S7_sparse_reference__rls__seed3,32e0738c82819c8cd4653a676dda0f9f67168b628ffc2846dce20179bf21a707,7cfed748c1a23fa8b895d925c453ff71b8171df9f5c670346fe7006efecf7439,76cc3775534774ea58f799ee1a64020724e5cefb,coverage,0.9535564853556485,fraction
cintron_ladder,S7_sparse_reference,kalman,1,10.0,True,S7_sparse_reference__kalman__seed1,398c721afafcfb355a753ac0cfd1ebcf65a21a6ef468740ce93012df90f00ec4,6a7aa063ebf027f849ecd3e9c514f26b15cd0e81da553bdba217a4b021eaa2ce,76cc3775534774ea58f799ee1a64020724e5cefb,coverage,0.9555493036995358,fraction
cintron_ladder,S7_sparse_reference,kalman,2,10.0,True,S7_sparse_reference__kalman__seed2,1301d7f22942f2e6619dcc555486092a7c3c37061e6b225ed3f3da3b3ca3b132,6a7aa063ebf027f849ecd3e9c514f26b15cd0e81da553bdba217a4b021eaa2ce,76cc3775534774ea58f799ee1a64020724e5cefb,coverage,0.9624406590337894,fraction
cintron_ladder,S7_sparse_reference,kalman,3,10.0,True,S7_sparse_reference__kalman__seed3,32e0738c82819c8cd4653a676dda0f9f67168b628ffc2846dce20179bf21a707,6a7aa063ebf027f849ecd3e9c514f26b15cd0e81da553bdba217a4b021eaa2ce,76cc3775534774ea58f799ee1a64020724e5cefb,coverage,0.9638772663877266,fraction
cintron_ladder,S1_nominal,static_affine,1,10.0,True,S1_nominal__static_affine__seed1,2a7e164a7e04cfa5ac607c92ecf3c4a53c40e90964e7a047230c36cd233b8751,320c4e05e312df4a024a274474879a10d765f07f65ee3478b6ac1f7c31980d82,76cc3775534774ea58f799ee1a64020724e5cefb,coverage_expected,0.9555735056542811,fraction
cintron_ladder,S1_nominal,static_affine,2,10.0,True,S1_nominal__static_affine__seed2,fa2ca240ac17605f28e43b1573d61379f65c20aab226bb0fcf8af13e416712a1,320c4e05e312df4a024a274474879a10d765f07f65ee3478b6ac1f7c31980d82,76cc3775534774ea58f799ee1a64020724e5cefb,coverage_expected,0.9576597382602001,fraction
cintron_ladder,S1_nominal,static_affine,3,10.0,True,S1_nominal__static_affine__seed3,e2bb79b9efe0975489e6c62e2c85ebeea90bcc05eddf00c5e3397cde3d2a9805,320c4e05e312df4a024a274474879a10d765f07f65ee3478b6ac1f7c31980d82,76cc3775534774ea58f799ee1a64020724e5cefb,coverage_expected,0.9435294117647058,fraction
cintron_ladder,S1_nominal,rls,1,10.0,True,S1_nominal__rls__seed1,2a7e164a7e04cfa5ac607c92ecf3c4a53c40e90964e7a047230c36cd233b8751,7cfed748c1a23fa8b895d925c453ff71b8171df9f5c670346fe7006efecf7439,76cc3775534774ea58f799ee1a64020724e5cefb,coverage_expected,0.9563812600969306,fraction
cintron_ladder,S1_nominal,rls,2,10.0,True,S1_nominal__rls__seed2,fa2ca240ac17605f28e43b1573d61379f65c20aab226bb0fcf8af13e416712a1,7cfed748c1a23fa8b895d925c453ff71b8171df9f5c670346fe7006efecf7439,76cc3775534774ea58f799ee1a64020724e5cefb,coverage_expected,0.9591993841416474,fraction
cintron_ladder,S1_nominal,rls,3,10.0,True,S1_nominal__rls__seed3,e2bb79b9efe0975489e6c62e2c85ebeea90bcc05eddf00c5e3397cde3d2a9805,7cfed748c1a23fa8b895d925c453ff71b8171df9f5c670346fe7006efecf7439,76cc3775534774ea58f799ee1a64020724e5cefb,coverage_expected,0.9443137254901961,fraction
cintron_ladder,S1_nominal,kalman,1,10.0,True,S1_nominal__kalman__seed1,2a7e164a7e04cfa5ac607c92ecf3c4a53c40e90964e7a047230c36cd233b8751,6a7aa063ebf027f849ecd3e9c514f26b15cd0e81da553bdba217a4b021eaa2ce,76cc3775534774ea58f799ee1a64020724e5cefb,coverage_expected,0.9539579967689822,fraction
cintron_ladder,S1_nominal,kalman,2,10.0,True,S1_nominal__kalman__seed2,fa2ca240ac17605f28e43b1573d61379f65c20aab226bb0fcf8af13e416712a1,6a7aa063ebf027f849ecd3e9c514f26b15cd0e81da553bdba217a4b021eaa2ce,76cc3775534774ea58f799ee1a64020724e5cefb,coverage_expected,0.9615088529638183,fraction
cintron_ladder,S1_nominal,kalman,3,10.0,True,S1_nominal__kalman__seed3,e2bb79b9efe0975489e6c62e2c85ebeea90bcc05eddf00c5e3397cde3d2a9805,6a7aa063ebf027f849ecd3e9c514f26b15cd0e81da553bdba217a4b021eaa2ce,76cc3775534774ea58f799ee1a64020724e5cefb,coverage_expected,0.9458823529411765,fraction
cintron_ladder,S2_thermal_cycle,static_affine,1,10.0,True,S2_thermal_cycle__static_affine__seed1,f5077dc87411ed3b1d5de66609f9ade74b2b190d2ee2584a79de6dbb70344dee,320c4e05e312df4a024a274474879a10d765f07f65ee3478b6ac1f7c31980d82,76cc3775534774ea58f799ee1a64020724e5cefb,coverage_expected,0.9473684210526315,fraction
cintron_ladder,S2_thermal_cycle,static_affine,2,10.0,True,S2_thermal_cycle__static_affine__seed2,464a9ded5d97e5522353c10b5f4e7d6fb82021b240fd00240425a619b73a60c1,320c4e05e312df4a024a274474879a10d765f07f65ee3478b6ac1f7c31980d82,76cc3775534774ea58f799ee1a64020724e5cefb,coverage_expected,0.9528595917095216,fraction
cintron_ladder,S2_thermal_cycle,static_affine,3,10.0,True,S2_thermal_cycle__static_affine__seed3,9f3ded4a30a0049ceb88c4dd85f0059c2f7ecb82b310ae3424cc48f8b5e42da5,320c4e05e312df4a024a274474879a10d765f07f65ee3478b6ac1f7c31980d82,76cc3775534774ea58f799ee1a64020724e5cefb,coverage_expected,0.9388656438865643,fraction
cintron_ladder,S2_thermal_cycle,rls,1,10.0,True,S2_thermal_cycle__rls__seed1,f5077dc87411ed3b1d5de66609f9ade74b2b190d2ee2584a79de6dbb70344dee,7cfed748c1a23fa8b895d925c453ff71b8171df9f5c670346fe7006efecf7439,76cc3775534774ea58f799ee1a64020724e5cefb,coverage_expected,0.9480743587732371,fraction
cintron_ladder,S2_thermal_cycle,rls,2,10.0,True,S2_thermal_cycle__rls__seed2,464a9ded5d97e5522353c10b5f4e7d6fb82021b240fd00240425a619b73a60c1,7cfed748c1a23fa8b895d925c453ff71b8171df9f5c670346fe7006efecf7439,76cc3775534774ea58f799ee1a64020724e5cefb,coverage_expected,0.9580800997350787,fraction
cintron_ladder,S2_thermal_cycle,rls,3,10.0,True,S2_thermal_cycle__rls__seed3,9f3ded4a30a0049ceb88c4dd85f0059c2f7ecb82b310ae3424cc48f8b5e42da5,7cfed748c1a23fa8b895d925c453ff71b8171df9f5c670346fe7006efecf7439,76cc3775534774ea58f799ee1a64020724e5cefb,coverage_expected,0.9381682938168294,fraction
cintron_ladder,S2_thermal_cycle,kalman,1,10.0,True,S2_thermal_cycle__kalman__seed1,f5077dc87411ed3b1d5de66609f9ade74b2b190d2ee2584a79de6dbb70344dee,6a7aa063ebf027f849ecd3e9c514f26b15cd0e81da553bdba217a4b021eaa2ce,76cc3775534774ea58f799ee1a64020724e5cefb,coverage_expected,0.9531727978664993,fraction
cintron_ladder,S2_thermal_cycle,kalman,2,10.0,True,S2_thermal_cycle__kalman__seed2,464a9ded5d97e5522353c10b5f4e7d6fb82021b240fd00240425a619b73a60c1,6a7aa063ebf027f849ecd3e9c514f26b15cd0e81da553bdba217a4b021eaa2ce,76cc3775534774ea58f799ee1a64020724e5cefb,coverage_expected,0.9608072307932055,fraction
cintron_ladder,S2_thermal_cycle,kalman,3,10.0,True,S2_thermal_cycle__kalman__seed3,9f3ded4a30a0049ceb88c4dd85f0059c2f7ecb82b310ae3424cc48f8b5e42da5,6a7aa063ebf027f849ecd3e9c514f26b15cd0e81da553bdba217a4b021eaa2ce,76cc3775534774ea58f799ee1a64020724e5cefb,coverage_expected,0.9415775608244228,fraction
cintron_ladder,S3_zero_drift_walk,static_affine,1,10.0,True,S3_zero_drift_walk__static_affine__seed1,e7b981f1a695ead56faf9a26e3ac56f7cf242bda6227b5aabd270e829bc92da5,320c4e05e312df4a024a274474879a10d765f07f65ee3478b6ac1f7c31980d82,76cc3775534774ea58f799ee1a64020724e5cefb,coverage_expected,0.9727133813577822,fraction
cintron_ladder,S3_zero_drift_walk,static_affine,2,10.0,True,S3_zero_drift_walk__static_affine__seed2,8aaeb0ed7c28c2b0ee4c567f78a99e1728b00afc703637facbb86bff31b40b49,320c4e05e312df4a024a274474879a10d765f07f65ee3478b6ac1f7c31980d82,76cc3775534774ea58f799ee1a64020724e5cefb,coverage_expected,0.9368285345938977,fraction
cintron_ladder,S3_zero_drift_walk,static_affine,3,10.0,True,S3_zero_drift_walk__static_affine__seed3,b63f96c73e8c77b630930fed7883f11ae94db4991b7977259a58ca8a4af785b0,320c4e05e312df4a024a274474879a10d765f07f65ee3478b6ac1f7c31980d82,76cc3775534774ea58f799ee1a64020724e5cefb,coverage_expected,0.9372717508055854,fraction
cintron_ladder,S3_zero_drift_walk,rls,1,10.0,True,S3_zero_drift_walk__rls__seed1,e7b981f1a695ead56faf9a26e3ac56f7cf242bda6227b5aabd270e829bc92da5,7cfed748c1a23fa8b895d925c453ff71b8171df9f5c670346fe7006efecf7439,76cc3775534774ea58f799ee1a64020724e5cefb,coverage_expected,0.9716219166120934,fraction
cintron_ladder,S3_zero_drift_walk,rls,2,10.0,True,S3_zero_drift_walk__rls__seed2,8aaeb0ed7c28c2b0ee4c567f78a99e1728b00afc703637facbb86bff31b40b49,7cfed748c1a23fa8b895d925c453ff71b8171df9f5c670346fe7006efecf7439,76cc3775534774ea58f799ee1a64020724e5cefb,coverage_expected,0.9428448646325741,fraction
cintron_ladder,S3_zero_drift_walk,rls,3,10.0,True,S3_zero_drift_walk__rls__seed3,b63f96c73e8c77b630930fed7883f11ae94db4991b7977259a58ca8a4af785b0,7cfed748c1a23fa8b895d925c453ff71b8171df9f5c670346fe7006efecf7439,76cc3775534774ea58f799ee1a64020724e5cefb,coverage_expected,0.9377013963480129,fraction
cintron_ladder,S3_zero_drift_walk,kalman,1,10.0,True,S3_zero_drift_walk__kalman__seed1,e7b981f1a695ead56faf9a26e3ac56f7cf242bda6227b5aabd270e829bc92da5,6a7aa063ebf027f849ecd3e9c514f26b15cd0e81da553bdba217a4b021eaa2ce,76cc3775534774ea58f799ee1a64020724e5cefb,coverage_expected,0.9709670377646802,fraction
cintron_ladder,S3_zero_drift_walk,kalman,2,10.0,True,S3_zero_drift_walk__kalman__seed2,8aaeb0ed7c28c2b0ee4c567f78a99e1728b00afc703637facbb86bff31b40b49,6a7aa063ebf027f849ecd3e9c514f26b15cd0e81da553bdba217a4b021eaa2ce,76cc3775534774ea58f799ee1a64020724e5cefb,coverage_expected,0.9503652771809197,fraction
cintron_ladder,S3_zero_drift_walk,kalman,3,10.0,True,S3_zero_drift_walk__kalman__seed3,b63f96c73e8c77b630930fed7883f11ae94db4991b7977259a58ca8a4af785b0,6a7aa063ebf027f849ecd3e9c514f26b15cd0e81da553bdba217a4b021eaa2ce,76cc3775534774ea58f799ee1a64020724e5cefb,coverage_expected,0.9486573576799141,fraction
cintron_ladder,S4_step_fault,static_affine,1,10.0,True,S4_step_fault__static_affine__seed1,2ddd431c649ca2b8ec1dd1fa3d1be7053e06b556b429fda303db43e771c49b4d,320c4e05e312df4a024a274474879a10d765f07f65ee3478b6ac1f7c31980d82,76cc3775534774ea58f799ee1a64020724e5cefb,coverage_expected,0.9629990262901655,fraction
cintron_ladder,S4_step_fault,static_affine,2,10.0,True,S4_step_fault__static_affine__seed2,1319c874fdf7655f120c5fbb53cc4c8398e4675d47673de0fd98005d630b52b1,320c4e05e312df4a024a274474879a10d765f07f65ee3478b6ac1f7c31980d82,76cc3775534774ea58f799ee1a64020724e5cefb,coverage_expected,0.9221556886227545,fraction
cintron_ladder,S4_step_fault,static_affine,3,10.0,True,S4_step_fault__static_affine__seed3,135fc15f1c43d85f0045c59ffbd10841f2a3be848d4153fded5d6a5d6a4e34a0,320c4e05e312df4a024a274474879a10d765f07f65ee3478b6ac1f7c31980d82,76cc3775534774ea58f799ee1a64020724e5cefb,coverage_expected,0.9339358055468994,fraction
cintron_ladder,S4_step_fault,rls,1,10.0,True,S4_step_fault__rls__seed1,2ddd431c649ca2b8ec1dd1fa3d1be7053e06b556b429fda303db43e771c49b4d,7cfed748c1a23fa8b895d925c453ff71b8171df9f5c670346fe7006efecf7439,76cc3775534774ea58f799ee1a64020724e5cefb,coverage_expected,0.9657597065117701,fraction
cintron_ladder,S4_step_fault,rls,2,10.0,True,S4_step_fault__rls__seed2,1319c874fdf7655f120c5fbb53cc4c8398e4675d47673de0fd98005d630b52b1,7cfed748c1a23fa8b895d925c453ff71b8171df9f5c670346fe7006efecf7439,76cc3775534774ea58f799ee1a64020724e5cefb,coverage_expected,0.9294043491963442,fraction
cintron_ladder,S4_step_fault,rls,3,10.0,True,S4_step_fault__rls__seed3,135fc15f1c43d85f0045c59ffbd10841f2a3be848d4153fded5d6a5d6a4e34a0,7cfed748c1a23fa8b895d925c453ff71b8171df9f5c670346fe7006efecf7439,76cc3775534774ea58f799ee1a64020724e5cefb,coverage_expected,0.9240953221535746,fraction
cintron_ladder,S4_step_fault,kalman,1,10.0,True,S4_step_fault__kalman__seed1,2ddd431c649ca2b8ec1dd1fa3d1be7053e06b556b429fda303db43e771c49b4d,6a7aa063ebf027f849ecd3e9c514f26b15cd0e81da553bdba217a4b021eaa2ce,76cc3775534774ea58f799ee1a64020724e5cefb,coverage_expected,0.9758483644145521,fraction
cintron_ladder,S4_step_fault,kalman,2,10.0,True,S4_step_fault__kalman__seed2,1319c874fdf7655f120c5fbb53cc4c8398e4675d47673de0fd98005d630b52b1,6a7aa063ebf027f849ecd3e9c514f26b15cd0e81da553bdba217a4b021eaa2ce,76cc3775534774ea58f799ee1a64020724e5cefb,coverage_expected,0.968480523342254,fraction
cintron_ladder,S4_step_fault,kalman,3,10.0,True,S4_step_fault__kalman__seed3,135fc15f1c43d85f0045c59ffbd10841f2a3be848d4153fded5d6a5d6a4e34a0,6a7aa063ebf027f849ecd3e9c514f26b15cd0e81da553bdba217a4b021eaa2ce,76cc3775534774ea58f799ee1a64020724e5cefb,coverage_expected,0.9361576934392468,fraction
cintron_ladder,S5_outage,static_affine,1,10.0,True,S5_outage__static_affine__seed1,a9fcc049f0f73db1ab44c7ca7ce4b41b05c1b293caabfeb3401f0bef2d75cce3,320c4e05e312df4a024a274474879a10d765f07f65ee3478b6ac1f7c31980d82,76cc3775534774ea58f799ee1a64020724e5cefb,coverage_expected,0.9530744336569579,fraction
cintron_ladder,S5_outage,static_affine,2,10.0,True,S5_outage__static_affine__seed2,1510a2663b5f63da6b5b1385333b17c9beaafcd638df3bce3262b43d051f97e1,320c4e05e312df4a024a274474879a10d765f07f65ee3478b6ac1f7c31980d82,76cc3775534774ea58f799ee1a64020724e5cefb,coverage_expected,0.982985305491106,fraction
cintron_ladder,S5_outage,static_affine,3,10.0,True,S5_outage__static_affine__seed3,f84d5ae0ec8ad2f6df97000007a3d8ffecacea53aec887acf2f9adb90f328ec1,320c4e05e312df4a024a274474879a10d765f07f65ee3478b6ac1f7c31980d82,76cc3775534774ea58f799ee1a64020724e5cefb,coverage_expected,0.923682140047207,fraction
cintron_ladder,S5_outage,rls,1,10.0,True,S5_outage__rls__seed1,a9fcc049f0f73db1ab44c7ca7ce4b41b05c1b293caabfeb3401f0bef2d75cce3,7cfed748c1a23fa8b895d925c453ff71b8171df9f5c670346fe7006efecf7439,76cc3775534774ea58f799ee1a64020724e5cefb,coverage_expected,0.9563106796116505,fraction
cintron_ladder,S5_outage,rls,2,10.0,True,S5_outage__rls__seed2,1510a2663b5f63da6b5b1385333b17c9beaafcd638df3bce3262b43d051f97e1,7cfed748c1a23fa8b895d925c453ff71b8171df9f5c670346fe7006efecf7439,76cc3775534774ea58f799ee1a64020724e5cefb,coverage_expected,0.9853054911059551,fraction
cintron_ladder,S5_outage,rls,3,10.0,True,S5_outage__rls__seed3,f84d5ae0ec8ad2f6df97000007a3d8ffecacea53aec887acf2f9adb90f328ec1,7cfed748c1a23fa8b895d925c453ff71b8171df9f5c670346fe7006efecf7439,76cc3775534774ea58f799ee1a64020724e5cefb,coverage_expected,0.923682140047207,fraction
cintron_ladder,S5_outage,kalman,1,10.0,True,S5_outage__kalman__seed1,a9fcc049f0f73db1ab44c7ca7ce4b41b05c1b293caabfeb3401f0bef2d75cce3,6a7aa063ebf027f849ecd3e9c514f26b15cd0e81da553bdba217a4b021eaa2ce,76cc3775534774ea58f799ee1a64020724e5cefb,coverage_expected,0.9789644012944984,fraction
cintron_ladder,S5_outage,kalman,2,10.0,True,S5_outage__kalman__seed2,1510a2663b5f63da6b5b1385333b17c9beaafcd638df3bce3262b43d051f97e1,6a7aa063ebf027f849ecd3e9c514f26b15cd0e81da553bdba217a4b021eaa2ce,76cc3775534774ea58f799ee1a64020724e5cefb,coverage_expected,0.991492652745553,fraction
cintron_ladder,S5_outage,kalman,3,10.0,True,S5_outage__kalman__seed3,f84d5ae0ec8ad2f6df97000007a3d8ffecacea53aec887acf2f9adb90f328ec1,6a7aa063ebf027f849ecd3e9c514f26b15cd0e81da553bdba217a4b021eaa2ce,76cc3775534774ea58f799ee1a64020724e5cefb,coverage_expected,0.9425649095200629,fraction
cintron_ladder,S6_combined,static_affine,1,10.0,True,S6_combined__static_affine__seed1,5d4f2a11ab7b925de02ef1d34875af815611f0d172cbf30a820f6e4a5db791f7,320c4e05e312df4a024a274474879a10d765f07f65ee3478b6ac1f7c31980d82,76cc3775534774ea58f799ee1a64020724e5cefb,coverage_expected,0.9217021276595745,fraction
cintron_ladder,S6_combined,static_affine,2,10.0,True,S6_combined__static_affine__seed2,d01e5c41507ccd6868ea37a1d0993c222e5af61f3b79e1372f0aceb13bdbcf73,320c4e05e312df4a024a274474879a10d765f07f65ee3478b6ac1f7c31980d82,76cc3775534774ea58f799ee1a64020724e5cefb,coverage_expected,0.8887259010896899,fraction
cintron_ladder,S6_combined,static_affine,3,10.0,True,S6_combined__static_affine__seed3,023a22c68d81022af0f29d6a4d407ec5521336f357a4e5f5fbb3be2ea33f3920,320c4e05e312df4a024a274474879a10d765f07f65ee3478b6ac1f7c31980d82,76cc3775534774ea58f799ee1a64020724e5cefb,coverage_expected,0.8976842105263158,fraction
cintron_ladder,S6_combined,rls,1,10.0,True,S6_combined__rls__seed1,5d4f2a11ab7b925de02ef1d34875af815611f0d172cbf30a820f6e4a5db791f7,7cfed748c1a23fa8b895d925c453ff71b8171df9f5c670346fe7006efecf7439,76cc3775534774ea58f799ee1a64020724e5cefb,coverage_expected,0.9314928425357873,fraction
cintron_ladder,S6_combined,rls,2,10.0,True,S6_combined__rls__seed2,d01e5c41507ccd6868ea37a1d0993c222e5af61f3b79e1372f0aceb13bdbcf73,7cfed748c1a23fa8b895d925c453ff71b8171df9f5c670346fe7006efecf7439,76cc3775534774ea58f799ee1a64020724e5cefb,coverage_expected,0.8945989520354696,fraction
cintron_ladder,S6_combined,rls,3,10.0,True,S6_combined__rls__seed3,023a22c68d81022af0f29d6a4d407ec5521336f357a4e5f5fbb3be2ea33f3920,7cfed748c1a23fa8b895d925c453ff71b8171df9f5c670346fe7006efecf7439,76cc3775534774ea58f799ee1a64020724e5cefb,coverage_expected,0.9073684210526316,fraction
cintron_ladder,S6_combined,kalman,1,10.0,True,S6_combined__kalman__seed1,5d4f2a11ab7b925de02ef1d34875af815611f0d172cbf30a820f6e4a5db791f7,6a7aa063ebf027f849ecd3e9c514f26b15cd0e81da553bdba217a4b021eaa2ce,76cc3775534774ea58f799ee1a64020724e5cefb,coverage_expected,0.9353783231083844,fraction
cintron_ladder,S6_combined,kalman,2,10.0,True,S6_combined__kalman__seed2,d01e5c41507ccd6868ea37a1d0993c222e5af61f3b79e1372f0aceb13bdbcf73,6a7aa063ebf027f849ecd3e9c514f26b15cd0e81da553bdba217a4b021eaa2ce,76cc3775534774ea58f799ee1a64020724e5cefb,coverage_expected,0.9032648125755743,fraction
cintron_ladder,S6_combined,kalman,3,10.0,True,S6_combined__kalman__seed3,023a22c68d81022af0f29d6a4d407ec5521336f357a4e5f5fbb3be2ea33f3920,6a7aa063ebf027f849ecd3e9c514f26b15cd0e81da553bdba217a4b021eaa2ce,76cc3775534774ea58f799ee1a64020724e5cefb,coverage_expected,0.902834008097166,fraction
cintron_ladder,S7_sparse_reference,static_affine,1,10.0,True,S7_sparse_reference__static_affine__seed1,398c721afafcfb355a753ac0cfd1ebcf65a21a6ef468740ce93012df90f00ec4,320c4e05e312df4a024a274474879a10d765f07f65ee3478b6ac1f7c31980d82,76cc3775534774ea58f799ee1a64020724e5cefb,coverage_expected,0.9426159129937035,fraction
cintron_ladder,S7_sparse_reference,static_affine,2,10.0,True,S7_sparse_reference__static_affine__seed2,1301d7f22942f2e6619dcc555486092a7c3c37061e6b225ed3f3da3b3ca3b132,320c4e05e312df4a024a274474879a10d765f07f65ee3478b6ac1f7c31980d82,76cc3775534774ea58f799ee1a64020724e5cefb,coverage_expected,0.9488708990200255,fraction
cintron_ladder,S7_sparse_reference,static_affine,3,10.0,True,S7_sparse_reference__static_affine__seed3,32e0738c82819c8cd4653a676dda0f9f67168b628ffc2846dce20179bf21a707,320c4e05e312df4a024a274474879a10d765f07f65ee3478b6ac1f7c31980d82,76cc3775534774ea58f799ee1a64020724e5cefb,coverage_expected,0.9360192935168109,fraction
cintron_ladder,S7_sparse_reference,rls,1,10.0,True,S7_sparse_reference__rls__seed1,398c721afafcfb355a753ac0cfd1ebcf65a21a6ef468740ce93012df90f00ec4,7cfed748c1a23fa8b895d925c453ff71b8171df9f5c670346fe7006efecf7439,76cc3775534774ea58f799ee1a64020724e5cefb,coverage_expected,0.9463365769891242,fraction
cintron_ladder,S7_sparse_reference,rls,2,10.0,True,S7_sparse_reference__rls__seed2,1301d7f22942f2e6619dcc555486092a7c3c37061e6b225ed3f3da3b3ca3b132,7cfed748c1a23fa8b895d925c453ff71b8171df9f5c670346fe7006efecf7439,76cc3775534774ea58f799ee1a64020724e5cefb,coverage_expected,0.9573924158500213,fraction
cintron_ladder,S7_sparse_reference,rls,3,10.0,True,S7_sparse_reference__rls__seed3,32e0738c82819c8cd4653a676dda0f9f67168b628ffc2846dce20179bf21a707,7cfed748c1a23fa8b895d925c453ff71b8171df9f5c670346fe7006efecf7439,76cc3775534774ea58f799ee1a64020724e5cefb,coverage_expected,0.953610441197333,fraction
cintron_ladder,S7_sparse_reference,kalman,1,10.0,True,S7_sparse_reference__kalman__seed1,398c721afafcfb355a753ac0cfd1ebcf65a21a6ef468740ce93012df90f00ec4,6a7aa063ebf027f849ecd3e9c514f26b15cd0e81da553bdba217a4b021eaa2ce,76cc3775534774ea58f799ee1a64020724e5cefb,coverage_expected,0.9559244419004007,fraction
cintron_ladder,S7_sparse_reference,kalman,2,10.0,True,S7_sparse_reference__kalman__seed2,1301d7f22942f2e6619dcc555486092a7c3c37061e6b225ed3f3da3b3ca3b132,6a7aa063ebf027f849ecd3e9c514f26b15cd0e81da553bdba217a4b021eaa2ce,76cc3775534774ea58f799ee1a64020724e5cefb,coverage_expected,0.9626473512285186,fraction
cintron_ladder,S7_sparse_reference,kalman,3,10.0,True,S7_sparse_reference__kalman__seed3,32e0738c82819c8cd4653a676dda0f9f67168b628ffc2846dce20179bf21a707,6a7aa063ebf027f849ecd3e9c514f26b15cd0e81da553bdba217a4b021eaa2ce,76cc3775534774ea58f799ee1a64020724e5cefb,coverage_expected,0.9642502482621649,fraction
cintron_ladder,S1_nominal,static_affine,1,10.0,True,S1_nominal__static_affine__seed1,2a7e164a7e04cfa5ac607c92ecf3c4a53c40e90964e7a047230c36cd233b8751,320c4e05e312df4a024a274474879a10d765f07f65ee3478b6ac1f7c31980d82,76cc3775534774ea58f799ee1a64020724e5cefb,recall,,fraction
cintron_ladder,S1_nominal,static_affine,2,10.0,True,S1_nominal__static_affine__seed2,fa2ca240ac17605f28e43b1573d61379f65c20aab226bb0fcf8af13e416712a1,320c4e05e312df4a024a274474879a10d765f07f65ee3478b6ac1f7c31980d82,76cc3775534774ea58f799ee1a64020724e5cefb,recall,,fraction
cintron_ladder,S1_nominal,static_affine,3,10.0,True,S1_nominal__static_affine__seed3,e2bb79b9efe0975489e6c62e2c85ebeea90bcc05eddf00c5e3397cde3d2a9805,320c4e05e312df4a024a274474879a10d765f07f65ee3478b6ac1f7c31980d82,76cc3775534774ea58f799ee1a64020724e5cefb,recall,,fraction
cintron_ladder,S1_nominal,rls,1,10.0,True,S1_nominal__rls__seed1,2a7e164a7e04cfa5ac607c92ecf3c4a53c40e90964e7a047230c36cd233b8751,7cfed748c1a23fa8b895d925c453ff71b8171df9f5c670346fe7006efecf7439,76cc3775534774ea58f799ee1a64020724e5cefb,recall,,fraction
cintron_ladder,S1_nominal,rls,2,10.0,True,S1_nominal__rls__seed2,fa2ca240ac17605f28e43b1573d61379f65c20aab226bb0fcf8af13e416712a1,7cfed748c1a23fa8b895d925c453ff71b8171df9f5c670346fe7006efecf7439,76cc3775534774ea58f799ee1a64020724e5cefb,recall,,fraction
cintron_ladder,S1_nominal,rls,3,10.0,True,S1_nominal__rls__seed3,e2bb79b9efe0975489e6c62e2c85ebeea90bcc05eddf00c5e3397cde3d2a9805,7cfed748c1a23fa8b895d925c453ff71b8171df9f5c670346fe7006efecf7439,76cc3775534774ea58f799ee1a64020724e5cefb,recall,,fraction
cintron_ladder,S1_nominal,kalman,1,10.0,True,S1_nominal__kalman__seed1,2a7e164a7e04cfa5ac607c92ecf3c4a53c40e90964e7a047230c36cd233b8751,6a7aa063ebf027f849ecd3e9c514f26b15cd0e81da553bdba217a4b021eaa2ce,76cc3775534774ea58f799ee1a64020724e5cefb,recall,,fraction
cintron_ladder,S1_nominal,kalman,2,10.0,True,S1_nominal__kalman__seed2,fa2ca240ac17605f28e43b1573d61379f65c20aab226bb0fcf8af13e416712a1,6a7aa063ebf027f849ecd3e9c514f26b15cd0e81da553bdba217a4b021eaa2ce,76cc3775534774ea58f799ee1a64020724e5cefb,recall,,fraction
cintron_ladder,S1_nominal,kalman,3,10.0,True,S1_nominal__kalman__seed3,e2bb79b9efe0975489e6c62e2c85ebeea90bcc05eddf00c5e3397cde3d2a9805,6a7aa063ebf027f849ecd3e9c514f26b15cd0e81da553bdba217a4b021eaa2ce,76cc3775534774ea58f799ee1a64020724e5cefb,recall,,fraction
cintron_ladder,S2_thermal_cycle,static_affine,1,10.0,True,S2_thermal_cycle__static_affine__seed1,f5077dc87411ed3b1d5de66609f9ade74b2b190d2ee2584a79de6dbb70344dee,320c4e05e312df4a024a274474879a10d765f07f65ee3478b6ac1f7c31980d82,76cc3775534774ea58f799ee1a64020724e5cefb,recall,,fraction
cintron_ladder,S2_thermal_cycle,static_affine,2,10.0,True,S2_thermal_cycle__static_affine__seed2,464a9ded5d97e5522353c10b5f4e7d6fb82021b240fd00240425a619b73a60c1,320c4e05e312df4a024a274474879a10d765f07f65ee3478b6ac1f7c31980d82,76cc3775534774ea58f799ee1a64020724e5cefb,recall,,fraction
cintron_ladder,S2_thermal_cycle,static_affine,3,10.0,True,S2_thermal_cycle__static_affine__seed3,9f3ded4a30a0049ceb88c4dd85f0059c2f7ecb82b310ae3424cc48f8b5e42da5,320c4e05e312df4a024a274474879a10d765f07f65ee3478b6ac1f7c31980d82,76cc3775534774ea58f799ee1a64020724e5cefb,recall,,fraction
cintron_ladder,S2_thermal_cycle,rls,1,10.0,True,S2_thermal_cycle__rls__seed1,f5077dc87411ed3b1d5de66609f9ade74b2b190d2ee2584a79de6dbb70344dee,7cfed748c1a23fa8b895d925c453ff71b8171df9f5c670346fe7006efecf7439,76cc3775534774ea58f799ee1a64020724e5cefb,recall,,fraction
cintron_ladder,S2_thermal_cycle,rls,2,10.0,True,S2_thermal_cycle__rls__seed2,464a9ded5d97e5522353c10b5f4e7d6fb82021b240fd00240425a619b73a60c1,7cfed748c1a23fa8b895d925c453ff71b8171df9f5c670346fe7006efecf7439,76cc3775534774ea58f799ee1a64020724e5cefb,recall,,fraction
cintron_ladder,S2_thermal_cycle,rls,3,10.0,True,S2_thermal_cycle__rls__seed3,9f3ded4a30a0049ceb88c4dd85f0059c2f7ecb82b310ae3424cc48f8b5e42da5,7cfed748c1a23fa8b895d925c453ff71b8171df9f5c670346fe7006efecf7439,76cc3775534774ea58f799ee1a64020724e5cefb,recall,,fraction
cintron_ladder,S2_thermal_cycle,kalman,1,10.0,True,S2_thermal_cycle__kalman__seed1,f5077dc87411ed3b1d5de66609f9ade74b2b190d2ee2584a79de6dbb70344dee,6a7aa063ebf027f849ecd3e9c514f26b15cd0e81da553bdba217a4b021eaa2ce,76cc3775534774ea58f799ee1a64020724e5cefb,recall,,fraction
cintron_ladder,S2_thermal_cycle,kalman,2,10.0,True,S2_thermal_cycle__kalman__seed2,464a9ded5d97e5522353c10b5f4e7d6fb82021b240fd00240425a619b73a60c1,6a7aa063ebf027f849ecd3e9c514f26b15cd0e81da553bdba217a4b021eaa2ce,76cc3775534774ea58f799ee1a64020724e5cefb,recall,,fraction
cintron_ladder,S2_thermal_cycle,kalman,3,10.0,True,S2_thermal_cycle__kalman__seed3,9f3ded4a30a0049ceb88c4dd85f0059c2f7ecb82b310ae3424cc48f8b5e42da5,6a7aa063ebf027f849ecd3e9c514f26b15cd0e81da553bdba217a4b021eaa2ce,76cc3775534774ea58f799ee1a64020724e5cefb,recall,,fraction
cintron_ladder,S3_zero_drift_walk,static_affine,1,10.0,True,S3_zero_drift_walk__static_affine__seed1,e7b981f1a695ead56faf9a26e3ac56f7cf242bda6227b5aabd270e829bc92da5,320c4e05e312df4a024a274474879a10d765f07f65ee3478b6ac1f7c31980d82,76cc3775534774ea58f799ee1a64020724e5cefb,recall,,fraction
cintron_ladder,S3_zero_drift_walk,static_affine,2,10.0,True,S3_zero_drift_walk__static_affine__seed2,8aaeb0ed7c28c2b0ee4c567f78a99e1728b00afc703637facbb86bff31b40b49,320c4e05e312df4a024a274474879a10d765f07f65ee3478b6ac1f7c31980d82,76cc3775534774ea58f799ee1a64020724e5cefb,recall,,fraction
cintron_ladder,S3_zero_drift_walk,static_affine,3,10.0,True,S3_zero_drift_walk__static_affine__seed3,b63f96c73e8c77b630930fed7883f11ae94db4991b7977259a58ca8a4af785b0,320c4e05e312df4a024a274474879a10d765f07f65ee3478b6ac1f7c31980d82,76cc3775534774ea58f799ee1a64020724e5cefb,recall,,fraction
cintron_ladder,S3_zero_drift_walk,rls,1,10.0,True,S3_zero_drift_walk__rls__seed1,e7b981f1a695ead56faf9a26e3ac56f7cf242bda6227b5aabd270e829bc92da5,7cfed748c1a23fa8b895d925c453ff71b8171df9f5c670346fe7006efecf7439,76cc3775534774ea58f799ee1a64020724e5cefb,recall,,fraction
cintron_ladder,S3_zero_drift_walk,rls,2,10.0,True,S3_zero_drift_walk__rls__seed2,8aaeb0ed7c28c2b0ee4c567f78a99e1728b00afc703637facbb86bff31b40b49,7cfed748c1a23fa8b895d925c453ff71b8171df9f5c670346fe7006efecf7439,76cc3775534774ea58f799ee1a64020724e5cefb,recall,,fraction
cintron_ladder,S3_zero_drift_walk,rls,3,10.0,True,S3_zero_drift_walk__rls__seed3,b63f96c73e8c77b630930fed7883f11ae94db4991b7977259a58ca8a4af785b0,7cfed748c1a23fa8b895d925c453ff71b8171df9f5c670346fe7006efecf7439,76cc3775534774ea58f799ee1a64020724e5cefb,recall,,fraction
cintron_ladder,S3_zero_drift_walk,kalman,1,10.0,True,S3_zero_drift_walk__kalman__seed1,e7b981f1a695ead56faf9a26e3ac56f7cf242bda6227b5aabd270e829bc92da5,6a7aa063ebf027f849ecd3e9c514f26b15cd0e81da553bdba217a4b021eaa2ce,76cc3775534774ea58f799ee1a64020724e5cefb,recall,,fraction
cintron_ladder,S3_zero_drift_walk,kalman,2,10.0,True,S3_zero_drift_walk__kalman__seed2,8aaeb0ed7c28c2b0ee4c567f78a99e1728b00afc703637facbb86bff31b40b49,6a7aa063ebf027f849ecd3e9c514f26b15cd0e81da553bdba217a4b021eaa2ce,76cc3775534774ea58f799ee1a64020724e5cefb,recall,,fraction
cintron_ladder,S3_zero_drift_walk,kalman,3,10.0,True,S3_zero_drift_walk__kalman__seed3,b63f96c73e8c77b630930fed7883f11ae94db4991b7977259a58ca8a4af785b0,6a7aa063ebf027f849ecd3e9c514f26b15cd0e81da553bdba217a4b021eaa2ce,76cc3775534774ea58f799ee1a64020724e5cefb,recall,,fraction
cintron_ladder,S4_step_fault,static_affine,1,10.0,True,S4_step_fault__static_affine__seed1,2ddd431c649ca2b8ec1dd1fa3d1be7053e06b556b429fda303db43e771c49b4d,320c4e05e312df4a024a274474879a10d765f07f65ee3478b6ac1f7c31980d82,76cc3775534774ea58f799ee1a64020724e5cefb,recall,0.0,fraction
cintron_ladder,S4_step_fault,static_affine,2,10.0,True,S4_step_fault__static_affine__seed2,1319c874fdf7655f120c5fbb53cc4c8398e4675d47673de0fd98005d630b52b1,320c4e05e312df4a024a274474879a10d765f07f65ee3478b6ac1f7c31980d82,76cc3775534774ea58f799ee1a64020724e5cefb,recall,0.5,fraction
cintron_ladder,S4_step_fault,static_affine,3,10.0,True,S4_step_fault__static_affine__seed3,135fc15f1c43d85f0045c59ffbd10841f2a3be848d4153fded5d6a5d6a4e34a0,320c4e05e312df4a024a274474879a10d765f07f65ee3478b6ac1f7c31980d82,76cc3775534774ea58f799ee1a64020724e5cefb,recall,0.0,fraction
cintron_ladder,S4_step_fault,rls,1,10.0,True,S4_step_fault__rls__seed1,2ddd431c649ca2b8ec1dd1fa3d1be7053e06b556b429fda303db43e771c49b4d,7cfed748c1a23fa8b895d925c453ff71b8171df9f5c670346fe7006efecf7439,76cc3775534774ea58f799ee1a64020724e5cefb,recall,0.0,fraction
cintron_ladder,S4_step_fault,rls,2,10.0,True,S4_step_fault__rls__seed2,1319c874fdf7655f120c5fbb53cc4c8398e4675d47673de0fd98005d630b52b1,7cfed748c1a23fa8b895d925c453ff71b8171df9f5c670346fe7006efecf7439,76cc3775534774ea58f799ee1a64020724e5cefb,recall,0.5,fraction
cintron_ladder,S4_step_fault,rls,3,10.0,True,S4_step_fault__rls__seed3,135fc15f1c43d85f0045c59ffbd10841f2a3be848d4153fded5d6a5d6a4e34a0,7cfed748c1a23fa8b895d925c453ff71b8171df9f5c670346fe7006efecf7439,76cc3775534774ea58f799ee1a64020724e5cefb,recall,0.0,fraction
cintron_ladder,S4_step_fault,kalman,1,10.0,True,S4_step_fault__kalman__seed1,2ddd431c649ca2b8ec1dd1fa3d1be7053e06b556b429fda303db43e771c49b4d,6a7aa063ebf027f849ecd3e9c514f26b15cd0e81da553bdba217a4b021eaa2ce,76cc3775534774ea58f799ee1a64020724e5cefb,recall,0.0,fraction
cintron_ladder,S4_step_fault,kalman,2,10.0,True,S4_step_fault__kalman__seed2,1319c874fdf7655f120c5fbb53cc4c8398e4675d47673de0fd98005d630b52b1,6a7aa063ebf027f849ecd3e9c514f26b15cd0e81da553bdba217a4b021eaa2ce,76cc3775534774ea58f799ee1a64020724e5cefb,recall,0.5,fraction
cintron_ladder,S4_step_fault,kalman,3,10.0,True,S4_step_fault__kalman__seed3,135fc15f1c43d85f0045c59ffbd10841f2a3be848d4153fded5d6a5d6a4e34a0,6a7aa063ebf027f849ecd3e9c514f26b15cd0e81da553bdba217a4b021eaa2ce,76cc3775534774ea58f799ee1a64020724e5cefb,recall,0.5,fraction
cintron_ladder,S5_outage,static_affine,1,10.0,True,S5_outage__static_affine__seed1,a9fcc049f0f73db1ab44c7ca7ce4b41b05c1b293caabfeb3401f0bef2d75cce3,320c4e05e312df4a024a274474879a10d765f07f65ee3478b6ac1f7c31980d82,76cc3775534774ea58f799ee1a64020724e5cefb,recall,,fraction
cintron_ladder,S5_outage,static_affine,2,10.0,True,S5_outage__static_affine__seed2,1510a2663b5f63da6b5b1385333b17c9beaafcd638df3bce3262b43d051f97e1,320c4e05e312df4a024a274474879a10d765f07f65ee3478b6ac1f7c31980d82,76cc3775534774ea58f799ee1a64020724e5cefb,recall,,fraction
cintron_ladder,S5_outage,static_affine,3,10.0,True,S5_outage__static_affine__seed3,f84d5ae0ec8ad2f6df97000007a3d8ffecacea53aec887acf2f9adb90f328ec1,320c4e05e312df4a024a274474879a10d765f07f65ee3478b6ac1f7c31980d82,76cc3775534774ea58f799ee1a64020724e5cefb,recall,,fraction
cintron_ladder,S5_outage,rls,1,10.0,True,S5_outage__rls__seed1,a9fcc049f0f73db1ab44c7ca7ce4b41b05c1b293caabfeb3401f0bef2d75cce3,7cfed748c1a23fa8b895d925c453ff71b8171df9f5c670346fe7006efecf7439,76cc3775534774ea58f799ee1a64020724e5cefb,recall,,fraction
cintron_ladder,S5_outage,rls,2,10.0,True,S5_outage__rls__seed2,1510a2663b5f63da6b5b1385333b17c9beaafcd638df3bce3262b43d051f97e1,7cfed748c1a23fa8b895d925c453ff71b8171df9f5c670346fe7006efecf7439,76cc3775534774ea58f799ee1a64020724e5cefb,recall,,fraction
cintron_ladder,S5_outage,rls,3,10.0,True,S5_outage__rls__seed3,f84d5ae0ec8ad2f6df97000007a3d8ffecacea53aec887acf2f9adb90f328ec1,7cfed748c1a23fa8b895d925c453ff71b8171df9f5c670346fe7006efecf7439,76cc3775534774ea58f799ee1a64020724e5cefb,recall,,fraction
cintron_ladder,S5_outage,kalman,1,10.0,True,S5_outage__kalman__seed1,a9fcc049f0f73db1ab44c7ca7ce4b41b05c1b293caabfeb3401f0bef2d75cce3,6a7aa063ebf027f849ecd3e9c514f26b15cd0e81da553bdba217a4b021eaa2ce,76cc3775534774ea58f799ee1a64020724e5cefb,recall,,fraction
cintron_ladder,S5_outage,kalman,2,10.0,True,S5_outage__kalman__seed2,1510a2663b5f63da6b5b1385333b17c9beaafcd638df3bce3262b43d051f97e1,6a7aa063ebf027f849ecd3e9c514f26b15cd0e81da553bdba217a4b021eaa2ce,76cc3775534774ea58f799ee1a64020724e5cefb,recall,,fraction
cintron_ladder,S5_outage,kalman,3,10.0,True,S5_outage__kalman__seed3,f84d5ae0ec8ad2f6df97000007a3d8ffecacea53aec887acf2f9adb90f328ec1,6a7aa063ebf027f849ecd3e9c514f26b15cd0e81da553bdba217a4b021eaa2ce,76cc3775534774ea58f799ee1a64020724e5cefb,recall,,fraction
cintron_ladder,S6_combined,static_affine,1,10.0,True,S6_combined__static_affine__seed1,5d4f2a11ab7b925de02ef1d34875af815611f0d172cbf30a820f6e4a5db791f7,320c4e05e312df4a024a274474879a10d765f07f65ee3478b6ac1f7c31980d82,76cc3775534774ea58f799ee1a64020724e5cefb,recall,0.0,fraction
cintron_ladder,S6_combined,static_affine,2,10.0,True,S6_combined__static_affine__seed2,d01e5c41507ccd6868ea37a1d0993c222e5af61f3b79e1372f0aceb13bdbcf73,320c4e05e312df4a024a274474879a10d765f07f65ee3478b6ac1f7c31980d82,76cc3775534774ea58f799ee1a64020724e5cefb,recall,0.0,fraction
cintron_ladder,S6_combined,static_affine,3,10.0,True,S6_combined__static_affine__seed3,023a22c68d81022af0f29d6a4d407ec5521336f357a4e5f5fbb3be2ea33f3920,320c4e05e312df4a024a274474879a10d765f07f65ee3478b6ac1f7c31980d82,76cc3775534774ea58f799ee1a64020724e5cefb,recall,0.0,fraction
cintron_ladder,S6_combined,rls,1,10.0,True,S6_combined__rls__seed1,5d4f2a11ab7b925de02ef1d34875af815611f0d172cbf30a820f6e4a5db791f7,7cfed748c1a23fa8b895d925c453ff71b8171df9f5c670346fe7006efecf7439,76cc3775534774ea58f799ee1a64020724e5cefb,recall,0.0,fraction
cintron_ladder,S6_combined,rls,2,10.0,True,S6_combined__rls__seed2,d01e5c41507ccd6868ea37a1d0993c222e5af61f3b79e1372f0aceb13bdbcf73,7cfed748c1a23fa8b895d925c453ff71b8171df9f5c670346fe7006efecf7439,76cc3775534774ea58f799ee1a64020724e5cefb,recall,0.0,fraction
cintron_ladder,S6_combined,rls,3,10.0,True,S6_combined__rls__seed3,023a22c68d81022af0f29d6a4d407ec5521336f357a4e5f5fbb3be2ea33f3920,7cfed748c1a23fa8b895d925c453ff71b8171df9f5c670346fe7006efecf7439,76cc3775534774ea58f799ee1a64020724e5cefb,recall,0.0,fraction
cintron_ladder,S6_combined,kalman,1,10.0,True,S6_combined__kalman__seed1,5d4f2a11ab7b925de02ef1d34875af815611f0d172cbf30a820f6e4a5db791f7,6a7aa063ebf027f849ecd3e9c514f26b15cd0e81da553bdba217a4b021eaa2ce,76cc3775534774ea58f799ee1a64020724e5cefb,recall,0.0,fraction
cintron_ladder,S6_combined,kalman,2,10.0,True,S6_combined__kalman__seed2,d01e5c41507ccd6868ea37a1d0993c222e5af61f3b79e1372f0aceb13bdbcf73,6a7aa063ebf027f849ecd3e9c514f26b15cd0e81da553bdba217a4b021eaa2ce,76cc3775534774ea58f799ee1a64020724e5cefb,recall,0.0,fraction
cintron_ladder,S6_combined,kalman,3,10.0,True,S6_combined__kalman__seed3,023a22c68d81022af0f29d6a4d407ec5521336f357a4e5f5fbb3be2ea33f3920,6a7aa063ebf027f849ecd3e9c514f26b15cd0e81da553bdba217a4b021eaa2ce,76cc3775534774ea58f799ee1a64020724e5cefb,recall,0.0,fraction
cintron_ladder,S7_sparse_reference,static_affine,1,10.0,True,S7_sparse_reference__static_affine__seed1,398c721afafcfb355a753ac0cfd1ebcf65a21a6ef468740ce93012df90f00ec4,320c4e05e312df4a024a274474879a10d765f07f65ee3478b6ac1f7c31980d82,76cc3775534774ea58f799ee1a64020724e5cefb,recall,0.0,fraction
cintron_ladder,S7_sparse_reference,static_affine,2,10.0,True,S7_sparse_reference__static_affine__seed2,1301d7f22942f2e6619dcc555486092a7c3c37061e6b225ed3f3da3b3ca3b132,320c4e05e312df4a024a274474879a10d765f07f65ee3478b6ac1f7c31980d82,76cc3775534774ea58f799ee1a64020724e5cefb,recall,0.0,fraction
cintron_ladder,S7_sparse_reference,static_affine,3,10.0,True,S7_sparse_reference__static_affine__seed3,32e0738c82819c8cd4653a676dda0f9f67168b628ffc2846dce20179bf21a707,320c4e05e312df4a024a274474879a10d765f07f65ee3478b6ac1f7c31980d82,76cc3775534774ea58f799ee1a64020724e5cefb,recall,0.0,fraction
cintron_ladder,S7_sparse_reference,rls,1,10.0,True,S7_sparse_reference__rls__seed1,398c721afafcfb355a753ac0cfd1ebcf65a21a6ef468740ce93012df90f00ec4,7cfed748c1a23fa8b895d925c453ff71b8171df9f5c670346fe7006efecf7439,76cc3775534774ea58f799ee1a64020724e5cefb,recall,0.0,fraction
cintron_ladder,S7_sparse_reference,rls,2,10.0,True,S7_sparse_reference__rls__seed2,1301d7f22942f2e6619dcc555486092a7c3c37061e6b225ed3f3da3b3ca3b132,7cfed748c1a23fa8b895d925c453ff71b8171df9f5c670346fe7006efecf7439,76cc3775534774ea58f799ee1a64020724e5cefb,recall,1.0,fraction
cintron_ladder,S7_sparse_reference,rls,3,10.0,True,S7_sparse_reference__rls__seed3,32e0738c82819c8cd4653a676dda0f9f67168b628ffc2846dce20179bf21a707,7cfed748c1a23fa8b895d925c453ff71b8171df9f5c670346fe7006efecf7439,76cc3775534774ea58f799ee1a64020724e5cefb,recall,0.0,fraction
cintron_ladder,S7_sparse_reference,kalman,1,10.0,True,S7_sparse_reference__kalman__seed1,398c721afafcfb355a753ac0cfd1ebcf65a21a6ef468740ce93012df90f00ec4,6a7aa063ebf027f849ecd3e9c514f26b15cd0e81da553bdba217a4b021eaa2ce,76cc3775534774ea58f799ee1a64020724e5cefb,recall,0.0,fraction
cintron_ladder,S7_sparse_reference,kalman,2,10.0,True,S7_sparse_reference__kalman__seed2,1301d7f22942f2e6619dcc555486092a7c3c37061e6b225ed3f3da3b3ca3b132,6a7aa063ebf027f849ecd3e9c514f26b15cd0e81da553bdba217a4b021eaa2ce,76cc3775534774ea58f799ee1a64020724e5cefb,recall,0.0,fraction
cintron_ladder,S7_sparse_reference,kalman,3,10.0,True,S7_sparse_reference__kalman__seed3,32e0738c82819c8cd4653a676dda0f9f67168b628ffc2846dce20179bf21a707,6a7aa063ebf027f849ecd3e9c514f26b15cd0e81da553bdba217a4b021eaa2ce,76cc3775534774ea58f799ee1a64020724e5cefb,recall,0.0,fraction
cintron_ladder,S1_nominal,static_affine,1,10.0,True,S1_nominal__static_affine__seed1,2a7e164a7e04cfa5ac607c92ecf3c4a53c40e90964e7a047230c36cd233b8751,320c4e05e312df4a024a274474879a10d765f07f65ee3478b6ac1f7c31980d82,76cc3775534774ea58f799ee1a64020724e5cefb,false_positive_rate,0.0,fraction
cintron_ladder,S1_nominal,static_affine,2,10.0,True,S1_nominal__static_affine__seed2,fa2ca240ac17605f28e43b1573d61379f65c20aab226bb0fcf8af13e416712a1,320c4e05e312df4a024a274474879a10d765f07f65ee3478b6ac1f7c31980d82,76cc3775534774ea58f799ee1a64020724e5cefb,false_positive_rate,0.0,fraction
cintron_ladder,S1_nominal,static_affine,3,10.0,True,S1_nominal__static_affine__seed3,e2bb79b9efe0975489e6c62e2c85ebeea90bcc05eddf00c5e3397cde3d2a9805,320c4e05e312df4a024a274474879a10d765f07f65ee3478b6ac1f7c31980d82,76cc3775534774ea58f799ee1a64020724e5cefb,false_positive_rate,0.0,fraction
cintron_ladder,S1_nominal,rls,1,10.0,True,S1_nominal__rls__seed1,2a7e164a7e04cfa5ac607c92ecf3c4a53c40e90964e7a047230c36cd233b8751,7cfed748c1a23fa8b895d925c453ff71b8171df9f5c670346fe7006efecf7439,76cc3775534774ea58f799ee1a64020724e5cefb,false_positive_rate,0.0,fraction
cintron_ladder,S1_nominal,rls,2,10.0,True,S1_nominal__rls__seed2,fa2ca240ac17605f28e43b1573d61379f65c20aab226bb0fcf8af13e416712a1,7cfed748c1a23fa8b895d925c453ff71b8171df9f5c670346fe7006efecf7439,76cc3775534774ea58f799ee1a64020724e5cefb,false_positive_rate,0.0,fraction
cintron_ladder,S1_nominal,rls,3,10.0,True,S1_nominal__rls__seed3,e2bb79b9efe0975489e6c62e2c85ebeea90bcc05eddf00c5e3397cde3d2a9805,7cfed748c1a23fa8b895d925c453ff71b8171df9f5c670346fe7006efecf7439,76cc3775534774ea58f799ee1a64020724e5cefb,false_positive_rate,0.0,fraction
cintron_ladder,S1_nominal,kalman,1,10.0,True,S1_nominal__kalman__seed1,2a7e164a7e04cfa5ac607c92ecf3c4a53c40e90964e7a047230c36cd233b8751,6a7aa063ebf027f849ecd3e9c514f26b15cd0e81da553bdba217a4b021eaa2ce,76cc3775534774ea58f799ee1a64020724e5cefb,false_positive_rate,0.0,fraction
cintron_ladder,S1_nominal,kalman,2,10.0,True,S1_nominal__kalman__seed2,fa2ca240ac17605f28e43b1573d61379f65c20aab226bb0fcf8af13e416712a1,6a7aa063ebf027f849ecd3e9c514f26b15cd0e81da553bdba217a4b021eaa2ce,76cc3775534774ea58f799ee1a64020724e5cefb,false_positive_rate,0.0,fraction
cintron_ladder,S1_nominal,kalman,3,10.0,True,S1_nominal__kalman__seed3,e2bb79b9efe0975489e6c62e2c85ebeea90bcc05eddf00c5e3397cde3d2a9805,6a7aa063ebf027f849ecd3e9c514f26b15cd0e81da553bdba217a4b021eaa2ce,76cc3775534774ea58f799ee1a64020724e5cefb,false_positive_rate,0.0,fraction
cintron_ladder,S2_thermal_cycle,static_affine,1,10.0,True,S2_thermal_cycle__static_affine__seed1,f5077dc87411ed3b1d5de66609f9ade74b2b190d2ee2584a79de6dbb70344dee,320c4e05e312df4a024a274474879a10d765f07f65ee3478b6ac1f7c31980d82,76cc3775534774ea58f799ee1a64020724e5cefb,false_positive_rate,0.0,fraction
cintron_ladder,S2_thermal_cycle,static_affine,2,10.0,True,S2_thermal_cycle__static_affine__seed2,464a9ded5d97e5522353c10b5f4e7d6fb82021b240fd00240425a619b73a60c1,320c4e05e312df4a024a274474879a10d765f07f65ee3478b6ac1f7c31980d82,76cc3775534774ea58f799ee1a64020724e5cefb,false_positive_rate,0.0,fraction
cintron_ladder,S2_thermal_cycle,static_affine,3,10.0,True,S2_thermal_cycle__static_affine__seed3,9f3ded4a30a0049ceb88c4dd85f0059c2f7ecb82b310ae3424cc48f8b5e42da5,320c4e05e312df4a024a274474879a10d765f07f65ee3478b6ac1f7c31980d82,76cc3775534774ea58f799ee1a64020724e5cefb,false_positive_rate,0.0,fraction
cintron_ladder,S2_thermal_cycle,rls,1,10.0,True,S2_thermal_cycle__rls__seed1,f5077dc87411ed3b1d5de66609f9ade74b2b190d2ee2584a79de6dbb70344dee,7cfed748c1a23fa8b895d925c453ff71b8171df9f5c670346fe7006efecf7439,76cc3775534774ea58f799ee1a64020724e5cefb,false_positive_rate,0.0,fraction
cintron_ladder,S2_thermal_cycle,rls,2,10.0,True,S2_thermal_cycle__rls__seed2,464a9ded5d97e5522353c10b5f4e7d6fb82021b240fd00240425a619b73a60c1,7cfed748c1a23fa8b895d925c453ff71b8171df9f5c670346fe7006efecf7439,76cc3775534774ea58f799ee1a64020724e5cefb,false_positive_rate,0.0,fraction
cintron_ladder,S2_thermal_cycle,rls,3,10.0,True,S2_thermal_cycle__rls__seed3,9f3ded4a30a0049ceb88c4dd85f0059c2f7ecb82b310ae3424cc48f8b5e42da5,7cfed748c1a23fa8b895d925c453ff71b8171df9f5c670346fe7006efecf7439,76cc3775534774ea58f799ee1a64020724e5cefb,false_positive_rate,0.0,fraction
cintron_ladder,S2_thermal_cycle,kalman,1,10.0,True,S2_thermal_cycle__kalman__seed1,f5077dc87411ed3b1d5de66609f9ade74b2b190d2ee2584a79de6dbb70344dee,6a7aa063ebf027f849ecd3e9c514f26b15cd0e81da553bdba217a4b021eaa2ce,76cc3775534774ea58f799ee1a64020724e5cefb,false_positive_rate,0.0,fraction
cintron_ladder,S2_thermal_cycle,kalman,2,10.0,True,S2_thermal_cycle__kalman__seed2,464a9ded5d97e5522353c10b5f4e7d6fb82021b240fd00240425a619b73a60c1,6a7aa063ebf027f849ecd3e9c514f26b15cd0e81da553bdba217a4b021eaa2ce,76cc3775534774ea58f799ee1a64020724e5cefb,false_positive_rate,0.0,fraction
cintron_ladder,S2_thermal_cycle,kalman,3,10.0,True,S2_thermal_cycle__kalman__seed3,9f3ded4a30a0049ceb88c4dd85f0059c2f7ecb82b310ae3424cc48f8b5e42da5,6a7aa063ebf027f849ecd3e9c514f26b15cd0e81da553bdba217a4b021eaa2ce,76cc3775534774ea58f799ee1a64020724e5cefb,false_positive_rate,0.0,fraction
cintron_ladder,S3_zero_drift_walk,static_affine,1,10.0,True,S3_zero_drift_walk__static_affine__seed1,e7b981f1a695ead56faf9a26e3ac56f7cf242bda6227b5aabd270e829bc92da5,320c4e05e312df4a024a274474879a10d765f07f65ee3478b6ac1f7c31980d82,76cc3775534774ea58f799ee1a64020724e5cefb,false_positive_rate,0.00021263023601956197,fraction
cintron_ladder,S3_zero_drift_walk,static_affine,2,10.0,True,S3_zero_drift_walk__static_affine__seed2,8aaeb0ed7c28c2b0ee4c567f78a99e1728b00afc703637facbb86bff31b40b49,320c4e05e312df4a024a274474879a10d765f07f65ee3478b6ac1f7c31980d82,76cc3775534774ea58f799ee1a64020724e5cefb,false_positive_rate,0.0,fraction
cintron_ladder,S3_zero_drift_walk,static_affine,3,10.0,True,S3_zero_drift_walk__static_affine__seed3,b63f96c73e8c77b630930fed7883f11ae94db4991b7977259a58ca8a4af785b0,320c4e05e312df4a024a274474879a10d765f07f65ee3478b6ac1f7c31980d82,76cc3775534774ea58f799ee1a64020724e5cefb,false_positive_rate,0.0004185851820845542,fraction
cintron_ladder,S3_zero_drift_walk,rls,1,10.0,True,S3_zero_drift_walk__rls__seed1,e7b981f1a695ead56faf9a26e3ac56f7cf242bda6227b5aabd270e829bc92da5,7cfed748c1a23fa8b895d925c453ff71b8171df9f5c670346fe7006efecf7439,76cc3775534774ea58f799ee1a64020724e5cefb,false_positive_rate,0.00021263023601956197,fraction
cintron_ladder,S3_zero_drift_walk,rls,2,10.0,True,S3_zero_drift_walk__rls__seed2,8aaeb0ed7c28c2b0ee4c567f78a99e1728b00afc703637facbb86bff31b40b49,7cfed748c1a23fa8b895d925c453ff71b8171df9f5c670346fe7006efecf7439,76cc3775534774ea58f799ee1a64020724e5cefb,false_positive_rate,0.0,fraction
cintron_ladder,S3_zero_drift_walk,rls,3,10.0,True,S3_zero_drift_walk__rls__seed3,b63f96c73e8c77b630930fed7883f11ae94db4991b7977259a58ca8a4af785b0,7cfed748c1a23fa8b895d925c453ff71b8171df9f5c670346fe7006efecf7439,76cc3775534774ea58f799ee1a64020724e5cefb,false_positive_rate,0.0004185851820845542,fraction
cintron_ladder,S3_zero_drift_walk,kalman,1,10.0,True,S3_zero_drift_walk__kalman__seed1,e7b981f1a695ead56faf9a26e3ac56f7cf242bda6227b5aabd270e829bc92da5,6a7aa063ebf027f849ecd3e9c514f26b15cd0e81da553bdba217a4b021eaa2ce,76cc3775534774ea58f799ee1a64020724e5cefb,false_positive_rate,0.00021263023601956197,fraction
cintron_ladder,S3_zero_drift_walk,kalman,2,10.0,True,S3_zero_drift_walk__kalman__seed2,8aaeb0ed7c28c2b0ee4c567f78a99e1728b00afc703637facbb86bff31b40b49,6a7aa063ebf027f849ecd3e9c514f26b15cd0e81da553bdba217a4b021eaa2ce,76cc3775534774ea58f799ee1a64020724e5cefb,false_positive_rate,0.0,fraction
cintron_ladder,S3_zero_drift_walk,kalman,3,10.0,True,S3_zero_drift_walk__kalman__seed3,b63f96c73e8c77b630930fed7883f11ae94db4991b7977259a58ca8a4af785b0,6a7aa063ebf027f849ecd3e9c514f26b15cd0e81da553bdba217a4b021eaa2ce,76cc3775534774ea58f799ee1a64020724e5cefb,false_positive_rate,0.0004185851820845542,fraction
cintron_ladder,S4_step_fault,static_affine,1,10.0,True,S4_step_fault__static_affine__seed1,2ddd431c649ca2b8ec1dd1fa3d1be7053e06b556b429fda303db43e771c49b4d,320c4e05e312df4a024a274474879a10d765f07f65ee3478b6ac1f7c31980d82,76cc3775534774ea58f799ee1a64020724e5cefb,false_positive_rate,0.0002947244326554671,fraction
cintron_ladder,S4_step_fault,static_affine,2,10.0,True,S4_step_fault__static_affine__seed2,1319c874fdf7655f120c5fbb53cc4c8398e4675d47673de0fd98005d630b52b1,320c4e05e312df4a024a274474879a10d765f07f65ee3478b6ac1f7c31980d82,76cc3775534774ea58f799ee1a64020724e5cefb,false_positive_rate,0.00028694404591104734,fraction
cintron_ladder,S4_step_fault,static_affine,3,10.0,True,S4_step_fault__static_affine__seed3,135fc15f1c43d85f0045c59ffbd10841f2a3be848d4153fded5d6a5d6a4e34a0,320c4e05e312df4a024a274474879a10d765f07f65ee3478b6ac1f7c31980d82,76cc3775534774ea58f799ee1a64020724e5cefb,false_positive_rate,0.0,fraction
cintron_ladder,S4_step_fault,rls,1,10.0,True,S4_step_fault__rls__seed1,2ddd431c649ca2b8ec1dd1fa3d1be7053e06b556b429fda303db43e771c49b4d,7cfed748c1a23fa8b895d925c453ff71b8171df9f5c670346fe7006efecf7439,76cc3775534774ea58f799ee1a64020724e5cefb,false_positive_rate,0.0002947244326554671,fraction
cintron_ladder,S4_step_fault,rls,2,10.0,True,S4_step_fault__rls__seed2,1319c874fdf7655f120c5fbb53cc4c8398e4675d47673de0fd98005d630b52b1,7cfed748c1a23fa8b895d925c453ff71b8171df9f5c670346fe7006efecf7439,76cc3775534774ea58f799ee1a64020724e5cefb,false_positive_rate,0.00028694404591104734,fraction
cintron_ladder,S4_step_fault,rls,3,10.0,True,S4_step_fault__rls__seed3,135fc15f1c43d85f0045c59ffbd10841f2a3be848d4153fded5d6a5d6a4e34a0,7cfed748c1a23fa8b895d925c453ff71b8171df9f5c670346fe7006efecf7439,76cc3775534774ea58f799ee1a64020724e5cefb,false_positive_rate,0.0,fraction
cintron_ladder,S4_step_fault,kalman,1,10.0,True,S4_step_fault__kalman__seed1,2ddd431c649ca2b8ec1dd1fa3d1be7053e06b556b429fda303db43e771c49b4d,6a7aa063ebf027f849ecd3e9c514f26b15cd0e81da553bdba217a4b021eaa2ce,76cc3775534774ea58f799ee1a64020724e5cefb,false_positive_rate,0.0002947244326554671,fraction
cintron_ladder,S4_step_fault,kalman,2,10.0,True,S4_step_fault__kalman__seed2,1319c874fdf7655f120c5fbb53cc4c8398e4675d47673de0fd98005d630b52b1,6a7aa063ebf027f849ecd3e9c514f26b15cd0e81da553bdba217a4b021eaa2ce,76cc3775534774ea58f799ee1a64020724e5cefb,false_positive_rate,0.00028694404591104734,fraction
cintron_ladder,S4_step_fault,kalman,3,10.0,True,S4_step_fault__kalman__seed3,135fc15f1c43d85f0045c59ffbd10841f2a3be848d4153fded5d6a5d6a4e34a0,6a7aa063ebf027f849ecd3e9c514f26b15cd0e81da553bdba217a4b021eaa2ce,76cc3775534774ea58f799ee1a64020724e5cefb,false_positive_rate,0.0,fraction
cintron_ladder,S5_outage,static_affine,1,10.0,True,S5_outage__static_affine__seed1,a9fcc049f0f73db1ab44c7ca7ce4b41b05c1b293caabfeb3401f0bef2d75cce3,320c4e05e312df4a024a274474879a10d765f07f65ee3478b6ac1f7c31980d82,76cc3775534774ea58f799ee1a64020724e5cefb,false_positive_rate,0.0,fraction
cintron_ladder,S5_outage,static_affine,2,10.0,True,S5_outage__static_affine__seed2,1510a2663b5f63da6b5b1385333b17c9beaafcd638df3bce3262b43d051f97e1,320c4e05e312df4a024a274474879a10d765f07f65ee3478b6ac1f7c31980d82,76cc3775534774ea58f799ee1a64020724e5cefb,false_positive_rate,0.0,fraction
cintron_ladder,S5_outage,static_affine,3,10.0,True,S5_outage__static_affine__seed3,f84d5ae0ec8ad2f6df97000007a3d8ffecacea53aec887acf2f9adb90f328ec1,320c4e05e312df4a024a274474879a10d765f07f65ee3478b6ac1f7c31980d82,76cc3775534774ea58f799ee1a64020724e5cefb,false_positive_rate,0.0,fraction
cintron_ladder,S5_outage,rls,1,10.0,True,S5_outage__rls__seed1,a9fcc049f0f73db1ab44c7ca7ce4b41b05c1b293caabfeb3401f0bef2d75cce3,7cfed748c1a23fa8b895d925c453ff71b8171df9f5c670346fe7006efecf7439,76cc3775534774ea58f799ee1a64020724e5cefb,false_positive_rate,0.0,fraction
cintron_ladder,S5_outage,rls,2,10.0,True,S5_outage__rls__seed2,1510a2663b5f63da6b5b1385333b17c9beaafcd638df3bce3262b43d051f97e1,7cfed748c1a23fa8b895d925c453ff71b8171df9f5c670346fe7006efecf7439,76cc3775534774ea58f799ee1a64020724e5cefb,false_positive_rate,0.0,fraction
cintron_ladder,S5_outage,rls,3,10.0,True,S5_outage__rls__seed3,f84d5ae0ec8ad2f6df97000007a3d8ffecacea53aec887acf2f9adb90f328ec1,7cfed748c1a23fa8b895d925c453ff71b8171df9f5c670346fe7006efecf7439,76cc3775534774ea58f799ee1a64020724e5cefb,false_positive_rate,0.0,fraction
cintron_ladder,S5_outage,kalman,1,10.0,True,S5_outage__kalman__seed1,a9fcc049f0f73db1ab44c7ca7ce4b41b05c1b293caabfeb3401f0bef2d75cce3,6a7aa063ebf027f849ecd3e9c514f26b15cd0e81da553bdba217a4b021eaa2ce,76cc3775534774ea58f799ee1a64020724e5cefb,false_positive_rate,0.0,fraction
cintron_ladder,S5_outage,kalman,2,10.0,True,S5_outage__kalman__seed2,1510a2663b5f63da6b5b1385333b17c9beaafcd638df3bce3262b43d051f97e1,6a7aa063ebf027f849ecd3e9c514f26b15cd0e81da553bdba217a4b021eaa2ce,76cc3775534774ea58f799ee1a64020724e5cefb,false_positive_rate,0.0,fraction
cintron_ladder,S5_outage,kalman,3,10.0,True,S5_outage__kalman__seed3,f84d5ae0ec8ad2f6df97000007a3d8ffecacea53aec887acf2f9adb90f328ec1,6a7aa063ebf027f849ecd3e9c514f26b15cd0e81da553bdba217a4b021eaa2ce,76cc3775534774ea58f799ee1a64020724e5cefb,false_positive_rate,0.0,fraction
cintron_ladder,S6_combined,static_affine,1,10.0,True,S6_combined__static_affine__seed1,5d4f2a11ab7b925de02ef1d34875af815611f0d172cbf30a820f6e4a5db791f7,320c4e05e312df4a024a274474879a10d765f07f65ee3478b6ac1f7c31980d82,76cc3775534774ea58f799ee1a64020724e5cefb,false_positive_rate,0.47611082070047045,fraction
cintron_ladder,S6_combined,static_affine,2,10.0,True,S6_combined__static_affine__seed2,d01e5c41507ccd6868ea37a1d0993c222e5af61f3b79e1372f0aceb13bdbcf73,320c4e05e312df4a024a274474879a10d765f07f65ee3478b6ac1f7c31980d82,76cc3775534774ea58f799ee1a64020724e5cefb,false_positive_rate,0.4671907756813417,fraction
cintron_ladder,S6_combined,static_affine,3,10.0,True,S6_combined__static_affine__seed3,023a22c68d81022af0f29d6a4d407ec5521336f357a4e5f5fbb3be2ea33f3920,320c4e05e312df4a024a274474879a10d765f07f65ee3478b6ac1f7c31980d82,76cc3775534774ea58f799ee1a64020724e5cefb,false_positive_rate,0.467150979153506,fraction
cintron_ladder,S6_combined,rls,1,10.0,True,S6_combined__rls__seed1,5d4f2a11ab7b925de02ef1d34875af815611f0d172cbf30a820f6e4a5db791f7,7cfed748c1a23fa8b895d925c453ff71b8171df9f5c670346fe7006efecf7439,76cc3775534774ea58f799ee1a64020724e5cefb,false_positive_rate,0.47611082070047045,fraction
cintron_ladder,S6_combined,rls,2,10.0,True,S6_combined__rls__seed2,d01e5c41507ccd6868ea37a1d0993c222e5af61f3b79e1372f0aceb13bdbcf73,7cfed748c1a23fa8b895d925c453ff71b8171df9f5c670346fe7006efecf7439,76cc3775534774ea58f799ee1a64020724e5cefb,false_positive_rate,0.4671907756813417,fraction
cintron_ladder,S6_combined,rls,3,10.0,True,S6_combined__rls__seed3,023a22c68d81022af0f29d6a4d407ec5521336f357a4e5f5fbb3be2ea33f3920,7cfed748c1a23fa8b895d925c453ff71b8171df9f5c670346fe7006efecf7439,76cc3775534774ea58f799ee1a64020724e5cefb,false_positive_rate,0.467150979153506,fraction
cintron_ladder,S6_combined,kalman,1,10.0,True,S6_combined__kalman__seed1,5d4f2a11ab7b925de02ef1d34875af815611f0d172cbf30a820f6e4a5db791f7,6a7aa063ebf027f849ecd3e9c514f26b15cd0e81da553bdba217a4b021eaa2ce,76cc3775534774ea58f799ee1a64020724e5cefb,false_positive_rate,0.47611082070047045,fraction
cintron_ladder,S6_combined,kalman,2,10.0,True,S6_combined__kalman__seed2,d01e5c41507ccd6868ea37a1d0993c222e5af61f3b79e1372f0aceb13bdbcf73,6a7aa063ebf027f849ecd3e9c514f26b15cd0e81da553bdba217a4b021eaa2ce,76cc3775534774ea58f799ee1a64020724e5cefb,false_positive_rate,0.4671907756813417,fraction
cintron_ladder,S6_combined,kalman,3,10.0,True,S6_combined__kalman__seed3,023a22c68d81022af0f29d6a4d407ec5521336f357a4e5f5fbb3be2ea33f3920,6a7aa063ebf027f849ecd3e9c514f26b15cd0e81da553bdba217a4b021eaa2ce,76cc3775534774ea58f799ee1a64020724e5cefb,false_positive_rate,0.467150979153506,fraction
cintron_ladder,S7_sparse_reference,static_affine,1,10.0,True,S7_sparse_reference__static_affine__seed1,398c721afafcfb355a753ac0cfd1ebcf65a21a6ef468740ce93012df90f00ec4,320c4e05e312df4a024a274474879a10d765f07f65ee3478b6ac1f7c31980d82,76cc3775534774ea58f799ee1a64020724e5cefb,false_positive_rate,0.0,fraction
cintron_ladder,S7_sparse_reference,static_affine,2,10.0,True,S7_sparse_reference__static_affine__seed2,1301d7f22942f2e6619dcc555486092a7c3c37061e6b225ed3f3da3b3ca3b132,320c4e05e312df4a024a274474879a10d765f07f65ee3478b6ac1f7c31980d82,76cc3775534774ea58f799ee1a64020724e5cefb,false_positive_rate,0.0,fraction
cintron_ladder,S7_sparse_reference,static_affine,3,10.0,True,S7_sparse_reference__static_affine__seed3,32e0738c82819c8cd4653a676dda0f9f67168b628ffc2846dce20179bf21a707,320c4e05e312df4a024a274474879a10d765f07f65ee3478b6ac1f7c31980d82,76cc3775534774ea58f799ee1a64020724e5cefb,false_positive_rate,0.0,fraction
cintron_ladder,S7_sparse_reference,rls,1,10.0,True,S7_sparse_reference__rls__seed1,398c721afafcfb355a753ac0cfd1ebcf65a21a6ef468740ce93012df90f00ec4,7cfed748c1a23fa8b895d925c453ff71b8171df9f5c670346fe7006efecf7439,76cc3775534774ea58f799ee1a64020724e5cefb,false_positive_rate,0.0,fraction
cintron_ladder,S7_sparse_reference,rls,2,10.0,True,S7_sparse_reference__rls__seed2,1301d7f22942f2e6619dcc555486092a7c3c37061e6b225ed3f3da3b3ca3b132,7cfed748c1a23fa8b895d925c453ff71b8171df9f5c670346fe7006efecf7439,76cc3775534774ea58f799ee1a64020724e5cefb,false_positive_rate,0.0,fraction
cintron_ladder,S7_sparse_reference,rls,3,10.0,True,S7_sparse_reference__rls__seed3,32e0738c82819c8cd4653a676dda0f9f67168b628ffc2846dce20179bf21a707,7cfed748c1a23fa8b895d925c453ff71b8171df9f5c670346fe7006efecf7439,76cc3775534774ea58f799ee1a64020724e5cefb,false_positive_rate,0.0,fraction
cintron_ladder,S7_sparse_reference,kalman,1,10.0,True,S7_sparse_reference__kalman__seed1,398c721afafcfb355a753ac0cfd1ebcf65a21a6ef468740ce93012df90f00ec4,6a7aa063ebf027f849ecd3e9c514f26b15cd0e81da553bdba217a4b021eaa2ce,76cc3775534774ea58f799ee1a64020724e5cefb,false_positive_rate,0.0,fraction
cintron_ladder,S7_sparse_reference,kalman,2,10.0,True,S7_sparse_reference__kalman__seed2,1301d7f22942f2e6619dcc555486092a7c3c37061e6b225ed3f3da3b3ca3b132,6a7aa063ebf027f849ecd3e9c514f26b15cd0e81da553bdba217a4b021eaa2ce,76cc3775534774ea58f799ee1a64020724e5cefb,false_positive_rate,0.0,fraction
cintron_ladder,S7_sparse_reference,kalman,3,10.0,True,S7_sparse_reference__kalman__seed3,32e0738c82819c8cd4653a676dda0f9f67168b628ffc2846dce20179bf21a707,6a7aa063ebf027f849ecd3e9c514f26b15cd0e81da553bdba217a4b021eaa2ce,76cc3775534774ea58f799ee1a64020724e5cefb,false_positive_rate,0.0,fraction
cintron_ladder,S1_nominal,static_affine,1,10.0,True,S1_nominal__static_affine__seed1,2a7e164a7e04cfa5ac607c92ecf3c4a53c40e90964e7a047230c36cd233b8751,320c4e05e312df4a024a274474879a10d765f07f65ee3478b6ac1f7c31980d82,76cc3775534774ea58f799ee1a64020724e5cefb,axle_count_accuracy,1.0,fraction
cintron_ladder,S1_nominal,static_affine,2,10.0,True,S1_nominal__static_affine__seed2,fa2ca240ac17605f28e43b1573d61379f65c20aab226bb0fcf8af13e416712a1,320c4e05e312df4a024a274474879a10d765f07f65ee3478b6ac1f7c31980d82,76cc3775534774ea58f799ee1a64020724e5cefb,axle_count_accuracy,1.0,fraction
cintron_ladder,S1_nominal,static_affine,3,10.0,True,S1_nominal__static_affine__seed3,e2bb79b9efe0975489e6c62e2c85ebeea90bcc05eddf00c5e3397cde3d2a9805,320c4e05e312df4a024a274474879a10d765f07f65ee3478b6ac1f7c31980d82,76cc3775534774ea58f799ee1a64020724e5cefb,axle_count_accuracy,1.0,fraction
cintron_ladder,S1_nominal,rls,1,10.0,True,S1_nominal__rls__seed1,2a7e164a7e04cfa5ac607c92ecf3c4a53c40e90964e7a047230c36cd233b8751,7cfed748c1a23fa8b895d925c453ff71b8171df9f5c670346fe7006efecf7439,76cc3775534774ea58f799ee1a64020724e5cefb,axle_count_accuracy,1.0,fraction
cintron_ladder,S1_nominal,rls,2,10.0,True,S1_nominal__rls__seed2,fa2ca240ac17605f28e43b1573d61379f65c20aab226bb0fcf8af13e416712a1,7cfed748c1a23fa8b895d925c453ff71b8171df9f5c670346fe7006efecf7439,76cc3775534774ea58f799ee1a64020724e5cefb,axle_count_accuracy,1.0,fraction
cintron_ladder,S1_nominal,rls,3,10.0,True,S1_nominal__rls__seed3,e2bb79b9efe0975489e6c62e2c85ebeea90bcc05eddf00c5e3397cde3d2a9805,7cfed748c1a23fa8b895d925c453ff71b8171df9f5c670346fe7006efecf7439,76cc3775534774ea58f799ee1a64020724e5cefb,axle_count_accuracy,1.0,fraction
cintron_ladder,S1_nominal,kalman,1,10.0,True,S1_nominal__kalman__seed1,2a7e164a7e04cfa5ac607c92ecf3c4a53c40e90964e7a047230c36cd233b8751,6a7aa063ebf027f849ecd3e9c514f26b15cd0e81da553bdba217a4b021eaa2ce,76cc3775534774ea58f799ee1a64020724e5cefb,axle_count_accuracy,1.0,fraction
cintron_ladder,S1_nominal,kalman,2,10.0,True,S1_nominal__kalman__seed2,fa2ca240ac17605f28e43b1573d61379f65c20aab226bb0fcf8af13e416712a1,6a7aa063ebf027f849ecd3e9c514f26b15cd0e81da553bdba217a4b021eaa2ce,76cc3775534774ea58f799ee1a64020724e5cefb,axle_count_accuracy,1.0,fraction
cintron_ladder,S1_nominal,kalman,3,10.0,True,S1_nominal__kalman__seed3,e2bb79b9efe0975489e6c62e2c85ebeea90bcc05eddf00c5e3397cde3d2a9805,6a7aa063ebf027f849ecd3e9c514f26b15cd0e81da553bdba217a4b021eaa2ce,76cc3775534774ea58f799ee1a64020724e5cefb,axle_count_accuracy,1.0,fraction
cintron_ladder,S2_thermal_cycle,static_affine,1,10.0,True,S2_thermal_cycle__static_affine__seed1,f5077dc87411ed3b1d5de66609f9ade74b2b190d2ee2584a79de6dbb70344dee,320c4e05e312df4a024a274474879a10d765f07f65ee3478b6ac1f7c31980d82,76cc3775534774ea58f799ee1a64020724e5cefb,axle_count_accuracy,1.0,fraction
cintron_ladder,S2_thermal_cycle,static_affine,2,10.0,True,S2_thermal_cycle__static_affine__seed2,464a9ded5d97e5522353c10b5f4e7d6fb82021b240fd00240425a619b73a60c1,320c4e05e312df4a024a274474879a10d765f07f65ee3478b6ac1f7c31980d82,76cc3775534774ea58f799ee1a64020724e5cefb,axle_count_accuracy,1.0,fraction
cintron_ladder,S2_thermal_cycle,static_affine,3,10.0,True,S2_thermal_cycle__static_affine__seed3,9f3ded4a30a0049ceb88c4dd85f0059c2f7ecb82b310ae3424cc48f8b5e42da5,320c4e05e312df4a024a274474879a10d765f07f65ee3478b6ac1f7c31980d82,76cc3775534774ea58f799ee1a64020724e5cefb,axle_count_accuracy,1.0,fraction
cintron_ladder,S2_thermal_cycle,rls,1,10.0,True,S2_thermal_cycle__rls__seed1,f5077dc87411ed3b1d5de66609f9ade74b2b190d2ee2584a79de6dbb70344dee,7cfed748c1a23fa8b895d925c453ff71b8171df9f5c670346fe7006efecf7439,76cc3775534774ea58f799ee1a64020724e5cefb,axle_count_accuracy,1.0,fraction
cintron_ladder,S2_thermal_cycle,rls,2,10.0,True,S2_thermal_cycle__rls__seed2,464a9ded5d97e5522353c10b5f4e7d6fb82021b240fd00240425a619b73a60c1,7cfed748c1a23fa8b895d925c453ff71b8171df9f5c670346fe7006efecf7439,76cc3775534774ea58f799ee1a64020724e5cefb,axle_count_accuracy,1.0,fraction
cintron_ladder,S2_thermal_cycle,rls,3,10.0,True,S2_thermal_cycle__rls__seed3,9f3ded4a30a0049ceb88c4dd85f0059c2f7ecb82b310ae3424cc48f8b5e42da5,7cfed748c1a23fa8b895d925c453ff71b8171df9f5c670346fe7006efecf7439,76cc3775534774ea58f799ee1a64020724e5cefb,axle_count_accuracy,1.0,fraction
cintron_ladder,S2_thermal_cycle,kalman,1,10.0,True,S2_thermal_cycle__kalman__seed1,f5077dc87411ed3b1d5de66609f9ade74b2b190d2ee2584a79de6dbb70344dee,6a7aa063ebf027f849ecd3e9c514f26b15cd0e81da553bdba217a4b021eaa2ce,76cc3775534774ea58f799ee1a64020724e5cefb,axle_count_accuracy,1.0,fraction
cintron_ladder,S2_thermal_cycle,kalman,2,10.0,True,S2_thermal_cycle__kalman__seed2,464a9ded5d97e5522353c10b5f4e7d6fb82021b240fd00240425a619b73a60c1,6a7aa063ebf027f849ecd3e9c514f26b15cd0e81da553bdba217a4b021eaa2ce,76cc3775534774ea58f799ee1a64020724e5cefb,axle_count_accuracy,1.0,fraction
cintron_ladder,S2_thermal_cycle,kalman,3,10.0,True,S2_thermal_cycle__kalman__seed3,9f3ded4a30a0049ceb88c4dd85f0059c2f7ecb82b310ae3424cc48f8b5e42da5,6a7aa063ebf027f849ecd3e9c514f26b15cd0e81da553bdba217a4b021eaa2ce,76cc3775534774ea58f799ee1a64020724e5cefb,axle_count_accuracy,1.0,fraction
cintron_ladder,S3_zero_drift_walk,static_affine,1,10.0,True,S3_zero_drift_walk__static_affine__seed1,e7b981f1a695ead56faf9a26e3ac56f7cf242bda6227b5aabd270e829bc92da5,320c4e05e312df4a024a274474879a10d765f07f65ee3478b6ac1f7c31980d82,76cc3775534774ea58f799ee1a64020724e5cefb,axle_count_accuracy,1.0,fraction
cintron_ladder,S3_zero_drift_walk,static_affine,2,10.0,True,S3_zero_drift_walk__static_affine__seed2,8aaeb0ed7c28c2b0ee4c567f78a99e1728b00afc703637facbb86bff31b40b49,320c4e05e312df4a024a274474879a10d765f07f65ee3478b6ac1f7c31980d82,76cc3775534774ea58f799ee1a64020724e5cefb,axle_count_accuracy,1.0,fraction
cintron_ladder,S3_zero_drift_walk,static_affine,3,10.0,True,S3_zero_drift_walk__static_affine__seed3,b63f96c73e8c77b630930fed7883f11ae94db4991b7977259a58ca8a4af785b0,320c4e05e312df4a024a274474879a10d765f07f65ee3478b6ac1f7c31980d82,76cc3775534774ea58f799ee1a64020724e5cefb,axle_count_accuracy,1.0,fraction
cintron_ladder,S3_zero_drift_walk,rls,1,10.0,True,S3_zero_drift_walk__rls__seed1,e7b981f1a695ead56faf9a26e3ac56f7cf242bda6227b5aabd270e829bc92da5,7cfed748c1a23fa8b895d925c453ff71b8171df9f5c670346fe7006efecf7439,76cc3775534774ea58f799ee1a64020724e5cefb,axle_count_accuracy,1.0,fraction
cintron_ladder,S3_zero_drift_walk,rls,2,10.0,True,S3_zero_drift_walk__rls__seed2,8aaeb0ed7c28c2b0ee4c567f78a99e1728b00afc703637facbb86bff31b40b49,7cfed748c1a23fa8b895d925c453ff71b8171df9f5c670346fe7006efecf7439,76cc3775534774ea58f799ee1a64020724e5cefb,axle_count_accuracy,1.0,fraction
cintron_ladder,S3_zero_drift_walk,rls,3,10.0,True,S3_zero_drift_walk__rls__seed3,b63f96c73e8c77b630930fed7883f11ae94db4991b7977259a58ca8a4af785b0,7cfed748c1a23fa8b895d925c453ff71b8171df9f5c670346fe7006efecf7439,76cc3775534774ea58f799ee1a64020724e5cefb,axle_count_accuracy,1.0,fraction
cintron_ladder,S3_zero_drift_walk,kalman,1,10.0,True,S3_zero_drift_walk__kalman__seed1,e7b981f1a695ead56faf9a26e3ac56f7cf242bda6227b5aabd270e829bc92da5,6a7aa063ebf027f849ecd3e9c514f26b15cd0e81da553bdba217a4b021eaa2ce,76cc3775534774ea58f799ee1a64020724e5cefb,axle_count_accuracy,1.0,fraction
cintron_ladder,S3_zero_drift_walk,kalman,2,10.0,True,S3_zero_drift_walk__kalman__seed2,8aaeb0ed7c28c2b0ee4c567f78a99e1728b00afc703637facbb86bff31b40b49,6a7aa063ebf027f849ecd3e9c514f26b15cd0e81da553bdba217a4b021eaa2ce,76cc3775534774ea58f799ee1a64020724e5cefb,axle_count_accuracy,1.0,fraction
cintron_ladder,S3_zero_drift_walk,kalman,3,10.0,True,S3_zero_drift_walk__kalman__seed3,b63f96c73e8c77b630930fed7883f11ae94db4991b7977259a58ca8a4af785b0,6a7aa063ebf027f849ecd3e9c514f26b15cd0e81da553bdba217a4b021eaa2ce,76cc3775534774ea58f799ee1a64020724e5cefb,axle_count_accuracy,1.0,fraction
cintron_ladder,S4_step_fault,static_affine,1,10.0,True,S4_step_fault__static_affine__seed1,2ddd431c649ca2b8ec1dd1fa3d1be7053e06b556b429fda303db43e771c49b4d,320c4e05e312df4a024a274474879a10d765f07f65ee3478b6ac1f7c31980d82,76cc3775534774ea58f799ee1a64020724e5cefb,axle_count_accuracy,1.0,fraction
cintron_ladder,S4_step_fault,static_affine,2,10.0,True,S4_step_fault__static_affine__seed2,1319c874fdf7655f120c5fbb53cc4c8398e4675d47673de0fd98005d630b52b1,320c4e05e312df4a024a274474879a10d765f07f65ee3478b6ac1f7c31980d82,76cc3775534774ea58f799ee1a64020724e5cefb,axle_count_accuracy,1.0,fraction
cintron_ladder,S4_step_fault,static_affine,3,10.0,True,S4_step_fault__static_affine__seed3,135fc15f1c43d85f0045c59ffbd10841f2a3be848d4153fded5d6a5d6a4e34a0,320c4e05e312df4a024a274474879a10d765f07f65ee3478b6ac1f7c31980d82,76cc3775534774ea58f799ee1a64020724e5cefb,axle_count_accuracy,1.0,fraction
cintron_ladder,S4_step_fault,rls,1,10.0,True,S4_step_fault__rls__seed1,2ddd431c649ca2b8ec1dd1fa3d1be7053e06b556b429fda303db43e771c49b4d,7cfed748c1a23fa8b895d925c453ff71b8171df9f5c670346fe7006efecf7439,76cc3775534774ea58f799ee1a64020724e5cefb,axle_count_accuracy,1.0,fraction
cintron_ladder,S4_step_fault,rls,2,10.0,True,S4_step_fault__rls__seed2,1319c874fdf7655f120c5fbb53cc4c8398e4675d47673de0fd98005d630b52b1,7cfed748c1a23fa8b895d925c453ff71b8171df9f5c670346fe7006efecf7439,76cc3775534774ea58f799ee1a64020724e5cefb,axle_count_accuracy,1.0,fraction
cintron_ladder,S4_step_fault,rls,3,10.0,True,S4_step_fault__rls__seed3,135fc15f1c43d85f0045c59ffbd10841f2a3be848d4153fded5d6a5d6a4e34a0,7cfed748c1a23fa8b895d925c453ff71b8171df9f5c670346fe7006efecf7439,76cc3775534774ea58f799ee1a64020724e5cefb,axle_count_accuracy,1.0,fraction
cintron_ladder,S4_step_fault,kalman,1,10.0,True,S4_step_fault__kalman__seed1,2ddd431c649ca2b8ec1dd1fa3d1be7053e06b556b429fda303db43e771c49b4d,6a7aa063ebf027f849ecd3e9c514f26b15cd0e81da553bdba217a4b021eaa2ce,76cc3775534774ea58f799ee1a64020724e5cefb,axle_count_accuracy,1.0,fraction
cintron_ladder,S4_step_fault,kalman,2,10.0,True,S4_step_fault__kalman__seed2,1319c874fdf7655f120c5fbb53cc4c8398e4675d47673de0fd98005d630b52b1,6a7aa063ebf027f849ecd3e9c514f26b15cd0e81da553bdba217a4b021eaa2ce,76cc3775534774ea58f799ee1a64020724e5cefb,axle_count_accuracy,1.0,fraction
cintron_ladder,S4_step_fault,kalman,3,10.0,True,S4_step_fault__kalman__seed3,135fc15f1c43d85f0045c59ffbd10841f2a3be848d4153fded5d6a5d6a4e34a0,6a7aa063ebf027f849ecd3e9c514f26b15cd0e81da553bdba217a4b021eaa2ce,76cc3775534774ea58f799ee1a64020724e5cefb,axle_count_accuracy,1.0,fraction
cintron_ladder,S5_outage,static_affine,1,10.0,True,S5_outage__static_affine__seed1,a9fcc049f0f73db1ab44c7ca7ce4b41b05c1b293caabfeb3401f0bef2d75cce3,320c4e05e312df4a024a274474879a10d765f07f65ee3478b6ac1f7c31980d82,76cc3775534774ea58f799ee1a64020724e5cefb,axle_count_accuracy,1.0,fraction
cintron_ladder,S5_outage,static_affine,2,10.0,True,S5_outage__static_affine__seed2,1510a2663b5f63da6b5b1385333b17c9beaafcd638df3bce3262b43d051f97e1,320c4e05e312df4a024a274474879a10d765f07f65ee3478b6ac1f7c31980d82,76cc3775534774ea58f799ee1a64020724e5cefb,axle_count_accuracy,1.0,fraction
cintron_ladder,S5_outage,static_affine,3,10.0,True,S5_outage__static_affine__seed3,f84d5ae0ec8ad2f6df97000007a3d8ffecacea53aec887acf2f9adb90f328ec1,320c4e05e312df4a024a274474879a10d765f07f65ee3478b6ac1f7c31980d82,76cc3775534774ea58f799ee1a64020724e5cefb,axle_count_accuracy,1.0,fraction
cintron_ladder,S5_outage,rls,1,10.0,True,S5_outage__rls__seed1,a9fcc049f0f73db1ab44c7ca7ce4b41b05c1b293caabfeb3401f0bef2d75cce3,7cfed748c1a23fa8b895d925c453ff71b8171df9f5c670346fe7006efecf7439,76cc3775534774ea58f799ee1a64020724e5cefb,axle_count_accuracy,1.0,fraction
cintron_ladder,S5_outage,rls,2,10.0,True,S5_outage__rls__seed2,1510a2663b5f63da6b5b1385333b17c9beaafcd638df3bce3262b43d051f97e1,7cfed748c1a23fa8b895d925c453ff71b8171df9f5c670346fe7006efecf7439,76cc3775534774ea58f799ee1a64020724e5cefb,axle_count_accuracy,1.0,fraction
cintron_ladder,S5_outage,rls,3,10.0,True,S5_outage__rls__seed3,f84d5ae0ec8ad2f6df97000007a3d8ffecacea53aec887acf2f9adb90f328ec1,7cfed748c1a23fa8b895d925c453ff71b8171df9f5c670346fe7006efecf7439,76cc3775534774ea58f799ee1a64020724e5cefb,axle_count_accuracy,1.0,fraction
cintron_ladder,S5_outage,kalman,1,10.0,True,S5_outage__kalman__seed1,a9fcc049f0f73db1ab44c7ca7ce4b41b05c1b293caabfeb3401f0bef2d75cce3,6a7aa063ebf027f849ecd3e9c514f26b15cd0e81da553bdba217a4b021eaa2ce,76cc3775534774ea58f799ee1a64020724e5cefb,axle_count_accuracy,1.0,fraction
cintron_ladder,S5_outage,kalman,2,10.0,True,S5_outage__kalman__seed2,1510a2663b5f63da6b5b1385333b17c9beaafcd638df3bce3262b43d051f97e1,6a7aa063ebf027f849ecd3e9c514f26b15cd0e81da553bdba217a4b021eaa2ce,76cc3775534774ea58f799ee1a64020724e5cefb,axle_count_accuracy,1.0,fraction
cintron_ladder,S5_outage,kalman,3,10.0,True,S5_outage__kalman__seed3,f84d5ae0ec8ad2f6df97000007a3d8ffecacea53aec887acf2f9adb90f328ec1,6a7aa063ebf027f849ecd3e9c514f26b15cd0e81da553bdba217a4b021eaa2ce,76cc3775534774ea58f799ee1a64020724e5cefb,axle_count_accuracy,1.0,fraction
cintron_ladder,S6_combined,static_affine,1,10.0,True,S6_combined__static_affine__seed1,5d4f2a11ab7b925de02ef1d34875af815611f0d172cbf30a820f6e4a5db791f7,320c4e05e312df4a024a274474879a10d765f07f65ee3478b6ac1f7c31980d82,76cc3775534774ea58f799ee1a64020724e5cefb,axle_count_accuracy,0.9798443424466174,fraction
cintron_ladder,S6_combined,static_affine,2,10.0,True,S6_combined__static_affine__seed2,d01e5c41507ccd6868ea37a1d0993c222e5af61f3b79e1372f0aceb13bdbcf73,320c4e05e312df4a024a274474879a10d765f07f65ee3478b6ac1f7c31980d82,76cc3775534774ea58f799ee1a64020724e5cefb,axle_count_accuracy,0.9822939209128467,fraction
cintron_ladder,S6_combined,static_affine,3,10.0,True,S6_combined__static_affine__seed3,023a22c68d81022af0f29d6a4d407ec5521336f357a4e5f5fbb3be2ea33f3920,320c4e05e312df4a024a274474879a10d765f07f65ee3478b6ac1f7c31980d82,76cc3775534774ea58f799ee1a64020724e5cefb,axle_count_accuracy,0.9832049002173483,fraction
cintron_ladder,S6_combined,rls,1,10.0,True,S6_combined__rls__seed1,5d4f2a11ab7b925de02ef1d34875af815611f0d172cbf30a820f6e4a5db791f7,7cfed748c1a23fa8b895d925c453ff71b8171df9f5c670346fe7006efecf7439,76cc3775534774ea58f799ee1a64020724e5cefb,axle_count_accuracy,0.9798443424466174,fraction
cintron_ladder,S6_combined,rls,2,10.0,True,S6_combined__rls__seed2,d01e5c41507ccd6868ea37a1d0993c222e5af61f3b79e1372f0aceb13bdbcf73,7cfed748c1a23fa8b895d925c453ff71b8171df9f5c670346fe7006efecf7439,76cc3775534774ea58f799ee1a64020724e5cefb,axle_count_accuracy,0.9822939209128467,fraction
cintron_ladder,S6_combined,rls,3,10.0,True,S6_combined__rls__seed3,023a22c68d81022af0f29d6a4d407ec5521336f357a4e5f5fbb3be2ea33f3920,7cfed748c1a23fa8b895d925c453ff71b8171df9f5c670346fe7006efecf7439,76cc3775534774ea58f799ee1a64020724e5cefb,axle_count_accuracy,0.9832049002173483,fraction
cintron_ladder,S6_combined,kalman,1,10.0,True,S6_combined__kalman__seed1,5d4f2a11ab7b925de02ef1d34875af815611f0d172cbf30a820f6e4a5db791f7,6a7aa063ebf027f849ecd3e9c514f26b15cd0e81da553bdba217a4b021eaa2ce,76cc3775534774ea58f799ee1a64020724e5cefb,axle_count_accuracy,0.9798443424466174,fraction
cintron_ladder,S6_combined,kalman,2,10.0,True,S6_combined__kalman__seed2,d01e5c41507ccd6868ea37a1d0993c222e5af61f3b79e1372f0aceb13bdbcf73,6a7aa063ebf027f849ecd3e9c514f26b15cd0e81da553bdba217a4b021eaa2ce,76cc3775534774ea58f799ee1a64020724e5cefb,axle_count_accuracy,0.9822939209128467,fraction
cintron_ladder,S6_combined,kalman,3,10.0,True,S6_combined__kalman__seed3,023a22c68d81022af0f29d6a4d407ec5521336f357a4e5f5fbb3be2ea33f3920,6a7aa063ebf027f849ecd3e9c514f26b15cd0e81da553bdba217a4b021eaa2ce,76cc3775534774ea58f799ee1a64020724e5cefb,axle_count_accuracy,0.9832049002173483,fraction
cintron_ladder,S7_sparse_reference,static_affine,1,10.0,True,S7_sparse_reference__static_affine__seed1,398c721afafcfb355a753ac0cfd1ebcf65a21a6ef468740ce93012df90f00ec4,320c4e05e312df4a024a274474879a10d765f07f65ee3478b6ac1f7c31980d82,76cc3775534774ea58f799ee1a64020724e5cefb,axle_count_accuracy,1.0,fraction
cintron_ladder,S7_sparse_reference,static_affine,2,10.0,True,S7_sparse_reference__static_affine__seed2,1301d7f22942f2e6619dcc555486092a7c3c37061e6b225ed3f3da3b3ca3b132,320c4e05e312df4a024a274474879a10d765f07f65ee3478b6ac1f7c31980d82,76cc3775534774ea58f799ee1a64020724e5cefb,axle_count_accuracy,1.0,fraction
cintron_ladder,S7_sparse_reference,static_affine,3,10.0,True,S7_sparse_reference__static_affine__seed3,32e0738c82819c8cd4653a676dda0f9f67168b628ffc2846dce20179bf21a707,320c4e05e312df4a024a274474879a10d765f07f65ee3478b6ac1f7c31980d82,76cc3775534774ea58f799ee1a64020724e5cefb,axle_count_accuracy,1.0,fraction
cintron_ladder,S7_sparse_reference,rls,1,10.0,True,S7_sparse_reference__rls__seed1,398c721afafcfb355a753ac0cfd1ebcf65a21a6ef468740ce93012df90f00ec4,7cfed748c1a23fa8b895d925c453ff71b8171df9f5c670346fe7006efecf7439,76cc3775534774ea58f799ee1a64020724e5cefb,axle_count_accuracy,1.0,fraction
cintron_ladder,S7_sparse_reference,rls,2,10.0,True,S7_sparse_reference__rls__seed2,1301d7f22942f2e6619dcc555486092a7c3c37061e6b225ed3f3da3b3ca3b132,7cfed748c1a23fa8b895d925c453ff71b8171df9f5c670346fe7006efecf7439,76cc3775534774ea58f799ee1a64020724e5cefb,axle_count_accuracy,1.0,fraction
cintron_ladder,S7_sparse_reference,rls,3,10.0,True,S7_sparse_reference__rls__seed3,32e0738c82819c8cd4653a676dda0f9f67168b628ffc2846dce20179bf21a707,7cfed748c1a23fa8b895d925c453ff71b8171df9f5c670346fe7006efecf7439,76cc3775534774ea58f799ee1a64020724e5cefb,axle_count_accuracy,1.0,fraction
cintron_ladder,S7_sparse_reference,kalman,1,10.0,True,S7_sparse_reference__kalman__seed1,398c721afafcfb355a753ac0cfd1ebcf65a21a6ef468740ce93012df90f00ec4,6a7aa063ebf027f849ecd3e9c514f26b15cd0e81da553bdba217a4b021eaa2ce,76cc3775534774ea58f799ee1a64020724e5cefb,axle_count_accuracy,1.0,fraction
cintron_ladder,S7_sparse_reference,kalman,2,10.0,True,S7_sparse_reference__kalman__seed2,1301d7f22942f2e6619dcc555486092a7c3c37061e6b225ed3f3da3b3ca3b132,6a7aa063ebf027f849ecd3e9c514f26b15cd0e81da553bdba217a4b021eaa2ce,76cc3775534774ea58f799ee1a64020724e5cefb,axle_count_accuracy,1.0,fraction
cintron_ladder,S7_sparse_reference,kalman,3,10.0,True,S7_sparse_reference__kalman__seed3,32e0738c82819c8cd4653a676dda0f9f67168b628ffc2846dce20179bf21a707,6a7aa063ebf027f849ecd3e9c514f26b15cd0e81da553bdba217a4b021eaa2ce,76cc3775534774ea58f799ee1a64020724e5cefb,axle_count_accuracy,1.0,fraction
cintron_ladder,S1_nominal,static_affine,1,10.0,True,S1_nominal__static_affine__seed1,2a7e164a7e04cfa5ac607c92ecf3c4a53c40e90964e7a047230c36cd233b8751,320c4e05e312df4a024a274474879a10d765f07f65ee3478b6ac1f7c31980d82,76cc3775534774ea58f799ee1a64020724e5cefb,reconverge_s,,s
cintron_ladder,S1_nominal,static_affine,2,10.0,True,S1_nominal__static_affine__seed2,fa2ca240ac17605f28e43b1573d61379f65c20aab226bb0fcf8af13e416712a1,320c4e05e312df4a024a274474879a10d765f07f65ee3478b6ac1f7c31980d82,76cc3775534774ea58f799ee1a64020724e5cefb,reconverge_s,,s
cintron_ladder,S1_nominal,static_affine,3,10.0,True,S1_nominal__static_affine__seed3,e2bb79b9efe0975489e6c62e2c85ebeea90bcc05eddf00c5e3397cde3d2a9805,320c4e05e312df4a024a274474879a10d765f07f65ee3478b6ac1f7c31980d82,76cc3775534774ea58f799ee1a64020724e5cefb,reconverge_s,,s
cintron_ladder,S1_nominal,rls,1,10.0,True,S1_nominal__rls__seed1,2a7e164a7e04cfa5ac607c92ecf3c4a53c40e90964e7a047230c36cd233b8751,7cfed748c1a23fa8b895d925c453ff71b8171df9f5c670346fe7006efecf7439,76cc3775534774ea58f799ee1a64020724e5cefb,reconverge_s,,s
cintron_ladder,S1_nominal,rls,2,10.0,True,S1_nominal__rls__seed2,fa2ca240ac17605f28e43b1573d61379f65c20aab226bb0fcf8af13e416712a1,7cfed748c1a23fa8b895d925c453ff71b8171df9f5c670346fe7006efecf7439,76cc3775534774ea58f799ee1a64020724e5cefb,reconverge_s,,s
cintron_ladder,S1_nominal,rls,3,10.0,True,S1_nominal__rls__seed3,e2bb79b9efe0975489e6c62e2c85ebeea90bcc05eddf00c5e3397cde3d2a9805,7cfed748c1a23fa8b895d925c453ff71b8171df9f5c670346fe7006efecf7439,76cc3775534774ea58f799ee1a64020724e5cefb,reconverge_s,,s
cintron_ladder,S1_nominal,kalman,1,10.0,True,S1_nominal__kalman__seed1,2a7e164a7e04cfa5ac607c92ecf3c4a53c40e90964e7a047230c36cd233b8751,6a7aa063ebf027f849ecd3e9c514f26b15cd0e81da553bdba217a4b021eaa2ce,76cc3775534774ea58f799ee1a64020724e5cefb,reconverge_s,,s
cintron_ladder,S1_nominal,kalman,2,10.0,True,S1_nominal__kalman__seed2,fa2ca240ac17605f28e43b1573d61379f65c20aab226bb0fcf8af13e416712a1,6a7aa063ebf027f849ecd3e9c514f26b15cd0e81da553bdba217a4b021eaa2ce,76cc3775534774ea58f799ee1a64020724e5cefb,reconverge_s,,s
cintron_ladder,S1_nominal,kalman,3,10.0,True,S1_nominal__kalman__seed3,e2bb79b9efe0975489e6c62e2c85ebeea90bcc05eddf00c5e3397cde3d2a9805,6a7aa063ebf027f849ecd3e9c514f26b15cd0e81da553bdba217a4b021eaa2ce,76cc3775534774ea58f799ee1a64020724e5cefb,reconverge_s,,s
cintron_ladder,S2_thermal_cycle,static_affine,1,10.0,True,S2_thermal_cycle__static_affine__seed1,f5077dc87411ed3b1d5de66609f9ade74b2b190d2ee2584a79de6dbb70344dee,320c4e05e312df4a024a274474879a10d765f07f65ee3478b6ac1f7c31980d82,76cc3775534774ea58f799ee1a64020724e5cefb,reconverge_s,,s
cintron_ladder,S2_thermal_cycle,static_affine,2,10.0,True,S2_thermal_cycle__static_affine__seed2,464a9ded5d97e5522353c10b5f4e7d6fb82021b240fd00240425a619b73a60c1,320c4e05e312df4a024a274474879a10d765f07f65ee3478b6ac1f7c31980d82,76cc3775534774ea58f799ee1a64020724e5cefb,reconverge_s,,s
cintron_ladder,S2_thermal_cycle,static_affine,3,10.0,True,S2_thermal_cycle__static_affine__seed3,9f3ded4a30a0049ceb88c4dd85f0059c2f7ecb82b310ae3424cc48f8b5e42da5,320c4e05e312df4a024a274474879a10d765f07f65ee3478b6ac1f7c31980d82,76cc3775534774ea58f799ee1a64020724e5cefb,reconverge_s,,s
cintron_ladder,S2_thermal_cycle,rls,1,10.0,True,S2_thermal_cycle__rls__seed1,f5077dc87411ed3b1d5de66609f9ade74b2b190d2ee2584a79de6dbb70344dee,7cfed748c1a23fa8b895d925c453ff71b8171df9f5c670346fe7006efecf7439,76cc3775534774ea58f799ee1a64020724e5cefb,reconverge_s,,s
cintron_ladder,S2_thermal_cycle,rls,2,10.0,True,S2_thermal_cycle__rls__seed2,464a9ded5d97e5522353c10b5f4e7d6fb82021b240fd00240425a619b73a60c1,7cfed748c1a23fa8b895d925c453ff71b8171df9f5c670346fe7006efecf7439,76cc3775534774ea58f799ee1a64020724e5cefb,reconverge_s,,s
cintron_ladder,S2_thermal_cycle,rls,3,10.0,True,S2_thermal_cycle__rls__seed3,9f3ded4a30a0049ceb88c4dd85f0059c2f7ecb82b310ae3424cc48f8b5e42da5,7cfed748c1a23fa8b895d925c453ff71b8171df9f5c670346fe7006efecf7439,76cc3775534774ea58f799ee1a64020724e5cefb,reconverge_s,,s
cintron_ladder,S2_thermal_cycle,kalman,1,10.0,True,S2_thermal_cycle__kalman__seed1,f5077dc87411ed3b1d5de66609f9ade74b2b190d2ee2584a79de6dbb70344dee,6a7aa063ebf027f849ecd3e9c514f26b15cd0e81da553bdba217a4b021eaa2ce,76cc3775534774ea58f799ee1a64020724e5cefb,reconverge_s,,s
cintron_ladder,S2_thermal_cycle,kalman,2,10.0,True,S2_thermal_cycle__kalman__seed2,464a9ded5d97e5522353c10b5f4e7d6fb82021b240fd00240425a619b73a60c1,6a7aa063ebf027f849ecd3e9c514f26b15cd0e81da553bdba217a4b021eaa2ce,76cc3775534774ea58f799ee1a64020724e5cefb,reconverge_s,,s
cintron_ladder,S2_thermal_cycle,kalman,3,10.0,True,S2_thermal_cycle__kalman__seed3,9f3ded4a30a0049ceb88c4dd85f0059c2f7ecb82b310ae3424cc48f8b5e42da5,6a7aa063ebf027f849ecd3e9c514f26b15cd0e81da553bdba217a4b021eaa2ce,76cc3775534774ea58f799ee1a64020724e5cefb,reconverge_s,,s
cintron_ladder,S3_zero_drift_walk,static_affine,1,10.0,True,S3_zero_drift_walk__static_affine__seed1,e7b981f1a695ead56faf9a26e3ac56f7cf242bda6227b5aabd270e829bc92da5,320c4e05e312df4a024a274474879a10d765f07f65ee3478b6ac1f7c31980d82,76cc3775534774ea58f799ee1a64020724e5cefb,reconverge_s,,s
cintron_ladder,S3_zero_drift_walk,static_affine,2,10.0,True,S3_zero_drift_walk__static_affine__seed2,8aaeb0ed7c28c2b0ee4c567f78a99e1728b00afc703637facbb86bff31b40b49,320c4e05e312df4a024a274474879a10d765f07f65ee3478b6ac1f7c31980d82,76cc3775534774ea58f799ee1a64020724e5cefb,reconverge_s,,s
cintron_ladder,S3_zero_drift_walk,static_affine,3,10.0,True,S3_zero_drift_walk__static_affine__seed3,b63f96c73e8c77b630930fed7883f11ae94db4991b7977259a58ca8a4af785b0,320c4e05e312df4a024a274474879a10d765f07f65ee3478b6ac1f7c31980d82,76cc3775534774ea58f799ee1a64020724e5cefb,reconverge_s,,s
cintron_ladder,S3_zero_drift_walk,rls,1,10.0,True,S3_zero_drift_walk__rls__seed1,e7b981f1a695ead56faf9a26e3ac56f7cf242bda6227b5aabd270e829bc92da5,7cfed748c1a23fa8b895d925c453ff71b8171df9f5c670346fe7006efecf7439,76cc3775534774ea58f799ee1a64020724e5cefb,reconverge_s,,s
cintron_ladder,S3_zero_drift_walk,rls,2,10.0,True,S3_zero_drift_walk__rls__seed2,8aaeb0ed7c28c2b0ee4c567f78a99e1728b00afc703637facbb86bff31b40b49,7cfed748c1a23fa8b895d925c453ff71b8171df9f5c670346fe7006efecf7439,76cc3775534774ea58f799ee1a64020724e5cefb,reconverge_s,,s
cintron_ladder,S3_zero_drift_walk,rls,3,10.0,True,S3_zero_drift_walk__rls__seed3,b63f96c73e8c77b630930fed7883f11ae94db4991b7977259a58ca8a4af785b0,7cfed748c1a23fa8b895d925c453ff71b8171df9f5c670346fe7006efecf7439,76cc3775534774ea58f799ee1a64020724e5cefb,reconverge_s,,s
cintron_ladder,S3_zero_drift_walk,kalman,1,10.0,True,S3_zero_drift_walk__kalman__seed1,e7b981f1a695ead56faf9a26e3ac56f7cf242bda6227b5aabd270e829bc92da5,6a7aa063ebf027f849ecd3e9c514f26b15cd0e81da553bdba217a4b021eaa2ce,76cc3775534774ea58f799ee1a64020724e5cefb,reconverge_s,,s
cintron_ladder,S3_zero_drift_walk,kalman,2,10.0,True,S3_zero_drift_walk__kalman__seed2,8aaeb0ed7c28c2b0ee4c567f78a99e1728b00afc703637facbb86bff31b40b49,6a7aa063ebf027f849ecd3e9c514f26b15cd0e81da553bdba217a4b021eaa2ce,76cc3775534774ea58f799ee1a64020724e5cefb,reconverge_s,,s
cintron_ladder,S3_zero_drift_walk,kalman,3,10.0,True,S3_zero_drift_walk__kalman__seed3,b63f96c73e8c77b630930fed7883f11ae94db4991b7977259a58ca8a4af785b0,6a7aa063ebf027f849ecd3e9c514f26b15cd0e81da553bdba217a4b021eaa2ce,76cc3775534774ea58f799ee1a64020724e5cefb,reconverge_s,,s
cintron_ladder,S4_step_fault,static_affine,1,10.0,True,S4_step_fault__static_affine__seed1,2ddd431c649ca2b8ec1dd1fa3d1be7053e06b556b429fda303db43e771c49b4d,320c4e05e312df4a024a274474879a10d765f07f65ee3478b6ac1f7c31980d82,76cc3775534774ea58f799ee1a64020724e5cefb,reconverge_s,9057.352496,s
cintron_ladder,S4_step_fault,static_affine,2,10.0,True,S4_step_fault__static_affine__seed2,1319c874fdf7655f120c5fbb53cc4c8398e4675d47673de0fd98005d630b52b1,320c4e05e312df4a024a274474879a10d765f07f65ee3478b6ac1f7c31980d82,76cc3775534774ea58f799ee1a64020724e5cefb,reconverge_s,11846.38384,s
cintron_ladder,S4_step_fault,static_affine,3,10.0,True,S4_step_fault__static_affine__seed3,135fc15f1c43d85f0045c59ffbd10841f2a3be848d4153fded5d6a5d6a4e34a0,320c4e05e312df4a024a274474879a10d765f07f65ee3478b6ac1f7c31980d82,76cc3775534774ea58f799ee1a64020724e5cefb,reconverge_s,1957.326719,s
cintron_ladder,S4_step_fault,rls,1,10.0,True,S4_step_fault__rls__seed1,2ddd431c649ca2b8ec1dd1fa3d1be7053e06b556b429fda303db43e771c49b4d,7cfed748c1a23fa8b895d925c453ff71b8171df9f5c670346fe7006efecf7439,76cc3775534774ea58f799ee1a64020724e5cefb,reconverge_s,6208.54681,s
cintron_ladder,S4_step_fault,rls,2,10.0,True,S4_step_fault__rls__seed2,1319c874fdf7655f120c5fbb53cc4c8398e4675d47673de0fd98005d630b52b1,7cfed748c1a23fa8b895d925c453ff71b8171df9f5c670346fe7006efecf7439,76cc3775534774ea58f799ee1a64020724e5cefb,reconverge_s,8947.318966,s
cintron_ladder,S4_step_fault,rls,3,10.0,True,S4_step_fault__rls__seed3,135fc15f1c43d85f0045c59ffbd10841f2a3be848d4153fded5d6a5d6a4e34a0,7cfed748c1a23fa8b895d925c453ff71b8171df9f5c670346fe7006efecf7439,76cc3775534774ea58f799ee1a64020724e5cefb,reconverge_s,1892.956417,s
cintron_ladder,S4_step_fault,kalman,1,10.0,True,S4_step_fault__kalman__seed1,2ddd431c649ca2b8ec1dd1fa3d1be7053e06b556b429fda303db43e771c49b4d,6a7aa063ebf027f849ecd3e9c514f26b15cd0e81da553bdba217a4b021eaa2ce,76cc3775534774ea58f799ee1a64020724e5cefb,reconverge_s,22564.112469,s
cintron_ladder,S4_step_fault,kalman,2,10.0,True,S4_step_fault__kalman__seed2,1319c874fdf7655f120c5fbb53cc4c8398e4675d47673de0fd98005d630b52b1,6a7aa063ebf027f849ecd3e9c514f26b15cd0e81da553bdba217a4b021eaa2ce,76cc3775534774ea58f799ee1a64020724e5cefb,reconverge_s,5479.019504,s
cintron_ladder,S4_step_fault,kalman,3,10.0,True,S4_step_fault__kalman__seed3,135fc15f1c43d85f0045c59ffbd10841f2a3be848d4153fded5d6a5d6a4e34a0,6a7aa063ebf027f849ecd3e9c514f26b15cd0e81da553bdba217a4b021eaa2ce,76cc3775534774ea58f799ee1a64020724e5cefb,reconverge_s,1859.496451,s
cintron_ladder,S5_outage,static_affine,1,10.0,True,S5_outage__static_affine__seed1,a9fcc049f0f73db1ab44c7ca7ce4b41b05c1b293caabfeb3401f0bef2d75cce3,320c4e05e312df4a024a274474879a10d765f07f65ee3478b6ac1f7c31980d82,76cc3775534774ea58f799ee1a64020724e5cefb,reconverge_s,,s
cintron_ladder,S5_outage,static_affine,2,10.0,True,S5_outage__static_affine__seed2,1510a2663b5f63da6b5b1385333b17c9beaafcd638df3bce3262b43d051f97e1,320c4e05e312df4a024a274474879a10d765f07f65ee3478b6ac1f7c31980d82,76cc3775534774ea58f799ee1a64020724e5cefb,reconverge_s,,s
cintron_ladder,S5_outage,static_affine,3,10.0,True,S5_outage__static_affine__seed3,f84d5ae0ec8ad2f6df97000007a3d8ffecacea53aec887acf2f9adb90f328ec1,320c4e05e312df4a024a274474879a10d765f07f65ee3478b6ac1f7c31980d82,76cc3775534774ea58f799ee1a64020724e5cefb,reconverge_s,,s
cintron_ladder,S5_outage,rls,1,10.0,True,S5_outage__rls__seed1,a9fcc049f0f73db1ab44c7ca7ce4b41b05c1b293caabfeb3401f0bef2d75cce3,7cfed748c1a23fa8b895d925c453ff71b8171df9f5c670346fe7006efecf7439,76cc3775534774ea58f799ee1a64020724e5cefb,reconverge_s,,s
cintron_ladder,S5_outage,rls,2,10.0,True,S5_outage__rls__seed2,1510a2663b5f63da6b5b1385333b17c9beaafcd638df3bce3262b43d051f97e1,7cfed748c1a23fa8b895d925c453ff71b8171df9f5c670346fe7006efecf7439,76cc3775534774ea58f799ee1a64020724e5cefb,reconverge_s,,s
cintron_ladder,S5_outage,rls,3,10.0,True,S5_outage__rls__seed3,f84d5ae0ec8ad2f6df97000007a3d8ffecacea53aec887acf2f9adb90f328ec1,7cfed748c1a23fa8b895d925c453ff71b8171df9f5c670346fe7006efecf7439,76cc3775534774ea58f799ee1a64020724e5cefb,reconverge_s,,s
cintron_ladder,S5_outage,kalman,1,10.0,True,S5_outage__kalman__seed1,a9fcc049f0f73db1ab44c7ca7ce4b41b05c1b293caabfeb3401f0bef2d75cce3,6a7aa063ebf027f849ecd3e9c514f26b15cd0e81da553bdba217a4b021eaa2ce,76cc3775534774ea58f799ee1a64020724e5cefb,reconverge_s,,s
cintron_ladder,S5_outage,kalman,2,10.0,True,S5_outage__kalman__seed2,1510a2663b5f63da6b5b1385333b17c9beaafcd638df3bce3262b43d051f97e1,6a7aa063ebf027f849ecd3e9c514f26b15cd0e81da553bdba217a4b021eaa2ce,76cc3775534774ea58f799ee1a64020724e5cefb,reconverge_s,,s
cintron_ladder,S5_outage,kalman,3,10.0,True,S5_outage__kalman__seed3,f84d5ae0ec8ad2f6df97000007a3d8ffecacea53aec887acf2f9adb90f328ec1,6a7aa063ebf027f849ecd3e9c514f26b15cd0e81da553bdba217a4b021eaa2ce,76cc3775534774ea58f799ee1a64020724e5cefb,reconverge_s,,s
cintron_ladder,S6_combined,static_affine,1,10.0,True,S6_combined__static_affine__seed1,5d4f2a11ab7b925de02ef1d34875af815611f0d172cbf30a820f6e4a5db791f7,320c4e05e312df4a024a274474879a10d765f07f65ee3478b6ac1f7c31980d82,76cc3775534774ea58f799ee1a64020724e5cefb,reconverge_s,16505.64368,s
cintron_ladder,S6_combined,static_affine,2,10.0,True,S6_combined__static_affine__seed2,d01e5c41507ccd6868ea37a1d0993c222e5af61f3b79e1372f0aceb13bdbcf73,320c4e05e312df4a024a274474879a10d765f07f65ee3478b6ac1f7c31980d82,76cc3775534774ea58f799ee1a64020724e5cefb,reconverge_s,12812.795024,s
cintron_ladder,S6_combined,static_affine,3,10.0,True,S6_combined__static_affine__seed3,023a22c68d81022af0f29d6a4d407ec5521336f357a4e5f5fbb3be2ea33f3920,320c4e05e312df4a024a274474879a10d765f07f65ee3478b6ac1f7c31980d82,76cc3775534774ea58f799ee1a64020724e5cefb,reconverge_s,17957.881055,s
cintron_ladder,S6_combined,rls,1,10.0,True,S6_combined__rls__seed1,5d4f2a11ab7b925de02ef1d34875af815611f0d172cbf30a820f6e4a5db791f7,7cfed748c1a23fa8b895d925c453ff71b8171df9f5c670346fe7006efecf7439,76cc3775534774ea58f799ee1a64020724e5cefb,reconverge_s,7605.081331,s
cintron_ladder,S6_combined,rls,2,10.0,True,S6_combined__rls__seed2,d01e5c41507ccd6868ea37a1d0993c222e5af61f3b79e1372f0aceb13bdbcf73,7cfed748c1a23fa8b895d925c453ff71b8171df9f5c670346fe7006efecf7439,76cc3775534774ea58f799ee1a64020724e5cefb,reconverge_s,6452.862358,s
cintron_ladder,S6_combined,rls,3,10.0,True,S6_combined__rls__seed3,023a22c68d81022af0f29d6a4d407ec5521336f357a4e5f5fbb3be2ea33f3920,7cfed748c1a23fa8b895d925c453ff71b8171df9f5c670346fe7006efecf7439,76cc3775534774ea58f799ee1a64020724e5cefb,reconverge_s,7900.12588,s
cintron_ladder,S6_combined,kalman,1,10.0,True,S6_combined__kalman__seed1,5d4f2a11ab7b925de02ef1d34875af815611f0d172cbf30a820f6e4a5db791f7,6a7aa063ebf027f849ecd3e9c514f26b15cd0e81da553bdba217a4b021eaa2ce,76cc3775534774ea58f799ee1a64020724e5cefb,reconverge_s,14060.680537,s
cintron_ladder,S6_combined,kalman,2,10.0,True,S6_combined__kalman__seed2,d01e5c41507ccd6868ea37a1d0993c222e5af61f3b79e1372f0aceb13bdbcf73,6a7aa063ebf027f849ecd3e9c514f26b15cd0e81da553bdba217a4b021eaa2ce,76cc3775534774ea58f799ee1a64020724e5cefb,reconverge_s,6021.192268,s
cintron_ladder,S6_combined,kalman,3,10.0,True,S6_combined__kalman__seed3,023a22c68d81022af0f29d6a4d407ec5521336f357a4e5f5fbb3be2ea33f3920,6a7aa063ebf027f849ecd3e9c514f26b15cd0e81da553bdba217a4b021eaa2ce,76cc3775534774ea58f799ee1a64020724e5cefb,reconverge_s,3982.231469,s
cintron_ladder,S7_sparse_reference,static_affine,1,10.0,True,S7_sparse_reference__static_affine__seed1,398c721afafcfb355a753ac0cfd1ebcf65a21a6ef468740ce93012df90f00ec4,320c4e05e312df4a024a274474879a10d765f07f65ee3478b6ac1f7c31980d82,76cc3775534774ea58f799ee1a64020724e5cefb,reconverge_s,6564.480557,s
cintron_ladder,S7_sparse_reference,static_affine,2,10.0,True,S7_sparse_reference__static_affine__seed2,1301d7f22942f2e6619dcc555486092a7c3c37061e6b225ed3f3da3b3ca3b132,320c4e05e312df4a024a274474879a10d765f07f65ee3478b6ac1f7c31980d82,76cc3775534774ea58f799ee1a64020724e5cefb,reconverge_s,7813.67051,s
cintron_ladder,S7_sparse_reference,static_affine,3,10.0,True,S7_sparse_reference__static_affine__seed3,32e0738c82819c8cd4653a676dda0f9f67168b628ffc2846dce20179bf21a707,320c4e05e312df4a024a274474879a10d765f07f65ee3478b6ac1f7c31980d82,76cc3775534774ea58f799ee1a64020724e5cefb,reconverge_s,11729.201321,s
cintron_ladder,S7_sparse_reference,rls,1,10.0,True,S7_sparse_reference__rls__seed1,398c721afafcfb355a753ac0cfd1ebcf65a21a6ef468740ce93012df90f00ec4,7cfed748c1a23fa8b895d925c453ff71b8171df9f5c670346fe7006efecf7439,76cc3775534774ea58f799ee1a64020724e5cefb,reconverge_s,,s
cintron_ladder,S7_sparse_reference,rls,2,10.0,True,S7_sparse_reference__rls__seed2,1301d7f22942f2e6619dcc555486092a7c3c37061e6b225ed3f3da3b3ca3b132,7cfed748c1a23fa8b895d925c453ff71b8171df9f5c670346fe7006efecf7439,76cc3775534774ea58f799ee1a64020724e5cefb,reconverge_s,7272.733334,s
cintron_ladder,S7_sparse_reference,rls,3,10.0,True,S7_sparse_reference__rls__seed3,32e0738c82819c8cd4653a676dda0f9f67168b628ffc2846dce20179bf21a707,7cfed748c1a23fa8b895d925c453ff71b8171df9f5c670346fe7006efecf7439,76cc3775534774ea58f799ee1a64020724e5cefb,reconverge_s,3018.983895,s
cintron_ladder,S7_sparse_reference,kalman,1,10.0,True,S7_sparse_reference__kalman__seed1,398c721afafcfb355a753ac0cfd1ebcf65a21a6ef468740ce93012df90f00ec4,6a7aa063ebf027f849ecd3e9c514f26b15cd0e81da553bdba217a4b021eaa2ce,76cc3775534774ea58f799ee1a64020724e5cefb,reconverge_s,18065.806108,s
cintron_ladder,S7_sparse_reference,kalman,2,10.0,True,S7_sparse_reference__kalman__seed2,1301d7f22942f2e6619dcc555486092a7c3c37061e6b225ed3f3da3b3ca3b132,6a7aa063ebf027f849ecd3e9c514f26b15cd0e81da553bdba217a4b021eaa2ce,76cc3775534774ea58f799ee1a64020724e5cefb,reconverge_s,,s
cintron_ladder,S7_sparse_reference,kalman,3,10.0,True,S7_sparse_reference__kalman__seed3,32e0738c82819c8cd4653a676dda0f9f67168b628ffc2846dce20179bf21a707,6a7aa063ebf027f849ecd3e9c514f26b15cd0e81da553bdba217a4b021eaa2ce,76cc3775534774ea58f799ee1a64020724e5cefb,reconverge_s,,s
cintron_ladder,S1_nominal,static_affine,1,10.0,True,S1_nominal__static_affine__seed1,2a7e164a7e04cfa5ac607c92ecf3c4a53c40e90964e7a047230c36cd233b8751,320c4e05e312df4a024a274474879a10d765f07f65ee3478b6ac1f7c31980d82,76cc3775534774ea58f799ee1a64020724e5cefb,mean_detection_delay_s,,s
cintron_ladder,S1_nominal,static_affine,2,10.0,True,S1_nominal__static_affine__seed2,fa2ca240ac17605f28e43b1573d61379f65c20aab226bb0fcf8af13e416712a1,320c4e05e312df4a024a274474879a10d765f07f65ee3478b6ac1f7c31980d82,76cc3775534774ea58f799ee1a64020724e5cefb,mean_detection_delay_s,,s
cintron_ladder,S1_nominal,static_affine,3,10.0,True,S1_nominal__static_affine__seed3,e2bb79b9efe0975489e6c62e2c85ebeea90bcc05eddf00c5e3397cde3d2a9805,320c4e05e312df4a024a274474879a10d765f07f65ee3478b6ac1f7c31980d82,76cc3775534774ea58f799ee1a64020724e5cefb,mean_detection_delay_s,,s
cintron_ladder,S1_nominal,rls,1,10.0,True,S1_nominal__rls__seed1,2a7e164a7e04cfa5ac607c92ecf3c4a53c40e90964e7a047230c36cd233b8751,7cfed748c1a23fa8b895d925c453ff71b8171df9f5c670346fe7006efecf7439,76cc3775534774ea58f799ee1a64020724e5cefb,mean_detection_delay_s,,s
cintron_ladder,S1_nominal,rls,2,10.0,True,S1_nominal__rls__seed2,fa2ca240ac17605f28e43b1573d61379f65c20aab226bb0fcf8af13e416712a1,7cfed748c1a23fa8b895d925c453ff71b8171df9f5c670346fe7006efecf7439,76cc3775534774ea58f799ee1a64020724e5cefb,mean_detection_delay_s,,s
cintron_ladder,S1_nominal,rls,3,10.0,True,S1_nominal__rls__seed3,e2bb79b9efe0975489e6c62e2c85ebeea90bcc05eddf00c5e3397cde3d2a9805,7cfed748c1a23fa8b895d925c453ff71b8171df9f5c670346fe7006efecf7439,76cc3775534774ea58f799ee1a64020724e5cefb,mean_detection_delay_s,,s
cintron_ladder,S1_nominal,kalman,1,10.0,True,S1_nominal__kalman__seed1,2a7e164a7e04cfa5ac607c92ecf3c4a53c40e90964e7a047230c36cd233b8751,6a7aa063ebf027f849ecd3e9c514f26b15cd0e81da553bdba217a4b021eaa2ce,76cc3775534774ea58f799ee1a64020724e5cefb,mean_detection_delay_s,,s
cintron_ladder,S1_nominal,kalman,2,10.0,True,S1_nominal__kalman__seed2,fa2ca240ac17605f28e43b1573d61379f65c20aab226bb0fcf8af13e416712a1,6a7aa063ebf027f849ecd3e9c514f26b15cd0e81da553bdba217a4b021eaa2ce,76cc3775534774ea58f799ee1a64020724e5cefb,mean_detection_delay_s,,s
cintron_ladder,S1_nominal,kalman,3,10.0,True,S1_nominal__kalman__seed3,e2bb79b9efe0975489e6c62e2c85ebeea90bcc05eddf00c5e3397cde3d2a9805,6a7aa063ebf027f849ecd3e9c514f26b15cd0e81da553bdba217a4b021eaa2ce,76cc3775534774ea58f799ee1a64020724e5cefb,mean_detection_delay_s,,s
cintron_ladder,S2_thermal_cycle,static_affine,1,10.0,True,S2_thermal_cycle__static_affine__seed1,f5077dc87411ed3b1d5de66609f9ade74b2b190d2ee2584a79de6dbb70344dee,320c4e05e312df4a024a274474879a10d765f07f65ee3478b6ac1f7c31980d82,76cc3775534774ea58f799ee1a64020724e5cefb,mean_detection_delay_s,,s
cintron_ladder,S2_thermal_cycle,static_affine,2,10.0,True,S2_thermal_cycle__static_affine__seed2,464a9ded5d97e5522353c10b5f4e7d6fb82021b240fd00240425a619b73a60c1,320c4e05e312df4a024a274474879a10d765f07f65ee3478b6ac1f7c31980d82,76cc3775534774ea58f799ee1a64020724e5cefb,mean_detection_delay_s,,s
cintron_ladder,S2_thermal_cycle,static_affine,3,10.0,True,S2_thermal_cycle__static_affine__seed3,9f3ded4a30a0049ceb88c4dd85f0059c2f7ecb82b310ae3424cc48f8b5e42da5,320c4e05e312df4a024a274474879a10d765f07f65ee3478b6ac1f7c31980d82,76cc3775534774ea58f799ee1a64020724e5cefb,mean_detection_delay_s,,s
cintron_ladder,S2_thermal_cycle,rls,1,10.0,True,S2_thermal_cycle__rls__seed1,f5077dc87411ed3b1d5de66609f9ade74b2b190d2ee2584a79de6dbb70344dee,7cfed748c1a23fa8b895d925c453ff71b8171df9f5c670346fe7006efecf7439,76cc3775534774ea58f799ee1a64020724e5cefb,mean_detection_delay_s,,s
cintron_ladder,S2_thermal_cycle,rls,2,10.0,True,S2_thermal_cycle__rls__seed2,464a9ded5d97e5522353c10b5f4e7d6fb82021b240fd00240425a619b73a60c1,7cfed748c1a23fa8b895d925c453ff71b8171df9f5c670346fe7006efecf7439,76cc3775534774ea58f799ee1a64020724e5cefb,mean_detection_delay_s,,s
cintron_ladder,S2_thermal_cycle,rls,3,10.0,True,S2_thermal_cycle__rls__seed3,9f3ded4a30a0049ceb88c4dd85f0059c2f7ecb82b310ae3424cc48f8b5e42da5,7cfed748c1a23fa8b895d925c453ff71b8171df9f5c670346fe7006efecf7439,76cc3775534774ea58f799ee1a64020724e5cefb,mean_detection_delay_s,,s
cintron_ladder,S2_thermal_cycle,kalman,1,10.0,True,S2_thermal_cycle__kalman__seed1,f5077dc87411ed3b1d5de66609f9ade74b2b190d2ee2584a79de6dbb70344dee,6a7aa063ebf027f849ecd3e9c514f26b15cd0e81da553bdba217a4b021eaa2ce,76cc3775534774ea58f799ee1a64020724e5cefb,mean_detection_delay_s,,s
cintron_ladder,S2_thermal_cycle,kalman,2,10.0,True,S2_thermal_cycle__kalman__seed2,464a9ded5d97e5522353c10b5f4e7d6fb82021b240fd00240425a619b73a60c1,6a7aa063ebf027f849ecd3e9c514f26b15cd0e81da553bdba217a4b021eaa2ce,76cc3775534774ea58f799ee1a64020724e5cefb,mean_detection_delay_s,,s
cintron_ladder,S2_thermal_cycle,kalman,3,10.0,True,S2_thermal_cycle__kalman__seed3,9f3ded4a30a0049ceb88c4dd85f0059c2f7ecb82b310ae3424cc48f8b5e42da5,6a7aa063ebf027f849ecd3e9c514f26b15cd0e81da553bdba217a4b021eaa2ce,76cc3775534774ea58f799ee1a64020724e5cefb,mean_detection_delay_s,,s
cintron_ladder,S3_zero_drift_walk,static_affine,1,10.0,True,S3_zero_drift_walk__static_affine__seed1,e7b981f1a695ead56faf9a26e3ac56f7cf242bda6227b5aabd270e829bc92da5,320c4e05e312df4a024a274474879a10d765f07f65ee3478b6ac1f7c31980d82,76cc3775534774ea58f799ee1a64020724e5cefb,mean_detection_delay_s,,s
cintron_ladder,S3_zero_drift_walk,static_affine,2,10.0,True,S3_zero_drift_walk__static_affine__seed2,8aaeb0ed7c28c2b0ee4c567f78a99e1728b00afc703637facbb86bff31b40b49,320c4e05e312df4a024a274474879a10d765f07f65ee3478b6ac1f7c31980d82,76cc3775534774ea58f799ee1a64020724e5cefb,mean_detection_delay_s,,s
cintron_ladder,S3_zero_drift_walk,static_affine,3,10.0,True,S3_zero_drift_walk__static_affine__seed3,b63f96c73e8c77b630930fed7883f11ae94db4991b7977259a58ca8a4af785b0,320c4e05e312df4a024a274474879a10d765f07f65ee3478b6ac1f7c31980d82,76cc3775534774ea58f799ee1a64020724e5cefb,mean_detection_delay_s,,s
cintron_ladder,S3_zero_drift_walk,rls,1,10.0,True,S3_zero_drift_walk__rls__seed1,e7b981f1a695ead56faf9a26e3ac56f7cf242bda6227b5aabd270e829bc92da5,7cfed748c1a23fa8b895d925c453ff71b8171df9f5c670346fe7006efecf7439,76cc3775534774ea58f799ee1a64020724e5cefb,mean_detection_delay_s,,s
cintron_ladder,S3_zero_drift_walk,rls,2,10.0,True,S3_zero_drift_walk__rls__seed2,8aaeb0ed7c28c2b0ee4c567f78a99e1728b00afc703637facbb86bff31b40b49,7cfed748c1a23fa8b895d925c453ff71b8171df9f5c670346fe7006efecf7439,76cc3775534774ea58f799ee1a64020724e5cefb,mean_detection_delay_s,,s
cintron_ladder,S3_zero_drift_walk,rls,3,10.0,True,S3_zero_drift_walk__rls__seed3,b63f96c73e8c77b630930fed7883f11ae94db4991b7977259a58ca8a4af785b0,7cfed748c1a23fa8b895d925c453ff71b8171df9f5c670346fe7006efecf7439,76cc3775534774ea58f799ee1a64020724e5cefb,mean_detection_delay_s,,s
cintron_ladder,S3_zero_drift_walk,kalman,1,10.0,True,S3_zero_drift_walk__kalman__seed1,e7b981f1a695ead56faf9a26e3ac56f7cf242bda6227b5aabd270e829bc92da5,6a7aa063ebf027f849ecd3e9c514f26b15cd0e81da553bdba217a4b021eaa2ce,76cc3775534774ea58f799ee1a64020724e5cefb,mean_detection_delay_s,,s
cintron_ladder,S3_zero_drift_walk,kalman,2,10.0,True,S3_zero_drift_walk__kalman__seed2,8aaeb0ed7c28c2b0ee4c567f78a99e1728b00afc703637facbb86bff31b40b49,6a7aa063ebf027f849ecd3e9c514f26b15cd0e81da553bdba217a4b021eaa2ce,76cc3775534774ea58f799ee1a64020724e5cefb,mean_detection_delay_s,,s
cintron_ladder,S3_zero_drift_walk,kalman,3,10.0,True,S3_zero_drift_walk__kalman__seed3,b63f96c73e8c77b630930fed7883f11ae94db4991b7977259a58ca8a4af785b0,6a7aa063ebf027f849ecd3e9c514f26b15cd0e81da553bdba217a4b021eaa2ce,76cc3775534774ea58f799ee1a64020724e5cefb,mean_detection_delay_s,,s
cintron_ladder,S4_step_fault,static_affine,1,10.0,True,S4_step_fault__static_affine__seed1,2ddd431c649ca2b8ec1dd1fa3d1be7053e06b556b429fda303db43e771c49b4d,320c4e05e312df4a024a274474879a10d765f07f65ee3478b6ac1f7c31980d82,76cc3775534774ea58f799ee1a64020724e5cefb,mean_detection_delay_s,,s
cintron_ladder,S4_step_fault,static_affine,2,10.0,True,S4_step_fault__static_affine__seed2,1319c874fdf7655f120c5fbb53cc4c8398e4675d47673de0fd98005d630b52b1,320c4e05e312df4a024a274474879a10d765f07f65ee3478b6ac1f7c31980d82,76cc3775534774ea58f799ee1a64020724e5cefb,mean_detection_delay_s,1308.071424,s
cintron_ladder,S4_step_fault,static_affine,3,10.0,True,S4_step_fault__static_affine__seed3,135fc15f1c43d85f0045c59ffbd10841f2a3be848d4153fded5d6a5d6a4e34a0,320c4e05e312df4a024a274474879a10d765f07f65ee3478b6ac1f7c31980d82,76cc3775534774ea58f799ee1a64020724e5cefb,mean_detection_delay_s,,s
cintron_ladder,S4_step_fault,rls,1,10.0,True,S4_step_fault__rls__seed1,2ddd431c649ca2b8ec1dd1fa3d1be7053e06b556b429fda303db43e771c49b4d,7cfed748c1a23fa8b895d925c453ff71b8171df9f5c670346fe7006efecf7439,76cc3775534774ea58f799ee1a64020724e5cefb,mean_detection_delay_s,,s
cintron_ladder,S4_step_fault,rls,2,10.0,True,S4_step_fault__rls__seed2,1319c874fdf7655f120c5fbb53cc4c8398e4675d47673de0fd98005d630b52b1,7cfed748c1a23fa8b895d925c453ff71b8171df9f5c670346fe7006efecf7439,76cc3775534774ea58f799ee1a64020724e5cefb,mean_detection_delay_s,1308.071424,s
cintron_ladder,S4_step_fault,rls,3,10.0,True,S4_step_fault__rls__seed3,135fc15f1c43d85f0045c59ffbd10841f2a3be848d4153fded5d6a5d6a4e34a0,7cfed748c1a23fa8b895d925c453ff71b8171df9f5c670346fe7006efecf7439,76cc3775534774ea58f799ee1a64020724e5cefb,mean_detection_delay_s,,s
cintron_ladder,S4_step_fault,kalman,1,10.0,True,S4_step_fault__kalman__seed1,2ddd431c649ca2b8ec1dd1fa3d1be7053e06b556b429fda303db43e771c49b4d,6a7aa063ebf027f849ecd3e9c514f26b15cd0e81da553bdba217a4b021eaa2ce,76cc3775534774ea58f799ee1a64020724e5cefb,mean_detection_delay_s,,s
cintron_ladder,S4_step_fault,kalman,2,10.0,True,S4_step_fault__kalman__seed2,1319c874fdf7655f120c5fbb53cc4c8398e4675d47673de0fd98005d630b52b1,6a7aa063ebf027f849ecd3e9c514f26b15cd0e81da553bdba217a4b021eaa2ce,76cc3775534774ea58f799ee1a64020724e5cefb,mean_detection_delay_s,1308.071424,s
cintron_ladder,S4_step_fault,kalman,3,10.0,True,S4_step_fault__kalman__seed3,135fc15f1c43d85f0045c59ffbd10841f2a3be848d4153fded5d6a5d6a4e34a0,6a7aa063ebf027f849ecd3e9c514f26b15cd0e81da553bdba217a4b021eaa2ce,76cc3775534774ea58f799ee1a64020724e5cefb,mean_detection_delay_s,1390.888998,s
cintron_ladder,S5_outage,static_affine,1,10.0,True,S5_outage__static_affine__seed1,a9fcc049f0f73db1ab44c7ca7ce4b41b05c1b293caabfeb3401f0bef2d75cce3,320c4e05e312df4a024a274474879a10d765f07f65ee3478b6ac1f7c31980d82,76cc3775534774ea58f799ee1a64020724e5cefb,mean_detection_delay_s,,s
cintron_ladder,S5_outage,static_affine,2,10.0,True,S5_outage__static_affine__seed2,1510a2663b5f63da6b5b1385333b17c9beaafcd638df3bce3262b43d051f97e1,320c4e05e312df4a024a274474879a10d765f07f65ee3478b6ac1f7c31980d82,76cc3775534774ea58f799ee1a64020724e5cefb,mean_detection_delay_s,,s
cintron_ladder,S5_outage,static_affine,3,10.0,True,S5_outage__static_affine__seed3,f84d5ae0ec8ad2f6df97000007a3d8ffecacea53aec887acf2f9adb90f328ec1,320c4e05e312df4a024a274474879a10d765f07f65ee3478b6ac1f7c31980d82,76cc3775534774ea58f799ee1a64020724e5cefb,mean_detection_delay_s,,s
cintron_ladder,S5_outage,rls,1,10.0,True,S5_outage__rls__seed1,a9fcc049f0f73db1ab44c7ca7ce4b41b05c1b293caabfeb3401f0bef2d75cce3,7cfed748c1a23fa8b895d925c453ff71b8171df9f5c670346fe7006efecf7439,76cc3775534774ea58f799ee1a64020724e5cefb,mean_detection_delay_s,,s
cintron_ladder,S5_outage,rls,2,10.0,True,S5_outage__rls__seed2,1510a2663b5f63da6b5b1385333b17c9beaafcd638df3bce3262b43d051f97e1,7cfed748c1a23fa8b895d925c453ff71b8171df9f5c670346fe7006efecf7439,76cc3775534774ea58f799ee1a64020724e5cefb,mean_detection_delay_s,,s
cintron_ladder,S5_outage,rls,3,10.0,True,S5_outage__rls__seed3,f84d5ae0ec8ad2f6df97000007a3d8ffecacea53aec887acf2f9adb90f328ec1,7cfed748c1a23fa8b895d925c453ff71b8171df9f5c670346fe7006efecf7439,76cc3775534774ea58f799ee1a64020724e5cefb,mean_detection_delay_s,,s
cintron_ladder,S5_outage,kalman,1,10.0,True,S5_outage__kalman__seed1,a9fcc049f0f73db1ab44c7ca7ce4b41b05c1b293caabfeb3401f0bef2d75cce3,6a7aa063ebf027f849ecd3e9c514f26b15cd0e81da553bdba217a4b021eaa2ce,76cc3775534774ea58f799ee1a64020724e5cefb,mean_detection_delay_s,,s
cintron_ladder,S5_outage,kalman,2,10.0,True,S5_outage__kalman__seed2,1510a2663b5f63da6b5b1385333b17c9beaafcd638df3bce3262b43d051f97e1,6a7aa063ebf027f849ecd3e9c514f26b15cd0e81da553bdba217a4b021eaa2ce,76cc3775534774ea58f799ee1a64020724e5cefb,mean_detection_delay_s,,s
cintron_ladder,S5_outage,kalman,3,10.0,True,S5_outage__kalman__seed3,f84d5ae0ec8ad2f6df97000007a3d8ffecacea53aec887acf2f9adb90f328ec1,6a7aa063ebf027f849ecd3e9c514f26b15cd0e81da553bdba217a4b021eaa2ce,76cc3775534774ea58f799ee1a64020724e5cefb,mean_detection_delay_s,,s
cintron_ladder,S6_combined,static_affine,1,10.0,True,S6_combined__static_affine__seed1,5d4f2a11ab7b925de02ef1d34875af815611f0d172cbf30a820f6e4a5db791f7,320c4e05e312df4a024a274474879a10d765f07f65ee3478b6ac1f7c31980d82,76cc3775534774ea58f799ee1a64020724e5cefb,mean_detection_delay_s,,s
cintron_ladder,S6_combined,static_affine,2,10.0,True,S6_combined__static_affine__seed2,d01e5c41507ccd6868ea37a1d0993c222e5af61f3b79e1372f0aceb13bdbcf73,320c4e05e312df4a024a274474879a10d765f07f65ee3478b6ac1f7c31980d82,76cc3775534774ea58f799ee1a64020724e5cefb,mean_detection_delay_s,,s
cintron_ladder,S6_combined,static_affine,3,10.0,True,S6_combined__static_affine__seed3,023a22c68d81022af0f29d6a4d407ec5521336f357a4e5f5fbb3be2ea33f3920,320c4e05e312df4a024a274474879a10d765f07f65ee3478b6ac1f7c31980d82,76cc3775534774ea58f799ee1a64020724e5cefb,mean_detection_delay_s,,s
cintron_ladder,S6_combined,rls,1,10.0,True,S6_combined__rls__seed1,5d4f2a11ab7b925de02ef1d34875af815611f0d172cbf30a820f6e4a5db791f7,7cfed748c1a23fa8b895d925c453ff71b8171df9f5c670346fe7006efecf7439,76cc3775534774ea58f799ee1a64020724e5cefb,mean_detection_delay_s,,s
cintron_ladder,S6_combined,rls,2,10.0,True,S6_combined__rls__seed2,d01e5c41507ccd6868ea37a1d0993c222e5af61f3b79e1372f0aceb13bdbcf73,7cfed748c1a23fa8b895d925c453ff71b8171df9f5c670346fe7006efecf7439,76cc3775534774ea58f799ee1a64020724e5cefb,mean_detection_delay_s,,s
cintron_ladder,S6_combined,rls,3,10.0,True,S6_combined__rls__seed3,023a22c68d81022af0f29d6a4d407ec5521336f357a4e5f5fbb3be2ea33f3920,7cfed748c1a23fa8b895d925c453ff71b8171df9f5c670346fe7006efecf7439,76cc3775534774ea58f799ee1a64020724e5cefb,mean_detection_delay_s,,s
cintron_ladder,S6_combined,kalman,1,10.0,True,S6_combined__kalman__seed1,5d4f2a11ab7b925de02ef1d34875af815611f0d172cbf30a820f6e4a5db791f7,6a7aa063ebf027f849ecd3e9c514f26b15cd0e81da553bdba217a4b021eaa2ce,76cc3775534774ea58f799ee1a64020724e5cefb,mean_detection_delay_s,,s
cintron_ladder,S6_combined,kalman,2,10.0,True,S6_combined__kalman__seed2,d01e5c41507ccd6868ea37a1d0993c222e5af61f3b79e1372f0aceb13bdbcf73,6a7aa063ebf027f849ecd3e9c514f26b15cd0e81da553bdba217a4b021eaa2ce,76cc3775534774ea58f799ee1a64020724e5cefb,mean_detection_delay_s,,s
cintron_ladder,S6_combined,kalman,3,10.0,True,S6_combined__kalman__seed3,023a22c68d81022af0f29d6a4d407ec5521336f357a4e5f5fbb3be2ea33f3920,6a7aa063ebf027f849ecd3e9c514f26b15cd0e81da553bdba217a4b021eaa2ce,76cc3775534774ea58f799ee1a64020724e5cefb,mean_detection_delay_s,,s
cintron_ladder,S7_sparse_reference,static_affine,1,10.0,True,S7_sparse_reference__static_affine__seed1,398c721afafcfb355a753ac0cfd1ebcf65a21a6ef468740ce93012df90f00ec4,320c4e05e312df4a024a274474879a10d765f07f65ee3478b6ac1f7c31980d82,76cc3775534774ea58f799ee1a64020724e5cefb,mean_detection_delay_s,,s
cintron_ladder,S7_sparse_reference,static_affine,2,10.0,True,S7_sparse_reference__static_affine__seed2,1301d7f22942f2e6619dcc555486092a7c3c37061e6b225ed3f3da3b3ca3b132,320c4e05e312df4a024a274474879a10d765f07f65ee3478b6ac1f7c31980d82,76cc3775534774ea58f799ee1a64020724e5cefb,mean_detection_delay_s,,s
cintron_ladder,S7_sparse_reference,static_affine,3,10.0,True,S7_sparse_reference__static_affine__seed3,32e0738c82819c8cd4653a676dda0f9f67168b628ffc2846dce20179bf21a707,320c4e05e312df4a024a274474879a10d765f07f65ee3478b6ac1f7c31980d82,76cc3775534774ea58f799ee1a64020724e5cefb,mean_detection_delay_s,,s
cintron_ladder,S7_sparse_reference,rls,1,10.0,True,S7_sparse_reference__rls__seed1,398c721afafcfb355a753ac0cfd1ebcf65a21a6ef468740ce93012df90f00ec4,7cfed748c1a23fa8b895d925c453ff71b8171df9f5c670346fe7006efecf7439,76cc3775534774ea58f799ee1a64020724e5cefb,mean_detection_delay_s,,s
cintron_ladder,S7_sparse_reference,rls,2,10.0,True,S7_sparse_reference__rls__seed2,1301d7f22942f2e6619dcc555486092a7c3c37061e6b225ed3f3da3b3ca3b132,7cfed748c1a23fa8b895d925c453ff71b8171df9f5c670346fe7006efecf7439,76cc3775534774ea58f799ee1a64020724e5cefb,mean_detection_delay_s,508.65275,s
cintron_ladder,S7_sparse_reference,rls,3,10.0,True,S7_sparse_reference__rls__seed3,32e0738c82819c8cd4653a676dda0f9f67168b628ffc2846dce20179bf21a707,7cfed748c1a23fa8b895d925c453ff71b8171df9f5c670346fe7006efecf7439,76cc3775534774ea58f799ee1a64020724e5cefb,mean_detection_delay_s,,s
cintron_ladder,S7_sparse_reference,kalman,1,10.0,True,S7_sparse_reference__kalman__seed1,398c721afafcfb355a753ac0cfd1ebcf65a21a6ef468740ce93012df90f00ec4,6a7aa063ebf027f849ecd3e9c514f26b15cd0e81da553bdba217a4b021eaa2ce,76cc3775534774ea58f799ee1a64020724e5cefb,mean_detection_delay_s,,s
cintron_ladder,S7_sparse_reference,kalman,2,10.0,True,S7_sparse_reference__kalman__seed2,1301d7f22942f2e6619dcc555486092a7c3c37061e6b225ed3f3da3b3ca3b132,6a7aa063ebf027f849ecd3e9c514f26b15cd0e81da553bdba217a4b021eaa2ce,76cc3775534774ea58f799ee1a64020724e5cefb,mean_detection_delay_s,,s
cintron_ladder,S7_sparse_reference,kalman,3,10.0,True,S7_sparse_reference__kalman__seed3,32e0738c82819c8cd4653a676dda0f9f67168b628ffc2846dce20179bf21a707,6a7aa063ebf027f849ecd3e9c514f26b15cd0e81da553bdba217a4b021eaa2ce,76cc3775534774ea58f799ee1a64020724e5cefb,mean_detection_delay_s,,s
cintron_ladder,S1_nominal,static_affine,1,10.0,True,S1_nominal__static_affine__seed1,2a7e164a7e04cfa5ac607c92ecf3c4a53c40e90964e7a047230c36cd233b8751,320c4e05e312df4a024a274474879a10d765f07f65ee3478b6ac1f7c31980d82,76cc3775534774ea58f799ee1a64020724e5cefb,duration_s,21600.0,s
cintron_ladder,S1_nominal,static_affine,2,10.0,True,S1_nominal__static_affine__seed2,fa2ca240ac17605f28e43b1573d61379f65c20aab226bb0fcf8af13e416712a1,320c4e05e312df4a024a274474879a10d765f07f65ee3478b6ac1f7c31980d82,76cc3775534774ea58f799ee1a64020724e5cefb,duration_s,21600.0,s
cintron_ladder,S1_nominal,static_affine,3,10.0,True,S1_nominal__static_affine__seed3,e2bb79b9efe0975489e6c62e2c85ebeea90bcc05eddf00c5e3397cde3d2a9805,320c4e05e312df4a024a274474879a10d765f07f65ee3478b6ac1f7c31980d82,76cc3775534774ea58f799ee1a64020724e5cefb,duration_s,21600.0,s
cintron_ladder,S1_nominal,rls,1,10.0,True,S1_nominal__rls__seed1,2a7e164a7e04cfa5ac607c92ecf3c4a53c40e90964e7a047230c36cd233b8751,7cfed748c1a23fa8b895d925c453ff71b8171df9f5c670346fe7006efecf7439,76cc3775534774ea58f799ee1a64020724e5cefb,duration_s,21600.0,s
cintron_ladder,S1_nominal,rls,2,10.0,True,S1_nominal__rls__seed2,fa2ca240ac17605f28e43b1573d61379f65c20aab226bb0fcf8af13e416712a1,7cfed748c1a23fa8b895d925c453ff71b8171df9f5c670346fe7006efecf7439,76cc3775534774ea58f799ee1a64020724e5cefb,duration_s,21600.0,s
cintron_ladder,S1_nominal,rls,3,10.0,True,S1_nominal__rls__seed3,e2bb79b9efe0975489e6c62e2c85ebeea90bcc05eddf00c5e3397cde3d2a9805,7cfed748c1a23fa8b895d925c453ff71b8171df9f5c670346fe7006efecf7439,76cc3775534774ea58f799ee1a64020724e5cefb,duration_s,21600.0,s
cintron_ladder,S1_nominal,kalman,1,10.0,True,S1_nominal__kalman__seed1,2a7e164a7e04cfa5ac607c92ecf3c4a53c40e90964e7a047230c36cd233b8751,6a7aa063ebf027f849ecd3e9c514f26b15cd0e81da553bdba217a4b021eaa2ce,76cc3775534774ea58f799ee1a64020724e5cefb,duration_s,21600.0,s
cintron_ladder,S1_nominal,kalman,2,10.0,True,S1_nominal__kalman__seed2,fa2ca240ac17605f28e43b1573d61379f65c20aab226bb0fcf8af13e416712a1,6a7aa063ebf027f849ecd3e9c514f26b15cd0e81da553bdba217a4b021eaa2ce,76cc3775534774ea58f799ee1a64020724e5cefb,duration_s,21600.0,s
cintron_ladder,S1_nominal,kalman,3,10.0,True,S1_nominal__kalman__seed3,e2bb79b9efe0975489e6c62e2c85ebeea90bcc05eddf00c5e3397cde3d2a9805,6a7aa063ebf027f849ecd3e9c514f26b15cd0e81da553bdba217a4b021eaa2ce,76cc3775534774ea58f799ee1a64020724e5cefb,duration_s,21600.0,s
cintron_ladder,S2_thermal_cycle,static_affine,1,10.0,True,S2_thermal_cycle__static_affine__seed1,f5077dc87411ed3b1d5de66609f9ade74b2b190d2ee2584a79de6dbb70344dee,320c4e05e312df4a024a274474879a10d765f07f65ee3478b6ac1f7c31980d82,76cc3775534774ea58f799ee1a64020724e5cefb,duration_s,259200.0,s
cintron_ladder,S2_thermal_cycle,static_affine,2,10.0,True,S2_thermal_cycle__static_affine__seed2,464a9ded5d97e5522353c10b5f4e7d6fb82021b240fd00240425a619b73a60c1,320c4e05e312df4a024a274474879a10d765f07f65ee3478b6ac1f7c31980d82,76cc3775534774ea58f799ee1a64020724e5cefb,duration_s,259200.0,s
cintron_ladder,S2_thermal_cycle,static_affine,3,10.0,True,S2_thermal_cycle__static_affine__seed3,9f3ded4a30a0049ceb88c4dd85f0059c2f7ecb82b310ae3424cc48f8b5e42da5,320c4e05e312df4a024a274474879a10d765f07f65ee3478b6ac1f7c31980d82,76cc3775534774ea58f799ee1a64020724e5cefb,duration_s,259200.0,s
cintron_ladder,S2_thermal_cycle,rls,1,10.0,True,S2_thermal_cycle__rls__seed1,f5077dc87411ed3b1d5de66609f9ade74b2b190d2ee2584a79de6dbb70344dee,7cfed748c1a23fa8b895d925c453ff71b8171df9f5c670346fe7006efecf7439,76cc3775534774ea58f799ee1a64020724e5cefb,duration_s,259200.0,s
cintron_ladder,S2_thermal_cycle,rls,2,10.0,True,S2_thermal_cycle__rls__seed2,464a9ded5d97e5522353c10b5f4e7d6fb82021b240fd00240425a619b73a60c1,7cfed748c1a23fa8b895d925c453ff71b8171df9f5c670346fe7006efecf7439,76cc3775534774ea58f799ee1a64020724e5cefb,duration_s,259200.0,s
cintron_ladder,S2_thermal_cycle,rls,3,10.0,True,S2_thermal_cycle__rls__seed3,9f3ded4a30a0049ceb88c4dd85f0059c2f7ecb82b310ae3424cc48f8b5e42da5,7cfed748c1a23fa8b895d925c453ff71b8171df9f5c670346fe7006efecf7439,76cc3775534774ea58f799ee1a64020724e5cefb,duration_s,259200.0,s
cintron_ladder,S2_thermal_cycle,kalman,1,10.0,True,S2_thermal_cycle__kalman__seed1,f5077dc87411ed3b1d5de66609f9ade74b2b190d2ee2584a79de6dbb70344dee,6a7aa063ebf027f849ecd3e9c514f26b15cd0e81da553bdba217a4b021eaa2ce,76cc3775534774ea58f799ee1a64020724e5cefb,duration_s,259200.0,s
cintron_ladder,S2_thermal_cycle,kalman,2,10.0,True,S2_thermal_cycle__kalman__seed2,464a9ded5d97e5522353c10b5f4e7d6fb82021b240fd00240425a619b73a60c1,6a7aa063ebf027f849ecd3e9c514f26b15cd0e81da553bdba217a4b021eaa2ce,76cc3775534774ea58f799ee1a64020724e5cefb,duration_s,259200.0,s
cintron_ladder,S2_thermal_cycle,kalman,3,10.0,True,S2_thermal_cycle__kalman__seed3,9f3ded4a30a0049ceb88c4dd85f0059c2f7ecb82b310ae3424cc48f8b5e42da5,6a7aa063ebf027f849ecd3e9c514f26b15cd0e81da553bdba217a4b021eaa2ce,76cc3775534774ea58f799ee1a64020724e5cefb,duration_s,259200.0,s
cintron_ladder,S3_zero_drift_walk,static_affine,1,10.0,True,S3_zero_drift_walk__static_affine__seed1,e7b981f1a695ead56faf9a26e3ac56f7cf242bda6227b5aabd270e829bc92da5,320c4e05e312df4a024a274474879a10d765f07f65ee3478b6ac1f7c31980d82,76cc3775534774ea58f799ee1a64020724e5cefb,duration_s,86400.0,s
cintron_ladder,S3_zero_drift_walk,static_affine,2,10.0,True,S3_zero_drift_walk__static_affine__seed2,8aaeb0ed7c28c2b0ee4c567f78a99e1728b00afc703637facbb86bff31b40b49,320c4e05e312df4a024a274474879a10d765f07f65ee3478b6ac1f7c31980d82,76cc3775534774ea58f799ee1a64020724e5cefb,duration_s,86400.0,s
cintron_ladder,S3_zero_drift_walk,static_affine,3,10.0,True,S3_zero_drift_walk__static_affine__seed3,b63f96c73e8c77b630930fed7883f11ae94db4991b7977259a58ca8a4af785b0,320c4e05e312df4a024a274474879a10d765f07f65ee3478b6ac1f7c31980d82,76cc3775534774ea58f799ee1a64020724e5cefb,duration_s,86400.0,s
cintron_ladder,S3_zero_drift_walk,rls,1,10.0,True,S3_zero_drift_walk__rls__seed1,e7b981f1a695ead56faf9a26e3ac56f7cf242bda6227b5aabd270e829bc92da5,7cfed748c1a23fa8b895d925c453ff71b8171df9f5c670346fe7006efecf7439,76cc3775534774ea58f799ee1a64020724e5cefb,duration_s,86400.0,s
cintron_ladder,S3_zero_drift_walk,rls,2,10.0,True,S3_zero_drift_walk__rls__seed2,8aaeb0ed7c28c2b0ee4c567f78a99e1728b00afc703637facbb86bff31b40b49,7cfed748c1a23fa8b895d925c453ff71b8171df9f5c670346fe7006efecf7439,76cc3775534774ea58f799ee1a64020724e5cefb,duration_s,86400.0,s
cintron_ladder,S3_zero_drift_walk,rls,3,10.0,True,S3_zero_drift_walk__rls__seed3,b63f96c73e8c77b630930fed7883f11ae94db4991b7977259a58ca8a4af785b0,7cfed748c1a23fa8b895d925c453ff71b8171df9f5c670346fe7006efecf7439,76cc3775534774ea58f799ee1a64020724e5cefb,duration_s,86400.0,s
cintron_ladder,S3_zero_drift_walk,kalman,1,10.0,True,S3_zero_drift_walk__kalman__seed1,e7b981f1a695ead56faf9a26e3ac56f7cf242bda6227b5aabd270e829bc92da5,6a7aa063ebf027f849ecd3e9c514f26b15cd0e81da553bdba217a4b021eaa2ce,76cc3775534774ea58f799ee1a64020724e5cefb,duration_s,86400.0,s
cintron_ladder,S3_zero_drift_walk,kalman,2,10.0,True,S3_zero_drift_walk__kalman__seed2,8aaeb0ed7c28c2b0ee4c567f78a99e1728b00afc703637facbb86bff31b40b49,6a7aa063ebf027f849ecd3e9c514f26b15cd0e81da553bdba217a4b021eaa2ce,76cc3775534774ea58f799ee1a64020724e5cefb,duration_s,86400.0,s
cintron_ladder,S3_zero_drift_walk,kalman,3,10.0,True,S3_zero_drift_walk__kalman__seed3,b63f96c73e8c77b630930fed7883f11ae94db4991b7977259a58ca8a4af785b0,6a7aa063ebf027f849ecd3e9c514f26b15cd0e81da553bdba217a4b021eaa2ce,76cc3775534774ea58f799ee1a64020724e5cefb,duration_s,86400.0,s
cintron_ladder,S4_step_fault,static_affine,1,10.0,True,S4_step_fault__static_affine__seed1,2ddd431c649ca2b8ec1dd1fa3d1be7053e06b556b429fda303db43e771c49b4d,320c4e05e312df4a024a274474879a10d765f07f65ee3478b6ac1f7c31980d82,76cc3775534774ea58f799ee1a64020724e5cefb,duration_s,57600.0,s
cintron_ladder,S4_step_fault,static_affine,2,10.0,True,S4_step_fault__static_affine__seed2,1319c874fdf7655f120c5fbb53cc4c8398e4675d47673de0fd98005d630b52b1,320c4e05e312df4a024a274474879a10d765f07f65ee3478b6ac1f7c31980d82,76cc3775534774ea58f799ee1a64020724e5cefb,duration_s,57600.0,s
cintron_ladder,S4_step_fault,static_affine,3,10.0,True,S4_step_fault__static_affine__seed3,135fc15f1c43d85f0045c59ffbd10841f2a3be848d4153fded5d6a5d6a4e34a0,320c4e05e312df4a024a274474879a10d765f07f65ee3478b6ac1f7c31980d82,76cc3775534774ea58f799ee1a64020724e5cefb,duration_s,57600.0,s
cintron_ladder,S4_step_fault,rls,1,10.0,True,S4_step_fault__rls__seed1,2ddd431c649ca2b8ec1dd1fa3d1be7053e06b556b429fda303db43e771c49b4d,7cfed748c1a23fa8b895d925c453ff71b8171df9f5c670346fe7006efecf7439,76cc3775534774ea58f799ee1a64020724e5cefb,duration_s,57600.0,s
cintron_ladder,S4_step_fault,rls,2,10.0,True,S4_step_fault__rls__seed2,1319c874fdf7655f120c5fbb53cc4c8398e4675d47673de0fd98005d630b52b1,7cfed748c1a23fa8b895d925c453ff71b8171df9f5c670346fe7006efecf7439,76cc3775534774ea58f799ee1a64020724e5cefb,duration_s,57600.0,s
cintron_ladder,S4_step_fault,rls,3,10.0,True,S4_step_fault__rls__seed3,135fc15f1c43d85f0045c59ffbd10841f2a3be848d4153fded5d6a5d6a4e34a0,7cfed748c1a23fa8b895d925c453ff71b8171df9f5c670346fe7006efecf7439,76cc3775534774ea58f799ee1a64020724e5cefb,duration_s,57600.0,s
cintron_ladder,S4_step_fault,kalman,1,10.0,True,S4_step_fault__kalman__seed1,2ddd431c649ca2b8ec1dd1fa3d1be7053e06b556b429fda303db43e771c49b4d,6a7aa063ebf027f849ecd3e9c514f26b15cd0e81da553bdba217a4b021eaa2ce,76cc3775534774ea58f799ee1a64020724e5cefb,duration_s,57600.0,s
cintron_ladder,S4_step_fault,kalman,2,10.0,True,S4_step_fault__kalman__seed2,1319c874fdf7655f120c5fbb53cc4c8398e4675d47673de0fd98005d630b52b1,6a7aa063ebf027f849ecd3e9c514f26b15cd0e81da553bdba217a4b021eaa2ce,76cc3775534774ea58f799ee1a64020724e5cefb,duration_s,57600.0,s
cintron_ladder,S4_step_fault,kalman,3,10.0,True,S4_step_fault__kalman__seed3,135fc15f1c43d85f0045c59ffbd10841f2a3be848d4153fded5d6a5d6a4e34a0,6a7aa063ebf027f849ecd3e9c514f26b15cd0e81da553bdba217a4b021eaa2ce,76cc3775534774ea58f799ee1a64020724e5cefb,duration_s,57600.0,s
cintron_ladder,S5_outage,static_affine,1,10.0,True,S5_outage__static_affine__seed1,a9fcc049f0f73db1ab44c7ca7ce4b41b05c1b293caabfeb3401f0bef2d75cce3,320c4e05e312df4a024a274474879a10d765f07f65ee3478b6ac1f7c31980d82,76cc3775534774ea58f799ee1a64020724e5cefb,duration_s,21600.0,s
cintron_ladder,S5_outage,static_affine,2,10.0,True,S5_outage__static_affine__seed2,1510a2663b5f63da6b5b1385333b17c9beaafcd638df3bce3262b43d051f97e1,320c4e05e312df4a024a274474879a10d765f07f65ee3478b6ac1f7c31980d82,76cc3775534774ea58f799ee1a64020724e5cefb,duration_s,21600.0,s
cintron_ladder,S5_outage,static_affine,3,10.0,True,S5_outage__static_affine__seed3,f84d5ae0ec8ad2f6df97000007a3d8ffecacea53aec887acf2f9adb90f328ec1,320c4e05e312df4a024a274474879a10d765f07f65ee3478b6ac1f7c31980d82,76cc3775534774ea58f799ee1a64020724e5cefb,duration_s,21600.0,s
cintron_ladder,S5_outage,rls,1,10.0,True,S5_outage__rls__seed1,a9fcc049f0f73db1ab44c7ca7ce4b41b05c1b293caabfeb3401f0bef2d75cce3,7cfed748c1a23fa8b895d925c453ff71b8171df9f5c670346fe7006efecf7439,76cc3775534774ea58f799ee1a64020724e5cefb,duration_s,21600.0,s
cintron_ladder,S5_outage,rls,2,10.0,True,S5_outage__rls__seed2,1510a2663b5f63da6b5b1385333b17c9beaafcd638df3bce3262b43d051f97e1,7cfed748c1a23fa8b895d925c453ff71b8171df9f5c670346fe7006efecf7439,76cc3775534774ea58f799ee1a64020724e5cefb,duration_s,21600.0,s
cintron_ladder,S5_outage,rls,3,10.0,True,S5_outage__rls__seed3,f84d5ae0ec8ad2f6df97000007a3d8ffecacea53aec887acf2f9adb90f328ec1,7cfed748c1a23fa8b895d925c453ff71b8171df9f5c670346fe7006efecf7439,76cc3775534774ea58f799ee1a64020724e5cefb,duration_s,21600.0,s
cintron_ladder,S5_outage,kalman,1,10.0,True,S5_outage__kalman__seed1,a9fcc049f0f73db1ab44c7ca7ce4b41b05c1b293caabfeb3401f0bef2d75cce3,6a7aa063ebf027f849ecd3e9c514f26b15cd0e81da553bdba217a4b021eaa2ce,76cc3775534774ea58f799ee1a64020724e5cefb,duration_s,21600.0,s
cintron_ladder,S5_outage,kalman,2,10.0,True,S5_outage__kalman__seed2,1510a2663b5f63da6b5b1385333b17c9beaafcd638df3bce3262b43d051f97e1,6a7aa063ebf027f849ecd3e9c514f26b15cd0e81da553bdba217a4b021eaa2ce,76cc3775534774ea58f799ee1a64020724e5cefb,duration_s,21600.0,s
cintron_ladder,S5_outage,kalman,3,10.0,True,S5_outage__kalman__seed3,f84d5ae0ec8ad2f6df97000007a3d8ffecacea53aec887acf2f9adb90f328ec1,6a7aa063ebf027f849ecd3e9c514f26b15cd0e81da553bdba217a4b021eaa2ce,76cc3775534774ea58f799ee1a64020724e5cefb,duration_s,21600.0,s
cintron_ladder,S6_combined,static_affine,1,10.0,True,S6_combined__static_affine__seed1,5d4f2a11ab7b925de02ef1d34875af815611f0d172cbf30a820f6e4a5db791f7,320c4e05e312df4a024a274474879a10d765f07f65ee3478b6ac1f7c31980d82,76cc3775534774ea58f799ee1a64020724e5cefb,duration_s,172800.0,s
cintron_ladder,S6_combined,static_affine,2,10.0,True,S6_combined__static_affine__seed2,d01e5c41507ccd6868ea37a1d0993c222e5af61f3b79e1372f0aceb13bdbcf73,320c4e05e312df4a024a274474879a10d765f07f65ee3478b6ac1f7c31980d82,76cc3775534774ea58f799ee1a64020724e5cefb,duration_s,172800.0,s
cintron_ladder,S6_combined,static_affine,3,10.0,True,S6_combined__static_affine__seed3,023a22c68d81022af0f29d6a4d407ec5521336f357a4e5f5fbb3be2ea33f3920,320c4e05e312df4a024a274474879a10d765f07f65ee3478b6ac1f7c31980d82,76cc3775534774ea58f799ee1a64020724e5cefb,duration_s,172800.0,s
cintron_ladder,S6_combined,rls,1,10.0,True,S6_combined__rls__seed1,5d4f2a11ab7b925de02ef1d34875af815611f0d172cbf30a820f6e4a5db791f7,7cfed748c1a23fa8b895d925c453ff71b8171df9f5c670346fe7006efecf7439,76cc3775534774ea58f799ee1a64020724e5cefb,duration_s,172800.0,s
cintron_ladder,S6_combined,rls,2,10.0,True,S6_combined__rls__seed2,d01e5c41507ccd6868ea37a1d0993c222e5af61f3b79e1372f0aceb13bdbcf73,7cfed748c1a23fa8b895d925c453ff71b8171df9f5c670346fe7006efecf7439,76cc3775534774ea58f799ee1a64020724e5cefb,duration_s,172800.0,s
cintron_ladder,S6_combined,rls,3,10.0,True,S6_combined__rls__seed3,023a22c68d81022af0f29d6a4d407ec5521336f357a4e5f5fbb3be2ea33f3920,7cfed748c1a23fa8b895d925c453ff71b8171df9f5c670346fe7006efecf7439,76cc3775534774ea58f799ee1a64020724e5cefb,duration_s,172800.0,s
cintron_ladder,S6_combined,kalman,1,10.0,True,S6_combined__kalman__seed1,5d4f2a11ab7b925de02ef1d34875af815611f0d172cbf30a820f6e4a5db791f7,6a7aa063ebf027f849ecd3e9c514f26b15cd0e81da553bdba217a4b021eaa2ce,76cc3775534774ea58f799ee1a64020724e5cefb,duration_s,172800.0,s
cintron_ladder,S6_combined,kalman,2,10.0,True,S6_combined__kalman__seed2,d01e5c41507ccd6868ea37a1d0993c222e5af61f3b79e1372f0aceb13bdbcf73,6a7aa063ebf027f849ecd3e9c514f26b15cd0e81da553bdba217a4b021eaa2ce,76cc3775534774ea58f799ee1a64020724e5cefb,duration_s,172800.0,s
cintron_ladder,S6_combined,kalman,3,10.0,True,S6_combined__kalman__seed3,023a22c68d81022af0f29d6a4d407ec5521336f357a4e5f5fbb3be2ea33f3920,6a7aa063ebf027f849ecd3e9c514f26b15cd0e81da553bdba217a4b021eaa2ce,76cc3775534774ea58f799ee1a64020724e5cefb,duration_s,172800.0,s
cintron_ladder,S7_sparse_reference,static_affine,1,10.0,True,S7_sparse_reference__static_affine__seed1,398c721afafcfb355a753ac0cfd1ebcf65a21a6ef468740ce93012df90f00ec4,320c4e05e312df4a024a274474879a10d765f07f65ee3478b6ac1f7c31980d82,76cc3775534774ea58f799ee1a64020724e5cefb,duration_s,43200.0,s
cintron_ladder,S7_sparse_reference,static_affine,2,10.0,True,S7_sparse_reference__static_affine__seed2,1301d7f22942f2e6619dcc555486092a7c3c37061e6b225ed3f3da3b3ca3b132,320c4e05e312df4a024a274474879a10d765f07f65ee3478b6ac1f7c31980d82,76cc3775534774ea58f799ee1a64020724e5cefb,duration_s,43200.0,s
cintron_ladder,S7_sparse_reference,static_affine,3,10.0,True,S7_sparse_reference__static_affine__seed3,32e0738c82819c8cd4653a676dda0f9f67168b628ffc2846dce20179bf21a707,320c4e05e312df4a024a274474879a10d765f07f65ee3478b6ac1f7c31980d82,76cc3775534774ea58f799ee1a64020724e5cefb,duration_s,43200.0,s
cintron_ladder,S7_sparse_reference,rls,1,10.0,True,S7_sparse_reference__rls__seed1,398c721afafcfb355a753ac0cfd1ebcf65a21a6ef468740ce93012df90f00ec4,7cfed748c1a23fa8b895d925c453ff71b8171df9f5c670346fe7006efecf7439,76cc3775534774ea58f799ee1a64020724e5cefb,duration_s,43200.0,s
cintron_ladder,S7_sparse_reference,rls,2,10.0,True,S7_sparse_reference__rls__seed2,1301d7f22942f2e6619dcc555486092a7c3c37061e6b225ed3f3da3b3ca3b132,7cfed748c1a23fa8b895d925c453ff71b8171df9f5c670346fe7006efecf7439,76cc3775534774ea58f799ee1a64020724e5cefb,duration_s,43200.0,s
cintron_ladder,S7_sparse_reference,rls,3,10.0,True,S7_sparse_reference__rls__seed3,32e0738c82819c8cd4653a676dda0f9f67168b628ffc2846dce20179bf21a707,7cfed748c1a23fa8b895d925c453ff71b8171df9f5c670346fe7006efecf7439,76cc3775534774ea58f799ee1a64020724e5cefb,duration_s,43200.0,s
cintron_ladder,S7_sparse_reference,kalman,1,10.0,True,S7_sparse_reference__kalman__seed1,398c721afafcfb355a753ac0cfd1ebcf65a21a6ef468740ce93012df90f00ec4,6a7aa063ebf027f849ecd3e9c514f26b15cd0e81da553bdba217a4b021eaa2ce,76cc3775534774ea58f799ee1a64020724e5cefb,duration_s,43200.0,s
cintron_ladder,S7_sparse_reference,kalman,2,10.0,True,S7_sparse_reference__kalman__seed2,1301d7f22942f2e6619dcc555486092a7c3c37061e6b225ed3f3da3b3ca3b132,6a7aa063ebf027f849ecd3e9c514f26b15cd0e81da553bdba217a4b021eaa2ce,76cc3775534774ea58f799ee1a64020724e5cefb,duration_s,43200.0,s
cintron_ladder,S7_sparse_reference,kalman,3,10.0,True,S7_sparse_reference__kalman__seed3,32e0738c82819c8cd4653a676dda0f9f67168b628ffc2846dce20179bf21a707,6a7aa063ebf027f849ecd3e9c514f26b15cd0e81da553bdba217a4b021eaa2ce,76cc3775534774ea58f799ee1a64020724e5cefb,duration_s,43200.0,s
cintron_ladder,S1_nominal,static_affine,1,10.0,True,S1_nominal__static_affine__seed1,2a7e164a7e04cfa5ac607c92ecf3c4a53c40e90964e7a047230c36cd233b8751,320c4e05e312df4a024a274474879a10d765f07f65ee3478b6ac1f7c31980d82,76cc3775534774ea58f799ee1a64020724e5cefb,elapsed_s,36.88212019999628,s
cintron_ladder,S1_nominal,static_affine,2,10.0,True,S1_nominal__static_affine__seed2,fa2ca240ac17605f28e43b1573d61379f65c20aab226bb0fcf8af13e416712a1,320c4e05e312df4a024a274474879a10d765f07f65ee3478b6ac1f7c31980d82,76cc3775534774ea58f799ee1a64020724e5cefb,elapsed_s,30.72680190000392,s
cintron_ladder,S1_nominal,static_affine,3,10.0,True,S1_nominal__static_affine__seed3,e2bb79b9efe0975489e6c62e2c85ebeea90bcc05eddf00c5e3397cde3d2a9805,320c4e05e312df4a024a274474879a10d765f07f65ee3478b6ac1f7c31980d82,76cc3775534774ea58f799ee1a64020724e5cefb,elapsed_s,28.67900859999645,s
cintron_ladder,S1_nominal,rls,1,10.0,True,S1_nominal__rls__seed1,2a7e164a7e04cfa5ac607c92ecf3c4a53c40e90964e7a047230c36cd233b8751,7cfed748c1a23fa8b895d925c453ff71b8171df9f5c670346fe7006efecf7439,76cc3775534774ea58f799ee1a64020724e5cefb,elapsed_s,26.653411700004654,s
cintron_ladder,S1_nominal,rls,2,10.0,True,S1_nominal__rls__seed2,fa2ca240ac17605f28e43b1573d61379f65c20aab226bb0fcf8af13e416712a1,7cfed748c1a23fa8b895d925c453ff71b8171df9f5c670346fe7006efecf7439,76cc3775534774ea58f799ee1a64020724e5cefb,elapsed_s,28.224233799999638,s
cintron_ladder,S1_nominal,rls,3,10.0,True,S1_nominal__rls__seed3,e2bb79b9efe0975489e6c62e2c85ebeea90bcc05eddf00c5e3397cde3d2a9805,7cfed748c1a23fa8b895d925c453ff71b8171df9f5c670346fe7006efecf7439,76cc3775534774ea58f799ee1a64020724e5cefb,elapsed_s,63.568091499997536,s
cintron_ladder,S1_nominal,kalman,1,10.0,True,S1_nominal__kalman__seed1,2a7e164a7e04cfa5ac607c92ecf3c4a53c40e90964e7a047230c36cd233b8751,6a7aa063ebf027f849ecd3e9c514f26b15cd0e81da553bdba217a4b021eaa2ce,76cc3775534774ea58f799ee1a64020724e5cefb,elapsed_s,61.1906425000052,s
cintron_ladder,S1_nominal,kalman,2,10.0,True,S1_nominal__kalman__seed2,fa2ca240ac17605f28e43b1573d61379f65c20aab226bb0fcf8af13e416712a1,6a7aa063ebf027f849ecd3e9c514f26b15cd0e81da553bdba217a4b021eaa2ce,76cc3775534774ea58f799ee1a64020724e5cefb,elapsed_s,70.40317830000276,s
cintron_ladder,S1_nominal,kalman,3,10.0,True,S1_nominal__kalman__seed3,e2bb79b9efe0975489e6c62e2c85ebeea90bcc05eddf00c5e3397cde3d2a9805,6a7aa063ebf027f849ecd3e9c514f26b15cd0e81da553bdba217a4b021eaa2ce,76cc3775534774ea58f799ee1a64020724e5cefb,elapsed_s,71.03366719999758,s
cintron_ladder,S2_thermal_cycle,static_affine,1,10.0,True,S2_thermal_cycle__static_affine__seed1,f5077dc87411ed3b1d5de66609f9ade74b2b190d2ee2584a79de6dbb70344dee,320c4e05e312df4a024a274474879a10d765f07f65ee3478b6ac1f7c31980d82,76cc3775534774ea58f799ee1a64020724e5cefb,elapsed_s,887.1385156000033,s
cintron_ladder,S2_thermal_cycle,static_affine,2,10.0,True,S2_thermal_cycle__static_affine__seed2,464a9ded5d97e5522353c10b5f4e7d6fb82021b240fd00240425a619b73a60c1,320c4e05e312df4a024a274474879a10d765f07f65ee3478b6ac1f7c31980d82,76cc3775534774ea58f799ee1a64020724e5cefb,elapsed_s,861.370891999999,s
cintron_ladder,S2_thermal_cycle,static_affine,3,10.0,True,S2_thermal_cycle__static_affine__seed3,9f3ded4a30a0049ceb88c4dd85f0059c2f7ecb82b310ae3424cc48f8b5e42da5,320c4e05e312df4a024a274474879a10d765f07f65ee3478b6ac1f7c31980d82,76cc3775534774ea58f799ee1a64020724e5cefb,elapsed_s,680.1913249999998,s
cintron_ladder,S2_thermal_cycle,rls,1,10.0,True,S2_thermal_cycle__rls__seed1,f5077dc87411ed3b1d5de66609f9ade74b2b190d2ee2584a79de6dbb70344dee,7cfed748c1a23fa8b895d925c453ff71b8171df9f5c670346fe7006efecf7439,76cc3775534774ea58f799ee1a64020724e5cefb,elapsed_s,649.3031955999977,s
cintron_ladder,S2_thermal_cycle,rls,2,10.0,True,S2_thermal_cycle__rls__seed2,464a9ded5d97e5522353c10b5f4e7d6fb82021b240fd00240425a619b73a60c1,7cfed748c1a23fa8b895d925c453ff71b8171df9f5c670346fe7006efecf7439,76cc3775534774ea58f799ee1a64020724e5cefb,elapsed_s,644.3494112999979,s
cintron_ladder,S2_thermal_cycle,rls,3,10.0,True,S2_thermal_cycle__rls__seed3,9f3ded4a30a0049ceb88c4dd85f0059c2f7ecb82b310ae3424cc48f8b5e42da5,7cfed748c1a23fa8b895d925c453ff71b8171df9f5c670346fe7006efecf7439,76cc3775534774ea58f799ee1a64020724e5cefb,elapsed_s,647.539886300001,s
cintron_ladder,S2_thermal_cycle,kalman,1,10.0,True,S2_thermal_cycle__kalman__seed1,f5077dc87411ed3b1d5de66609f9ade74b2b190d2ee2584a79de6dbb70344dee,6a7aa063ebf027f849ecd3e9c514f26b15cd0e81da553bdba217a4b021eaa2ce,76cc3775534774ea58f799ee1a64020724e5cefb,elapsed_s,601.304258199998,s
cintron_ladder,S2_thermal_cycle,kalman,2,10.0,True,S2_thermal_cycle__kalman__seed2,464a9ded5d97e5522353c10b5f4e7d6fb82021b240fd00240425a619b73a60c1,6a7aa063ebf027f849ecd3e9c514f26b15cd0e81da553bdba217a4b021eaa2ce,76cc3775534774ea58f799ee1a64020724e5cefb,elapsed_s,559.1649709999983,s
cintron_ladder,S2_thermal_cycle,kalman,3,10.0,True,S2_thermal_cycle__kalman__seed3,9f3ded4a30a0049ceb88c4dd85f0059c2f7ecb82b310ae3424cc48f8b5e42da5,6a7aa063ebf027f849ecd3e9c514f26b15cd0e81da553bdba217a4b021eaa2ce,76cc3775534774ea58f799ee1a64020724e5cefb,elapsed_s,585.7125272999983,s
cintron_ladder,S3_zero_drift_walk,static_affine,1,10.0,True,S3_zero_drift_walk__static_affine__seed1,e7b981f1a695ead56faf9a26e3ac56f7cf242bda6227b5aabd270e829bc92da5,320c4e05e312df4a024a274474879a10d765f07f65ee3478b6ac1f7c31980d82,76cc3775534774ea58f799ee1a64020724e5cefb,elapsed_s,191.0261862999978,s
cintron_ladder,S3_zero_drift_walk,static_affine,2,10.0,True,S3_zero_drift_walk__static_affine__seed2,8aaeb0ed7c28c2b0ee4c567f78a99e1728b00afc703637facbb86bff31b40b49,320c4e05e312df4a024a274474879a10d765f07f65ee3478b6ac1f7c31980d82,76cc3775534774ea58f799ee1a64020724e5cefb,elapsed_s,195.94179409999924,s
cintron_ladder,S3_zero_drift_walk,static_affine,3,10.0,True,S3_zero_drift_walk__static_affine__seed3,b63f96c73e8c77b630930fed7883f11ae94db4991b7977259a58ca8a4af785b0,320c4e05e312df4a024a274474879a10d765f07f65ee3478b6ac1f7c31980d82,76cc3775534774ea58f799ee1a64020724e5cefb,elapsed_s,199.24496119999822,s
cintron_ladder,S3_zero_drift_walk,rls,1,10.0,True,S3_zero_drift_walk__rls__seed1,e7b981f1a695ead56faf9a26e3ac56f7cf242bda6227b5aabd270e829bc92da5,7cfed748c1a23fa8b895d925c453ff71b8171df9f5c670346fe7006efecf7439,76cc3775534774ea58f799ee1a64020724e5cefb,elapsed_s,199.0107341999974,s
cintron_ladder,S3_zero_drift_walk,rls,2,10.0,True,S3_zero_drift_walk__rls__seed2,8aaeb0ed7c28c2b0ee4c567f78a99e1728b00afc703637facbb86bff31b40b49,7cfed748c1a23fa8b895d925c453ff71b8171df9f5c670346fe7006efecf7439,76cc3775534774ea58f799ee1a64020724e5cefb,elapsed_s,207.79482930000086,s
cintron_ladder,S3_zero_drift_walk,rls,3,10.0,True,S3_zero_drift_walk__rls__seed3,b63f96c73e8c77b630930fed7883f11ae94db4991b7977259a58ca8a4af785b0,7cfed748c1a23fa8b895d925c453ff71b8171df9f5c670346fe7006efecf7439,76cc3775534774ea58f799ee1a64020724e5cefb,elapsed_s,196.32176239999535,s
cintron_ladder,S3_zero_drift_walk,kalman,1,10.0,True,S3_zero_drift_walk__kalman__seed1,e7b981f1a695ead56faf9a26e3ac56f7cf242bda6227b5aabd270e829bc92da5,6a7aa063ebf027f849ecd3e9c514f26b15cd0e81da553bdba217a4b021eaa2ce,76cc3775534774ea58f799ee1a64020724e5cefb,elapsed_s,190.2157795000021,s
cintron_ladder,S3_zero_drift_walk,kalman,2,10.0,True,S3_zero_drift_walk__kalman__seed2,8aaeb0ed7c28c2b0ee4c567f78a99e1728b00afc703637facbb86bff31b40b49,6a7aa063ebf027f849ecd3e9c514f26b15cd0e81da553bdba217a4b021eaa2ce,76cc3775534774ea58f799ee1a64020724e5cefb,elapsed_s,194.07411199999478,s
cintron_ladder,S3_zero_drift_walk,kalman,3,10.0,True,S3_zero_drift_walk__kalman__seed3,b63f96c73e8c77b630930fed7883f11ae94db4991b7977259a58ca8a4af785b0,6a7aa063ebf027f849ecd3e9c514f26b15cd0e81da553bdba217a4b021eaa2ce,76cc3775534774ea58f799ee1a64020724e5cefb,elapsed_s,185.78332319999754,s
cintron_ladder,S4_step_fault,static_affine,1,10.0,True,S4_step_fault__static_affine__seed1,2ddd431c649ca2b8ec1dd1fa3d1be7053e06b556b429fda303db43e771c49b4d,320c4e05e312df4a024a274474879a10d765f07f65ee3478b6ac1f7c31980d82,76cc3775534774ea58f799ee1a64020724e5cefb,elapsed_s,131.58862149999914,s
cintron_ladder,S4_step_fault,static_affine,2,10.0,True,S4_step_fault__static_affine__seed2,1319c874fdf7655f120c5fbb53cc4c8398e4675d47673de0fd98005d630b52b1,320c4e05e312df4a024a274474879a10d765f07f65ee3478b6ac1f7c31980d82,76cc3775534774ea58f799ee1a64020724e5cefb,elapsed_s,139.77072249999765,s
cintron_ladder,S4_step_fault,static_affine,3,10.0,True,S4_step_fault__static_affine__seed3,135fc15f1c43d85f0045c59ffbd10841f2a3be848d4153fded5d6a5d6a4e34a0,320c4e05e312df4a024a274474879a10d765f07f65ee3478b6ac1f7c31980d82,76cc3775534774ea58f799ee1a64020724e5cefb,elapsed_s,144.0134937000039,s
cintron_ladder,S4_step_fault,rls,1,10.0,True,S4_step_fault__rls__seed1,2ddd431c649ca2b8ec1dd1fa3d1be7053e06b556b429fda303db43e771c49b4d,7cfed748c1a23fa8b895d925c453ff71b8171df9f5c670346fe7006efecf7439,76cc3775534774ea58f799ee1a64020724e5cefb,elapsed_s,131.54679939999914,s
cintron_ladder,S4_step_fault,rls,2,10.0,True,S4_step_fault__rls__seed2,1319c874fdf7655f120c5fbb53cc4c8398e4675d47673de0fd98005d630b52b1,7cfed748c1a23fa8b895d925c453ff71b8171df9f5c670346fe7006efecf7439,76cc3775534774ea58f799ee1a64020724e5cefb,elapsed_s,133.2406095000042,s
cintron_ladder,S4_step_fault,rls,3,10.0,True,S4_step_fault__rls__seed3,135fc15f1c43d85f0045c59ffbd10841f2a3be848d4153fded5d6a5d6a4e34a0,7cfed748c1a23fa8b895d925c453ff71b8171df9f5c670346fe7006efecf7439,76cc3775534774ea58f799ee1a64020724e5cefb,elapsed_s,141.19779809999454,s
cintron_ladder,S4_step_fault,kalman,1,10.0,True,S4_step_fault__kalman__seed1,2ddd431c649ca2b8ec1dd1fa3d1be7053e06b556b429fda303db43e771c49b4d,6a7aa063ebf027f849ecd3e9c514f26b15cd0e81da553bdba217a4b021eaa2ce,76cc3775534774ea58f799ee1a64020724e5cefb,elapsed_s,142.47134150000056,s
cintron_ladder,S4_step_fault,kalman,2,10.0,True,S4_step_fault__kalman__seed2,1319c874fdf7655f120c5fbb53cc4c8398e4675d47673de0fd98005d630b52b1,6a7aa063ebf027f849ecd3e9c514f26b15cd0e81da553bdba217a4b021eaa2ce,76cc3775534774ea58f799ee1a64020724e5cefb,elapsed_s,124.10539349999453,s
cintron_ladder,S4_step_fault,kalman,3,10.0,True,S4_step_fault__kalman__seed3,135fc15f1c43d85f0045c59ffbd10841f2a3be848d4153fded5d6a5d6a4e34a0,6a7aa063ebf027f849ecd3e9c514f26b15cd0e81da553bdba217a4b021eaa2ce,76cc3775534774ea58f799ee1a64020724e5cefb,elapsed_s,128.6891398999942,s
cintron_ladder,S5_outage,static_affine,1,10.0,True,S5_outage__static_affine__seed1,a9fcc049f0f73db1ab44c7ca7ce4b41b05c1b293caabfeb3401f0bef2d75cce3,320c4e05e312df4a024a274474879a10d765f07f65ee3478b6ac1f7c31980d82,76cc3775534774ea58f799ee1a64020724e5cefb,elapsed_s,51.6816422999982,s
cintron_ladder,S5_outage,static_affine,2,10.0,True,S5_outage__static_affine__seed2,1510a2663b5f63da6b5b1385333b17c9beaafcd638df3bce3262b43d051f97e1,320c4e05e312df4a024a274474879a10d765f07f65ee3478b6ac1f7c31980d82,76cc3775534774ea58f799ee1a64020724e5cefb,elapsed_s,51.278023400001985,s
cintron_ladder,S5_outage,static_affine,3,10.0,True,S5_outage__static_affine__seed3,f84d5ae0ec8ad2f6df97000007a3d8ffecacea53aec887acf2f9adb90f328ec1,320c4e05e312df4a024a274474879a10d765f07f65ee3478b6ac1f7c31980d82,76cc3775534774ea58f799ee1a64020724e5cefb,elapsed_s,52.047174500003166,s
cintron_ladder,S5_outage,rls,1,10.0,True,S5_outage__rls__seed1,a9fcc049f0f73db1ab44c7ca7ce4b41b05c1b293caabfeb3401f0bef2d75cce3,7cfed748c1a23fa8b895d925c453ff71b8171df9f5c670346fe7006efecf7439,76cc3775534774ea58f799ee1a64020724e5cefb,elapsed_s,52.343036800004484,s
cintron_ladder,S5_outage,rls,2,10.0,True,S5_outage__rls__seed2,1510a2663b5f63da6b5b1385333b17c9beaafcd638df3bce3262b43d051f97e1,7cfed748c1a23fa8b895d925c453ff71b8171df9f5c670346fe7006efecf7439,76cc3775534774ea58f799ee1a64020724e5cefb,elapsed_s,54.788541000001715,s
cintron_ladder,S5_outage,rls,3,10.0,True,S5_outage__rls__seed3,f84d5ae0ec8ad2f6df97000007a3d8ffecacea53aec887acf2f9adb90f328ec1,7cfed748c1a23fa8b895d925c453ff71b8171df9f5c670346fe7006efecf7439,76cc3775534774ea58f799ee1a64020724e5cefb,elapsed_s,53.23533559999487,s
cintron_ladder,S5_outage,kalman,1,10.0,True,S5_outage__kalman__seed1,a9fcc049f0f73db1ab44c7ca7ce4b41b05c1b293caabfeb3401f0bef2d75cce3,6a7aa063ebf027f849ecd3e9c514f26b15cd0e81da553bdba217a4b021eaa2ce,76cc3775534774ea58f799ee1a64020724e5cefb,elapsed_s,48.79268460000458,s
cintron_ladder,S5_outage,kalman,2,10.0,True,S5_outage__kalman__seed2,1510a2663b5f63da6b5b1385333b17c9beaafcd638df3bce3262b43d051f97e1,6a7aa063ebf027f849ecd3e9c514f26b15cd0e81da553bdba217a4b021eaa2ce,76cc3775534774ea58f799ee1a64020724e5cefb,elapsed_s,50.25663009999698,s
cintron_ladder,S5_outage,kalman,3,10.0,True,S5_outage__kalman__seed3,f84d5ae0ec8ad2f6df97000007a3d8ffecacea53aec887acf2f9adb90f328ec1,6a7aa063ebf027f849ecd3e9c514f26b15cd0e81da553bdba217a4b021eaa2ce,76cc3775534774ea58f799ee1a64020724e5cefb,elapsed_s,54.04596329999913,s
cintron_ladder,S6_combined,static_affine,1,10.0,True,S6_combined__static_affine__seed1,5d4f2a11ab7b925de02ef1d34875af815611f0d172cbf30a820f6e4a5db791f7,320c4e05e312df4a024a274474879a10d765f07f65ee3478b6ac1f7c31980d82,76cc3775534774ea58f799ee1a64020724e5cefb,elapsed_s,419.60922030000074,s
cintron_ladder,S6_combined,static_affine,2,10.0,True,S6_combined__static_affine__seed2,d01e5c41507ccd6868ea37a1d0993c222e5af61f3b79e1372f0aceb13bdbcf73,320c4e05e312df4a024a274474879a10d765f07f65ee3478b6ac1f7c31980d82,76cc3775534774ea58f799ee1a64020724e5cefb,elapsed_s,403.2663074000011,s
cintron_ladder,S6_combined,static_affine,3,10.0,True,S6_combined__static_affine__seed3,023a22c68d81022af0f29d6a4d407ec5521336f357a4e5f5fbb3be2ea33f3920,320c4e05e312df4a024a274474879a10d765f07f65ee3478b6ac1f7c31980d82,76cc3775534774ea58f799ee1a64020724e5cefb,elapsed_s,407.0354570000054,s
cintron_ladder,S6_combined,rls,1,10.0,True,S6_combined__rls__seed1,5d4f2a11ab7b925de02ef1d34875af815611f0d172cbf30a820f6e4a5db791f7,7cfed748c1a23fa8b895d925c453ff71b8171df9f5c670346fe7006efecf7439,76cc3775534774ea58f799ee1a64020724e5cefb,elapsed_s,419.1569537000032,s
cintron_ladder,S6_combined,rls,2,10.0,True,S6_combined__rls__seed2,d01e5c41507ccd6868ea37a1d0993c222e5af61f3b79e1372f0aceb13bdbcf73,7cfed748c1a23fa8b895d925c453ff71b8171df9f5c670346fe7006efecf7439,76cc3775534774ea58f799ee1a64020724e5cefb,elapsed_s,388.3389370999939,s
cintron_ladder,S6_combined,rls,3,10.0,True,S6_combined__rls__seed3,023a22c68d81022af0f29d6a4d407ec5521336f357a4e5f5fbb3be2ea33f3920,7cfed748c1a23fa8b895d925c453ff71b8171df9f5c670346fe7006efecf7439,76cc3775534774ea58f799ee1a64020724e5cefb,elapsed_s,402.85518850000517,s
cintron_ladder,S6_combined,kalman,1,10.0,True,S6_combined__kalman__seed1,5d4f2a11ab7b925de02ef1d34875af815611f0d172cbf30a820f6e4a5db791f7,6a7aa063ebf027f849ecd3e9c514f26b15cd0e81da553bdba217a4b021eaa2ce,76cc3775534774ea58f799ee1a64020724e5cefb,elapsed_s,394.7363789999945,s
cintron_ladder,S6_combined,kalman,2,10.0,True,S6_combined__kalman__seed2,d01e5c41507ccd6868ea37a1d0993c222e5af61f3b79e1372f0aceb13bdbcf73,6a7aa063ebf027f849ecd3e9c514f26b15cd0e81da553bdba217a4b021eaa2ce,76cc3775534774ea58f799ee1a64020724e5cefb,elapsed_s,392.9689853000018,s
cintron_ladder,S6_combined,kalman,3,10.0,True,S6_combined__kalman__seed3,023a22c68d81022af0f29d6a4d407ec5521336f357a4e5f5fbb3be2ea33f3920,6a7aa063ebf027f849ecd3e9c514f26b15cd0e81da553bdba217a4b021eaa2ce,76cc3775534774ea58f799ee1a64020724e5cefb,elapsed_s,421.7891093999933,s
cintron_ladder,S7_sparse_reference,static_affine,1,10.0,True,S7_sparse_reference__static_affine__seed1,398c721afafcfb355a753ac0cfd1ebcf65a21a6ef468740ce93012df90f00ec4,320c4e05e312df4a024a274474879a10d765f07f65ee3478b6ac1f7c31980d82,76cc3775534774ea58f799ee1a64020724e5cefb,elapsed_s,131.0329047999985,s
cintron_ladder,S7_sparse_reference,static_affine,2,10.0,True,S7_sparse_reference__static_affine__seed2,1301d7f22942f2e6619dcc555486092a7c3c37061e6b225ed3f3da3b3ca3b132,320c4e05e312df4a024a274474879a10d765f07f65ee3478b6ac1f7c31980d82,76cc3775534774ea58f799ee1a64020724e5cefb,elapsed_s,128.66745889998856,s
cintron_ladder,S7_sparse_reference,static_affine,3,10.0,True,S7_sparse_reference__static_affine__seed3,32e0738c82819c8cd4653a676dda0f9f67168b628ffc2846dce20179bf21a707,320c4e05e312df4a024a274474879a10d765f07f65ee3478b6ac1f7c31980d82,76cc3775534774ea58f799ee1a64020724e5cefb,elapsed_s,135.25927490000322,s
cintron_ladder,S7_sparse_reference,rls,1,10.0,True,S7_sparse_reference__rls__seed1,398c721afafcfb355a753ac0cfd1ebcf65a21a6ef468740ce93012df90f00ec4,7cfed748c1a23fa8b895d925c453ff71b8171df9f5c670346fe7006efecf7439,76cc3775534774ea58f799ee1a64020724e5cefb,elapsed_s,131.27895800000988,s
cintron_ladder,S7_sparse_reference,rls,2,10.0,True,S7_sparse_reference__rls__seed2,1301d7f22942f2e6619dcc555486092a7c3c37061e6b225ed3f3da3b3ca3b132,7cfed748c1a23fa8b895d925c453ff71b8171df9f5c670346fe7006efecf7439,76cc3775534774ea58f799ee1a64020724e5cefb,elapsed_s,131.3388765000127,s
cintron_ladder,S7_sparse_reference,rls,3,10.0,True,S7_sparse_reference__rls__seed3,32e0738c82819c8cd4653a676dda0f9f67168b628ffc2846dce20179bf21a707,7cfed748c1a23fa8b895d925c453ff71b8171df9f5c670346fe7006efecf7439,76cc3775534774ea58f799ee1a64020724e5cefb,elapsed_s,128.34376829999383,s
cintron_ladder,S7_sparse_reference,kalman,1,10.0,True,S7_sparse_reference__kalman__seed1,398c721afafcfb355a753ac0cfd1ebcf65a21a6ef468740ce93012df90f00ec4,6a7aa063ebf027f849ecd3e9c514f26b15cd0e81da553bdba217a4b021eaa2ce,76cc3775534774ea58f799ee1a64020724e5cefb,elapsed_s,133.28463490000286,s
cintron_ladder,S7_sparse_reference,kalman,2,10.0,True,S7_sparse_reference__kalman__seed2,1301d7f22942f2e6619dcc555486092a7c3c37061e6b225ed3f3da3b3ca3b132,6a7aa063ebf027f849ecd3e9c514f26b15cd0e81da553bdba217a4b021eaa2ce,76cc3775534774ea58f799ee1a64020724e5cefb,elapsed_s,138.63618430000497,s
cintron_ladder,S7_sparse_reference,kalman,3,10.0,True,S7_sparse_reference__kalman__seed3,32e0738c82819c8cd4653a676dda0f9f67168b628ffc2846dce20179bf21a707,6a7aa063ebf027f849ecd3e9c514f26b15cd0e81da553bdba217a4b021eaa2ce,76cc3775534774ea58f799ee1a64020724e5cefb,elapsed_s,133.38273040000058,s
cintron_ladder,S1_nominal,static_affine,1,10.0,True,S1_nominal__static_affine__seed1,2a7e164a7e04cfa5ac607c92ecf3c4a53c40e90964e7a047230c36cd233b8751,320c4e05e312df4a024a274474879a10d765f07f65ee3478b6ac1f7c31980d82,76cc3775534774ea58f799ee1a64020724e5cefb,false_alarms_per_hour,0.0,1/h
cintron_ladder,S1_nominal,static_affine,2,10.0,True,S1_nominal__static_affine__seed2,fa2ca240ac17605f28e43b1573d61379f65c20aab226bb0fcf8af13e416712a1,320c4e05e312df4a024a274474879a10d765f07f65ee3478b6ac1f7c31980d82,76cc3775534774ea58f799ee1a64020724e5cefb,false_alarms_per_hour,0.0,1/h
cintron_ladder,S1_nominal,static_affine,3,10.0,True,S1_nominal__static_affine__seed3,e2bb79b9efe0975489e6c62e2c85ebeea90bcc05eddf00c5e3397cde3d2a9805,320c4e05e312df4a024a274474879a10d765f07f65ee3478b6ac1f7c31980d82,76cc3775534774ea58f799ee1a64020724e5cefb,false_alarms_per_hour,0.0,1/h
cintron_ladder,S1_nominal,rls,1,10.0,True,S1_nominal__rls__seed1,2a7e164a7e04cfa5ac607c92ecf3c4a53c40e90964e7a047230c36cd233b8751,7cfed748c1a23fa8b895d925c453ff71b8171df9f5c670346fe7006efecf7439,76cc3775534774ea58f799ee1a64020724e5cefb,false_alarms_per_hour,0.0,1/h
cintron_ladder,S1_nominal,rls,2,10.0,True,S1_nominal__rls__seed2,fa2ca240ac17605f28e43b1573d61379f65c20aab226bb0fcf8af13e416712a1,7cfed748c1a23fa8b895d925c453ff71b8171df9f5c670346fe7006efecf7439,76cc3775534774ea58f799ee1a64020724e5cefb,false_alarms_per_hour,0.0,1/h
cintron_ladder,S1_nominal,rls,3,10.0,True,S1_nominal__rls__seed3,e2bb79b9efe0975489e6c62e2c85ebeea90bcc05eddf00c5e3397cde3d2a9805,7cfed748c1a23fa8b895d925c453ff71b8171df9f5c670346fe7006efecf7439,76cc3775534774ea58f799ee1a64020724e5cefb,false_alarms_per_hour,0.0,1/h
cintron_ladder,S1_nominal,kalman,1,10.0,True,S1_nominal__kalman__seed1,2a7e164a7e04cfa5ac607c92ecf3c4a53c40e90964e7a047230c36cd233b8751,6a7aa063ebf027f849ecd3e9c514f26b15cd0e81da553bdba217a4b021eaa2ce,76cc3775534774ea58f799ee1a64020724e5cefb,false_alarms_per_hour,0.0,1/h
cintron_ladder,S1_nominal,kalman,2,10.0,True,S1_nominal__kalman__seed2,fa2ca240ac17605f28e43b1573d61379f65c20aab226bb0fcf8af13e416712a1,6a7aa063ebf027f849ecd3e9c514f26b15cd0e81da553bdba217a4b021eaa2ce,76cc3775534774ea58f799ee1a64020724e5cefb,false_alarms_per_hour,0.0,1/h
cintron_ladder,S1_nominal,kalman,3,10.0,True,S1_nominal__kalman__seed3,e2bb79b9efe0975489e6c62e2c85ebeea90bcc05eddf00c5e3397cde3d2a9805,6a7aa063ebf027f849ecd3e9c514f26b15cd0e81da553bdba217a4b021eaa2ce,76cc3775534774ea58f799ee1a64020724e5cefb,false_alarms_per_hour,0.0,1/h
cintron_ladder,S2_thermal_cycle,static_affine,1,10.0,True,S2_thermal_cycle__static_affine__seed1,f5077dc87411ed3b1d5de66609f9ade74b2b190d2ee2584a79de6dbb70344dee,320c4e05e312df4a024a274474879a10d765f07f65ee3478b6ac1f7c31980d82,76cc3775534774ea58f799ee1a64020724e5cefb,false_alarms_per_hour,0.041666666666666664,1/h
cintron_ladder,S2_thermal_cycle,static_affine,2,10.0,True,S2_thermal_cycle__static_affine__seed2,464a9ded5d97e5522353c10b5f4e7d6fb82021b240fd00240425a619b73a60c1,320c4e05e312df4a024a274474879a10d765f07f65ee3478b6ac1f7c31980d82,76cc3775534774ea58f799ee1a64020724e5cefb,false_alarms_per_hour,0.027777777777777776,1/h
cintron_ladder,S2_thermal_cycle,static_affine,3,10.0,True,S2_thermal_cycle__static_affine__seed3,9f3ded4a30a0049ceb88c4dd85f0059c2f7ecb82b310ae3424cc48f8b5e42da5,320c4e05e312df4a024a274474879a10d765f07f65ee3478b6ac1f7c31980d82,76cc3775534774ea58f799ee1a64020724e5cefb,false_alarms_per_hour,0.027777777777777776,1/h
cintron_ladder,S2_thermal_cycle,rls,1,10.0,True,S2_thermal_cycle__rls__seed1,f5077dc87411ed3b1d5de66609f9ade74b2b190d2ee2584a79de6dbb70344dee,7cfed748c1a23fa8b895d925c453ff71b8171df9f5c670346fe7006efecf7439,76cc3775534774ea58f799ee1a64020724e5cefb,false_alarms_per_hour,0.027777777777777776,1/h
cintron_ladder,S2_thermal_cycle,rls,2,10.0,True,S2_thermal_cycle__rls__seed2,464a9ded5d97e5522353c10b5f4e7d6fb82021b240fd00240425a619b73a60c1,7cfed748c1a23fa8b895d925c453ff71b8171df9f5c670346fe7006efecf7439,76cc3775534774ea58f799ee1a64020724e5cefb,false_alarms_per_hour,0.027777777777777776,1/h
cintron_ladder,S2_thermal_cycle,rls,3,10.0,True,S2_thermal_cycle__rls__seed3,9f3ded4a30a0049ceb88c4dd85f0059c2f7ecb82b310ae3424cc48f8b5e42da5,7cfed748c1a23fa8b895d925c453ff71b8171df9f5c670346fe7006efecf7439,76cc3775534774ea58f799ee1a64020724e5cefb,false_alarms_per_hour,0.027777777777777776,1/h
cintron_ladder,S2_thermal_cycle,kalman,1,10.0,True,S2_thermal_cycle__kalman__seed1,f5077dc87411ed3b1d5de66609f9ade74b2b190d2ee2584a79de6dbb70344dee,6a7aa063ebf027f849ecd3e9c514f26b15cd0e81da553bdba217a4b021eaa2ce,76cc3775534774ea58f799ee1a64020724e5cefb,false_alarms_per_hour,0.013888888888888888,1/h
cintron_ladder,S2_thermal_cycle,kalman,2,10.0,True,S2_thermal_cycle__kalman__seed2,464a9ded5d97e5522353c10b5f4e7d6fb82021b240fd00240425a619b73a60c1,6a7aa063ebf027f849ecd3e9c514f26b15cd0e81da553bdba217a4b021eaa2ce,76cc3775534774ea58f799ee1a64020724e5cefb,false_alarms_per_hour,0.027777777777777776,1/h
cintron_ladder,S2_thermal_cycle,kalman,3,10.0,True,S2_thermal_cycle__kalman__seed3,9f3ded4a30a0049ceb88c4dd85f0059c2f7ecb82b310ae3424cc48f8b5e42da5,6a7aa063ebf027f849ecd3e9c514f26b15cd0e81da553bdba217a4b021eaa2ce,76cc3775534774ea58f799ee1a64020724e5cefb,false_alarms_per_hour,0.027777777777777776,1/h
cintron_ladder,S3_zero_drift_walk,static_affine,1,10.0,True,S3_zero_drift_walk__static_affine__seed1,e7b981f1a695ead56faf9a26e3ac56f7cf242bda6227b5aabd270e829bc92da5,320c4e05e312df4a024a274474879a10d765f07f65ee3478b6ac1f7c31980d82,76cc3775534774ea58f799ee1a64020724e5cefb,false_alarms_per_hour,0.0,1/h
cintron_ladder,S3_zero_drift_walk,static_affine,2,10.0,True,S3_zero_drift_walk__static_affine__seed2,8aaeb0ed7c28c2b0ee4c567f78a99e1728b00afc703637facbb86bff31b40b49,320c4e05e312df4a024a274474879a10d765f07f65ee3478b6ac1f7c31980d82,76cc3775534774ea58f799ee1a64020724e5cefb,false_alarms_per_hour,0.0,1/h
cintron_ladder,S3_zero_drift_walk,static_affine,3,10.0,True,S3_zero_drift_walk__static_affine__seed3,b63f96c73e8c77b630930fed7883f11ae94db4991b7977259a58ca8a4af785b0,320c4e05e312df4a024a274474879a10d765f07f65ee3478b6ac1f7c31980d82,76cc3775534774ea58f799ee1a64020724e5cefb,false_alarms_per_hour,0.041666666666666664,1/h
cintron_ladder,S3_zero_drift_walk,rls,1,10.0,True,S3_zero_drift_walk__rls__seed1,e7b981f1a695ead56faf9a26e3ac56f7cf242bda6227b5aabd270e829bc92da5,7cfed748c1a23fa8b895d925c453ff71b8171df9f5c670346fe7006efecf7439,76cc3775534774ea58f799ee1a64020724e5cefb,false_alarms_per_hour,0.0,1/h
cintron_ladder,S3_zero_drift_walk,rls,2,10.0,True,S3_zero_drift_walk__rls__seed2,8aaeb0ed7c28c2b0ee4c567f78a99e1728b00afc703637facbb86bff31b40b49,7cfed748c1a23fa8b895d925c453ff71b8171df9f5c670346fe7006efecf7439,76cc3775534774ea58f799ee1a64020724e5cefb,false_alarms_per_hour,0.041666666666666664,1/h
cintron_ladder,S3_zero_drift_walk,rls,3,10.0,True,S3_zero_drift_walk__rls__seed3,b63f96c73e8c77b630930fed7883f11ae94db4991b7977259a58ca8a4af785b0,7cfed748c1a23fa8b895d925c453ff71b8171df9f5c670346fe7006efecf7439,76cc3775534774ea58f799ee1a64020724e5cefb,false_alarms_per_hour,0.041666666666666664,1/h
cintron_ladder,S3_zero_drift_walk,kalman,1,10.0,True,S3_zero_drift_walk__kalman__seed1,e7b981f1a695ead56faf9a26e3ac56f7cf242bda6227b5aabd270e829bc92da5,6a7aa063ebf027f849ecd3e9c514f26b15cd0e81da553bdba217a4b021eaa2ce,76cc3775534774ea58f799ee1a64020724e5cefb,false_alarms_per_hour,0.0,1/h
cintron_ladder,S3_zero_drift_walk,kalman,2,10.0,True,S3_zero_drift_walk__kalman__seed2,8aaeb0ed7c28c2b0ee4c567f78a99e1728b00afc703637facbb86bff31b40b49,6a7aa063ebf027f849ecd3e9c514f26b15cd0e81da553bdba217a4b021eaa2ce,76cc3775534774ea58f799ee1a64020724e5cefb,false_alarms_per_hour,0.041666666666666664,1/h
cintron_ladder,S3_zero_drift_walk,kalman,3,10.0,True,S3_zero_drift_walk__kalman__seed3,b63f96c73e8c77b630930fed7883f11ae94db4991b7977259a58ca8a4af785b0,6a7aa063ebf027f849ecd3e9c514f26b15cd0e81da553bdba217a4b021eaa2ce,76cc3775534774ea58f799ee1a64020724e5cefb,false_alarms_per_hour,0.0,1/h
cintron_ladder,S4_step_fault,static_affine,1,10.0,True,S4_step_fault__static_affine__seed1,2ddd431c649ca2b8ec1dd1fa3d1be7053e06b556b429fda303db43e771c49b4d,320c4e05e312df4a024a274474879a10d765f07f65ee3478b6ac1f7c31980d82,76cc3775534774ea58f799ee1a64020724e5cefb,false_alarms_per_hour,0.125,1/h
cintron_ladder,S4_step_fault,static_affine,2,10.0,True,S4_step_fault__static_affine__seed2,1319c874fdf7655f120c5fbb53cc4c8398e4675d47673de0fd98005d630b52b1,320c4e05e312df4a024a274474879a10d765f07f65ee3478b6ac1f7c31980d82,76cc3775534774ea58f799ee1a64020724e5cefb,false_alarms_per_hour,0.0625,1/h
cintron_ladder,S4_step_fault,static_affine,3,10.0,True,S4_step_fault__static_affine__seed3,135fc15f1c43d85f0045c59ffbd10841f2a3be848d4153fded5d6a5d6a4e34a0,320c4e05e312df4a024a274474879a10d765f07f65ee3478b6ac1f7c31980d82,76cc3775534774ea58f799ee1a64020724e5cefb,false_alarms_per_hour,0.125,1/h
cintron_ladder,S4_step_fault,rls,1,10.0,True,S4_step_fault__rls__seed1,2ddd431c649ca2b8ec1dd1fa3d1be7053e06b556b429fda303db43e771c49b4d,7cfed748c1a23fa8b895d925c453ff71b8171df9f5c670346fe7006efecf7439,76cc3775534774ea58f799ee1a64020724e5cefb,false_alarms_per_hour,0.0625,1/h
cintron_ladder,S4_step_fault,rls,2,10.0,True,S4_step_fault__rls__seed2,1319c874fdf7655f120c5fbb53cc4c8398e4675d47673de0fd98005d630b52b1,7cfed748c1a23fa8b895d925c453ff71b8171df9f5c670346fe7006efecf7439,76cc3775534774ea58f799ee1a64020724e5cefb,false_alarms_per_hour,0.0625,1/h
cintron_ladder,S4_step_fault,rls,3,10.0,True,S4_step_fault__rls__seed3,135fc15f1c43d85f0045c59ffbd10841f2a3be848d4153fded5d6a5d6a4e34a0,7cfed748c1a23fa8b895d925c453ff71b8171df9f5c670346fe7006efecf7439,76cc3775534774ea58f799ee1a64020724e5cefb,false_alarms_per_hour,0.125,1/h
cintron_ladder,S4_step_fault,kalman,1,10.0,True,S4_step_fault__kalman__seed1,2ddd431c649ca2b8ec1dd1fa3d1be7053e06b556b429fda303db43e771c49b4d,6a7aa063ebf027f849ecd3e9c514f26b15cd0e81da553bdba217a4b021eaa2ce,76cc3775534774ea58f799ee1a64020724e5cefb,false_alarms_per_hour,0.0625,1/h
cintron_ladder,S4_step_fault,kalman,2,10.0,True,S4_step_fault__kalman__seed2,1319c874fdf7655f120c5fbb53cc4c8398e4675d47673de0fd98005d630b52b1,6a7aa063ebf027f849ecd3e9c514f26b15cd0e81da553bdba217a4b021eaa2ce,76cc3775534774ea58f799ee1a64020724e5cefb,false_alarms_per_hour,0.0,1/h
cintron_ladder,S4_step_fault,kalman,3,10.0,True,S4_step_fault__kalman__seed3,135fc15f1c43d85f0045c59ffbd10841f2a3be848d4153fded5d6a5d6a4e34a0,6a7aa063ebf027f849ecd3e9c514f26b15cd0e81da553bdba217a4b021eaa2ce,76cc3775534774ea58f799ee1a64020724e5cefb,false_alarms_per_hour,0.0625,1/h
cintron_ladder,S5_outage,static_affine,1,10.0,True,S5_outage__static_affine__seed1,a9fcc049f0f73db1ab44c7ca7ce4b41b05c1b293caabfeb3401f0bef2d75cce3,320c4e05e312df4a024a274474879a10d765f07f65ee3478b6ac1f7c31980d82,76cc3775534774ea58f799ee1a64020724e5cefb,false_alarms_per_hour,0.16666666666666666,1/h
cintron_ladder,S5_outage,static_affine,2,10.0,True,S5_outage__static_affine__seed2,1510a2663b5f63da6b5b1385333b17c9beaafcd638df3bce3262b43d051f97e1,320c4e05e312df4a024a274474879a10d765f07f65ee3478b6ac1f7c31980d82,76cc3775534774ea58f799ee1a64020724e5cefb,false_alarms_per_hour,0.0,1/h
cintron_ladder,S5_outage,static_affine,3,10.0,True,S5_outage__static_affine__seed3,f84d5ae0ec8ad2f6df97000007a3d8ffecacea53aec887acf2f9adb90f328ec1,320c4e05e312df4a024a274474879a10d765f07f65ee3478b6ac1f7c31980d82,76cc3775534774ea58f799ee1a64020724e5cefb,false_alarms_per_hour,0.0,1/h
cintron_ladder,S5_outage,rls,1,10.0,True,S5_outage__rls__seed1,a9fcc049f0f73db1ab44c7ca7ce4b41b05c1b293caabfeb3401f0bef2d75cce3,7cfed748c1a23fa8b895d925c453ff71b8171df9f5c670346fe7006efecf7439,76cc3775534774ea58f799ee1a64020724e5cefb,false_alarms_per_hour,0.16666666666666666,1/h
cintron_ladder,S5_outage,rls,2,10.0,True,S5_outage__rls__seed2,1510a2663b5f63da6b5b1385333b17c9beaafcd638df3bce3262b43d051f97e1,7cfed748c1a23fa8b895d925c453ff71b8171df9f5c670346fe7006efecf7439,76cc3775534774ea58f799ee1a64020724e5cefb,false_alarms_per_hour,0.0,1/h
cintron_ladder,S5_outage,rls,3,10.0,True,S5_outage__rls__seed3,f84d5ae0ec8ad2f6df97000007a3d8ffecacea53aec887acf2f9adb90f328ec1,7cfed748c1a23fa8b895d925c453ff71b8171df9f5c670346fe7006efecf7439,76cc3775534774ea58f799ee1a64020724e5cefb,false_alarms_per_hour,0.0,1/h
cintron_ladder,S5_outage,kalman,1,10.0,True,S5_outage__kalman__seed1,a9fcc049f0f73db1ab44c7ca7ce4b41b05c1b293caabfeb3401f0bef2d75cce3,6a7aa063ebf027f849ecd3e9c514f26b15cd0e81da553bdba217a4b021eaa2ce,76cc3775534774ea58f799ee1a64020724e5cefb,false_alarms_per_hour,0.0,1/h
cintron_ladder,S5_outage,kalman,2,10.0,True,S5_outage__kalman__seed2,1510a2663b5f63da6b5b1385333b17c9beaafcd638df3bce3262b43d051f97e1,6a7aa063ebf027f849ecd3e9c514f26b15cd0e81da553bdba217a4b021eaa2ce,76cc3775534774ea58f799ee1a64020724e5cefb,false_alarms_per_hour,0.0,1/h
cintron_ladder,S5_outage,kalman,3,10.0,True,S5_outage__kalman__seed3,f84d5ae0ec8ad2f6df97000007a3d8ffecacea53aec887acf2f9adb90f328ec1,6a7aa063ebf027f849ecd3e9c514f26b15cd0e81da553bdba217a4b021eaa2ce,76cc3775534774ea58f799ee1a64020724e5cefb,false_alarms_per_hour,0.0,1/h
cintron_ladder,S6_combined,static_affine,1,10.0,True,S6_combined__static_affine__seed1,5d4f2a11ab7b925de02ef1d34875af815611f0d172cbf30a820f6e4a5db791f7,320c4e05e312df4a024a274474879a10d765f07f65ee3478b6ac1f7c31980d82,76cc3775534774ea58f799ee1a64020724e5cefb,false_alarms_per_hour,0.041666666666666664,1/h
cintron_ladder,S6_combined,static_affine,2,10.0,True,S6_combined__static_affine__seed2,d01e5c41507ccd6868ea37a1d0993c222e5af61f3b79e1372f0aceb13bdbcf73,320c4e05e312df4a024a274474879a10d765f07f65ee3478b6ac1f7c31980d82,76cc3775534774ea58f799ee1a64020724e5cefb,false_alarms_per_hour,0.020833333333333332,1/h
cintron_ladder,S6_combined,static_affine,3,10.0,True,S6_combined__static_affine__seed3,023a22c68d81022af0f29d6a4d407ec5521336f357a4e5f5fbb3be2ea33f3920,320c4e05e312df4a024a274474879a10d765f07f65ee3478b6ac1f7c31980d82,76cc3775534774ea58f799ee1a64020724e5cefb,false_alarms_per_hour,0.0625,1/h
cintron_ladder,S6_combined,rls,1,10.0,True,S6_combined__rls__seed1,5d4f2a11ab7b925de02ef1d34875af815611f0d172cbf30a820f6e4a5db791f7,7cfed748c1a23fa8b895d925c453ff71b8171df9f5c670346fe7006efecf7439,76cc3775534774ea58f799ee1a64020724e5cefb,false_alarms_per_hour,0.041666666666666664,1/h
cintron_ladder,S6_combined,rls,2,10.0,True,S6_combined__rls__seed2,d01e5c41507ccd6868ea37a1d0993c222e5af61f3b79e1372f0aceb13bdbcf73,7cfed748c1a23fa8b895d925c453ff71b8171df9f5c670346fe7006efecf7439,76cc3775534774ea58f799ee1a64020724e5cefb,false_alarms_per_hour,0.041666666666666664,1/h
cintron_ladder,S6_combined,rls,3,10.0,True,S6_combined__rls__seed3,023a22c68d81022af0f29d6a4d407ec5521336f357a4e5f5fbb3be2ea33f3920,7cfed748c1a23fa8b895d925c453ff71b8171df9f5c670346fe7006efecf7439,76cc3775534774ea58f799ee1a64020724e5cefb,false_alarms_per_hour,0.041666666666666664,1/h
cintron_ladder,S6_combined,kalman,1,10.0,True,S6_combined__kalman__seed1,5d4f2a11ab7b925de02ef1d34875af815611f0d172cbf30a820f6e4a5db791f7,6a7aa063ebf027f849ecd3e9c514f26b15cd0e81da553bdba217a4b021eaa2ce,76cc3775534774ea58f799ee1a64020724e5cefb,false_alarms_per_hour,0.041666666666666664,1/h
cintron_ladder,S6_combined,kalman,2,10.0,True,S6_combined__kalman__seed2,d01e5c41507ccd6868ea37a1d0993c222e5af61f3b79e1372f0aceb13bdbcf73,6a7aa063ebf027f849ecd3e9c514f26b15cd0e81da553bdba217a4b021eaa2ce,76cc3775534774ea58f799ee1a64020724e5cefb,false_alarms_per_hour,0.020833333333333332,1/h
cintron_ladder,S6_combined,kalman,3,10.0,True,S6_combined__kalman__seed3,023a22c68d81022af0f29d6a4d407ec5521336f357a4e5f5fbb3be2ea33f3920,6a7aa063ebf027f849ecd3e9c514f26b15cd0e81da553bdba217a4b021eaa2ce,76cc3775534774ea58f799ee1a64020724e5cefb,false_alarms_per_hour,0.041666666666666664,1/h
cintron_ladder,S7_sparse_reference,static_affine,1,10.0,True,S7_sparse_reference__static_affine__seed1,398c721afafcfb355a753ac0cfd1ebcf65a21a6ef468740ce93012df90f00ec4,320c4e05e312df4a024a274474879a10d765f07f65ee3478b6ac1f7c31980d82,76cc3775534774ea58f799ee1a64020724e5cefb,false_alarms_per_hour,0.16666666666666666,1/h
cintron_ladder,S7_sparse_reference,static_affine,2,10.0,True,S7_sparse_reference__static_affine__seed2,1301d7f22942f2e6619dcc555486092a7c3c37061e6b225ed3f3da3b3ca3b132,320c4e05e312df4a024a274474879a10d765f07f65ee3478b6ac1f7c31980d82,76cc3775534774ea58f799ee1a64020724e5cefb,false_alarms_per_hour,0.25,1/h
cintron_ladder,S7_sparse_reference,static_affine,3,10.0,True,S7_sparse_reference__static_affine__seed3,32e0738c82819c8cd4653a676dda0f9f67168b628ffc2846dce20179bf21a707,320c4e05e312df4a024a274474879a10d765f07f65ee3478b6ac1f7c31980d82,76cc3775534774ea58f799ee1a64020724e5cefb,false_alarms_per_hour,0.25,1/h
cintron_ladder,S7_sparse_reference,rls,1,10.0,True,S7_sparse_reference__rls__seed1,398c721afafcfb355a753ac0cfd1ebcf65a21a6ef468740ce93012df90f00ec4,7cfed748c1a23fa8b895d925c453ff71b8171df9f5c670346fe7006efecf7439,76cc3775534774ea58f799ee1a64020724e5cefb,false_alarms_per_hour,0.0,1/h
cintron_ladder,S7_sparse_reference,rls,2,10.0,True,S7_sparse_reference__rls__seed2,1301d7f22942f2e6619dcc555486092a7c3c37061e6b225ed3f3da3b3ca3b132,7cfed748c1a23fa8b895d925c453ff71b8171df9f5c670346fe7006efecf7439,76cc3775534774ea58f799ee1a64020724e5cefb,false_alarms_per_hour,0.08333333333333333,1/h
cintron_ladder,S7_sparse_reference,rls,3,10.0,True,S7_sparse_reference__rls__seed3,32e0738c82819c8cd4653a676dda0f9f67168b628ffc2846dce20179bf21a707,7cfed748c1a23fa8b895d925c453ff71b8171df9f5c670346fe7006efecf7439,76cc3775534774ea58f799ee1a64020724e5cefb,false_alarms_per_hour,0.16666666666666666,1/h
cintron_ladder,S7_sparse_reference,kalman,1,10.0,True,S7_sparse_reference__kalman__seed1,398c721afafcfb355a753ac0cfd1ebcf65a21a6ef468740ce93012df90f00ec4,6a7aa063ebf027f849ecd3e9c514f26b15cd0e81da553bdba217a4b021eaa2ce,76cc3775534774ea58f799ee1a64020724e5cefb,false_alarms_per_hour,0.0,1/h
cintron_ladder,S7_sparse_reference,kalman,2,10.0,True,S7_sparse_reference__kalman__seed2,1301d7f22942f2e6619dcc555486092a7c3c37061e6b225ed3f3da3b3ca3b132,6a7aa063ebf027f849ecd3e9c514f26b15cd0e81da553bdba217a4b021eaa2ce,76cc3775534774ea58f799ee1a64020724e5cefb,false_alarms_per_hour,0.08333333333333333,1/h
cintron_ladder,S7_sparse_reference,kalman,3,10.0,True,S7_sparse_reference__kalman__seed3,32e0738c82819c8cd4653a676dda0f9f67168b628ffc2846dce20179bf21a707,6a7aa063ebf027f849ecd3e9c514f26b15cd0e81da553bdba217a4b021eaa2ce,76cc3775534774ea58f799ee1a64020724e5cefb,false_alarms_per_hour,0.16666666666666666,1/h
cintron_ladder,S1_nominal,static_affine,1,10.0,True,S1_nominal__static_affine__seed1,2a7e164a7e04cfa5ac607c92ecf3c4a53c40e90964e7a047230c36cd233b8751,320c4e05e312df4a024a274474879a10d765f07f65ee3478b6ac1f7c31980d82,76cc3775534774ea58f799ee1a64020724e5cefb,n_truth,1359.0,count
cintron_ladder,S1_nominal,static_affine,2,10.0,True,S1_nominal__static_affine__seed2,fa2ca240ac17605f28e43b1573d61379f65c20aab226bb0fcf8af13e416712a1,320c4e05e312df4a024a274474879a10d765f07f65ee3478b6ac1f7c31980d82,76cc3775534774ea58f799ee1a64020724e5cefb,n_truth,1420.0,count
cintron_ladder,S1_nominal,static_affine,3,10.0,True,S1_nominal__static_affine__seed3,e2bb79b9efe0975489e6c62e2c85ebeea90bcc05eddf00c5e3397cde3d2a9805,320c4e05e312df4a024a274474879a10d765f07f65ee3478b6ac1f7c31980d82,76cc3775534774ea58f799ee1a64020724e5cefb,n_truth,1396.0,count
cintron_ladder,S1_nominal,rls,1,10.0,True,S1_nominal__rls__seed1,2a7e164a7e04cfa5ac607c92ecf3c4a53c40e90964e7a047230c36cd233b8751,7cfed748c1a23fa8b895d925c453ff71b8171df9f5c670346fe7006efecf7439,76cc3775534774ea58f799ee1a64020724e5cefb,n_truth,1359.0,count
cintron_ladder,S1_nominal,rls,2,10.0,True,S1_nominal__rls__seed2,fa2ca240ac17605f28e43b1573d61379f65c20aab226bb0fcf8af13e416712a1,7cfed748c1a23fa8b895d925c453ff71b8171df9f5c670346fe7006efecf7439,76cc3775534774ea58f799ee1a64020724e5cefb,n_truth,1420.0,count
cintron_ladder,S1_nominal,rls,3,10.0,True,S1_nominal__rls__seed3,e2bb79b9efe0975489e6c62e2c85ebeea90bcc05eddf00c5e3397cde3d2a9805,7cfed748c1a23fa8b895d925c453ff71b8171df9f5c670346fe7006efecf7439,76cc3775534774ea58f799ee1a64020724e5cefb,n_truth,1396.0,count
cintron_ladder,S1_nominal,kalman,1,10.0,True,S1_nominal__kalman__seed1,2a7e164a7e04cfa5ac607c92ecf3c4a53c40e90964e7a047230c36cd233b8751,6a7aa063ebf027f849ecd3e9c514f26b15cd0e81da553bdba217a4b021eaa2ce,76cc3775534774ea58f799ee1a64020724e5cefb,n_truth,1359.0,count
cintron_ladder,S1_nominal,kalman,2,10.0,True,S1_nominal__kalman__seed2,fa2ca240ac17605f28e43b1573d61379f65c20aab226bb0fcf8af13e416712a1,6a7aa063ebf027f849ecd3e9c514f26b15cd0e81da553bdba217a4b021eaa2ce,76cc3775534774ea58f799ee1a64020724e5cefb,n_truth,1420.0,count
cintron_ladder,S1_nominal,kalman,3,10.0,True,S1_nominal__kalman__seed3,e2bb79b9efe0975489e6c62e2c85ebeea90bcc05eddf00c5e3397cde3d2a9805,6a7aa063ebf027f849ecd3e9c514f26b15cd0e81da553bdba217a4b021eaa2ce,76cc3775534774ea58f799ee1a64020724e5cefb,n_truth,1396.0,count
cintron_ladder,S2_thermal_cycle,static_affine,1,10.0,True,S2_thermal_cycle__static_affine__seed1,f5077dc87411ed3b1d5de66609f9ade74b2b190d2ee2584a79de6dbb70344dee,320c4e05e312df4a024a274474879a10d765f07f65ee3478b6ac1f7c31980d82,76cc3775534774ea58f799ee1a64020724e5cefb,n_truth,12870.0,count
cintron_ladder,S2_thermal_cycle,static_affine,2,10.0,True,S2_thermal_cycle__static_affine__seed2,464a9ded5d97e5522353c10b5f4e7d6fb82021b240fd00240425a619b73a60c1,320c4e05e312df4a024a274474879a10d765f07f65ee3478b6ac1f7c31980d82,76cc3775534774ea58f799ee1a64020724e5cefb,n_truth,12955.0,count
cintron_ladder,S2_thermal_cycle,static_affine,3,10.0,True,S2_thermal_cycle__static_affine__seed3,9f3ded4a30a0049ceb88c4dd85f0059c2f7ecb82b310ae3424cc48f8b5e42da5,320c4e05e312df4a024a274474879a10d765f07f65ee3478b6ac1f7c31980d82,76cc3775534774ea58f799ee1a64020724e5cefb,n_truth,13027.0,count
cintron_ladder,S2_thermal_cycle,rls,1,10.0,True,S2_thermal_cycle__rls__seed1,f5077dc87411ed3b1d5de66609f9ade74b2b190d2ee2584a79de6dbb70344dee,7cfed748c1a23fa8b895d925c453ff71b8171df9f5c670346fe7006efecf7439,76cc3775534774ea58f799ee1a64020724e5cefb,n_truth,12870.0,count
cintron_ladder,S2_thermal_cycle,rls,2,10.0,True,S2_thermal_cycle__rls__seed2,464a9ded5d97e5522353c10b5f4e7d6fb82021b240fd00240425a619b73a60c1,7cfed748c1a23fa8b895d925c453ff71b8171df9f5c670346fe7006efecf7439,76cc3775534774ea58f799ee1a64020724e5cefb,n_truth,12955.0,count
cintron_ladder,S2_thermal_cycle,rls,3,10.0,True,S2_thermal_cycle__rls__seed3,9f3ded4a30a0049ceb88c4dd85f0059c2f7ecb82b310ae3424cc48f8b5e42da5,7cfed748c1a23fa8b895d925c453ff71b8171df9f5c670346fe7006efecf7439,76cc3775534774ea58f799ee1a64020724e5cefb,n_truth,13027.0,count
cintron_ladder,S2_thermal_cycle,kalman,1,10.0,True,S2_thermal_cycle__kalman__seed1,f5077dc87411ed3b1d5de66609f9ade74b2b190d2ee2584a79de6dbb70344dee,6a7aa063ebf027f849ecd3e9c514f26b15cd0e81da553bdba217a4b021eaa2ce,76cc3775534774ea58f799ee1a64020724e5cefb,n_truth,12870.0,count
cintron_ladder,S2_thermal_cycle,kalman,2,10.0,True,S2_thermal_cycle__kalman__seed2,464a9ded5d97e5522353c10b5f4e7d6fb82021b240fd00240425a619b73a60c1,6a7aa063ebf027f849ecd3e9c514f26b15cd0e81da553bdba217a4b021eaa2ce,76cc3775534774ea58f799ee1a64020724e5cefb,n_truth,12955.0,count
cintron_ladder,S2_thermal_cycle,kalman,3,10.0,True,S2_thermal_cycle__kalman__seed3,9f3ded4a30a0049ceb88c4dd85f0059c2f7ecb82b310ae3424cc48f8b5e42da5,6a7aa063ebf027f849ecd3e9c514f26b15cd0e81da553bdba217a4b021eaa2ce,76cc3775534774ea58f799ee1a64020724e5cefb,n_truth,13027.0,count
cintron_ladder,S3_zero_drift_walk,static_affine,1,10.0,True,S3_zero_drift_walk__static_affine__seed1,e7b981f1a695ead56faf9a26e3ac56f7cf242bda6227b5aabd270e829bc92da5,320c4e05e312df4a024a274474879a10d765f07f65ee3478b6ac1f7c31980d82,76cc3775534774ea58f799ee1a64020724e5cefb,n_truth,4702.0,count
cintron_ladder,S3_zero_drift_walk,static_affine,2,10.0,True,S3_zero_drift_walk__static_affine__seed2,8aaeb0ed7c28c2b0ee4c567f78a99e1728b00afc703637facbb86bff31b40b49,320c4e05e312df4a024a274474879a10d765f07f65ee3478b6ac1f7c31980d82,76cc3775534774ea58f799ee1a64020724e5cefb,n_truth,4775.0,count
cintron_ladder,S3_zero_drift_walk,static_affine,3,10.0,True,S3_zero_drift_walk__static_affine__seed3,b63f96c73e8c77b630930fed7883f11ae94db4991b7977259a58ca8a4af785b0,320c4e05e312df4a024a274474879a10d765f07f65ee3478b6ac1f7c31980d82,76cc3775534774ea58f799ee1a64020724e5cefb,n_truth,4776.0,count
cintron_ladder,S3_zero_drift_walk,rls,1,10.0,True,S3_zero_drift_walk__rls__seed1,e7b981f1a695ead56faf9a26e3ac56f7cf242bda6227b5aabd270e829bc92da5,7cfed748c1a23fa8b895d925c453ff71b8171df9f5c670346fe7006efecf7439,76cc3775534774ea58f799ee1a64020724e5cefb,n_truth,4702.0,count
cintron_ladder,S3_zero_drift_walk,rls,2,10.0,True,S3_zero_drift_walk__rls__seed2,8aaeb0ed7c28c2b0ee4c567f78a99e1728b00afc703637facbb86bff31b40b49,7cfed748c1a23fa8b895d925c453ff71b8171df9f5c670346fe7006efecf7439,76cc3775534774ea58f799ee1a64020724e5cefb,n_truth,4775.0,count
cintron_ladder,S3_zero_drift_walk,rls,3,10.0,True,S3_zero_drift_walk__rls__seed3,b63f96c73e8c77b630930fed7883f11ae94db4991b7977259a58ca8a4af785b0,7cfed748c1a23fa8b895d925c453ff71b8171df9f5c670346fe7006efecf7439,76cc3775534774ea58f799ee1a64020724e5cefb,n_truth,4776.0,count
cintron_ladder,S3_zero_drift_walk,kalman,1,10.0,True,S3_zero_drift_walk__kalman__seed1,e7b981f1a695ead56faf9a26e3ac56f7cf242bda6227b5aabd270e829bc92da5,6a7aa063ebf027f849ecd3e9c514f26b15cd0e81da553bdba217a4b021eaa2ce,76cc3775534774ea58f799ee1a64020724e5cefb,n_truth,4702.0,count
cintron_ladder,S3_zero_drift_walk,kalman,2,10.0,True,S3_zero_drift_walk__kalman__seed2,8aaeb0ed7c28c2b0ee4c567f78a99e1728b00afc703637facbb86bff31b40b49,6a7aa063ebf027f849ecd3e9c514f26b15cd0e81da553bdba217a4b021eaa2ce,76cc3775534774ea58f799ee1a64020724e5cefb,n_truth,4775.0,count
cintron_ladder,S3_zero_drift_walk,kalman,3,10.0,True,S3_zero_drift_walk__kalman__seed3,b63f96c73e8c77b630930fed7883f11ae94db4991b7977259a58ca8a4af785b0,6a7aa063ebf027f849ecd3e9c514f26b15cd0e81da553bdba217a4b021eaa2ce,76cc3775534774ea58f799ee1a64020724e5cefb,n_truth,4776.0,count
cintron_ladder,S4_step_fault,static_affine,1,10.0,True,S4_step_fault__static_affine__seed1,2ddd431c649ca2b8ec1dd1fa3d1be7053e06b556b429fda303db43e771c49b4d,320c4e05e312df4a024a274474879a10d765f07f65ee3478b6ac1f7c31980d82,76cc3775534774ea58f799ee1a64020724e5cefb,n_truth,3392.0,count
cintron_ladder,S4_step_fault,static_affine,2,10.0,True,S4_step_fault__static_affine__seed2,1319c874fdf7655f120c5fbb53cc4c8398e4675d47673de0fd98005d630b52b1,320c4e05e312df4a024a274474879a10d765f07f65ee3478b6ac1f7c31980d82,76cc3775534774ea58f799ee1a64020724e5cefb,n_truth,3484.0,count
cintron_ladder,S4_step_fault,static_affine,3,10.0,True,S4_step_fault__static_affine__seed3,135fc15f1c43d85f0045c59ffbd10841f2a3be848d4153fded5d6a5d6a4e34a0,320c4e05e312df4a024a274474879a10d765f07f65ee3478b6ac1f7c31980d82,76cc3775534774ea58f799ee1a64020724e5cefb,n_truth,3520.0,count
cintron_ladder,S4_step_fault,rls,1,10.0,True,S4_step_fault__rls__seed1,2ddd431c649ca2b8ec1dd1fa3d1be7053e06b556b429fda303db43e771c49b4d,7cfed748c1a23fa8b895d925c453ff71b8171df9f5c670346fe7006efecf7439,76cc3775534774ea58f799ee1a64020724e5cefb,n_truth,3392.0,count
cintron_ladder,S4_step_fault,rls,2,10.0,True,S4_step_fault__rls__seed2,1319c874fdf7655f120c5fbb53cc4c8398e4675d47673de0fd98005d630b52b1,7cfed748c1a23fa8b895d925c453ff71b8171df9f5c670346fe7006efecf7439,76cc3775534774ea58f799ee1a64020724e5cefb,n_truth,3484.0,count
cintron_ladder,S4_step_fault,rls,3,10.0,True,S4_step_fault__rls__seed3,135fc15f1c43d85f0045c59ffbd10841f2a3be848d4153fded5d6a5d6a4e34a0,7cfed748c1a23fa8b895d925c453ff71b8171df9f5c670346fe7006efecf7439,76cc3775534774ea58f799ee1a64020724e5cefb,n_truth,3520.0,count
cintron_ladder,S4_step_fault,kalman,1,10.0,True,S4_step_fault__kalman__seed1,2ddd431c649ca2b8ec1dd1fa3d1be7053e06b556b429fda303db43e771c49b4d,6a7aa063ebf027f849ecd3e9c514f26b15cd0e81da553bdba217a4b021eaa2ce,76cc3775534774ea58f799ee1a64020724e5cefb,n_truth,3392.0,count
cintron_ladder,S4_step_fault,kalman,2,10.0,True,S4_step_fault__kalman__seed2,1319c874fdf7655f120c5fbb53cc4c8398e4675d47673de0fd98005d630b52b1,6a7aa063ebf027f849ecd3e9c514f26b15cd0e81da553bdba217a4b021eaa2ce,76cc3775534774ea58f799ee1a64020724e5cefb,n_truth,3484.0,count
cintron_ladder,S4_step_fault,kalman,3,10.0,True,S4_step_fault__kalman__seed3,135fc15f1c43d85f0045c59ffbd10841f2a3be848d4153fded5d6a5d6a4e34a0,6a7aa063ebf027f849ecd3e9c514f26b15cd0e81da553bdba217a4b021eaa2ce,76cc3775534774ea58f799ee1a64020724e5cefb,n_truth,3520.0,count
cintron_ladder,S5_outage,static_affine,1,10.0,True,S5_outage__static_affine__seed1,a9fcc049f0f73db1ab44c7ca7ce4b41b05c1b293caabfeb3401f0bef2d75cce3,320c4e05e312df4a024a274474879a10d765f07f65ee3478b6ac1f7c31980d82,76cc3775534774ea58f799ee1a64020724e5cefb,n_truth,1359.0,count
cintron_ladder,S5_outage,static_affine,2,10.0,True,S5_outage__static_affine__seed2,1510a2663b5f63da6b5b1385333b17c9beaafcd638df3bce3262b43d051f97e1,320c4e05e312df4a024a274474879a10d765f07f65ee3478b6ac1f7c31980d82,76cc3775534774ea58f799ee1a64020724e5cefb,n_truth,1420.0,count
cintron_ladder,S5_outage,static_affine,3,10.0,True,S5_outage__static_affine__seed3,f84d5ae0ec8ad2f6df97000007a3d8ffecacea53aec887acf2f9adb90f328ec1,320c4e05e312df4a024a274474879a10d765f07f65ee3478b6ac1f7c31980d82,76cc3775534774ea58f799ee1a64020724e5cefb,n_truth,1396.0,count
cintron_ladder,S5_outage,rls,1,10.0,True,S5_outage__rls__seed1,a9fcc049f0f73db1ab44c7ca7ce4b41b05c1b293caabfeb3401f0bef2d75cce3,7cfed748c1a23fa8b895d925c453ff71b8171df9f5c670346fe7006efecf7439,76cc3775534774ea58f799ee1a64020724e5cefb,n_truth,1359.0,count
cintron_ladder,S5_outage,rls,2,10.0,True,S5_outage__rls__seed2,1510a2663b5f63da6b5b1385333b17c9beaafcd638df3bce3262b43d051f97e1,7cfed748c1a23fa8b895d925c453ff71b8171df9f5c670346fe7006efecf7439,76cc3775534774ea58f799ee1a64020724e5cefb,n_truth,1420.0,count
cintron_ladder,S5_outage,rls,3,10.0,True,S5_outage__rls__seed3,f84d5ae0ec8ad2f6df97000007a3d8ffecacea53aec887acf2f9adb90f328ec1,7cfed748c1a23fa8b895d925c453ff71b8171df9f5c670346fe7006efecf7439,76cc3775534774ea58f799ee1a64020724e5cefb,n_truth,1396.0,count
cintron_ladder,S5_outage,kalman,1,10.0,True,S5_outage__kalman__seed1,a9fcc049f0f73db1ab44c7ca7ce4b41b05c1b293caabfeb3401f0bef2d75cce3,6a7aa063ebf027f849ecd3e9c514f26b15cd0e81da553bdba217a4b021eaa2ce,76cc3775534774ea58f799ee1a64020724e5cefb,n_truth,1359.0,count
cintron_ladder,S5_outage,kalman,2,10.0,True,S5_outage__kalman__seed2,1510a2663b5f63da6b5b1385333b17c9beaafcd638df3bce3262b43d051f97e1,6a7aa063ebf027f849ecd3e9c514f26b15cd0e81da553bdba217a4b021eaa2ce,76cc3775534774ea58f799ee1a64020724e5cefb,n_truth,1420.0,count
cintron_ladder,S5_outage,kalman,3,10.0,True,S5_outage__kalman__seed3,f84d5ae0ec8ad2f6df97000007a3d8ffecacea53aec887acf2f9adb90f328ec1,6a7aa063ebf027f849ecd3e9c514f26b15cd0e81da553bdba217a4b021eaa2ce,76cc3775534774ea58f799ee1a64020724e5cefb,n_truth,1396.0,count
cintron_ladder,S6_combined,static_affine,1,10.0,True,S6_combined__static_affine__seed1,5d4f2a11ab7b925de02ef1d34875af815611f0d172cbf30a820f6e4a5db791f7,320c4e05e312df4a024a274474879a10d765f07f65ee3478b6ac1f7c31980d82,76cc3775534774ea58f799ee1a64020724e5cefb,n_truth,9570.0,count
cintron_ladder,S6_combined,static_affine,2,10.0,True,S6_combined__static_affine__seed2,d01e5c41507ccd6868ea37a1d0993c222e5af61f3b79e1372f0aceb13bdbcf73,320c4e05e312df4a024a274474879a10d765f07f65ee3478b6ac1f7c31980d82,76cc3775534774ea58f799ee1a64020724e5cefb,n_truth,9542.0,count
cintron_ladder,S6_combined,static_affine,3,10.0,True,S6_combined__static_affine__seed3,023a22c68d81022af0f29d6a4d407ec5521336f357a4e5f5fbb3be2ea33f3920,320c4e05e312df4a024a274474879a10d765f07f65ee3478b6ac1f7c31980d82,76cc3775534774ea58f799ee1a64020724e5cefb,n_truth,9499.0,count
cintron_ladder,S6_combined,rls,1,10.0,True,S6_combined__rls__seed1,5d4f2a11ab7b925de02ef1d34875af815611f0d172cbf30a820f6e4a5db791f7,7cfed748c1a23fa8b895d925c453ff71b8171df9f5c670346fe7006efecf7439,76cc3775534774ea58f799ee1a64020724e5cefb,n_truth,9570.0,count
cintron_ladder,S6_combined,rls,2,10.0,True,S6_combined__rls__seed2,d01e5c41507ccd6868ea37a1d0993c222e5af61f3b79e1372f0aceb13bdbcf73,7cfed748c1a23fa8b895d925c453ff71b8171df9f5c670346fe7006efecf7439,76cc3775534774ea58f799ee1a64020724e5cefb,n_truth,9542.0,count
cintron_ladder,S6_combined,rls,3,10.0,True,S6_combined__rls__seed3,023a22c68d81022af0f29d6a4d407ec5521336f357a4e5f5fbb3be2ea33f3920,7cfed748c1a23fa8b895d925c453ff71b8171df9f5c670346fe7006efecf7439,76cc3775534774ea58f799ee1a64020724e5cefb,n_truth,9499.0,count
cintron_ladder,S6_combined,kalman,1,10.0,True,S6_combined__kalman__seed1,5d4f2a11ab7b925de02ef1d34875af815611f0d172cbf30a820f6e4a5db791f7,6a7aa063ebf027f849ecd3e9c514f26b15cd0e81da553bdba217a4b021eaa2ce,76cc3775534774ea58f799ee1a64020724e5cefb,n_truth,9570.0,count
cintron_ladder,S6_combined,kalman,2,10.0,True,S6_combined__kalman__seed2,d01e5c41507ccd6868ea37a1d0993c222e5af61f3b79e1372f0aceb13bdbcf73,6a7aa063ebf027f849ecd3e9c514f26b15cd0e81da553bdba217a4b021eaa2ce,76cc3775534774ea58f799ee1a64020724e5cefb,n_truth,9542.0,count
cintron_ladder,S6_combined,kalman,3,10.0,True,S6_combined__kalman__seed3,023a22c68d81022af0f29d6a4d407ec5521336f357a4e5f5fbb3be2ea33f3920,6a7aa063ebf027f849ecd3e9c514f26b15cd0e81da553bdba217a4b021eaa2ce,76cc3775534774ea58f799ee1a64020724e5cefb,n_truth,9499.0,count
cintron_ladder,S7_sparse_reference,static_affine,1,10.0,True,S7_sparse_reference__static_affine__seed1,398c721afafcfb355a753ac0cfd1ebcf65a21a6ef468740ce93012df90f00ec4,320c4e05e312df4a024a274474879a10d765f07f65ee3478b6ac1f7c31980d82,76cc3775534774ea58f799ee1a64020724e5cefb,n_truth,7109.0,count
cintron_ladder,S7_sparse_reference,static_affine,2,10.0,True,S7_sparse_reference__static_affine__seed2,1301d7f22942f2e6619dcc555486092a7c3c37061e6b225ed3f3da3b3ca3b132,320c4e05e312df4a024a274474879a10d765f07f65ee3478b6ac1f7c31980d82,76cc3775534774ea58f799ee1a64020724e5cefb,n_truth,7162.0,count
cintron_ladder,S7_sparse_reference,static_affine,3,10.0,True,S7_sparse_reference__static_affine__seed3,32e0738c82819c8cd4653a676dda0f9f67168b628ffc2846dce20179bf21a707,320c4e05e312df4a024a274474879a10d765f07f65ee3478b6ac1f7c31980d82,76cc3775534774ea58f799ee1a64020724e5cefb,n_truth,7170.0,count
cintron_ladder,S7_sparse_reference,rls,1,10.0,True,S7_sparse_reference__rls__seed1,398c721afafcfb355a753ac0cfd1ebcf65a21a6ef468740ce93012df90f00ec4,7cfed748c1a23fa8b895d925c453ff71b8171df9f5c670346fe7006efecf7439,76cc3775534774ea58f799ee1a64020724e5cefb,n_truth,7109.0,count
cintron_ladder,S7_sparse_reference,rls,2,10.0,True,S7_sparse_reference__rls__seed2,1301d7f22942f2e6619dcc555486092a7c3c37061e6b225ed3f3da3b3ca3b132,7cfed748c1a23fa8b895d925c453ff71b8171df9f5c670346fe7006efecf7439,76cc3775534774ea58f799ee1a64020724e5cefb,n_truth,7162.0,count
cintron_ladder,S7_sparse_reference,rls,3,10.0,True,S7_sparse_reference__rls__seed3,32e0738c82819c8cd4653a676dda0f9f67168b628ffc2846dce20179bf21a707,7cfed748c1a23fa8b895d925c453ff71b8171df9f5c670346fe7006efecf7439,76cc3775534774ea58f799ee1a64020724e5cefb,n_truth,7170.0,count
cintron_ladder,S7_sparse_reference,kalman,1,10.0,True,S7_sparse_reference__kalman__seed1,398c721afafcfb355a753ac0cfd1ebcf65a21a6ef468740ce93012df90f00ec4,6a7aa063ebf027f849ecd3e9c514f26b15cd0e81da553bdba217a4b021eaa2ce,76cc3775534774ea58f799ee1a64020724e5cefb,n_truth,7109.0,count
cintron_ladder,S7_sparse_reference,kalman,2,10.0,True,S7_sparse_reference__kalman__seed2,1301d7f22942f2e6619dcc555486092a7c3c37061e6b225ed3f3da3b3ca3b132,6a7aa063ebf027f849ecd3e9c514f26b15cd0e81da553bdba217a4b021eaa2ce,76cc3775534774ea58f799ee1a64020724e5cefb,n_truth,7162.0,count
cintron_ladder,S7_sparse_reference,kalman,3,10.0,True,S7_sparse_reference__kalman__seed3,32e0738c82819c8cd4653a676dda0f9f67168b628ffc2846dce20179bf21a707,6a7aa063ebf027f849ecd3e9c514f26b15cd0e81da553bdba217a4b021eaa2ce,76cc3775534774ea58f799ee1a64020724e5cefb,n_truth,7170.0,count
cintron_ladder,S1_nominal,static_affine,1,10.0,True,S1_nominal__static_affine__seed1,2a7e164a7e04cfa5ac607c92ecf3c4a53c40e90964e7a047230c36cd233b8751,320c4e05e312df4a024a274474879a10d765f07f65ee3478b6ac1f7c31980d82,76cc3775534774ea58f799ee1a64020724e5cefb,n_matched,1359.0,count
cintron_ladder,S1_nominal,static_affine,2,10.0,True,S1_nominal__static_affine__seed2,fa2ca240ac17605f28e43b1573d61379f65c20aab226bb0fcf8af13e416712a1,320c4e05e312df4a024a274474879a10d765f07f65ee3478b6ac1f7c31980d82,76cc3775534774ea58f799ee1a64020724e5cefb,n_matched,1420.0,count
cintron_ladder,S1_nominal,static_affine,3,10.0,True,S1_nominal__static_affine__seed3,e2bb79b9efe0975489e6c62e2c85ebeea90bcc05eddf00c5e3397cde3d2a9805,320c4e05e312df4a024a274474879a10d765f07f65ee3478b6ac1f7c31980d82,76cc3775534774ea58f799ee1a64020724e5cefb,n_matched,1396.0,count
cintron_ladder,S1_nominal,rls,1,10.0,True,S1_nominal__rls__seed1,2a7e164a7e04cfa5ac607c92ecf3c4a53c40e90964e7a047230c36cd233b8751,7cfed748c1a23fa8b895d925c453ff71b8171df9f5c670346fe7006efecf7439,76cc3775534774ea58f799ee1a64020724e5cefb,n_matched,1359.0,count
cintron_ladder,S1_nominal,rls,2,10.0,True,S1_nominal__rls__seed2,fa2ca240ac17605f28e43b1573d61379f65c20aab226bb0fcf8af13e416712a1,7cfed748c1a23fa8b895d925c453ff71b8171df9f5c670346fe7006efecf7439,76cc3775534774ea58f799ee1a64020724e5cefb,n_matched,1420.0,count
cintron_ladder,S1_nominal,rls,3,10.0,True,S1_nominal__rls__seed3,e2bb79b9efe0975489e6c62e2c85ebeea90bcc05eddf00c5e3397cde3d2a9805,7cfed748c1a23fa8b895d925c453ff71b8171df9f5c670346fe7006efecf7439,76cc3775534774ea58f799ee1a64020724e5cefb,n_matched,1396.0,count
cintron_ladder,S1_nominal,kalman,1,10.0,True,S1_nominal__kalman__seed1,2a7e164a7e04cfa5ac607c92ecf3c4a53c40e90964e7a047230c36cd233b8751,6a7aa063ebf027f849ecd3e9c514f26b15cd0e81da553bdba217a4b021eaa2ce,76cc3775534774ea58f799ee1a64020724e5cefb,n_matched,1359.0,count
cintron_ladder,S1_nominal,kalman,2,10.0,True,S1_nominal__kalman__seed2,fa2ca240ac17605f28e43b1573d61379f65c20aab226bb0fcf8af13e416712a1,6a7aa063ebf027f849ecd3e9c514f26b15cd0e81da553bdba217a4b021eaa2ce,76cc3775534774ea58f799ee1a64020724e5cefb,n_matched,1420.0,count
cintron_ladder,S1_nominal,kalman,3,10.0,True,S1_nominal__kalman__seed3,e2bb79b9efe0975489e6c62e2c85ebeea90bcc05eddf00c5e3397cde3d2a9805,6a7aa063ebf027f849ecd3e9c514f26b15cd0e81da553bdba217a4b021eaa2ce,76cc3775534774ea58f799ee1a64020724e5cefb,n_matched,1396.0,count
cintron_ladder,S2_thermal_cycle,static_affine,1,10.0,True,S2_thermal_cycle__static_affine__seed1,f5077dc87411ed3b1d5de66609f9ade74b2b190d2ee2584a79de6dbb70344dee,320c4e05e312df4a024a274474879a10d765f07f65ee3478b6ac1f7c31980d82,76cc3775534774ea58f799ee1a64020724e5cefb,n_matched,12870.0,count
cintron_ladder,S2_thermal_cycle,static_affine,2,10.0,True,S2_thermal_cycle__static_affine__seed2,464a9ded5d97e5522353c10b5f4e7d6fb82021b240fd00240425a619b73a60c1,320c4e05e312df4a024a274474879a10d765f07f65ee3478b6ac1f7c31980d82,76cc3775534774ea58f799ee1a64020724e5cefb,n_matched,12955.0,count
cintron_ladder,S2_thermal_cycle,static_affine,3,10.0,True,S2_thermal_cycle__static_affine__seed3,9f3ded4a30a0049ceb88c4dd85f0059c2f7ecb82b310ae3424cc48f8b5e42da5,320c4e05e312df4a024a274474879a10d765f07f65ee3478b6ac1f7c31980d82,76cc3775534774ea58f799ee1a64020724e5cefb,n_matched,13027.0,count
cintron_ladder,S2_thermal_cycle,rls,1,10.0,True,S2_thermal_cycle__rls__seed1,f5077dc87411ed3b1d5de66609f9ade74b2b190d2ee2584a79de6dbb70344dee,7cfed748c1a23fa8b895d925c453ff71b8171df9f5c670346fe7006efecf7439,76cc3775534774ea58f799ee1a64020724e5cefb,n_matched,12870.0,count
cintron_ladder,S2_thermal_cycle,rls,2,10.0,True,S2_thermal_cycle__rls__seed2,464a9ded5d97e5522353c10b5f4e7d6fb82021b240fd00240425a619b73a60c1,7cfed748c1a23fa8b895d925c453ff71b8171df9f5c670346fe7006efecf7439,76cc3775534774ea58f799ee1a64020724e5cefb,n_matched,12955.0,count
cintron_ladder,S2_thermal_cycle,rls,3,10.0,True,S2_thermal_cycle__rls__seed3,9f3ded4a30a0049ceb88c4dd85f0059c2f7ecb82b310ae3424cc48f8b5e42da5,7cfed748c1a23fa8b895d925c453ff71b8171df9f5c670346fe7006efecf7439,76cc3775534774ea58f799ee1a64020724e5cefb,n_matched,13027.0,count
cintron_ladder,S2_thermal_cycle,kalman,1,10.0,True,S2_thermal_cycle__kalman__seed1,f5077dc87411ed3b1d5de66609f9ade74b2b190d2ee2584a79de6dbb70344dee,6a7aa063ebf027f849ecd3e9c514f26b15cd0e81da553bdba217a4b021eaa2ce,76cc3775534774ea58f799ee1a64020724e5cefb,n_matched,12870.0,count
cintron_ladder,S2_thermal_cycle,kalman,2,10.0,True,S2_thermal_cycle__kalman__seed2,464a9ded5d97e5522353c10b5f4e7d6fb82021b240fd00240425a619b73a60c1,6a7aa063ebf027f849ecd3e9c514f26b15cd0e81da553bdba217a4b021eaa2ce,76cc3775534774ea58f799ee1a64020724e5cefb,n_matched,12955.0,count
cintron_ladder,S2_thermal_cycle,kalman,3,10.0,True,S2_thermal_cycle__kalman__seed3,9f3ded4a30a0049ceb88c4dd85f0059c2f7ecb82b310ae3424cc48f8b5e42da5,6a7aa063ebf027f849ecd3e9c514f26b15cd0e81da553bdba217a4b021eaa2ce,76cc3775534774ea58f799ee1a64020724e5cefb,n_matched,13027.0,count
cintron_ladder,S3_zero_drift_walk,static_affine,1,10.0,True,S3_zero_drift_walk__static_affine__seed1,e7b981f1a695ead56faf9a26e3ac56f7cf242bda6227b5aabd270e829bc92da5,320c4e05e312df4a024a274474879a10d765f07f65ee3478b6ac1f7c31980d82,76cc3775534774ea58f799ee1a64020724e5cefb,n_matched,4702.0,count
cintron_ladder,S3_zero_drift_walk,static_affine,2,10.0,True,S3_zero_drift_walk__static_affine__seed2,8aaeb0ed7c28c2b0ee4c567f78a99e1728b00afc703637facbb86bff31b40b49,320c4e05e312df4a024a274474879a10d765f07f65ee3478b6ac1f7c31980d82,76cc3775534774ea58f799ee1a64020724e5cefb,n_matched,4775.0,count
cintron_ladder,S3_zero_drift_walk,static_affine,3,10.0,True,S3_zero_drift_walk__static_affine__seed3,b63f96c73e8c77b630930fed7883f11ae94db4991b7977259a58ca8a4af785b0,320c4e05e312df4a024a274474879a10d765f07f65ee3478b6ac1f7c31980d82,76cc3775534774ea58f799ee1a64020724e5cefb,n_matched,4776.0,count
cintron_ladder,S3_zero_drift_walk,rls,1,10.0,True,S3_zero_drift_walk__rls__seed1,e7b981f1a695ead56faf9a26e3ac56f7cf242bda6227b5aabd270e829bc92da5,7cfed748c1a23fa8b895d925c453ff71b8171df9f5c670346fe7006efecf7439,76cc3775534774ea58f799ee1a64020724e5cefb,n_matched,4702.0,count
cintron_ladder,S3_zero_drift_walk,rls,2,10.0,True,S3_zero_drift_walk__rls__seed2,8aaeb0ed7c28c2b0ee4c567f78a99e1728b00afc703637facbb86bff31b40b49,7cfed748c1a23fa8b895d925c453ff71b8171df9f5c670346fe7006efecf7439,76cc3775534774ea58f799ee1a64020724e5cefb,n_matched,4775.0,count
cintron_ladder,S3_zero_drift_walk,rls,3,10.0,True,S3_zero_drift_walk__rls__seed3,b63f96c73e8c77b630930fed7883f11ae94db4991b7977259a58ca8a4af785b0,7cfed748c1a23fa8b895d925c453ff71b8171df9f5c670346fe7006efecf7439,76cc3775534774ea58f799ee1a64020724e5cefb,n_matched,4776.0,count
cintron_ladder,S3_zero_drift_walk,kalman,1,10.0,True,S3_zero_drift_walk__kalman__seed1,e7b981f1a695ead56faf9a26e3ac56f7cf242bda6227b5aabd270e829bc92da5,6a7aa063ebf027f849ecd3e9c514f26b15cd0e81da553bdba217a4b021eaa2ce,76cc3775534774ea58f799ee1a64020724e5cefb,n_matched,4702.0,count
cintron_ladder,S3_zero_drift_walk,kalman,2,10.0,True,S3_zero_drift_walk__kalman__seed2,8aaeb0ed7c28c2b0ee4c567f78a99e1728b00afc703637facbb86bff31b40b49,6a7aa063ebf027f849ecd3e9c514f26b15cd0e81da553bdba217a4b021eaa2ce,76cc3775534774ea58f799ee1a64020724e5cefb,n_matched,4775.0,count
cintron_ladder,S3_zero_drift_walk,kalman,3,10.0,True,S3_zero_drift_walk__kalman__seed3,b63f96c73e8c77b630930fed7883f11ae94db4991b7977259a58ca8a4af785b0,6a7aa063ebf027f849ecd3e9c514f26b15cd0e81da553bdba217a4b021eaa2ce,76cc3775534774ea58f799ee1a64020724e5cefb,n_matched,4776.0,count
cintron_ladder,S4_step_fault,static_affine,1,10.0,True,S4_step_fault__static_affine__seed1,2ddd431c649ca2b8ec1dd1fa3d1be7053e06b556b429fda303db43e771c49b4d,320c4e05e312df4a024a274474879a10d765f07f65ee3478b6ac1f7c31980d82,76cc3775534774ea58f799ee1a64020724e5cefb,n_matched,3392.0,count
cintron_ladder,S4_step_fault,static_affine,2,10.0,True,S4_step_fault__static_affine__seed2,1319c874fdf7655f120c5fbb53cc4c8398e4675d47673de0fd98005d630b52b1,320c4e05e312df4a024a274474879a10d765f07f65ee3478b6ac1f7c31980d82,76cc3775534774ea58f799ee1a64020724e5cefb,n_matched,3484.0,count
cintron_ladder,S4_step_fault,static_affine,3,10.0,True,S4_step_fault__static_affine__seed3,135fc15f1c43d85f0045c59ffbd10841f2a3be848d4153fded5d6a5d6a4e34a0,320c4e05e312df4a024a274474879a10d765f07f65ee3478b6ac1f7c31980d82,76cc3775534774ea58f799ee1a64020724e5cefb,n_matched,3520.0,count
cintron_ladder,S4_step_fault,rls,1,10.0,True,S4_step_fault__rls__seed1,2ddd431c649ca2b8ec1dd1fa3d1be7053e06b556b429fda303db43e771c49b4d,7cfed748c1a23fa8b895d925c453ff71b8171df9f5c670346fe7006efecf7439,76cc3775534774ea58f799ee1a64020724e5cefb,n_matched,3392.0,count
cintron_ladder,S4_step_fault,rls,2,10.0,True,S4_step_fault__rls__seed2,1319c874fdf7655f120c5fbb53cc4c8398e4675d47673de0fd98005d630b52b1,7cfed748c1a23fa8b895d925c453ff71b8171df9f5c670346fe7006efecf7439,76cc3775534774ea58f799ee1a64020724e5cefb,n_matched,3484.0,count
cintron_ladder,S4_step_fault,rls,3,10.0,True,S4_step_fault__rls__seed3,135fc15f1c43d85f0045c59ffbd10841f2a3be848d4153fded5d6a5d6a4e34a0,7cfed748c1a23fa8b895d925c453ff71b8171df9f5c670346fe7006efecf7439,76cc3775534774ea58f799ee1a64020724e5cefb,n_matched,3520.0,count
cintron_ladder,S4_step_fault,kalman,1,10.0,True,S4_step_fault__kalman__seed1,2ddd431c649ca2b8ec1dd1fa3d1be7053e06b556b429fda303db43e771c49b4d,6a7aa063ebf027f849ecd3e9c514f26b15cd0e81da553bdba217a4b021eaa2ce,76cc3775534774ea58f799ee1a64020724e5cefb,n_matched,3392.0,count
cintron_ladder,S4_step_fault,kalman,2,10.0,True,S4_step_fault__kalman__seed2,1319c874fdf7655f120c5fbb53cc4c8398e4675d47673de0fd98005d630b52b1,6a7aa063ebf027f849ecd3e9c514f26b15cd0e81da553bdba217a4b021eaa2ce,76cc3775534774ea58f799ee1a64020724e5cefb,n_matched,3484.0,count
cintron_ladder,S4_step_fault,kalman,3,10.0,True,S4_step_fault__kalman__seed3,135fc15f1c43d85f0045c59ffbd10841f2a3be848d4153fded5d6a5d6a4e34a0,6a7aa063ebf027f849ecd3e9c514f26b15cd0e81da553bdba217a4b021eaa2ce,76cc3775534774ea58f799ee1a64020724e5cefb,n_matched,3520.0,count
cintron_ladder,S5_outage,static_affine,1,10.0,True,S5_outage__static_affine__seed1,a9fcc049f0f73db1ab44c7ca7ce4b41b05c1b293caabfeb3401f0bef2d75cce3,320c4e05e312df4a024a274474879a10d765f07f65ee3478b6ac1f7c31980d82,76cc3775534774ea58f799ee1a64020724e5cefb,n_matched,1357.0,count
cintron_ladder,S5_outage,static_affine,2,10.0,True,S5_outage__static_affine__seed2,1510a2663b5f63da6b5b1385333b17c9beaafcd638df3bce3262b43d051f97e1,320c4e05e312df4a024a274474879a10d765f07f65ee3478b6ac1f7c31980d82,76cc3775534774ea58f799ee1a64020724e5cefb,n_matched,1414.0,count
cintron_ladder,S5_outage,static_affine,3,10.0,True,S5_outage__static_affine__seed3,f84d5ae0ec8ad2f6df97000007a3d8ffecacea53aec887acf2f9adb90f328ec1,320c4e05e312df4a024a274474879a10d765f07f65ee3478b6ac1f7c31980d82,76cc3775534774ea58f799ee1a64020724e5cefb,n_matched,1392.0,count
cintron_ladder,S5_outage,rls,1,10.0,True,S5_outage__rls__seed1,a9fcc049f0f73db1ab44c7ca7ce4b41b05c1b293caabfeb3401f0bef2d75cce3,7cfed748c1a23fa8b895d925c453ff71b8171df9f5c670346fe7006efecf7439,76cc3775534774ea58f799ee1a64020724e5cefb,n_matched,1357.0,count
cintron_ladder,S5_outage,rls,2,10.0,True,S5_outage__rls__seed2,1510a2663b5f63da6b5b1385333b17c9beaafcd638df3bce3262b43d051f97e1,7cfed748c1a23fa8b895d925c453ff71b8171df9f5c670346fe7006efecf7439,76cc3775534774ea58f799ee1a64020724e5cefb,n_matched,1414.0,count
cintron_ladder,S5_outage,rls,3,10.0,True,S5_outage__rls__seed3,f84d5ae0ec8ad2f6df97000007a3d8ffecacea53aec887acf2f9adb90f328ec1,7cfed748c1a23fa8b895d925c453ff71b8171df9f5c670346fe7006efecf7439,76cc3775534774ea58f799ee1a64020724e5cefb,n_matched,1392.0,count
cintron_ladder,S5_outage,kalman,1,10.0,True,S5_outage__kalman__seed1,a9fcc049f0f73db1ab44c7ca7ce4b41b05c1b293caabfeb3401f0bef2d75cce3,6a7aa063ebf027f849ecd3e9c514f26b15cd0e81da553bdba217a4b021eaa2ce,76cc3775534774ea58f799ee1a64020724e5cefb,n_matched,1357.0,count
cintron_ladder,S5_outage,kalman,2,10.0,True,S5_outage__kalman__seed2,1510a2663b5f63da6b5b1385333b17c9beaafcd638df3bce3262b43d051f97e1,6a7aa063ebf027f849ecd3e9c514f26b15cd0e81da553bdba217a4b021eaa2ce,76cc3775534774ea58f799ee1a64020724e5cefb,n_matched,1414.0,count
cintron_ladder,S5_outage,kalman,3,10.0,True,S5_outage__kalman__seed3,f84d5ae0ec8ad2f6df97000007a3d8ffecacea53aec887acf2f9adb90f328ec1,6a7aa063ebf027f849ecd3e9c514f26b15cd0e81da553bdba217a4b021eaa2ce,76cc3775534774ea58f799ee1a64020724e5cefb,n_matched,1392.0,count
cintron_ladder,S6_combined,static_affine,1,10.0,True,S6_combined__static_affine__seed1,5d4f2a11ab7b925de02ef1d34875af815611f0d172cbf30a820f6e4a5db791f7,320c4e05e312df4a024a274474879a10d765f07f65ee3478b6ac1f7c31980d82,76cc3775534774ea58f799ee1a64020724e5cefb,n_matched,5011.0,count
cintron_ladder,S6_combined,static_affine,2,10.0,True,S6_combined__static_affine__seed2,d01e5c41507ccd6868ea37a1d0993c222e5af61f3b79e1372f0aceb13bdbcf73,320c4e05e312df4a024a274474879a10d765f07f65ee3478b6ac1f7c31980d82,76cc3775534774ea58f799ee1a64020724e5cefb,n_matched,5083.0,count
cintron_ladder,S6_combined,static_affine,3,10.0,True,S6_combined__static_affine__seed3,023a22c68d81022af0f29d6a4d407ec5521336f357a4e5f5fbb3be2ea33f3920,320c4e05e312df4a024a274474879a10d765f07f65ee3478b6ac1f7c31980d82,76cc3775534774ea58f799ee1a64020724e5cefb,n_matched,5061.0,count
cintron_ladder,S6_combined,rls,1,10.0,True,S6_combined__rls__seed1,5d4f2a11ab7b925de02ef1d34875af815611f0d172cbf30a820f6e4a5db791f7,7cfed748c1a23fa8b895d925c453ff71b8171df9f5c670346fe7006efecf7439,76cc3775534774ea58f799ee1a64020724e5cefb,n_matched,5011.0,count
cintron_ladder,S6_combined,rls,2,10.0,True,S6_combined__rls__seed2,d01e5c41507ccd6868ea37a1d0993c222e5af61f3b79e1372f0aceb13bdbcf73,7cfed748c1a23fa8b895d925c453ff71b8171df9f5c670346fe7006efecf7439,76cc3775534774ea58f799ee1a64020724e5cefb,n_matched,5083.0,count
cintron_ladder,S6_combined,rls,3,10.0,True,S6_combined__rls__seed3,023a22c68d81022af0f29d6a4d407ec5521336f357a4e5f5fbb3be2ea33f3920,7cfed748c1a23fa8b895d925c453ff71b8171df9f5c670346fe7006efecf7439,76cc3775534774ea58f799ee1a64020724e5cefb,n_matched,5061.0,count
cintron_ladder,S6_combined,kalman,1,10.0,True,S6_combined__kalman__seed1,5d4f2a11ab7b925de02ef1d34875af815611f0d172cbf30a820f6e4a5db791f7,6a7aa063ebf027f849ecd3e9c514f26b15cd0e81da553bdba217a4b021eaa2ce,76cc3775534774ea58f799ee1a64020724e5cefb,n_matched,5011.0,count
cintron_ladder,S6_combined,kalman,2,10.0,True,S6_combined__kalman__seed2,d01e5c41507ccd6868ea37a1d0993c222e5af61f3b79e1372f0aceb13bdbcf73,6a7aa063ebf027f849ecd3e9c514f26b15cd0e81da553bdba217a4b021eaa2ce,76cc3775534774ea58f799ee1a64020724e5cefb,n_matched,5083.0,count
cintron_ladder,S6_combined,kalman,3,10.0,True,S6_combined__kalman__seed3,023a22c68d81022af0f29d6a4d407ec5521336f357a4e5f5fbb3be2ea33f3920,6a7aa063ebf027f849ecd3e9c514f26b15cd0e81da553bdba217a4b021eaa2ce,76cc3775534774ea58f799ee1a64020724e5cefb,n_matched,5061.0,count
cintron_ladder,S7_sparse_reference,static_affine,1,10.0,True,S7_sparse_reference__static_affine__seed1,398c721afafcfb355a753ac0cfd1ebcf65a21a6ef468740ce93012df90f00ec4,320c4e05e312df4a024a274474879a10d765f07f65ee3478b6ac1f7c31980d82,76cc3775534774ea58f799ee1a64020724e5cefb,n_matched,7109.0,count
cintron_ladder,S7_sparse_reference,static_affine,2,10.0,True,S7_sparse_reference__static_affine__seed2,1301d7f22942f2e6619dcc555486092a7c3c37061e6b225ed3f3da3b3ca3b132,320c4e05e312df4a024a274474879a10d765f07f65ee3478b6ac1f7c31980d82,76cc3775534774ea58f799ee1a64020724e5cefb,n_matched,7162.0,count
cintron_ladder,S7_sparse_reference,static_affine,3,10.0,True,S7_sparse_reference__static_affine__seed3,32e0738c82819c8cd4653a676dda0f9f67168b628ffc2846dce20179bf21a707,320c4e05e312df4a024a274474879a10d765f07f65ee3478b6ac1f7c31980d82,76cc3775534774ea58f799ee1a64020724e5cefb,n_matched,7170.0,count
cintron_ladder,S7_sparse_reference,rls,1,10.0,True,S7_sparse_reference__rls__seed1,398c721afafcfb355a753ac0cfd1ebcf65a21a6ef468740ce93012df90f00ec4,7cfed748c1a23fa8b895d925c453ff71b8171df9f5c670346fe7006efecf7439,76cc3775534774ea58f799ee1a64020724e5cefb,n_matched,7109.0,count
cintron_ladder,S7_sparse_reference,rls,2,10.0,True,S7_sparse_reference__rls__seed2,1301d7f22942f2e6619dcc555486092a7c3c37061e6b225ed3f3da3b3ca3b132,7cfed748c1a23fa8b895d925c453ff71b8171df9f5c670346fe7006efecf7439,76cc3775534774ea58f799ee1a64020724e5cefb,n_matched,7162.0,count
cintron_ladder,S7_sparse_reference,rls,3,10.0,True,S7_sparse_reference__rls__seed3,32e0738c82819c8cd4653a676dda0f9f67168b628ffc2846dce20179bf21a707,7cfed748c1a23fa8b895d925c453ff71b8171df9f5c670346fe7006efecf7439,76cc3775534774ea58f799ee1a64020724e5cefb,n_matched,7170.0,count
cintron_ladder,S7_sparse_reference,kalman,1,10.0,True,S7_sparse_reference__kalman__seed1,398c721afafcfb355a753ac0cfd1ebcf65a21a6ef468740ce93012df90f00ec4,6a7aa063ebf027f849ecd3e9c514f26b15cd0e81da553bdba217a4b021eaa2ce,76cc3775534774ea58f799ee1a64020724e5cefb,n_matched,7109.0,count
cintron_ladder,S7_sparse_reference,kalman,2,10.0,True,S7_sparse_reference__kalman__seed2,1301d7f22942f2e6619dcc555486092a7c3c37061e6b225ed3f3da3b3ca3b132,6a7aa063ebf027f849ecd3e9c514f26b15cd0e81da553bdba217a4b021eaa2ce,76cc3775534774ea58f799ee1a64020724e5cefb,n_matched,7162.0,count
cintron_ladder,S7_sparse_reference,kalman,3,10.0,True,S7_sparse_reference__kalman__seed3,32e0738c82819c8cd4653a676dda0f9f67168b628ffc2846dce20179bf21a707,6a7aa063ebf027f849ecd3e9c514f26b15cd0e81da553bdba217a4b021eaa2ce,76cc3775534774ea58f799ee1a64020724e5cefb,n_matched,7170.0,count
cintron_ladder,S1_nominal,static_affine,1,10.0,True,S1_nominal__static_affine__seed1,2a7e164a7e04cfa5ac607c92ecf3c4a53c40e90964e7a047230c36cd233b8751,320c4e05e312df4a024a274474879a10d765f07f65ee3478b6ac1f7c31980d82,76cc3775534774ea58f799ee1a64020724e5cefb,n_detected,1419.0,count
cintron_ladder,S1_nominal,static_affine,2,10.0,True,S1_nominal__static_affine__seed2,fa2ca240ac17605f28e43b1573d61379f65c20aab226bb0fcf8af13e416712a1,320c4e05e312df4a024a274474879a10d765f07f65ee3478b6ac1f7c31980d82,76cc3775534774ea58f799ee1a64020724e5cefb,n_detected,1480.0,count
cintron_ladder,S1_nominal,static_affine,3,10.0,True,S1_nominal__static_affine__seed3,e2bb79b9efe0975489e6c62e2c85ebeea90bcc05eddf00c5e3397cde3d2a9805,320c4e05e312df4a024a274474879a10d765f07f65ee3478b6ac1f7c31980d82,76cc3775534774ea58f799ee1a64020724e5cefb,n_detected,1456.0,count
cintron_ladder,S1_nominal,rls,1,10.0,True,S1_nominal__rls__seed1,2a7e164a7e04cfa5ac607c92ecf3c4a53c40e90964e7a047230c36cd233b8751,7cfed748c1a23fa8b895d925c453ff71b8171df9f5c670346fe7006efecf7439,76cc3775534774ea58f799ee1a64020724e5cefb,n_detected,1419.0,count
cintron_ladder,S1_nominal,rls,2,10.0,True,S1_nominal__rls__seed2,fa2ca240ac17605f28e43b1573d61379f65c20aab226bb0fcf8af13e416712a1,7cfed748c1a23fa8b895d925c453ff71b8171df9f5c670346fe7006efecf7439,76cc3775534774ea58f799ee1a64020724e5cefb,n_detected,1480.0,count
cintron_ladder,S1_nominal,rls,3,10.0,True,S1_nominal__rls__seed3,e2bb79b9efe0975489e6c62e2c85ebeea90bcc05eddf00c5e3397cde3d2a9805,7cfed748c1a23fa8b895d925c453ff71b8171df9f5c670346fe7006efecf7439,76cc3775534774ea58f799ee1a64020724e5cefb,n_detected,1456.0,count
cintron_ladder,S1_nominal,kalman,1,10.0,True,S1_nominal__kalman__seed1,2a7e164a7e04cfa5ac607c92ecf3c4a53c40e90964e7a047230c36cd233b8751,6a7aa063ebf027f849ecd3e9c514f26b15cd0e81da553bdba217a4b021eaa2ce,76cc3775534774ea58f799ee1a64020724e5cefb,n_detected,1419.0,count
cintron_ladder,S1_nominal,kalman,2,10.0,True,S1_nominal__kalman__seed2,fa2ca240ac17605f28e43b1573d61379f65c20aab226bb0fcf8af13e416712a1,6a7aa063ebf027f849ecd3e9c514f26b15cd0e81da553bdba217a4b021eaa2ce,76cc3775534774ea58f799ee1a64020724e5cefb,n_detected,1480.0,count
cintron_ladder,S1_nominal,kalman,3,10.0,True,S1_nominal__kalman__seed3,e2bb79b9efe0975489e6c62e2c85ebeea90bcc05eddf00c5e3397cde3d2a9805,6a7aa063ebf027f849ecd3e9c514f26b15cd0e81da553bdba217a4b021eaa2ce,76cc3775534774ea58f799ee1a64020724e5cefb,n_detected,1456.0,count
cintron_ladder,S2_thermal_cycle,static_affine,1,10.0,True,S2_thermal_cycle__static_affine__seed1,f5077dc87411ed3b1d5de66609f9ade74b2b190d2ee2584a79de6dbb70344dee,320c4e05e312df4a024a274474879a10d765f07f65ee3478b6ac1f7c31980d82,76cc3775534774ea58f799ee1a64020724e5cefb,n_detected,12930.0,count
cintron_ladder,S2_thermal_cycle,static_affine,2,10.0,True,S2_thermal_cycle__static_affine__seed2,464a9ded5d97e5522353c10b5f4e7d6fb82021b240fd00240425a619b73a60c1,320c4e05e312df4a024a274474879a10d765f07f65ee3478b6ac1f7c31980d82,76cc3775534774ea58f799ee1a64020724e5cefb,n_detected,13015.0,count
cintron_ladder,S2_thermal_cycle,static_affine,3,10.0,True,S2_thermal_cycle__static_affine__seed3,9f3ded4a30a0049ceb88c4dd85f0059c2f7ecb82b310ae3424cc48f8b5e42da5,320c4e05e312df4a024a274474879a10d765f07f65ee3478b6ac1f7c31980d82,76cc3775534774ea58f799ee1a64020724e5cefb,n_detected,13087.0,count
cintron_ladder,S2_thermal_cycle,rls,1,10.0,True,S2_thermal_cycle__rls__seed1,f5077dc87411ed3b1d5de66609f9ade74b2b190d2ee2584a79de6dbb70344dee,7cfed748c1a23fa8b895d925c453ff71b8171df9f5c670346fe7006efecf7439,76cc3775534774ea58f799ee1a64020724e5cefb,n_detected,12930.0,count
cintron_ladder,S2_thermal_cycle,rls,2,10.0,True,S2_thermal_cycle__rls__seed2,464a9ded5d97e5522353c10b5f4e7d6fb82021b240fd00240425a619b73a60c1,7cfed748c1a23fa8b895d925c453ff71b8171df9f5c670346fe7006efecf7439,76cc3775534774ea58f799ee1a64020724e5cefb,n_detected,13015.0,count
cintron_ladder,S2_thermal_cycle,rls,3,10.0,True,S2_thermal_cycle__rls__seed3,9f3ded4a30a0049ceb88c4dd85f0059c2f7ecb82b310ae3424cc48f8b5e42da5,7cfed748c1a23fa8b895d925c453ff71b8171df9f5c670346fe7006efecf7439,76cc3775534774ea58f799ee1a64020724e5cefb,n_detected,13087.0,count
cintron_ladder,S2_thermal_cycle,kalman,1,10.0,True,S2_thermal_cycle__kalman__seed1,f5077dc87411ed3b1d5de66609f9ade74b2b190d2ee2584a79de6dbb70344dee,6a7aa063ebf027f849ecd3e9c514f26b15cd0e81da553bdba217a4b021eaa2ce,76cc3775534774ea58f799ee1a64020724e5cefb,n_detected,12930.0,count
cintron_ladder,S2_thermal_cycle,kalman,2,10.0,True,S2_thermal_cycle__kalman__seed2,464a9ded5d97e5522353c10b5f4e7d6fb82021b240fd00240425a619b73a60c1,6a7aa063ebf027f849ecd3e9c514f26b15cd0e81da553bdba217a4b021eaa2ce,76cc3775534774ea58f799ee1a64020724e5cefb,n_detected,13015.0,count
cintron_ladder,S2_thermal_cycle,kalman,3,10.0,True,S2_thermal_cycle__kalman__seed3,9f3ded4a30a0049ceb88c4dd85f0059c2f7ecb82b310ae3424cc48f8b5e42da5,6a7aa063ebf027f849ecd3e9c514f26b15cd0e81da553bdba217a4b021eaa2ce,76cc3775534774ea58f799ee1a64020724e5cefb,n_detected,13087.0,count
cintron_ladder,S3_zero_drift_walk,static_affine,1,10.0,True,S3_zero_drift_walk__static_affine__seed1,e7b981f1a695ead56faf9a26e3ac56f7cf242bda6227b5aabd270e829bc92da5,320c4e05e312df4a024a274474879a10d765f07f65ee3478b6ac1f7c31980d82,76cc3775534774ea58f799ee1a64020724e5cefb,n_detected,4763.0,count
cintron_ladder,S3_zero_drift_walk,static_affine,2,10.0,True,S3_zero_drift_walk__static_affine__seed2,8aaeb0ed7c28c2b0ee4c567f78a99e1728b00afc703637facbb86bff31b40b49,320c4e05e312df4a024a274474879a10d765f07f65ee3478b6ac1f7c31980d82,76cc3775534774ea58f799ee1a64020724e5cefb,n_detected,4835.0,count
cintron_ladder,S3_zero_drift_walk,static_affine,3,10.0,True,S3_zero_drift_walk__static_affine__seed3,b63f96c73e8c77b630930fed7883f11ae94db4991b7977259a58ca8a4af785b0,320c4e05e312df4a024a274474879a10d765f07f65ee3478b6ac1f7c31980d82,76cc3775534774ea58f799ee1a64020724e5cefb,n_detected,4838.0,count
cintron_ladder,S3_zero_drift_walk,rls,1,10.0,True,S3_zero_drift_walk__rls__seed1,e7b981f1a695ead56faf9a26e3ac56f7cf242bda6227b5aabd270e829bc92da5,7cfed748c1a23fa8b895d925c453ff71b8171df9f5c670346fe7006efecf7439,76cc3775534774ea58f799ee1a64020724e5cefb,n_detected,4763.0,count
cintron_ladder,S3_zero_drift_walk,rls,2,10.0,True,S3_zero_drift_walk__rls__seed2,8aaeb0ed7c28c2b0ee4c567f78a99e1728b00afc703637facbb86bff31b40b49,7cfed748c1a23fa8b895d925c453ff71b8171df9f5c670346fe7006efecf7439,76cc3775534774ea58f799ee1a64020724e5cefb,n_detected,4835.0,count
cintron_ladder,S3_zero_drift_walk,rls,3,10.0,True,S3_zero_drift_walk__rls__seed3,b63f96c73e8c77b630930fed7883f11ae94db4991b7977259a58ca8a4af785b0,7cfed748c1a23fa8b895d925c453ff71b8171df9f5c670346fe7006efecf7439,76cc3775534774ea58f799ee1a64020724e5cefb,n_detected,4838.0,count
cintron_ladder,S3_zero_drift_walk,kalman,1,10.0,True,S3_zero_drift_walk__kalman__seed1,e7b981f1a695ead56faf9a26e3ac56f7cf242bda6227b5aabd270e829bc92da5,6a7aa063ebf027f849ecd3e9c514f26b15cd0e81da553bdba217a4b021eaa2ce,76cc3775534774ea58f799ee1a64020724e5cefb,n_detected,4763.0,count
cintron_ladder,S3_zero_drift_walk,kalman,2,10.0,True,S3_zero_drift_walk__kalman__seed2,8aaeb0ed7c28c2b0ee4c567f78a99e1728b00afc703637facbb86bff31b40b49,6a7aa063ebf027f849ecd3e9c514f26b15cd0e81da553bdba217a4b021eaa2ce,76cc3775534774ea58f799ee1a64020724e5cefb,n_detected,4835.0,count
cintron_ladder,S3_zero_drift_walk,kalman,3,10.0,True,S3_zero_drift_walk__kalman__seed3,b63f96c73e8c77b630930fed7883f11ae94db4991b7977259a58ca8a4af785b0,6a7aa063ebf027f849ecd3e9c514f26b15cd0e81da553bdba217a4b021eaa2ce,76cc3775534774ea58f799ee1a64020724e5cefb,n_detected,4838.0,count
cintron_ladder,S4_step_fault,static_affine,1,10.0,True,S4_step_fault__static_affine__seed1,2ddd431c649ca2b8ec1dd1fa3d1be7053e06b556b429fda303db43e771c49b4d,320c4e05e312df4a024a274474879a10d765f07f65ee3478b6ac1f7c31980d82,76cc3775534774ea58f799ee1a64020724e5cefb,n_detected,3453.0,count
cintron_ladder,S4_step_fault,static_affine,2,10.0,True,S4_step_fault__static_affine__seed2,1319c874fdf7655f120c5fbb53cc4c8398e4675d47673de0fd98005d630b52b1,320c4e05e312df4a024a274474879a10d765f07f65ee3478b6ac1f7c31980d82,76cc3775534774ea58f799ee1a64020724e5cefb,n_detected,3545.0,count
cintron_ladder,S4_step_fault,static_affine,3,10.0,True,S4_step_fault__static_affine__seed3,135fc15f1c43d85f0045c59ffbd10841f2a3be848d4153fded5d6a5d6a4e34a0,320c4e05e312df4a024a274474879a10d765f07f65ee3478b6ac1f7c31980d82,76cc3775534774ea58f799ee1a64020724e5cefb,n_detected,3580.0,count
cintron_ladder,S4_step_fault,rls,1,10.0,True,S4_step_fault__rls__seed1,2ddd431c649ca2b8ec1dd1fa3d1be7053e06b556b429fda303db43e771c49b4d,7cfed748c1a23fa8b895d925c453ff71b8171df9f5c670346fe7006efecf7439,76cc3775534774ea58f799ee1a64020724e5cefb,n_detected,3453.0,count
cintron_ladder,S4_step_fault,rls,2,10.0,True,S4_step_fault__rls__seed2,1319c874fdf7655f120c5fbb53cc4c8398e4675d47673de0fd98005d630b52b1,7cfed748c1a23fa8b895d925c453ff71b8171df9f5c670346fe7006efecf7439,76cc3775534774ea58f799ee1a64020724e5cefb,n_detected,3545.0,count
cintron_ladder,S4_step_fault,rls,3,10.0,True,S4_step_fault__rls__seed3,135fc15f1c43d85f0045c59ffbd10841f2a3be848d4153fded5d6a5d6a4e34a0,7cfed748c1a23fa8b895d925c453ff71b8171df9f5c670346fe7006efecf7439,76cc3775534774ea58f799ee1a64020724e5cefb,n_detected,3580.0,count
cintron_ladder,S4_step_fault,kalman,1,10.0,True,S4_step_fault__kalman__seed1,2ddd431c649ca2b8ec1dd1fa3d1be7053e06b556b429fda303db43e771c49b4d,6a7aa063ebf027f849ecd3e9c514f26b15cd0e81da553bdba217a4b021eaa2ce,76cc3775534774ea58f799ee1a64020724e5cefb,n_detected,3453.0,count
cintron_ladder,S4_step_fault,kalman,2,10.0,True,S4_step_fault__kalman__seed2,1319c874fdf7655f120c5fbb53cc4c8398e4675d47673de0fd98005d630b52b1,6a7aa063ebf027f849ecd3e9c514f26b15cd0e81da553bdba217a4b021eaa2ce,76cc3775534774ea58f799ee1a64020724e5cefb,n_detected,3545.0,count
cintron_ladder,S4_step_fault,kalman,3,10.0,True,S4_step_fault__kalman__seed3,135fc15f1c43d85f0045c59ffbd10841f2a3be848d4153fded5d6a5d6a4e34a0,6a7aa063ebf027f849ecd3e9c514f26b15cd0e81da553bdba217a4b021eaa2ce,76cc3775534774ea58f799ee1a64020724e5cefb,n_detected,3580.0,count
cintron_ladder,S5_outage,static_affine,1,10.0,True,S5_outage__static_affine__seed1,a9fcc049f0f73db1ab44c7ca7ce4b41b05c1b293caabfeb3401f0bef2d75cce3,320c4e05e312df4a024a274474879a10d765f07f65ee3478b6ac1f7c31980d82,76cc3775534774ea58f799ee1a64020724e5cefb,n_detected,1417.0,count
cintron_ladder,S5_outage,static_affine,2,10.0,True,S5_outage__static_affine__seed2,1510a2663b5f63da6b5b1385333b17c9beaafcd638df3bce3262b43d051f97e1,320c4e05e312df4a024a274474879a10d765f07f65ee3478b6ac1f7c31980d82,76cc3775534774ea58f799ee1a64020724e5cefb,n_detected,1474.0,count
cintron_ladder,S5_outage,static_affine,3,10.0,True,S5_outage__static_affine__seed3,f84d5ae0ec8ad2f6df97000007a3d8ffecacea53aec887acf2f9adb90f328ec1,320c4e05e312df4a024a274474879a10d765f07f65ee3478b6ac1f7c31980d82,76cc3775534774ea58f799ee1a64020724e5cefb,n_detected,1452.0,count
cintron_ladder,S5_outage,rls,1,10.0,True,S5_outage__rls__seed1,a9fcc049f0f73db1ab44c7ca7ce4b41b05c1b293caabfeb3401f0bef2d75cce3,7cfed748c1a23fa8b895d925c453ff71b8171df9f5c670346fe7006efecf7439,76cc3775534774ea58f799ee1a64020724e5cefb,n_detected,1417.0,count
cintron_ladder,S5_outage,rls,2,10.0,True,S5_outage__rls__seed2,1510a2663b5f63da6b5b1385333b17c9beaafcd638df3bce3262b43d051f97e1,7cfed748c1a23fa8b895d925c453ff71b8171df9f5c670346fe7006efecf7439,76cc3775534774ea58f799ee1a64020724e5cefb,n_detected,1474.0,count
cintron_ladder,S5_outage,rls,3,10.0,True,S5_outage__rls__seed3,f84d5ae0ec8ad2f6df97000007a3d8ffecacea53aec887acf2f9adb90f328ec1,7cfed748c1a23fa8b895d925c453ff71b8171df9f5c670346fe7006efecf7439,76cc3775534774ea58f799ee1a64020724e5cefb,n_detected,1452.0,count
cintron_ladder,S5_outage,kalman,1,10.0,True,S5_outage__kalman__seed1,a9fcc049f0f73db1ab44c7ca7ce4b41b05c1b293caabfeb3401f0bef2d75cce3,6a7aa063ebf027f849ecd3e9c514f26b15cd0e81da553bdba217a4b021eaa2ce,76cc3775534774ea58f799ee1a64020724e5cefb,n_detected,1417.0,count
cintron_ladder,S5_outage,kalman,2,10.0,True,S5_outage__kalman__seed2,1510a2663b5f63da6b5b1385333b17c9beaafcd638df3bce3262b43d051f97e1,6a7aa063ebf027f849ecd3e9c514f26b15cd0e81da553bdba217a4b021eaa2ce,76cc3775534774ea58f799ee1a64020724e5cefb,n_detected,1474.0,count
cintron_ladder,S5_outage,kalman,3,10.0,True,S5_outage__kalman__seed3,f84d5ae0ec8ad2f6df97000007a3d8ffecacea53aec887acf2f9adb90f328ec1,6a7aa063ebf027f849ecd3e9c514f26b15cd0e81da553bdba217a4b021eaa2ce,76cc3775534774ea58f799ee1a64020724e5cefb,n_detected,1452.0,count
cintron_ladder,S6_combined,static_affine,1,10.0,True,S6_combined__static_affine__seed1,5d4f2a11ab7b925de02ef1d34875af815611f0d172cbf30a820f6e4a5db791f7,320c4e05e312df4a024a274474879a10d765f07f65ee3478b6ac1f7c31980d82,76cc3775534774ea58f799ee1a64020724e5cefb,n_detected,9625.0,count
cintron_ladder,S6_combined,static_affine,2,10.0,True,S6_combined__static_affine__seed2,d01e5c41507ccd6868ea37a1d0993c222e5af61f3b79e1372f0aceb13bdbcf73,320c4e05e312df4a024a274474879a10d765f07f65ee3478b6ac1f7c31980d82,76cc3775534774ea58f799ee1a64020724e5cefb,n_detected,9600.0,count
cintron_ladder,S6_combined,static_affine,3,10.0,True,S6_combined__static_affine__seed3,023a22c68d81022af0f29d6a4d407ec5521336f357a4e5f5fbb3be2ea33f3920,320c4e05e312df4a024a274474879a10d765f07f65ee3478b6ac1f7c31980d82,76cc3775534774ea58f799ee1a64020724e5cefb,n_detected,9558.0,count
cintron_ladder,S6_combined,rls,1,10.0,True,S6_combined__rls__seed1,5d4f2a11ab7b925de02ef1d34875af815611f0d172cbf30a820f6e4a5db791f7,7cfed748c1a23fa8b895d925c453ff71b8171df9f5c670346fe7006efecf7439,76cc3775534774ea58f799ee1a64020724e5cefb,n_detected,9625.0,count
cintron_ladder,S6_combined,rls,2,10.0,True,S6_combined__rls__seed2,d01e5c41507ccd6868ea37a1d0993c222e5af61f3b79e1372f0aceb13bdbcf73,7cfed748c1a23fa8b895d925c453ff71b8171df9f5c670346fe7006efecf7439,76cc3775534774ea58f799ee1a64020724e5cefb,n_detected,9600.0,count
cintron_ladder,S6_combined,rls,3,10.0,True,S6_combined__rls__seed3,023a22c68d81022af0f29d6a4d407ec5521336f357a4e5f5fbb3be2ea33f3920,7cfed748c1a23fa8b895d925c453ff71b8171df9f5c670346fe7006efecf7439,76cc3775534774ea58f799ee1a64020724e5cefb,n_detected,9558.0,count
cintron_ladder,S6_combined,kalman,1,10.0,True,S6_combined__kalman__seed1,5d4f2a11ab7b925de02ef1d34875af815611f0d172cbf30a820f6e4a5db791f7,6a7aa063ebf027f849ecd3e9c514f26b15cd0e81da553bdba217a4b021eaa2ce,76cc3775534774ea58f799ee1a64020724e5cefb,n_detected,9625.0,count
cintron_ladder,S6_combined,kalman,2,10.0,True,S6_combined__kalman__seed2,d01e5c41507ccd6868ea37a1d0993c222e5af61f3b79e1372f0aceb13bdbcf73,6a7aa063ebf027f849ecd3e9c514f26b15cd0e81da553bdba217a4b021eaa2ce,76cc3775534774ea58f799ee1a64020724e5cefb,n_detected,9600.0,count
cintron_ladder,S6_combined,kalman,3,10.0,True,S6_combined__kalman__seed3,023a22c68d81022af0f29d6a4d407ec5521336f357a4e5f5fbb3be2ea33f3920,6a7aa063ebf027f849ecd3e9c514f26b15cd0e81da553bdba217a4b021eaa2ce,76cc3775534774ea58f799ee1a64020724e5cefb,n_detected,9558.0,count
cintron_ladder,S7_sparse_reference,static_affine,1,10.0,True,S7_sparse_reference__static_affine__seed1,398c721afafcfb355a753ac0cfd1ebcf65a21a6ef468740ce93012df90f00ec4,320c4e05e312df4a024a274474879a10d765f07f65ee3478b6ac1f7c31980d82,76cc3775534774ea58f799ee1a64020724e5cefb,n_detected,7169.0,count
cintron_ladder,S7_sparse_reference,static_affine,2,10.0,True,S7_sparse_reference__static_affine__seed2,1301d7f22942f2e6619dcc555486092a7c3c37061e6b225ed3f3da3b3ca3b132,320c4e05e312df4a024a274474879a10d765f07f65ee3478b6ac1f7c31980d82,76cc3775534774ea58f799ee1a64020724e5cefb,n_detected,7222.0,count
cintron_ladder,S7_sparse_reference,static_affine,3,10.0,True,S7_sparse_reference__static_affine__seed3,32e0738c82819c8cd4653a676dda0f9f67168b628ffc2846dce20179bf21a707,320c4e05e312df4a024a274474879a10d765f07f65ee3478b6ac1f7c31980d82,76cc3775534774ea58f799ee1a64020724e5cefb,n_detected,7230.0,count
cintron_ladder,S7_sparse_reference,rls,1,10.0,True,S7_sparse_reference__rls__seed1,398c721afafcfb355a753ac0cfd1ebcf65a21a6ef468740ce93012df90f00ec4,7cfed748c1a23fa8b895d925c453ff71b8171df9f5c670346fe7006efecf7439,76cc3775534774ea58f799ee1a64020724e5cefb,n_detected,7169.0,count
cintron_ladder,S7_sparse_reference,rls,2,10.0,True,S7_sparse_reference__rls__seed2,1301d7f22942f2e6619dcc555486092a7c3c37061e6b225ed3f3da3b3ca3b132,7cfed748c1a23fa8b895d925c453ff71b8171df9f5c670346fe7006efecf7439,76cc3775534774ea58f799ee1a64020724e5cefb,n_detected,7222.0,count
cintron_ladder,S7_sparse_reference,rls,3,10.0,True,S7_sparse_reference__rls__seed3,32e0738c82819c8cd4653a676dda0f9f67168b628ffc2846dce20179bf21a707,7cfed748c1a23fa8b895d925c453ff71b8171df9f5c670346fe7006efecf7439,76cc3775534774ea58f799ee1a64020724e5cefb,n_detected,7230.0,count
cintron_ladder,S7_sparse_reference,kalman,1,10.0,True,S7_sparse_reference__kalman__seed1,398c721afafcfb355a753ac0cfd1ebcf65a21a6ef468740ce93012df90f00ec4,6a7aa063ebf027f849ecd3e9c514f26b15cd0e81da553bdba217a4b021eaa2ce,76cc3775534774ea58f799ee1a64020724e5cefb,n_detected,7169.0,count
cintron_ladder,S7_sparse_reference,kalman,2,10.0,True,S7_sparse_reference__kalman__seed2,1301d7f22942f2e6619dcc555486092a7c3c37061e6b225ed3f3da3b3ca3b132,6a7aa063ebf027f849ecd3e9c514f26b15cd0e81da553bdba217a4b021eaa2ce,76cc3775534774ea58f799ee1a64020724e5cefb,n_detected,7222.0,count
cintron_ladder,S7_sparse_reference,kalman,3,10.0,True,S7_sparse_reference__kalman__seed3,32e0738c82819c8cd4653a676dda0f9f67168b628ffc2846dce20179bf21a707,6a7aa063ebf027f849ecd3e9c514f26b15cd0e81da553bdba217a4b021eaa2ce,76cc3775534774ea58f799ee1a64020724e5cefb,n_detected,7230.0,count
cintron_ladder,S1_nominal,static_affine,1,10.0,True,S1_nominal__static_affine__seed1,2a7e164a7e04cfa5ac607c92ecf3c4a53c40e90964e7a047230c36cd233b8751,320c4e05e312df4a024a274474879a10d765f07f65ee3478b6ac1f7c31980d82,76cc3775534774ea58f799ee1a64020724e5cefb,n_references,142.0,count
cintron_ladder,S1_nominal,static_affine,2,10.0,True,S1_nominal__static_affine__seed2,fa2ca240ac17605f28e43b1573d61379f65c20aab226bb0fcf8af13e416712a1,320c4e05e312df4a024a274474879a10d765f07f65ee3478b6ac1f7c31980d82,76cc3775534774ea58f799ee1a64020724e5cefb,n_references,148.0,count
cintron_ladder,S1_nominal,static_affine,3,10.0,True,S1_nominal__static_affine__seed3,e2bb79b9efe0975489e6c62e2c85ebeea90bcc05eddf00c5e3397cde3d2a9805,320c4e05e312df4a024a274474879a10d765f07f65ee3478b6ac1f7c31980d82,76cc3775534774ea58f799ee1a64020724e5cefb,n_references,146.0,count
cintron_ladder,S1_nominal,rls,1,10.0,True,S1_nominal__rls__seed1,2a7e164a7e04cfa5ac607c92ecf3c4a53c40e90964e7a047230c36cd233b8751,7cfed748c1a23fa8b895d925c453ff71b8171df9f5c670346fe7006efecf7439,76cc3775534774ea58f799ee1a64020724e5cefb,n_references,142.0,count
cintron_ladder,S1_nominal,rls,2,10.0,True,S1_nominal__rls__seed2,fa2ca240ac17605f28e43b1573d61379f65c20aab226bb0fcf8af13e416712a1,7cfed748c1a23fa8b895d925c453ff71b8171df9f5c670346fe7006efecf7439,76cc3775534774ea58f799ee1a64020724e5cefb,n_references,148.0,count
cintron_ladder,S1_nominal,rls,3,10.0,True,S1_nominal__rls__seed3,e2bb79b9efe0975489e6c62e2c85ebeea90bcc05eddf00c5e3397cde3d2a9805,7cfed748c1a23fa8b895d925c453ff71b8171df9f5c670346fe7006efecf7439,76cc3775534774ea58f799ee1a64020724e5cefb,n_references,146.0,count
cintron_ladder,S1_nominal,kalman,1,10.0,True,S1_nominal__kalman__seed1,2a7e164a7e04cfa5ac607c92ecf3c4a53c40e90964e7a047230c36cd233b8751,6a7aa063ebf027f849ecd3e9c514f26b15cd0e81da553bdba217a4b021eaa2ce,76cc3775534774ea58f799ee1a64020724e5cefb,n_references,142.0,count
cintron_ladder,S1_nominal,kalman,2,10.0,True,S1_nominal__kalman__seed2,fa2ca240ac17605f28e43b1573d61379f65c20aab226bb0fcf8af13e416712a1,6a7aa063ebf027f849ecd3e9c514f26b15cd0e81da553bdba217a4b021eaa2ce,76cc3775534774ea58f799ee1a64020724e5cefb,n_references,148.0,count
cintron_ladder,S1_nominal,kalman,3,10.0,True,S1_nominal__kalman__seed3,e2bb79b9efe0975489e6c62e2c85ebeea90bcc05eddf00c5e3397cde3d2a9805,6a7aa063ebf027f849ecd3e9c514f26b15cd0e81da553bdba217a4b021eaa2ce,76cc3775534774ea58f799ee1a64020724e5cefb,n_references,146.0,count
cintron_ladder,S2_thermal_cycle,static_affine,1,10.0,True,S2_thermal_cycle__static_affine__seed1,f5077dc87411ed3b1d5de66609f9ade74b2b190d2ee2584a79de6dbb70344dee,320c4e05e312df4a024a274474879a10d765f07f65ee3478b6ac1f7c31980d82,76cc3775534774ea58f799ee1a64020724e5cefb,n_references,1292.0,count
cintron_ladder,S2_thermal_cycle,static_affine,2,10.0,True,S2_thermal_cycle__static_affine__seed2,464a9ded5d97e5522353c10b5f4e7d6fb82021b240fd00240425a619b73a60c1,320c4e05e312df4a024a274474879a10d765f07f65ee3478b6ac1f7c31980d82,76cc3775534774ea58f799ee1a64020724e5cefb,n_references,1302.0,count
cintron_ladder,S2_thermal_cycle,static_affine,3,10.0,True,S2_thermal_cycle__static_affine__seed3,9f3ded4a30a0049ceb88c4dd85f0059c2f7ecb82b310ae3424cc48f8b5e42da5,320c4e05e312df4a024a274474879a10d765f07f65ee3478b6ac1f7c31980d82,76cc3775534774ea58f799ee1a64020724e5cefb,n_references,1308.0,count
cintron_ladder,S2_thermal_cycle,rls,1,10.0,True,S2_thermal_cycle__rls__seed1,f5077dc87411ed3b1d5de66609f9ade74b2b190d2ee2584a79de6dbb70344dee,7cfed748c1a23fa8b895d925c453ff71b8171df9f5c670346fe7006efecf7439,76cc3775534774ea58f799ee1a64020724e5cefb,n_references,1292.0,count
cintron_ladder,S2_thermal_cycle,rls,2,10.0,True,S2_thermal_cycle__rls__seed2,464a9ded5d97e5522353c10b5f4e7d6fb82021b240fd00240425a619b73a60c1,7cfed748c1a23fa8b895d925c453ff71b8171df9f5c670346fe7006efecf7439,76cc3775534774ea58f799ee1a64020724e5cefb,n_references,1302.0,count
cintron_ladder,S2_thermal_cycle,rls,3,10.0,True,S2_thermal_cycle__rls__seed3,9f3ded4a30a0049ceb88c4dd85f0059c2f7ecb82b310ae3424cc48f8b5e42da5,7cfed748c1a23fa8b895d925c453ff71b8171df9f5c670346fe7006efecf7439,76cc3775534774ea58f799ee1a64020724e5cefb,n_references,1308.0,count
cintron_ladder,S2_thermal_cycle,kalman,1,10.0,True,S2_thermal_cycle__kalman__seed1,f5077dc87411ed3b1d5de66609f9ade74b2b190d2ee2584a79de6dbb70344dee,6a7aa063ebf027f849ecd3e9c514f26b15cd0e81da553bdba217a4b021eaa2ce,76cc3775534774ea58f799ee1a64020724e5cefb,n_references,1292.0,count
cintron_ladder,S2_thermal_cycle,kalman,2,10.0,True,S2_thermal_cycle__kalman__seed2,464a9ded5d97e5522353c10b5f4e7d6fb82021b240fd00240425a619b73a60c1,6a7aa063ebf027f849ecd3e9c514f26b15cd0e81da553bdba217a4b021eaa2ce,76cc3775534774ea58f799ee1a64020724e5cefb,n_references,1302.0,count
cintron_ladder,S2_thermal_cycle,kalman,3,10.0,True,S2_thermal_cycle__kalman__seed3,9f3ded4a30a0049ceb88c4dd85f0059c2f7ecb82b310ae3424cc48f8b5e42da5,6a7aa063ebf027f849ecd3e9c514f26b15cd0e81da553bdba217a4b021eaa2ce,76cc3775534774ea58f799ee1a64020724e5cefb,n_references,1308.0,count
cintron_ladder,S3_zero_drift_walk,static_affine,1,10.0,True,S3_zero_drift_walk__static_affine__seed1,e7b981f1a695ead56faf9a26e3ac56f7cf242bda6227b5aabd270e829bc92da5,320c4e05e312df4a024a274474879a10d765f07f65ee3478b6ac1f7c31980d82,76cc3775534774ea58f799ee1a64020724e5cefb,n_references,477.0,count
cintron_ladder,S3_zero_drift_walk,static_affine,2,10.0,True,S3_zero_drift_walk__static_affine__seed2,8aaeb0ed7c28c2b0ee4c567f78a99e1728b00afc703637facbb86bff31b40b49,320c4e05e312df4a024a274474879a10d765f07f65ee3478b6ac1f7c31980d82,76cc3775534774ea58f799ee1a64020724e5cefb,n_references,484.0,count
cintron_ladder,S3_zero_drift_walk,static_affine,3,10.0,True,S3_zero_drift_walk__static_affine__seed3,b63f96c73e8c77b630930fed7883f11ae94db4991b7977259a58ca8a4af785b0,320c4e05e312df4a024a274474879a10d765f07f65ee3478b6ac1f7c31980d82,76cc3775534774ea58f799ee1a64020724e5cefb,n_references,484.0,count
cintron_ladder,S3_zero_drift_walk,rls,1,10.0,True,S3_zero_drift_walk__rls__seed1,e7b981f1a695ead56faf9a26e3ac56f7cf242bda6227b5aabd270e829bc92da5,7cfed748c1a23fa8b895d925c453ff71b8171df9f5c670346fe7006efecf7439,76cc3775534774ea58f799ee1a64020724e5cefb,n_references,477.0,count
cintron_ladder,S3_zero_drift_walk,rls,2,10.0,True,S3_zero_drift_walk__rls__seed2,8aaeb0ed7c28c2b0ee4c567f78a99e1728b00afc703637facbb86bff31b40b49,7cfed748c1a23fa8b895d925c453ff71b8171df9f5c670346fe7006efecf7439,76cc3775534774ea58f799ee1a64020724e5cefb,n_references,484.0,count
cintron_ladder,S3_zero_drift_walk,rls,3,10.0,True,S3_zero_drift_walk__rls__seed3,b63f96c73e8c77b630930fed7883f11ae94db4991b7977259a58ca8a4af785b0,7cfed748c1a23fa8b895d925c453ff71b8171df9f5c670346fe7006efecf7439,76cc3775534774ea58f799ee1a64020724e5cefb,n_references,484.0,count
cintron_ladder,S3_zero_drift_walk,kalman,1,10.0,True,S3_zero_drift_walk__kalman__seed1,e7b981f1a695ead56faf9a26e3ac56f7cf242bda6227b5aabd270e829bc92da5,6a7aa063ebf027f849ecd3e9c514f26b15cd0e81da553bdba217a4b021eaa2ce,76cc3775534774ea58f799ee1a64020724e5cefb,n_references,477.0,count
cintron_ladder,S3_zero_drift_walk,kalman,2,10.0,True,S3_zero_drift_walk__kalman__seed2,8aaeb0ed7c28c2b0ee4c567f78a99e1728b00afc703637facbb86bff31b40b49,6a7aa063ebf027f849ecd3e9c514f26b15cd0e81da553bdba217a4b021eaa2ce,76cc3775534774ea58f799ee1a64020724e5cefb,n_references,484.0,count
cintron_ladder,S3_zero_drift_walk,kalman,3,10.0,True,S3_zero_drift_walk__kalman__seed3,b63f96c73e8c77b630930fed7883f11ae94db4991b7977259a58ca8a4af785b0,6a7aa063ebf027f849ecd3e9c514f26b15cd0e81da553bdba217a4b021eaa2ce,76cc3775534774ea58f799ee1a64020724e5cefb,n_references,484.0,count
cintron_ladder,S4_step_fault,static_affine,1,10.0,True,S4_step_fault__static_affine__seed1,2ddd431c649ca2b8ec1dd1fa3d1be7053e06b556b429fda303db43e771c49b4d,320c4e05e312df4a024a274474879a10d765f07f65ee3478b6ac1f7c31980d82,76cc3775534774ea58f799ee1a64020724e5cefb,n_references,346.0,count
cintron_ladder,S4_step_fault,static_affine,2,10.0,True,S4_step_fault__static_affine__seed2,1319c874fdf7655f120c5fbb53cc4c8398e4675d47673de0fd98005d630b52b1,320c4e05e312df4a024a274474879a10d765f07f65ee3478b6ac1f7c31980d82,76cc3775534774ea58f799ee1a64020724e5cefb,n_references,355.0,count
cintron_ladder,S4_step_fault,static_affine,3,10.0,True,S4_step_fault__static_affine__seed3,135fc15f1c43d85f0045c59ffbd10841f2a3be848d4153fded5d6a5d6a4e34a0,320c4e05e312df4a024a274474879a10d765f07f65ee3478b6ac1f7c31980d82,76cc3775534774ea58f799ee1a64020724e5cefb,n_references,358.0,count
cintron_ladder,S4_step_fault,rls,1,10.0,True,S4_step_fault__rls__seed1,2ddd431c649ca2b8ec1dd1fa3d1be7053e06b556b429fda303db43e771c49b4d,7cfed748c1a23fa8b895d925c453ff71b8171df9f5c670346fe7006efecf7439,76cc3775534774ea58f799ee1a64020724e5cefb,n_references,346.0,count
cintron_ladder,S4_step_fault,rls,2,10.0,True,S4_step_fault__rls__seed2,1319c874fdf7655f120c5fbb53cc4c8398e4675d47673de0fd98005d630b52b1,7cfed748c1a23fa8b895d925c453ff71b8171df9f5c670346fe7006efecf7439,76cc3775534774ea58f799ee1a64020724e5cefb,n_references,355.0,count
cintron_ladder,S4_step_fault,rls,3,10.0,True,S4_step_fault__rls__seed3,135fc15f1c43d85f0045c59ffbd10841f2a3be848d4153fded5d6a5d6a4e34a0,7cfed748c1a23fa8b895d925c453ff71b8171df9f5c670346fe7006efecf7439,76cc3775534774ea58f799ee1a64020724e5cefb,n_references,358.0,count
cintron_ladder,S4_step_fault,kalman,1,10.0,True,S4_step_fault__kalman__seed1,2ddd431c649ca2b8ec1dd1fa3d1be7053e06b556b429fda303db43e771c49b4d,6a7aa063ebf027f849ecd3e9c514f26b15cd0e81da553bdba217a4b021eaa2ce,76cc3775534774ea58f799ee1a64020724e5cefb,n_references,346.0,count
cintron_ladder,S4_step_fault,kalman,2,10.0,True,S4_step_fault__kalman__seed2,1319c874fdf7655f120c5fbb53cc4c8398e4675d47673de0fd98005d630b52b1,6a7aa063ebf027f849ecd3e9c514f26b15cd0e81da553bdba217a4b021eaa2ce,76cc3775534774ea58f799ee1a64020724e5cefb,n_references,355.0,count
cintron_ladder,S4_step_fault,kalman,3,10.0,True,S4_step_fault__kalman__seed3,135fc15f1c43d85f0045c59ffbd10841f2a3be848d4153fded5d6a5d6a4e34a0,6a7aa063ebf027f849ecd3e9c514f26b15cd0e81da553bdba217a4b021eaa2ce,76cc3775534774ea58f799ee1a64020724e5cefb,n_references,358.0,count
cintron_ladder,S5_outage,static_affine,1,10.0,True,S5_outage__static_affine__seed1,a9fcc049f0f73db1ab44c7ca7ce4b41b05c1b293caabfeb3401f0bef2d75cce3,320c4e05e312df4a024a274474879a10d765f07f65ee3478b6ac1f7c31980d82,76cc3775534774ea58f799ee1a64020724e5cefb,n_references,142.0,count
cintron_ladder,S5_outage,static_affine,2,10.0,True,S5_outage__static_affine__seed2,1510a2663b5f63da6b5b1385333b17c9beaafcd638df3bce3262b43d051f97e1,320c4e05e312df4a024a274474879a10d765f07f65ee3478b6ac1f7c31980d82,76cc3775534774ea58f799ee1a64020724e5cefb,n_references,148.0,count
cintron_ladder,S5_outage,static_affine,3,10.0,True,S5_outage__static_affine__seed3,f84d5ae0ec8ad2f6df97000007a3d8ffecacea53aec887acf2f9adb90f328ec1,320c4e05e312df4a024a274474879a10d765f07f65ee3478b6ac1f7c31980d82,76cc3775534774ea58f799ee1a64020724e5cefb,n_references,146.0,count
cintron_ladder,S5_outage,rls,1,10.0,True,S5_outage__rls__seed1,a9fcc049f0f73db1ab44c7ca7ce4b41b05c1b293caabfeb3401f0bef2d75cce3,7cfed748c1a23fa8b895d925c453ff71b8171df9f5c670346fe7006efecf7439,76cc3775534774ea58f799ee1a64020724e5cefb,n_references,142.0,count
cintron_ladder,S5_outage,rls,2,10.0,True,S5_outage__rls__seed2,1510a2663b5f63da6b5b1385333b17c9beaafcd638df3bce3262b43d051f97e1,7cfed748c1a23fa8b895d925c453ff71b8171df9f5c670346fe7006efecf7439,76cc3775534774ea58f799ee1a64020724e5cefb,n_references,148.0,count
cintron_ladder,S5_outage,rls,3,10.0,True,S5_outage__rls__seed3,f84d5ae0ec8ad2f6df97000007a3d8ffecacea53aec887acf2f9adb90f328ec1,7cfed748c1a23fa8b895d925c453ff71b8171df9f5c670346fe7006efecf7439,76cc3775534774ea58f799ee1a64020724e5cefb,n_references,146.0,count
cintron_ladder,S5_outage,kalman,1,10.0,True,S5_outage__kalman__seed1,a9fcc049f0f73db1ab44c7ca7ce4b41b05c1b293caabfeb3401f0bef2d75cce3,6a7aa063ebf027f849ecd3e9c514f26b15cd0e81da553bdba217a4b021eaa2ce,76cc3775534774ea58f799ee1a64020724e5cefb,n_references,142.0,count
cintron_ladder,S5_outage,kalman,2,10.0,True,S5_outage__kalman__seed2,1510a2663b5f63da6b5b1385333b17c9beaafcd638df3bce3262b43d051f97e1,6a7aa063ebf027f849ecd3e9c514f26b15cd0e81da553bdba217a4b021eaa2ce,76cc3775534774ea58f799ee1a64020724e5cefb,n_references,148.0,count
cintron_ladder,S5_outage,kalman,3,10.0,True,S5_outage__kalman__seed3,f84d5ae0ec8ad2f6df97000007a3d8ffecacea53aec887acf2f9adb90f328ec1,6a7aa063ebf027f849ecd3e9c514f26b15cd0e81da553bdba217a4b021eaa2ce,76cc3775534774ea58f799ee1a64020724e5cefb,n_references,146.0,count
cintron_ladder,S6_combined,static_affine,1,10.0,True,S6_combined__static_affine__seed1,5d4f2a11ab7b925de02ef1d34875af815611f0d172cbf30a820f6e4a5db791f7,320c4e05e312df4a024a274474879a10d765f07f65ee3478b6ac1f7c31980d82,76cc3775534774ea58f799ee1a64020724e5cefb,n_references,492.0,count
cintron_ladder,S6_combined,static_affine,2,10.0,True,S6_combined__static_affine__seed2,d01e5c41507ccd6868ea37a1d0993c222e5af61f3b79e1372f0aceb13bdbcf73,320c4e05e312df4a024a274474879a10d765f07f65ee3478b6ac1f7c31980d82,76cc3775534774ea58f799ee1a64020724e5cefb,n_references,498.0,count
cintron_ladder,S6_combined,static_affine,3,10.0,True,S6_combined__static_affine__seed3,023a22c68d81022af0f29d6a4d407ec5521336f357a4e5f5fbb3be2ea33f3920,320c4e05e312df4a024a274474879a10d765f07f65ee3478b6ac1f7c31980d82,76cc3775534774ea58f799ee1a64020724e5cefb,n_references,504.0,count
cintron_ladder,S6_combined,rls,1,10.0,True,S6_combined__rls__seed1,5d4f2a11ab7b925de02ef1d34875af815611f0d172cbf30a820f6e4a5db791f7,7cfed748c1a23fa8b895d925c453ff71b8171df9f5c670346fe7006efecf7439,76cc3775534774ea58f799ee1a64020724e5cefb,n_references,492.0,count
cintron_ladder,S6_combined,rls,2,10.0,True,S6_combined__rls__seed2,d01e5c41507ccd6868ea37a1d0993c222e5af61f3b79e1372f0aceb13bdbcf73,7cfed748c1a23fa8b895d925c453ff71b8171df9f5c670346fe7006efecf7439,76cc3775534774ea58f799ee1a64020724e5cefb,n_references,498.0,count
cintron_ladder,S6_combined,rls,3,10.0,True,S6_combined__rls__seed3,023a22c68d81022af0f29d6a4d407ec5521336f357a4e5f5fbb3be2ea33f3920,7cfed748c1a23fa8b895d925c453ff71b8171df9f5c670346fe7006efecf7439,76cc3775534774ea58f799ee1a64020724e5cefb,n_references,504.0,count
cintron_ladder,S6_combined,kalman,1,10.0,True,S6_combined__kalman__seed1,5d4f2a11ab7b925de02ef1d34875af815611f0d172cbf30a820f6e4a5db791f7,6a7aa063ebf027f849ecd3e9c514f26b15cd0e81da553bdba217a4b021eaa2ce,76cc3775534774ea58f799ee1a64020724e5cefb,n_references,492.0,count
cintron_ladder,S6_combined,kalman,2,10.0,True,S6_combined__kalman__seed2,d01e5c41507ccd6868ea37a1d0993c222e5af61f3b79e1372f0aceb13bdbcf73,6a7aa063ebf027f849ecd3e9c514f26b15cd0e81da553bdba217a4b021eaa2ce,76cc3775534774ea58f799ee1a64020724e5cefb,n_references,498.0,count
cintron_ladder,S6_combined,kalman,3,10.0,True,S6_combined__kalman__seed3,023a22c68d81022af0f29d6a4d407ec5521336f357a4e5f5fbb3be2ea33f3920,6a7aa063ebf027f849ecd3e9c514f26b15cd0e81da553bdba217a4b021eaa2ce,76cc3775534774ea58f799ee1a64020724e5cefb,n_references,504.0,count
cintron_ladder,S7_sparse_reference,static_affine,1,10.0,True,S7_sparse_reference__static_affine__seed1,398c721afafcfb355a753ac0cfd1ebcf65a21a6ef468740ce93012df90f00ec4,320c4e05e312df4a024a274474879a10d765f07f65ee3478b6ac1f7c31980d82,76cc3775534774ea58f799ee1a64020724e5cefb,n_references,717.0,count
cintron_ladder,S7_sparse_reference,static_affine,2,10.0,True,S7_sparse_reference__static_affine__seed2,1301d7f22942f2e6619dcc555486092a7c3c37061e6b225ed3f3da3b3ca3b132,320c4e05e312df4a024a274474879a10d765f07f65ee3478b6ac1f7c31980d82,76cc3775534774ea58f799ee1a64020724e5cefb,n_references,723.0,count
cintron_ladder,S7_sparse_reference,static_affine,3,10.0,True,S7_sparse_reference__static_affine__seed3,32e0738c82819c8cd4653a676dda0f9f67168b628ffc2846dce20179bf21a707,320c4e05e312df4a024a274474879a10d765f07f65ee3478b6ac1f7c31980d82,76cc3775534774ea58f799ee1a64020724e5cefb,n_references,722.0,count
cintron_ladder,S7_sparse_reference,rls,1,10.0,True,S7_sparse_reference__rls__seed1,398c721afafcfb355a753ac0cfd1ebcf65a21a6ef468740ce93012df90f00ec4,7cfed748c1a23fa8b895d925c453ff71b8171df9f5c670346fe7006efecf7439,76cc3775534774ea58f799ee1a64020724e5cefb,n_references,717.0,count
cintron_ladder,S7_sparse_reference,rls,2,10.0,True,S7_sparse_reference__rls__seed2,1301d7f22942f2e6619dcc555486092a7c3c37061e6b225ed3f3da3b3ca3b132,7cfed748c1a23fa8b895d925c453ff71b8171df9f5c670346fe7006efecf7439,76cc3775534774ea58f799ee1a64020724e5cefb,n_references,723.0,count
cintron_ladder,S7_sparse_reference,rls,3,10.0,True,S7_sparse_reference__rls__seed3,32e0738c82819c8cd4653a676dda0f9f67168b628ffc2846dce20179bf21a707,7cfed748c1a23fa8b895d925c453ff71b8171df9f5c670346fe7006efecf7439,76cc3775534774ea58f799ee1a64020724e5cefb,n_references,722.0,count
cintron_ladder,S7_sparse_reference,kalman,1,10.0,True,S7_sparse_reference__kalman__seed1,398c721afafcfb355a753ac0cfd1ebcf65a21a6ef468740ce93012df90f00ec4,6a7aa063ebf027f849ecd3e9c514f26b15cd0e81da553bdba217a4b021eaa2ce,76cc3775534774ea58f799ee1a64020724e5cefb,n_references,717.0,count
cintron_ladder,S7_sparse_reference,kalman,2,10.0,True,S7_sparse_reference__kalman__seed2,1301d7f22942f2e6619dcc555486092a7c3c37061e6b225ed3f3da3b3ca3b132,6a7aa063ebf027f849ecd3e9c514f26b15cd0e81da553bdba217a4b021eaa2ce,76cc3775534774ea58f799ee1a64020724e5cefb,n_references,723.0,count
cintron_ladder,S7_sparse_reference,kalman,3,10.0,True,S7_sparse_reference__kalman__seed3,32e0738c82819c8cd4653a676dda0f9f67168b628ffc2846dce20179bf21a707,6a7aa063ebf027f849ecd3e9c514f26b15cd0e81da553bdba217a4b021eaa2ce,76cc3775534774ea58f799ee1a64020724e5cefb,n_references,722.0,count
cintron_ladder,S1_nominal,static_affine,1,10.0,True,S1_nominal__static_affine__seed1,2a7e164a7e04cfa5ac607c92ecf3c4a53c40e90964e7a047230c36cd233b8751,320c4e05e312df4a024a274474879a10d765f07f65ee3478b6ac1f7c31980d82,76cc3775534774ea58f799ee1a64020724e5cefb,alarms,0.0,count
cintron_ladder,S1_nominal,static_affine,2,10.0,True,S1_nominal__static_affine__seed2,fa2ca240ac17605f28e43b1573d61379f65c20aab226bb0fcf8af13e416712a1,320c4e05e312df4a024a274474879a10d765f07f65ee3478b6ac1f7c31980d82,76cc3775534774ea58f799ee1a64020724e5cefb,alarms,0.0,count
cintron_ladder,S1_nominal,static_affine,3,10.0,True,S1_nominal__static_affine__seed3,e2bb79b9efe0975489e6c62e2c85ebeea90bcc05eddf00c5e3397cde3d2a9805,320c4e05e312df4a024a274474879a10d765f07f65ee3478b6ac1f7c31980d82,76cc3775534774ea58f799ee1a64020724e5cefb,alarms,0.0,count
cintron_ladder,S1_nominal,rls,1,10.0,True,S1_nominal__rls__seed1,2a7e164a7e04cfa5ac607c92ecf3c4a53c40e90964e7a047230c36cd233b8751,7cfed748c1a23fa8b895d925c453ff71b8171df9f5c670346fe7006efecf7439,76cc3775534774ea58f799ee1a64020724e5cefb,alarms,0.0,count
cintron_ladder,S1_nominal,rls,2,10.0,True,S1_nominal__rls__seed2,fa2ca240ac17605f28e43b1573d61379f65c20aab226bb0fcf8af13e416712a1,7cfed748c1a23fa8b895d925c453ff71b8171df9f5c670346fe7006efecf7439,76cc3775534774ea58f799ee1a64020724e5cefb,alarms,0.0,count
cintron_ladder,S1_nominal,rls,3,10.0,True,S1_nominal__rls__seed3,e2bb79b9efe0975489e6c62e2c85ebeea90bcc05eddf00c5e3397cde3d2a9805,7cfed748c1a23fa8b895d925c453ff71b8171df9f5c670346fe7006efecf7439,76cc3775534774ea58f799ee1a64020724e5cefb,alarms,0.0,count
cintron_ladder,S1_nominal,kalman,1,10.0,True,S1_nominal__kalman__seed1,2a7e164a7e04cfa5ac607c92ecf3c4a53c40e90964e7a047230c36cd233b8751,6a7aa063ebf027f849ecd3e9c514f26b15cd0e81da553bdba217a4b021eaa2ce,76cc3775534774ea58f799ee1a64020724e5cefb,alarms,0.0,count
cintron_ladder,S1_nominal,kalman,2,10.0,True,S1_nominal__kalman__seed2,fa2ca240ac17605f28e43b1573d61379f65c20aab226bb0fcf8af13e416712a1,6a7aa063ebf027f849ecd3e9c514f26b15cd0e81da553bdba217a4b021eaa2ce,76cc3775534774ea58f799ee1a64020724e5cefb,alarms,0.0,count
cintron_ladder,S1_nominal,kalman,3,10.0,True,S1_nominal__kalman__seed3,e2bb79b9efe0975489e6c62e2c85ebeea90bcc05eddf00c5e3397cde3d2a9805,6a7aa063ebf027f849ecd3e9c514f26b15cd0e81da553bdba217a4b021eaa2ce,76cc3775534774ea58f799ee1a64020724e5cefb,alarms,0.0,count
cintron_ladder,S2_thermal_cycle,static_affine,1,10.0,True,S2_thermal_cycle__static_affine__seed1,f5077dc87411ed3b1d5de66609f9ade74b2b190d2ee2584a79de6dbb70344dee,320c4e05e312df4a024a274474879a10d765f07f65ee3478b6ac1f7c31980d82,76cc3775534774ea58f799ee1a64020724e5cefb,alarms,3.0,count
cintron_ladder,S2_thermal_cycle,static_affine,2,10.0,True,S2_thermal_cycle__static_affine__seed2,464a9ded5d97e5522353c10b5f4e7d6fb82021b240fd00240425a619b73a60c1,320c4e05e312df4a024a274474879a10d765f07f65ee3478b6ac1f7c31980d82,76cc3775534774ea58f799ee1a64020724e5cefb,alarms,2.0,count
cintron_ladder,S2_thermal_cycle,static_affine,3,10.0,True,S2_thermal_cycle__static_affine__seed3,9f3ded4a30a0049ceb88c4dd85f0059c2f7ecb82b310ae3424cc48f8b5e42da5,320c4e05e312df4a024a274474879a10d765f07f65ee3478b6ac1f7c31980d82,76cc3775534774ea58f799ee1a64020724e5cefb,alarms,2.0,count
cintron_ladder,S2_thermal_cycle,rls,1,10.0,True,S2_thermal_cycle__rls__seed1,f5077dc87411ed3b1d5de66609f9ade74b2b190d2ee2584a79de6dbb70344dee,7cfed748c1a23fa8b895d925c453ff71b8171df9f5c670346fe7006efecf7439,76cc3775534774ea58f799ee1a64020724e5cefb,alarms,2.0,count
cintron_ladder,S2_thermal_cycle,rls,2,10.0,True,S2_thermal_cycle__rls__seed2,464a9ded5d97e5522353c10b5f4e7d6fb82021b240fd00240425a619b73a60c1,7cfed748c1a23fa8b895d925c453ff71b8171df9f5c670346fe7006efecf7439,76cc3775534774ea58f799ee1a64020724e5cefb,alarms,2.0,count
cintron_ladder,S2_thermal_cycle,rls,3,10.0,True,S2_thermal_cycle__rls__seed3,9f3ded4a30a0049ceb88c4dd85f0059c2f7ecb82b310ae3424cc48f8b5e42da5,7cfed748c1a23fa8b895d925c453ff71b8171df9f5c670346fe7006efecf7439,76cc3775534774ea58f799ee1a64020724e5cefb,alarms,2.0,count
cintron_ladder,S2_thermal_cycle,kalman,1,10.0,True,S2_thermal_cycle__kalman__seed1,f5077dc87411ed3b1d5de66609f9ade74b2b190d2ee2584a79de6dbb70344dee,6a7aa063ebf027f849ecd3e9c514f26b15cd0e81da553bdba217a4b021eaa2ce,76cc3775534774ea58f799ee1a64020724e5cefb,alarms,1.0,count
cintron_ladder,S2_thermal_cycle,kalman,2,10.0,True,S2_thermal_cycle__kalman__seed2,464a9ded5d97e5522353c10b5f4e7d6fb82021b240fd00240425a619b73a60c1,6a7aa063ebf027f849ecd3e9c514f26b15cd0e81da553bdba217a4b021eaa2ce,76cc3775534774ea58f799ee1a64020724e5cefb,alarms,2.0,count
cintron_ladder,S2_thermal_cycle,kalman,3,10.0,True,S2_thermal_cycle__kalman__seed3,9f3ded4a30a0049ceb88c4dd85f0059c2f7ecb82b310ae3424cc48f8b5e42da5,6a7aa063ebf027f849ecd3e9c514f26b15cd0e81da553bdba217a4b021eaa2ce,76cc3775534774ea58f799ee1a64020724e5cefb,alarms,2.0,count
cintron_ladder,S3_zero_drift_walk,static_affine,1,10.0,True,S3_zero_drift_walk__static_affine__seed1,e7b981f1a695ead56faf9a26e3ac56f7cf242bda6227b5aabd270e829bc92da5,320c4e05e312df4a024a274474879a10d765f07f65ee3478b6ac1f7c31980d82,76cc3775534774ea58f799ee1a64020724e5cefb,alarms,0.0,count
cintron_ladder,S3_zero_drift_walk,static_affine,2,10.0,True,S3_zero_drift_walk__static_affine__seed2,8aaeb0ed7c28c2b0ee4c567f78a99e1728b00afc703637facbb86bff31b40b49,320c4e05e312df4a024a274474879a10d765f07f65ee3478b6ac1f7c31980d82,76cc3775534774ea58f799ee1a64020724e5cefb,alarms,0.0,count
cintron_ladder,S3_zero_drift_walk,static_affine,3,10.0,True,S3_zero_drift_walk__static_affine__seed3,b63f96c73e8c77b630930fed7883f11ae94db4991b7977259a58ca8a4af785b0,320c4e05e312df4a024a274474879a10d765f07f65ee3478b6ac1f7c31980d82,76cc3775534774ea58f799ee1a64020724e5cefb,alarms,1.0,count
cintron_ladder,S3_zero_drift_walk,rls,1,10.0,True,S3_zero_drift_walk__rls__seed1,e7b981f1a695ead56faf9a26e3ac56f7cf242bda6227b5aabd270e829bc92da5,7cfed748c1a23fa8b895d925c453ff71b8171df9f5c670346fe7006efecf7439,76cc3775534774ea58f799ee1a64020724e5cefb,alarms,0.0,count
cintron_ladder,S3_zero_drift_walk,rls,2,10.0,True,S3_zero_drift_walk__rls__seed2,8aaeb0ed7c28c2b0ee4c567f78a99e1728b00afc703637facbb86bff31b40b49,7cfed748c1a23fa8b895d925c453ff71b8171df9f5c670346fe7006efecf7439,76cc3775534774ea58f799ee1a64020724e5cefb,alarms,1.0,count
cintron_ladder,S3_zero_drift_walk,rls,3,10.0,True,S3_zero_drift_walk__rls__seed3,b63f96c73e8c77b630930fed7883f11ae94db4991b7977259a58ca8a4af785b0,7cfed748c1a23fa8b895d925c453ff71b8171df9f5c670346fe7006efecf7439,76cc3775534774ea58f799ee1a64020724e5cefb,alarms,1.0,count
cintron_ladder,S3_zero_drift_walk,kalman,1,10.0,True,S3_zero_drift_walk__kalman__seed1,e7b981f1a695ead56faf9a26e3ac56f7cf242bda6227b5aabd270e829bc92da5,6a7aa063ebf027f849ecd3e9c514f26b15cd0e81da553bdba217a4b021eaa2ce,76cc3775534774ea58f799ee1a64020724e5cefb,alarms,0.0,count
cintron_ladder,S3_zero_drift_walk,kalman,2,10.0,True,S3_zero_drift_walk__kalman__seed2,8aaeb0ed7c28c2b0ee4c567f78a99e1728b00afc703637facbb86bff31b40b49,6a7aa063ebf027f849ecd3e9c514f26b15cd0e81da553bdba217a4b021eaa2ce,76cc3775534774ea58f799ee1a64020724e5cefb,alarms,1.0,count
cintron_ladder,S3_zero_drift_walk,kalman,3,10.0,True,S3_zero_drift_walk__kalman__seed3,b63f96c73e8c77b630930fed7883f11ae94db4991b7977259a58ca8a4af785b0,6a7aa063ebf027f849ecd3e9c514f26b15cd0e81da553bdba217a4b021eaa2ce,76cc3775534774ea58f799ee1a64020724e5cefb,alarms,0.0,count
cintron_ladder,S4_step_fault,static_affine,1,10.0,True,S4_step_fault__static_affine__seed1,2ddd431c649ca2b8ec1dd1fa3d1be7053e06b556b429fda303db43e771c49b4d,320c4e05e312df4a024a274474879a10d765f07f65ee3478b6ac1f7c31980d82,76cc3775534774ea58f799ee1a64020724e5cefb,alarms,2.0,count
cintron_ladder,S4_step_fault,static_affine,2,10.0,True,S4_step_fault__static_affine__seed2,1319c874fdf7655f120c5fbb53cc4c8398e4675d47673de0fd98005d630b52b1,320c4e05e312df4a024a274474879a10d765f07f65ee3478b6ac1f7c31980d82,76cc3775534774ea58f799ee1a64020724e5cefb,alarms,2.0,count
cintron_ladder,S4_step_fault,static_affine,3,10.0,True,S4_step_fault__static_affine__seed3,135fc15f1c43d85f0045c59ffbd10841f2a3be848d4153fded5d6a5d6a4e34a0,320c4e05e312df4a024a274474879a10d765f07f65ee3478b6ac1f7c31980d82,76cc3775534774ea58f799ee1a64020724e5cefb,alarms,2.0,count
cintron_ladder,S4_step_fault,rls,1,10.0,True,S4_step_fault__rls__seed1,2ddd431c649ca2b8ec1dd1fa3d1be7053e06b556b429fda303db43e771c49b4d,7cfed748c1a23fa8b895d925c453ff71b8171df9f5c670346fe7006efecf7439,76cc3775534774ea58f799ee1a64020724e5cefb,alarms,1.0,count
cintron_ladder,S4_step_fault,rls,2,10.0,True,S4_step_fault__rls__seed2,1319c874fdf7655f120c5fbb53cc4c8398e4675d47673de0fd98005d630b52b1,7cfed748c1a23fa8b895d925c453ff71b8171df9f5c670346fe7006efecf7439,76cc3775534774ea58f799ee1a64020724e5cefb,alarms,2.0,count
cintron_ladder,S4_step_fault,rls,3,10.0,True,S4_step_fault__rls__seed3,135fc15f1c43d85f0045c59ffbd10841f2a3be848d4153fded5d6a5d6a4e34a0,7cfed748c1a23fa8b895d925c453ff71b8171df9f5c670346fe7006efecf7439,76cc3775534774ea58f799ee1a64020724e5cefb,alarms,2.0,count
cintron_ladder,S4_step_fault,kalman,1,10.0,True,S4_step_fault__kalman__seed1,2ddd431c649ca2b8ec1dd1fa3d1be7053e06b556b429fda303db43e771c49b4d,6a7aa063ebf027f849ecd3e9c514f26b15cd0e81da553bdba217a4b021eaa2ce,76cc3775534774ea58f799ee1a64020724e5cefb,alarms,1.0,count
cintron_ladder,S4_step_fault,kalman,2,10.0,True,S4_step_fault__kalman__seed2,1319c874fdf7655f120c5fbb53cc4c8398e4675d47673de0fd98005d630b52b1,6a7aa063ebf027f849ecd3e9c514f26b15cd0e81da553bdba217a4b021eaa2ce,76cc3775534774ea58f799ee1a64020724e5cefb,alarms,1.0,count
cintron_ladder,S4_step_fault,kalman,3,10.0,True,S4_step_fault__kalman__seed3,135fc15f1c43d85f0045c59ffbd10841f2a3be848d4153fded5d6a5d6a4e34a0,6a7aa063ebf027f849ecd3e9c514f26b15cd0e81da553bdba217a4b021eaa2ce,76cc3775534774ea58f799ee1a64020724e5cefb,alarms,2.0,count
cintron_ladder,S5_outage,static_affine,1,10.0,True,S5_outage__static_affine__seed1,a9fcc049f0f73db1ab44c7ca7ce4b41b05c1b293caabfeb3401f0bef2d75cce3,320c4e05e312df4a024a274474879a10d765f07f65ee3478b6ac1f7c31980d82,76cc3775534774ea58f799ee1a64020724e5cefb,alarms,1.0,count
cintron_ladder,S5_outage,static_affine,2,10.0,True,S5_outage__static_affine__seed2,1510a2663b5f63da6b5b1385333b17c9beaafcd638df3bce3262b43d051f97e1,320c4e05e312df4a024a274474879a10d765f07f65ee3478b6ac1f7c31980d82,76cc3775534774ea58f799ee1a64020724e5cefb,alarms,0.0,count
cintron_ladder,S5_outage,static_affine,3,10.0,True,S5_outage__static_affine__seed3,f84d5ae0ec8ad2f6df97000007a3d8ffecacea53aec887acf2f9adb90f328ec1,320c4e05e312df4a024a274474879a10d765f07f65ee3478b6ac1f7c31980d82,76cc3775534774ea58f799ee1a64020724e5cefb,alarms,0.0,count
cintron_ladder,S5_outage,rls,1,10.0,True,S5_outage__rls__seed1,a9fcc049f0f73db1ab44c7ca7ce4b41b05c1b293caabfeb3401f0bef2d75cce3,7cfed748c1a23fa8b895d925c453ff71b8171df9f5c670346fe7006efecf7439,76cc3775534774ea58f799ee1a64020724e5cefb,alarms,1.0,count
cintron_ladder,S5_outage,rls,2,10.0,True,S5_outage__rls__seed2,1510a2663b5f63da6b5b1385333b17c9beaafcd638df3bce3262b43d051f97e1,7cfed748c1a23fa8b895d925c453ff71b8171df9f5c670346fe7006efecf7439,76cc3775534774ea58f799ee1a64020724e5cefb,alarms,0.0,count
cintron_ladder,S5_outage,rls,3,10.0,True,S5_outage__rls__seed3,f84d5ae0ec8ad2f6df97000007a3d8ffecacea53aec887acf2f9adb90f328ec1,7cfed748c1a23fa8b895d925c453ff71b8171df9f5c670346fe7006efecf7439,76cc3775534774ea58f799ee1a64020724e5cefb,alarms,0.0,count
cintron_ladder,S5_outage,kalman,1,10.0,True,S5_outage__kalman__seed1,a9fcc049f0f73db1ab44c7ca7ce4b41b05c1b293caabfeb3401f0bef2d75cce3,6a7aa063ebf027f849ecd3e9c514f26b15cd0e81da553bdba217a4b021eaa2ce,76cc3775534774ea58f799ee1a64020724e5cefb,alarms,0.0,count
cintron_ladder,S5_outage,kalman,2,10.0,True,S5_outage__kalman__seed2,1510a2663b5f63da6b5b1385333b17c9beaafcd638df3bce3262b43d051f97e1,6a7aa063ebf027f849ecd3e9c514f26b15cd0e81da553bdba217a4b021eaa2ce,76cc3775534774ea58f799ee1a64020724e5cefb,alarms,0.0,count
cintron_ladder,S5_outage,kalman,3,10.0,True,S5_outage__kalman__seed3,f84d5ae0ec8ad2f6df97000007a3d8ffecacea53aec887acf2f9adb90f328ec1,6a7aa063ebf027f849ecd3e9c514f26b15cd0e81da553bdba217a4b021eaa2ce,76cc3775534774ea58f799ee1a64020724e5cefb,alarms,0.0,count
cintron_ladder,S6_combined,static_affine,1,10.0,True,S6_combined__static_affine__seed1,5d4f2a11ab7b925de02ef1d34875af815611f0d172cbf30a820f6e4a5db791f7,320c4e05e312df4a024a274474879a10d765f07f65ee3478b6ac1f7c31980d82,76cc3775534774ea58f799ee1a64020724e5cefb,alarms,2.0,count
cintron_ladder,S6_combined,static_affine,2,10.0,True,S6_combined__static_affine__seed2,d01e5c41507ccd6868ea37a1d0993c222e5af61f3b79e1372f0aceb13bdbcf73,320c4e05e312df4a024a274474879a10d765f07f65ee3478b6ac1f7c31980d82,76cc3775534774ea58f799ee1a64020724e5cefb,alarms,1.0,count
cintron_ladder,S6_combined,static_affine,3,10.0,True,S6_combined__static_affine__seed3,023a22c68d81022af0f29d6a4d407ec5521336f357a4e5f5fbb3be2ea33f3920,320c4e05e312df4a024a274474879a10d765f07f65ee3478b6ac1f7c31980d82,76cc3775534774ea58f799ee1a64020724e5cefb,alarms,3.0,count
cintron_ladder,S6_combined,rls,1,10.0,True,S6_combined__rls__seed1,5d4f2a11ab7b925de02ef1d34875af815611f0d172cbf30a820f6e4a5db791f7,7cfed748c1a23fa8b895d925c453ff71b8171df9f5c670346fe7006efecf7439,76cc3775534774ea58f799ee1a64020724e5cefb,alarms,2.0,count
cintron_ladder,S6_combined,rls,2,10.0,True,S6_combined__rls__seed2,d01e5c41507ccd6868ea37a1d0993c222e5af61f3b79e1372f0aceb13bdbcf73,7cfed748c1a23fa8b895d925c453ff71b8171df9f5c670346fe7006efecf7439,76cc3775534774ea58f799ee1a64020724e5cefb,alarms,2.0,count
cintron_ladder,S6_combined,rls,3,10.0,True,S6_combined__rls__seed3,023a22c68d81022af0f29d6a4d407ec5521336f357a4e5f5fbb3be2ea33f3920,7cfed748c1a23fa8b895d925c453ff71b8171df9f5c670346fe7006efecf7439,76cc3775534774ea58f799ee1a64020724e5cefb,alarms,2.0,count
cintron_ladder,S6_combined,kalman,1,10.0,True,S6_combined__kalman__seed1,5d4f2a11ab7b925de02ef1d34875af815611f0d172cbf30a820f6e4a5db791f7,6a7aa063ebf027f849ecd3e9c514f26b15cd0e81da553bdba217a4b021eaa2ce,76cc3775534774ea58f799ee1a64020724e5cefb,alarms,2.0,count
cintron_ladder,S6_combined,kalman,2,10.0,True,S6_combined__kalman__seed2,d01e5c41507ccd6868ea37a1d0993c222e5af61f3b79e1372f0aceb13bdbcf73,6a7aa063ebf027f849ecd3e9c514f26b15cd0e81da553bdba217a4b021eaa2ce,76cc3775534774ea58f799ee1a64020724e5cefb,alarms,1.0,count
cintron_ladder,S6_combined,kalman,3,10.0,True,S6_combined__kalman__seed3,023a22c68d81022af0f29d6a4d407ec5521336f357a4e5f5fbb3be2ea33f3920,6a7aa063ebf027f849ecd3e9c514f26b15cd0e81da553bdba217a4b021eaa2ce,76cc3775534774ea58f799ee1a64020724e5cefb,alarms,2.0,count
cintron_ladder,S7_sparse_reference,static_affine,1,10.0,True,S7_sparse_reference__static_affine__seed1,398c721afafcfb355a753ac0cfd1ebcf65a21a6ef468740ce93012df90f00ec4,320c4e05e312df4a024a274474879a10d765f07f65ee3478b6ac1f7c31980d82,76cc3775534774ea58f799ee1a64020724e5cefb,alarms,2.0,count
cintron_ladder,S7_sparse_reference,static_affine,2,10.0,True,S7_sparse_reference__static_affine__seed2,1301d7f22942f2e6619dcc555486092a7c3c37061e6b225ed3f3da3b3ca3b132,320c4e05e312df4a024a274474879a10d765f07f65ee3478b6ac1f7c31980d82,76cc3775534774ea58f799ee1a64020724e5cefb,alarms,3.0,count
cintron_ladder,S7_sparse_reference,static_affine,3,10.0,True,S7_sparse_reference__static_affine__seed3,32e0738c82819c8cd4653a676dda0f9f67168b628ffc2846dce20179bf21a707,320c4e05e312df4a024a274474879a10d765f07f65ee3478b6ac1f7c31980d82,76cc3775534774ea58f799ee1a64020724e5cefb,alarms,3.0,count
cintron_ladder,S7_sparse_reference,rls,1,10.0,True,S7_sparse_reference__rls__seed1,398c721afafcfb355a753ac0cfd1ebcf65a21a6ef468740ce93012df90f00ec4,7cfed748c1a23fa8b895d925c453ff71b8171df9f5c670346fe7006efecf7439,76cc3775534774ea58f799ee1a64020724e5cefb,alarms,0.0,count
cintron_ladder,S7_sparse_reference,rls,2,10.0,True,S7_sparse_reference__rls__seed2,1301d7f22942f2e6619dcc555486092a7c3c37061e6b225ed3f3da3b3ca3b132,7cfed748c1a23fa8b895d925c453ff71b8171df9f5c670346fe7006efecf7439,76cc3775534774ea58f799ee1a64020724e5cefb,alarms,2.0,count
cintron_ladder,S7_sparse_reference,rls,3,10.0,True,S7_sparse_reference__rls__seed3,32e0738c82819c8cd4653a676dda0f9f67168b628ffc2846dce20179bf21a707,7cfed748c1a23fa8b895d925c453ff71b8171df9f5c670346fe7006efecf7439,76cc3775534774ea58f799ee1a64020724e5cefb,alarms,2.0,count
cintron_ladder,S7_sparse_reference,kalman,1,10.0,True,S7_sparse_reference__kalman__seed1,398c721afafcfb355a753ac0cfd1ebcf65a21a6ef468740ce93012df90f00ec4,6a7aa063ebf027f849ecd3e9c514f26b15cd0e81da553bdba217a4b021eaa2ce,76cc3775534774ea58f799ee1a64020724e5cefb,alarms,0.0,count
cintron_ladder,S7_sparse_reference,kalman,2,10.0,True,S7_sparse_reference__kalman__seed2,1301d7f22942f2e6619dcc555486092a7c3c37061e6b225ed3f3da3b3ca3b132,6a7aa063ebf027f849ecd3e9c514f26b15cd0e81da553bdba217a4b021eaa2ce,76cc3775534774ea58f799ee1a64020724e5cefb,alarms,1.0,count
cintron_ladder,S7_sparse_reference,kalman,3,10.0,True,S7_sparse_reference__kalman__seed3,32e0738c82819c8cd4653a676dda0f9f67168b628ffc2846dce20179bf21a707,6a7aa063ebf027f849ecd3e9c514f26b15cd0e81da553bdba217a4b021eaa2ce,76cc3775534774ea58f799ee1a64020724e5cefb,alarms,2.0,count
cintron_ladder,S1_nominal,static_affine,1,10.0,True,S1_nominal__static_affine__seed1,2a7e164a7e04cfa5ac607c92ecf3c4a53c40e90964e7a047230c36cd233b8751,320c4e05e312df4a024a274474879a10d765f07f65ee3478b6ac1f7c31980d82,76cc3775534774ea58f799ee1a64020724e5cefb,recalibrations,0.0,count
cintron_ladder,S1_nominal,static_affine,2,10.0,True,S1_nominal__static_affine__seed2,fa2ca240ac17605f28e43b1573d61379f65c20aab226bb0fcf8af13e416712a1,320c4e05e312df4a024a274474879a10d765f07f65ee3478b6ac1f7c31980d82,76cc3775534774ea58f799ee1a64020724e5cefb,recalibrations,0.0,count
cintron_ladder,S1_nominal,static_affine,3,10.0,True,S1_nominal__static_affine__seed3,e2bb79b9efe0975489e6c62e2c85ebeea90bcc05eddf00c5e3397cde3d2a9805,320c4e05e312df4a024a274474879a10d765f07f65ee3478b6ac1f7c31980d82,76cc3775534774ea58f799ee1a64020724e5cefb,recalibrations,0.0,count
cintron_ladder,S1_nominal,rls,1,10.0,True,S1_nominal__rls__seed1,2a7e164a7e04cfa5ac607c92ecf3c4a53c40e90964e7a047230c36cd233b8751,7cfed748c1a23fa8b895d925c453ff71b8171df9f5c670346fe7006efecf7439,76cc3775534774ea58f799ee1a64020724e5cefb,recalibrations,0.0,count
cintron_ladder,S1_nominal,rls,2,10.0,True,S1_nominal__rls__seed2,fa2ca240ac17605f28e43b1573d61379f65c20aab226bb0fcf8af13e416712a1,7cfed748c1a23fa8b895d925c453ff71b8171df9f5c670346fe7006efecf7439,76cc3775534774ea58f799ee1a64020724e5cefb,recalibrations,0.0,count
cintron_ladder,S1_nominal,rls,3,10.0,True,S1_nominal__rls__seed3,e2bb79b9efe0975489e6c62e2c85ebeea90bcc05eddf00c5e3397cde3d2a9805,7cfed748c1a23fa8b895d925c453ff71b8171df9f5c670346fe7006efecf7439,76cc3775534774ea58f799ee1a64020724e5cefb,recalibrations,0.0,count
cintron_ladder,S1_nominal,kalman,1,10.0,True,S1_nominal__kalman__seed1,2a7e164a7e04cfa5ac607c92ecf3c4a53c40e90964e7a047230c36cd233b8751,6a7aa063ebf027f849ecd3e9c514f26b15cd0e81da553bdba217a4b021eaa2ce,76cc3775534774ea58f799ee1a64020724e5cefb,recalibrations,0.0,count
cintron_ladder,S1_nominal,kalman,2,10.0,True,S1_nominal__kalman__seed2,fa2ca240ac17605f28e43b1573d61379f65c20aab226bb0fcf8af13e416712a1,6a7aa063ebf027f849ecd3e9c514f26b15cd0e81da553bdba217a4b021eaa2ce,76cc3775534774ea58f799ee1a64020724e5cefb,recalibrations,0.0,count
cintron_ladder,S1_nominal,kalman,3,10.0,True,S1_nominal__kalman__seed3,e2bb79b9efe0975489e6c62e2c85ebeea90bcc05eddf00c5e3397cde3d2a9805,6a7aa063ebf027f849ecd3e9c514f26b15cd0e81da553bdba217a4b021eaa2ce,76cc3775534774ea58f799ee1a64020724e5cefb,recalibrations,0.0,count
cintron_ladder,S2_thermal_cycle,static_affine,1,10.0,True,S2_thermal_cycle__static_affine__seed1,f5077dc87411ed3b1d5de66609f9ade74b2b190d2ee2584a79de6dbb70344dee,320c4e05e312df4a024a274474879a10d765f07f65ee3478b6ac1f7c31980d82,76cc3775534774ea58f799ee1a64020724e5cefb,recalibrations,0.0,count
cintron_ladder,S2_thermal_cycle,static_affine,2,10.0,True,S2_thermal_cycle__static_affine__seed2,464a9ded5d97e5522353c10b5f4e7d6fb82021b240fd00240425a619b73a60c1,320c4e05e312df4a024a274474879a10d765f07f65ee3478b6ac1f7c31980d82,76cc3775534774ea58f799ee1a64020724e5cefb,recalibrations,0.0,count
cintron_ladder,S2_thermal_cycle,static_affine,3,10.0,True,S2_thermal_cycle__static_affine__seed3,9f3ded4a30a0049ceb88c4dd85f0059c2f7ecb82b310ae3424cc48f8b5e42da5,320c4e05e312df4a024a274474879a10d765f07f65ee3478b6ac1f7c31980d82,76cc3775534774ea58f799ee1a64020724e5cefb,recalibrations,0.0,count
cintron_ladder,S2_thermal_cycle,rls,1,10.0,True,S2_thermal_cycle__rls__seed1,f5077dc87411ed3b1d5de66609f9ade74b2b190d2ee2584a79de6dbb70344dee,7cfed748c1a23fa8b895d925c453ff71b8171df9f5c670346fe7006efecf7439,76cc3775534774ea58f799ee1a64020724e5cefb,recalibrations,0.0,count
cintron_ladder,S2_thermal_cycle,rls,2,10.0,True,S2_thermal_cycle__rls__seed2,464a9ded5d97e5522353c10b5f4e7d6fb82021b240fd00240425a619b73a60c1,7cfed748c1a23fa8b895d925c453ff71b8171df9f5c670346fe7006efecf7439,76cc3775534774ea58f799ee1a64020724e5cefb,recalibrations,0.0,count
cintron_ladder,S2_thermal_cycle,rls,3,10.0,True,S2_thermal_cycle__rls__seed3,9f3ded4a30a0049ceb88c4dd85f0059c2f7ecb82b310ae3424cc48f8b5e42da5,7cfed748c1a23fa8b895d925c453ff71b8171df9f5c670346fe7006efecf7439,76cc3775534774ea58f799ee1a64020724e5cefb,recalibrations,0.0,count
cintron_ladder,S2_thermal_cycle,kalman,1,10.0,True,S2_thermal_cycle__kalman__seed1,f5077dc87411ed3b1d5de66609f9ade74b2b190d2ee2584a79de6dbb70344dee,6a7aa063ebf027f849ecd3e9c514f26b15cd0e81da553bdba217a4b021eaa2ce,76cc3775534774ea58f799ee1a64020724e5cefb,recalibrations,0.0,count
cintron_ladder,S2_thermal_cycle,kalman,2,10.0,True,S2_thermal_cycle__kalman__seed2,464a9ded5d97e5522353c10b5f4e7d6fb82021b240fd00240425a619b73a60c1,6a7aa063ebf027f849ecd3e9c514f26b15cd0e81da553bdba217a4b021eaa2ce,76cc3775534774ea58f799ee1a64020724e5cefb,recalibrations,0.0,count
cintron_ladder,S2_thermal_cycle,kalman,3,10.0,True,S2_thermal_cycle__kalman__seed3,9f3ded4a30a0049ceb88c4dd85f0059c2f7ecb82b310ae3424cc48f8b5e42da5,6a7aa063ebf027f849ecd3e9c514f26b15cd0e81da553bdba217a4b021eaa2ce,76cc3775534774ea58f799ee1a64020724e5cefb,recalibrations,0.0,count
cintron_ladder,S3_zero_drift_walk,static_affine,1,10.0,True,S3_zero_drift_walk__static_affine__seed1,e7b981f1a695ead56faf9a26e3ac56f7cf242bda6227b5aabd270e829bc92da5,320c4e05e312df4a024a274474879a10d765f07f65ee3478b6ac1f7c31980d82,76cc3775534774ea58f799ee1a64020724e5cefb,recalibrations,0.0,count
cintron_ladder,S3_zero_drift_walk,static_affine,2,10.0,True,S3_zero_drift_walk__static_affine__seed2,8aaeb0ed7c28c2b0ee4c567f78a99e1728b00afc703637facbb86bff31b40b49,320c4e05e312df4a024a274474879a10d765f07f65ee3478b6ac1f7c31980d82,76cc3775534774ea58f799ee1a64020724e5cefb,recalibrations,0.0,count
cintron_ladder,S3_zero_drift_walk,static_affine,3,10.0,True,S3_zero_drift_walk__static_affine__seed3,b63f96c73e8c77b630930fed7883f11ae94db4991b7977259a58ca8a4af785b0,320c4e05e312df4a024a274474879a10d765f07f65ee3478b6ac1f7c31980d82,76cc3775534774ea58f799ee1a64020724e5cefb,recalibrations,0.0,count
cintron_ladder,S3_zero_drift_walk,rls,1,10.0,True,S3_zero_drift_walk__rls__seed1,e7b981f1a695ead56faf9a26e3ac56f7cf242bda6227b5aabd270e829bc92da5,7cfed748c1a23fa8b895d925c453ff71b8171df9f5c670346fe7006efecf7439,76cc3775534774ea58f799ee1a64020724e5cefb,recalibrations,0.0,count
cintron_ladder,S3_zero_drift_walk,rls,2,10.0,True,S3_zero_drift_walk__rls__seed2,8aaeb0ed7c28c2b0ee4c567f78a99e1728b00afc703637facbb86bff31b40b49,7cfed748c1a23fa8b895d925c453ff71b8171df9f5c670346fe7006efecf7439,76cc3775534774ea58f799ee1a64020724e5cefb,recalibrations,0.0,count
cintron_ladder,S3_zero_drift_walk,rls,3,10.0,True,S3_zero_drift_walk__rls__seed3,b63f96c73e8c77b630930fed7883f11ae94db4991b7977259a58ca8a4af785b0,7cfed748c1a23fa8b895d925c453ff71b8171df9f5c670346fe7006efecf7439,76cc3775534774ea58f799ee1a64020724e5cefb,recalibrations,0.0,count
cintron_ladder,S3_zero_drift_walk,kalman,1,10.0,True,S3_zero_drift_walk__kalman__seed1,e7b981f1a695ead56faf9a26e3ac56f7cf242bda6227b5aabd270e829bc92da5,6a7aa063ebf027f849ecd3e9c514f26b15cd0e81da553bdba217a4b021eaa2ce,76cc3775534774ea58f799ee1a64020724e5cefb,recalibrations,0.0,count
cintron_ladder,S3_zero_drift_walk,kalman,2,10.0,True,S3_zero_drift_walk__kalman__seed2,8aaeb0ed7c28c2b0ee4c567f78a99e1728b00afc703637facbb86bff31b40b49,6a7aa063ebf027f849ecd3e9c514f26b15cd0e81da553bdba217a4b021eaa2ce,76cc3775534774ea58f799ee1a64020724e5cefb,recalibrations,0.0,count
cintron_ladder,S3_zero_drift_walk,kalman,3,10.0,True,S3_zero_drift_walk__kalman__seed3,b63f96c73e8c77b630930fed7883f11ae94db4991b7977259a58ca8a4af785b0,6a7aa063ebf027f849ecd3e9c514f26b15cd0e81da553bdba217a4b021eaa2ce,76cc3775534774ea58f799ee1a64020724e5cefb,recalibrations,0.0,count
cintron_ladder,S4_step_fault,static_affine,1,10.0,True,S4_step_fault__static_affine__seed1,2ddd431c649ca2b8ec1dd1fa3d1be7053e06b556b429fda303db43e771c49b4d,320c4e05e312df4a024a274474879a10d765f07f65ee3478b6ac1f7c31980d82,76cc3775534774ea58f799ee1a64020724e5cefb,recalibrations,1.0,count
cintron_ladder,S4_step_fault,static_affine,2,10.0,True,S4_step_fault__static_affine__seed2,1319c874fdf7655f120c5fbb53cc4c8398e4675d47673de0fd98005d630b52b1,320c4e05e312df4a024a274474879a10d765f07f65ee3478b6ac1f7c31980d82,76cc3775534774ea58f799ee1a64020724e5cefb,recalibrations,1.0,count
cintron_ladder,S4_step_fault,static_affine,3,10.0,True,S4_step_fault__static_affine__seed3,135fc15f1c43d85f0045c59ffbd10841f2a3be848d4153fded5d6a5d6a4e34a0,320c4e05e312df4a024a274474879a10d765f07f65ee3478b6ac1f7c31980d82,76cc3775534774ea58f799ee1a64020724e5cefb,recalibrations,1.0,count
cintron_ladder,S4_step_fault,rls,1,10.0,True,S4_step_fault__rls__seed1,2ddd431c649ca2b8ec1dd1fa3d1be7053e06b556b429fda303db43e771c49b4d,7cfed748c1a23fa8b895d925c453ff71b8171df9f5c670346fe7006efecf7439,76cc3775534774ea58f799ee1a64020724e5cefb,recalibrations,0.0,count
cintron_ladder,S4_step_fault,rls,2,10.0,True,S4_step_fault__rls__seed2,1319c874fdf7655f120c5fbb53cc4c8398e4675d47673de0fd98005d630b52b1,7cfed748c1a23fa8b895d925c453ff71b8171df9f5c670346fe7006efecf7439,76cc3775534774ea58f799ee1a64020724e5cefb,recalibrations,1.0,count
cintron_ladder,S4_step_fault,rls,3,10.0,True,S4_step_fault__rls__seed3,135fc15f1c43d85f0045c59ffbd10841f2a3be848d4153fded5d6a5d6a4e34a0,7cfed748c1a23fa8b895d925c453ff71b8171df9f5c670346fe7006efecf7439,76cc3775534774ea58f799ee1a64020724e5cefb,recalibrations,0.0,count
cintron_ladder,S4_step_fault,kalman,1,10.0,True,S4_step_fault__kalman__seed1,2ddd431c649ca2b8ec1dd1fa3d1be7053e06b556b429fda303db43e771c49b4d,6a7aa063ebf027f849ecd3e9c514f26b15cd0e81da553bdba217a4b021eaa2ce,76cc3775534774ea58f799ee1a64020724e5cefb,recalibrations,0.0,count
cintron_ladder,S4_step_fault,kalman,2,10.0,True,S4_step_fault__kalman__seed2,1319c874fdf7655f120c5fbb53cc4c8398e4675d47673de0fd98005d630b52b1,6a7aa063ebf027f849ecd3e9c514f26b15cd0e81da553bdba217a4b021eaa2ce,76cc3775534774ea58f799ee1a64020724e5cefb,recalibrations,0.0,count
cintron_ladder,S4_step_fault,kalman,3,10.0,True,S4_step_fault__kalman__seed3,135fc15f1c43d85f0045c59ffbd10841f2a3be848d4153fded5d6a5d6a4e34a0,6a7aa063ebf027f849ecd3e9c514f26b15cd0e81da553bdba217a4b021eaa2ce,76cc3775534774ea58f799ee1a64020724e5cefb,recalibrations,0.0,count
cintron_ladder,S5_outage,static_affine,1,10.0,True,S5_outage__static_affine__seed1,a9fcc049f0f73db1ab44c7ca7ce4b41b05c1b293caabfeb3401f0bef2d75cce3,320c4e05e312df4a024a274474879a10d765f07f65ee3478b6ac1f7c31980d82,76cc3775534774ea58f799ee1a64020724e5cefb,recalibrations,0.0,count
cintron_ladder,S5_outage,static_affine,2,10.0,True,S5_outage__static_affine__seed2,1510a2663b5f63da6b5b1385333b17c9beaafcd638df3bce3262b43d051f97e1,320c4e05e312df4a024a274474879a10d765f07f65ee3478b6ac1f7c31980d82,76cc3775534774ea58f799ee1a64020724e5cefb,recalibrations,0.0,count
cintron_ladder,S5_outage,static_affine,3,10.0,True,S5_outage__static_affine__seed3,f84d5ae0ec8ad2f6df97000007a3d8ffecacea53aec887acf2f9adb90f328ec1,320c4e05e312df4a024a274474879a10d765f07f65ee3478b6ac1f7c31980d82,76cc3775534774ea58f799ee1a64020724e5cefb,recalibrations,0.0,count
cintron_ladder,S5_outage,rls,1,10.0,True,S5_outage__rls__seed1,a9fcc049f0f73db1ab44c7ca7ce4b41b05c1b293caabfeb3401f0bef2d75cce3,7cfed748c1a23fa8b895d925c453ff71b8171df9f5c670346fe7006efecf7439,76cc3775534774ea58f799ee1a64020724e5cefb,recalibrations,0.0,count
cintron_ladder,S5_outage,rls,2,10.0,True,S5_outage__rls__seed2,1510a2663b5f63da6b5b1385333b17c9beaafcd638df3bce3262b43d051f97e1,7cfed748c1a23fa8b895d925c453ff71b8171df9f5c670346fe7006efecf7439,76cc3775534774ea58f799ee1a64020724e5cefb,recalibrations,0.0,count
cintron_ladder,S5_outage,rls,3,10.0,True,S5_outage__rls__seed3,f84d5ae0ec8ad2f6df97000007a3d8ffecacea53aec887acf2f9adb90f328ec1,7cfed748c1a23fa8b895d925c453ff71b8171df9f5c670346fe7006efecf7439,76cc3775534774ea58f799ee1a64020724e5cefb,recalibrations,0.0,count
cintron_ladder,S5_outage,kalman,1,10.0,True,S5_outage__kalman__seed1,a9fcc049f0f73db1ab44c7ca7ce4b41b05c1b293caabfeb3401f0bef2d75cce3,6a7aa063ebf027f849ecd3e9c514f26b15cd0e81da553bdba217a4b021eaa2ce,76cc3775534774ea58f799ee1a64020724e5cefb,recalibrations,0.0,count
cintron_ladder,S5_outage,kalman,2,10.0,True,S5_outage__kalman__seed2,1510a2663b5f63da6b5b1385333b17c9beaafcd638df3bce3262b43d051f97e1,6a7aa063ebf027f849ecd3e9c514f26b15cd0e81da553bdba217a4b021eaa2ce,76cc3775534774ea58f799ee1a64020724e5cefb,recalibrations,0.0,count
cintron_ladder,S5_outage,kalman,3,10.0,True,S5_outage__kalman__seed3,f84d5ae0ec8ad2f6df97000007a3d8ffecacea53aec887acf2f9adb90f328ec1,6a7aa063ebf027f849ecd3e9c514f26b15cd0e81da553bdba217a4b021eaa2ce,76cc3775534774ea58f799ee1a64020724e5cefb,recalibrations,0.0,count
cintron_ladder,S6_combined,static_affine,1,10.0,True,S6_combined__static_affine__seed1,5d4f2a11ab7b925de02ef1d34875af815611f0d172cbf30a820f6e4a5db791f7,320c4e05e312df4a024a274474879a10d765f07f65ee3478b6ac1f7c31980d82,76cc3775534774ea58f799ee1a64020724e5cefb,recalibrations,1.0,count
cintron_ladder,S6_combined,static_affine,2,10.0,True,S6_combined__static_affine__seed2,d01e5c41507ccd6868ea37a1d0993c222e5af61f3b79e1372f0aceb13bdbcf73,320c4e05e312df4a024a274474879a10d765f07f65ee3478b6ac1f7c31980d82,76cc3775534774ea58f799ee1a64020724e5cefb,recalibrations,1.0,count
cintron_ladder,S6_combined,static_affine,3,10.0,True,S6_combined__static_affine__seed3,023a22c68d81022af0f29d6a4d407ec5521336f357a4e5f5fbb3be2ea33f3920,320c4e05e312df4a024a274474879a10d765f07f65ee3478b6ac1f7c31980d82,76cc3775534774ea58f799ee1a64020724e5cefb,recalibrations,1.0,count
cintron_ladder,S6_combined,rls,1,10.0,True,S6_combined__rls__seed1,5d4f2a11ab7b925de02ef1d34875af815611f0d172cbf30a820f6e4a5db791f7,7cfed748c1a23fa8b895d925c453ff71b8171df9f5c670346fe7006efecf7439,76cc3775534774ea58f799ee1a64020724e5cefb,recalibrations,0.0,count
cintron_ladder,S6_combined,rls,2,10.0,True,S6_combined__rls__seed2,d01e5c41507ccd6868ea37a1d0993c222e5af61f3b79e1372f0aceb13bdbcf73,7cfed748c1a23fa8b895d925c453ff71b8171df9f5c670346fe7006efecf7439,76cc3775534774ea58f799ee1a64020724e5cefb,recalibrations,0.0,count
cintron_ladder,S6_combined,rls,3,10.0,True,S6_combined__rls__seed3,023a22c68d81022af0f29d6a4d407ec5521336f357a4e5f5fbb3be2ea33f3920,7cfed748c1a23fa8b895d925c453ff71b8171df9f5c670346fe7006efecf7439,76cc3775534774ea58f799ee1a64020724e5cefb,recalibrations,1.0,count
cintron_ladder,S6_combined,kalman,1,10.0,True,S6_combined__kalman__seed1,5d4f2a11ab7b925de02ef1d34875af815611f0d172cbf30a820f6e4a5db791f7,6a7aa063ebf027f849ecd3e9c514f26b15cd0e81da553bdba217a4b021eaa2ce,76cc3775534774ea58f799ee1a64020724e5cefb,recalibrations,0.0,count
cintron_ladder,S6_combined,kalman,2,10.0,True,S6_combined__kalman__seed2,d01e5c41507ccd6868ea37a1d0993c222e5af61f3b79e1372f0aceb13bdbcf73,6a7aa063ebf027f849ecd3e9c514f26b15cd0e81da553bdba217a4b021eaa2ce,76cc3775534774ea58f799ee1a64020724e5cefb,recalibrations,0.0,count
cintron_ladder,S6_combined,kalman,3,10.0,True,S6_combined__kalman__seed3,023a22c68d81022af0f29d6a4d407ec5521336f357a4e5f5fbb3be2ea33f3920,6a7aa063ebf027f849ecd3e9c514f26b15cd0e81da553bdba217a4b021eaa2ce,76cc3775534774ea58f799ee1a64020724e5cefb,recalibrations,0.0,count
cintron_ladder,S7_sparse_reference,static_affine,1,10.0,True,S7_sparse_reference__static_affine__seed1,398c721afafcfb355a753ac0cfd1ebcf65a21a6ef468740ce93012df90f00ec4,320c4e05e312df4a024a274474879a10d765f07f65ee3478b6ac1f7c31980d82,76cc3775534774ea58f799ee1a64020724e5cefb,recalibrations,0.0,count
cintron_ladder,S7_sparse_reference,static_affine,2,10.0,True,S7_sparse_reference__static_affine__seed2,1301d7f22942f2e6619dcc555486092a7c3c37061e6b225ed3f3da3b3ca3b132,320c4e05e312df4a024a274474879a10d765f07f65ee3478b6ac1f7c31980d82,76cc3775534774ea58f799ee1a64020724e5cefb,recalibrations,0.0,count
cintron_ladder,S7_sparse_reference,static_affine,3,10.0,True,S7_sparse_reference__static_affine__seed3,32e0738c82819c8cd4653a676dda0f9f67168b628ffc2846dce20179bf21a707,320c4e05e312df4a024a274474879a10d765f07f65ee3478b6ac1f7c31980d82,76cc3775534774ea58f799ee1a64020724e5cefb,recalibrations,0.0,count
cintron_ladder,S7_sparse_reference,rls,1,10.0,True,S7_sparse_reference__rls__seed1,398c721afafcfb355a753ac0cfd1ebcf65a21a6ef468740ce93012df90f00ec4,7cfed748c1a23fa8b895d925c453ff71b8171df9f5c670346fe7006efecf7439,76cc3775534774ea58f799ee1a64020724e5cefb,recalibrations,0.0,count
cintron_ladder,S7_sparse_reference,rls,2,10.0,True,S7_sparse_reference__rls__seed2,1301d7f22942f2e6619dcc555486092a7c3c37061e6b225ed3f3da3b3ca3b132,7cfed748c1a23fa8b895d925c453ff71b8171df9f5c670346fe7006efecf7439,76cc3775534774ea58f799ee1a64020724e5cefb,recalibrations,0.0,count
cintron_ladder,S7_sparse_reference,rls,3,10.0,True,S7_sparse_reference__rls__seed3,32e0738c82819c8cd4653a676dda0f9f67168b628ffc2846dce20179bf21a707,7cfed748c1a23fa8b895d925c453ff71b8171df9f5c670346fe7006efecf7439,76cc3775534774ea58f799ee1a64020724e5cefb,recalibrations,0.0,count
cintron_ladder,S7_sparse_reference,kalman,1,10.0,True,S7_sparse_reference__kalman__seed1,398c721afafcfb355a753ac0cfd1ebcf65a21a6ef468740ce93012df90f00ec4,6a7aa063ebf027f849ecd3e9c514f26b15cd0e81da553bdba217a4b021eaa2ce,76cc3775534774ea58f799ee1a64020724e5cefb,recalibrations,0.0,count
cintron_ladder,S7_sparse_reference,kalman,2,10.0,True,S7_sparse_reference__kalman__seed2,1301d7f22942f2e6619dcc555486092a7c3c37061e6b225ed3f3da3b3ca3b132,6a7aa063ebf027f849ecd3e9c514f26b15cd0e81da553bdba217a4b021eaa2ce,76cc3775534774ea58f799ee1a64020724e5cefb,recalibrations,0.0,count
cintron_ladder,S7_sparse_reference,kalman,3,10.0,True,S7_sparse_reference__kalman__seed3,32e0738c82819c8cd4653a676dda0f9f67168b628ffc2846dce20179bf21a707,6a7aa063ebf027f849ecd3e9c514f26b15cd0e81da553bdba217a4b021eaa2ce,76cc3775534774ea58f799ee1a64020724e5cefb,recalibrations,0.0,count
cintron_ladder,S1_nominal,static_affine,1,10.0,True,S1_nominal__static_affine__seed1,2a7e164a7e04cfa5ac607c92ecf3c4a53c40e90964e7a047230c36cd233b8751,320c4e05e312df4a024a274474879a10d765f07f65ee3478b6ac1f7c31980d82,76cc3775534774ea58f799ee1a64020724e5cefb,degradations,0.0,count
cintron_ladder,S1_nominal,static_affine,2,10.0,True,S1_nominal__static_affine__seed2,fa2ca240ac17605f28e43b1573d61379f65c20aab226bb0fcf8af13e416712a1,320c4e05e312df4a024a274474879a10d765f07f65ee3478b6ac1f7c31980d82,76cc3775534774ea58f799ee1a64020724e5cefb,degradations,0.0,count
cintron_ladder,S1_nominal,static_affine,3,10.0,True,S1_nominal__static_affine__seed3,e2bb79b9efe0975489e6c62e2c85ebeea90bcc05eddf00c5e3397cde3d2a9805,320c4e05e312df4a024a274474879a10d765f07f65ee3478b6ac1f7c31980d82,76cc3775534774ea58f799ee1a64020724e5cefb,degradations,0.0,count
cintron_ladder,S1_nominal,rls,1,10.0,True,S1_nominal__rls__seed1,2a7e164a7e04cfa5ac607c92ecf3c4a53c40e90964e7a047230c36cd233b8751,7cfed748c1a23fa8b895d925c453ff71b8171df9f5c670346fe7006efecf7439,76cc3775534774ea58f799ee1a64020724e5cefb,degradations,0.0,count
cintron_ladder,S1_nominal,rls,2,10.0,True,S1_nominal__rls__seed2,fa2ca240ac17605f28e43b1573d61379f65c20aab226bb0fcf8af13e416712a1,7cfed748c1a23fa8b895d925c453ff71b8171df9f5c670346fe7006efecf7439,76cc3775534774ea58f799ee1a64020724e5cefb,degradations,0.0,count
cintron_ladder,S1_nominal,rls,3,10.0,True,S1_nominal__rls__seed3,e2bb79b9efe0975489e6c62e2c85ebeea90bcc05eddf00c5e3397cde3d2a9805,7cfed748c1a23fa8b895d925c453ff71b8171df9f5c670346fe7006efecf7439,76cc3775534774ea58f799ee1a64020724e5cefb,degradations,0.0,count
cintron_ladder,S1_nominal,kalman,1,10.0,True,S1_nominal__kalman__seed1,2a7e164a7e04cfa5ac607c92ecf3c4a53c40e90964e7a047230c36cd233b8751,6a7aa063ebf027f849ecd3e9c514f26b15cd0e81da553bdba217a4b021eaa2ce,76cc3775534774ea58f799ee1a64020724e5cefb,degradations,0.0,count
cintron_ladder,S1_nominal,kalman,2,10.0,True,S1_nominal__kalman__seed2,fa2ca240ac17605f28e43b1573d61379f65c20aab226bb0fcf8af13e416712a1,6a7aa063ebf027f849ecd3e9c514f26b15cd0e81da553bdba217a4b021eaa2ce,76cc3775534774ea58f799ee1a64020724e5cefb,degradations,0.0,count
cintron_ladder,S1_nominal,kalman,3,10.0,True,S1_nominal__kalman__seed3,e2bb79b9efe0975489e6c62e2c85ebeea90bcc05eddf00c5e3397cde3d2a9805,6a7aa063ebf027f849ecd3e9c514f26b15cd0e81da553bdba217a4b021eaa2ce,76cc3775534774ea58f799ee1a64020724e5cefb,degradations,0.0,count
cintron_ladder,S2_thermal_cycle,static_affine,1,10.0,True,S2_thermal_cycle__static_affine__seed1,f5077dc87411ed3b1d5de66609f9ade74b2b190d2ee2584a79de6dbb70344dee,320c4e05e312df4a024a274474879a10d765f07f65ee3478b6ac1f7c31980d82,76cc3775534774ea58f799ee1a64020724e5cefb,degradations,0.0,count
cintron_ladder,S2_thermal_cycle,static_affine,2,10.0,True,S2_thermal_cycle__static_affine__seed2,464a9ded5d97e5522353c10b5f4e7d6fb82021b240fd00240425a619b73a60c1,320c4e05e312df4a024a274474879a10d765f07f65ee3478b6ac1f7c31980d82,76cc3775534774ea58f799ee1a64020724e5cefb,degradations,0.0,count
cintron_ladder,S2_thermal_cycle,static_affine,3,10.0,True,S2_thermal_cycle__static_affine__seed3,9f3ded4a30a0049ceb88c4dd85f0059c2f7ecb82b310ae3424cc48f8b5e42da5,320c4e05e312df4a024a274474879a10d765f07f65ee3478b6ac1f7c31980d82,76cc3775534774ea58f799ee1a64020724e5cefb,degradations,0.0,count
cintron_ladder,S2_thermal_cycle,rls,1,10.0,True,S2_thermal_cycle__rls__seed1,f5077dc87411ed3b1d5de66609f9ade74b2b190d2ee2584a79de6dbb70344dee,7cfed748c1a23fa8b895d925c453ff71b8171df9f5c670346fe7006efecf7439,76cc3775534774ea58f799ee1a64020724e5cefb,degradations,0.0,count
cintron_ladder,S2_thermal_cycle,rls,2,10.0,True,S2_thermal_cycle__rls__seed2,464a9ded5d97e5522353c10b5f4e7d6fb82021b240fd00240425a619b73a60c1,7cfed748c1a23fa8b895d925c453ff71b8171df9f5c670346fe7006efecf7439,76cc3775534774ea58f799ee1a64020724e5cefb,degradations,0.0,count
cintron_ladder,S2_thermal_cycle,rls,3,10.0,True,S2_thermal_cycle__rls__seed3,9f3ded4a30a0049ceb88c4dd85f0059c2f7ecb82b310ae3424cc48f8b5e42da5,7cfed748c1a23fa8b895d925c453ff71b8171df9f5c670346fe7006efecf7439,76cc3775534774ea58f799ee1a64020724e5cefb,degradations,0.0,count
cintron_ladder,S2_thermal_cycle,kalman,1,10.0,True,S2_thermal_cycle__kalman__seed1,f5077dc87411ed3b1d5de66609f9ade74b2b190d2ee2584a79de6dbb70344dee,6a7aa063ebf027f849ecd3e9c514f26b15cd0e81da553bdba217a4b021eaa2ce,76cc3775534774ea58f799ee1a64020724e5cefb,degradations,0.0,count
cintron_ladder,S2_thermal_cycle,kalman,2,10.0,True,S2_thermal_cycle__kalman__seed2,464a9ded5d97e5522353c10b5f4e7d6fb82021b240fd00240425a619b73a60c1,6a7aa063ebf027f849ecd3e9c514f26b15cd0e81da553bdba217a4b021eaa2ce,76cc3775534774ea58f799ee1a64020724e5cefb,degradations,0.0,count
cintron_ladder,S2_thermal_cycle,kalman,3,10.0,True,S2_thermal_cycle__kalman__seed3,9f3ded4a30a0049ceb88c4dd85f0059c2f7ecb82b310ae3424cc48f8b5e42da5,6a7aa063ebf027f849ecd3e9c514f26b15cd0e81da553bdba217a4b021eaa2ce,76cc3775534774ea58f799ee1a64020724e5cefb,degradations,0.0,count
cintron_ladder,S3_zero_drift_walk,static_affine,1,10.0,True,S3_zero_drift_walk__static_affine__seed1,e7b981f1a695ead56faf9a26e3ac56f7cf242bda6227b5aabd270e829bc92da5,320c4e05e312df4a024a274474879a10d765f07f65ee3478b6ac1f7c31980d82,76cc3775534774ea58f799ee1a64020724e5cefb,degradations,0.0,count
cintron_ladder,S3_zero_drift_walk,static_affine,2,10.0,True,S3_zero_drift_walk__static_affine__seed2,8aaeb0ed7c28c2b0ee4c567f78a99e1728b00afc703637facbb86bff31b40b49,320c4e05e312df4a024a274474879a10d765f07f65ee3478b6ac1f7c31980d82,76cc3775534774ea58f799ee1a64020724e5cefb,degradations,0.0,count
cintron_ladder,S3_zero_drift_walk,static_affine,3,10.0,True,S3_zero_drift_walk__static_affine__seed3,b63f96c73e8c77b630930fed7883f11ae94db4991b7977259a58ca8a4af785b0,320c4e05e312df4a024a274474879a10d765f07f65ee3478b6ac1f7c31980d82,76cc3775534774ea58f799ee1a64020724e5cefb,degradations,0.0,count
cintron_ladder,S3_zero_drift_walk,rls,1,10.0,True,S3_zero_drift_walk__rls__seed1,e7b981f1a695ead56faf9a26e3ac56f7cf242bda6227b5aabd270e829bc92da5,7cfed748c1a23fa8b895d925c453ff71b8171df9f5c670346fe7006efecf7439,76cc3775534774ea58f799ee1a64020724e5cefb,degradations,0.0,count
cintron_ladder,S3_zero_drift_walk,rls,2,10.0,True,S3_zero_drift_walk__rls__seed2,8aaeb0ed7c28c2b0ee4c567f78a99e1728b00afc703637facbb86bff31b40b49,7cfed748c1a23fa8b895d925c453ff71b8171df9f5c670346fe7006efecf7439,76cc3775534774ea58f799ee1a64020724e5cefb,degradations,0.0,count
cintron_ladder,S3_zero_drift_walk,rls,3,10.0,True,S3_zero_drift_walk__rls__seed3,b63f96c73e8c77b630930fed7883f11ae94db4991b7977259a58ca8a4af785b0,7cfed748c1a23fa8b895d925c453ff71b8171df9f5c670346fe7006efecf7439,76cc3775534774ea58f799ee1a64020724e5cefb,degradations,0.0,count
cintron_ladder,S3_zero_drift_walk,kalman,1,10.0,True,S3_zero_drift_walk__kalman__seed1,e7b981f1a695ead56faf9a26e3ac56f7cf242bda6227b5aabd270e829bc92da5,6a7aa063ebf027f849ecd3e9c514f26b15cd0e81da553bdba217a4b021eaa2ce,76cc3775534774ea58f799ee1a64020724e5cefb,degradations,0.0,count
cintron_ladder,S3_zero_drift_walk,kalman,2,10.0,True,S3_zero_drift_walk__kalman__seed2,8aaeb0ed7c28c2b0ee4c567f78a99e1728b00afc703637facbb86bff31b40b49,6a7aa063ebf027f849ecd3e9c514f26b15cd0e81da553bdba217a4b021eaa2ce,76cc3775534774ea58f799ee1a64020724e5cefb,degradations,0.0,count
cintron_ladder,S3_zero_drift_walk,kalman,3,10.0,True,S3_zero_drift_walk__kalman__seed3,b63f96c73e8c77b630930fed7883f11ae94db4991b7977259a58ca8a4af785b0,6a7aa063ebf027f849ecd3e9c514f26b15cd0e81da553bdba217a4b021eaa2ce,76cc3775534774ea58f799ee1a64020724e5cefb,degradations,0.0,count
cintron_ladder,S4_step_fault,static_affine,1,10.0,True,S4_step_fault__static_affine__seed1,2ddd431c649ca2b8ec1dd1fa3d1be7053e06b556b429fda303db43e771c49b4d,320c4e05e312df4a024a274474879a10d765f07f65ee3478b6ac1f7c31980d82,76cc3775534774ea58f799ee1a64020724e5cefb,degradations,0.0,count
cintron_ladder,S4_step_fault,static_affine,2,10.0,True,S4_step_fault__static_affine__seed2,1319c874fdf7655f120c5fbb53cc4c8398e4675d47673de0fd98005d630b52b1,320c4e05e312df4a024a274474879a10d765f07f65ee3478b6ac1f7c31980d82,76cc3775534774ea58f799ee1a64020724e5cefb,degradations,0.0,count
cintron_ladder,S4_step_fault,static_affine,3,10.0,True,S4_step_fault__static_affine__seed3,135fc15f1c43d85f0045c59ffbd10841f2a3be848d4153fded5d6a5d6a4e34a0,320c4e05e312df4a024a274474879a10d765f07f65ee3478b6ac1f7c31980d82,76cc3775534774ea58f799ee1a64020724e5cefb,degradations,0.0,count
cintron_ladder,S4_step_fault,rls,1,10.0,True,S4_step_fault__rls__seed1,2ddd431c649ca2b8ec1dd1fa3d1be7053e06b556b429fda303db43e771c49b4d,7cfed748c1a23fa8b895d925c453ff71b8171df9f5c670346fe7006efecf7439,76cc3775534774ea58f799ee1a64020724e5cefb,degradations,0.0,count
cintron_ladder,S4_step_fault,rls,2,10.0,True,S4_step_fault__rls__seed2,1319c874fdf7655f120c5fbb53cc4c8398e4675d47673de0fd98005d630b52b1,7cfed748c1a23fa8b895d925c453ff71b8171df9f5c670346fe7006efecf7439,76cc3775534774ea58f799ee1a64020724e5cefb,degradations,0.0,count
cintron_ladder,S4_step_fault,rls,3,10.0,True,S4_step_fault__rls__seed3,135fc15f1c43d85f0045c59ffbd10841f2a3be848d4153fded5d6a5d6a4e34a0,7cfed748c1a23fa8b895d925c453ff71b8171df9f5c670346fe7006efecf7439,76cc3775534774ea58f799ee1a64020724e5cefb,degradations,0.0,count
cintron_ladder,S4_step_fault,kalman,1,10.0,True,S4_step_fault__kalman__seed1,2ddd431c649ca2b8ec1dd1fa3d1be7053e06b556b429fda303db43e771c49b4d,6a7aa063ebf027f849ecd3e9c514f26b15cd0e81da553bdba217a4b021eaa2ce,76cc3775534774ea58f799ee1a64020724e5cefb,degradations,0.0,count
cintron_ladder,S4_step_fault,kalman,2,10.0,True,S4_step_fault__kalman__seed2,1319c874fdf7655f120c5fbb53cc4c8398e4675d47673de0fd98005d630b52b1,6a7aa063ebf027f849ecd3e9c514f26b15cd0e81da553bdba217a4b021eaa2ce,76cc3775534774ea58f799ee1a64020724e5cefb,degradations,0.0,count
cintron_ladder,S4_step_fault,kalman,3,10.0,True,S4_step_fault__kalman__seed3,135fc15f1c43d85f0045c59ffbd10841f2a3be848d4153fded5d6a5d6a4e34a0,6a7aa063ebf027f849ecd3e9c514f26b15cd0e81da553bdba217a4b021eaa2ce,76cc3775534774ea58f799ee1a64020724e5cefb,degradations,0.0,count
cintron_ladder,S5_outage,static_affine,1,10.0,True,S5_outage__static_affine__seed1,a9fcc049f0f73db1ab44c7ca7ce4b41b05c1b293caabfeb3401f0bef2d75cce3,320c4e05e312df4a024a274474879a10d765f07f65ee3478b6ac1f7c31980d82,76cc3775534774ea58f799ee1a64020724e5cefb,degradations,0.0,count
cintron_ladder,S5_outage,static_affine,2,10.0,True,S5_outage__static_affine__seed2,1510a2663b5f63da6b5b1385333b17c9beaafcd638df3bce3262b43d051f97e1,320c4e05e312df4a024a274474879a10d765f07f65ee3478b6ac1f7c31980d82,76cc3775534774ea58f799ee1a64020724e5cefb,degradations,0.0,count
cintron_ladder,S5_outage,static_affine,3,10.0,True,S5_outage__static_affine__seed3,f84d5ae0ec8ad2f6df97000007a3d8ffecacea53aec887acf2f9adb90f328ec1,320c4e05e312df4a024a274474879a10d765f07f65ee3478b6ac1f7c31980d82,76cc3775534774ea58f799ee1a64020724e5cefb,degradations,0.0,count
cintron_ladder,S5_outage,rls,1,10.0,True,S5_outage__rls__seed1,a9fcc049f0f73db1ab44c7ca7ce4b41b05c1b293caabfeb3401f0bef2d75cce3,7cfed748c1a23fa8b895d925c453ff71b8171df9f5c670346fe7006efecf7439,76cc3775534774ea58f799ee1a64020724e5cefb,degradations,0.0,count
cintron_ladder,S5_outage,rls,2,10.0,True,S5_outage__rls__seed2,1510a2663b5f63da6b5b1385333b17c9beaafcd638df3bce3262b43d051f97e1,7cfed748c1a23fa8b895d925c453ff71b8171df9f5c670346fe7006efecf7439,76cc3775534774ea58f799ee1a64020724e5cefb,degradations,0.0,count
cintron_ladder,S5_outage,rls,3,10.0,True,S5_outage__rls__seed3,f84d5ae0ec8ad2f6df97000007a3d8ffecacea53aec887acf2f9adb90f328ec1,7cfed748c1a23fa8b895d925c453ff71b8171df9f5c670346fe7006efecf7439,76cc3775534774ea58f799ee1a64020724e5cefb,degradations,0.0,count
cintron_ladder,S5_outage,kalman,1,10.0,True,S5_outage__kalman__seed1,a9fcc049f0f73db1ab44c7ca7ce4b41b05c1b293caabfeb3401f0bef2d75cce3,6a7aa063ebf027f849ecd3e9c514f26b15cd0e81da553bdba217a4b021eaa2ce,76cc3775534774ea58f799ee1a64020724e5cefb,degradations,0.0,count
cintron_ladder,S5_outage,kalman,2,10.0,True,S5_outage__kalman__seed2,1510a2663b5f63da6b5b1385333b17c9beaafcd638df3bce3262b43d051f97e1,6a7aa063ebf027f849ecd3e9c514f26b15cd0e81da553bdba217a4b021eaa2ce,76cc3775534774ea58f799ee1a64020724e5cefb,degradations,0.0,count
cintron_ladder,S5_outage,kalman,3,10.0,True,S5_outage__kalman__seed3,f84d5ae0ec8ad2f6df97000007a3d8ffecacea53aec887acf2f9adb90f328ec1,6a7aa063ebf027f849ecd3e9c514f26b15cd0e81da553bdba217a4b021eaa2ce,76cc3775534774ea58f799ee1a64020724e5cefb,degradations,0.0,count
cintron_ladder,S6_combined,static_affine,1,10.0,True,S6_combined__static_affine__seed1,5d4f2a11ab7b925de02ef1d34875af815611f0d172cbf30a820f6e4a5db791f7,320c4e05e312df4a024a274474879a10d765f07f65ee3478b6ac1f7c31980d82,76cc3775534774ea58f799ee1a64020724e5cefb,degradations,0.0,count
cintron_ladder,S6_combined,static_affine,2,10.0,True,S6_combined__static_affine__seed2,d01e5c41507ccd6868ea37a1d0993c222e5af61f3b79e1372f0aceb13bdbcf73,320c4e05e312df4a024a274474879a10d765f07f65ee3478b6ac1f7c31980d82,76cc3775534774ea58f799ee1a64020724e5cefb,degradations,0.0,count
cintron_ladder,S6_combined,static_affine,3,10.0,True,S6_combined__static_affine__seed3,023a22c68d81022af0f29d6a4d407ec5521336f357a4e5f5fbb3be2ea33f3920,320c4e05e312df4a024a274474879a10d765f07f65ee3478b6ac1f7c31980d82,76cc3775534774ea58f799ee1a64020724e5cefb,degradations,0.0,count
cintron_ladder,S6_combined,rls,1,10.0,True,S6_combined__rls__seed1,5d4f2a11ab7b925de02ef1d34875af815611f0d172cbf30a820f6e4a5db791f7,7cfed748c1a23fa8b895d925c453ff71b8171df9f5c670346fe7006efecf7439,76cc3775534774ea58f799ee1a64020724e5cefb,degradations,0.0,count
cintron_ladder,S6_combined,rls,2,10.0,True,S6_combined__rls__seed2,d01e5c41507ccd6868ea37a1d0993c222e5af61f3b79e1372f0aceb13bdbcf73,7cfed748c1a23fa8b895d925c453ff71b8171df9f5c670346fe7006efecf7439,76cc3775534774ea58f799ee1a64020724e5cefb,degradations,0.0,count
cintron_ladder,S6_combined,rls,3,10.0,True,S6_combined__rls__seed3,023a22c68d81022af0f29d6a4d407ec5521336f357a4e5f5fbb3be2ea33f3920,7cfed748c1a23fa8b895d925c453ff71b8171df9f5c670346fe7006efecf7439,76cc3775534774ea58f799ee1a64020724e5cefb,degradations,0.0,count
cintron_ladder,S6_combined,kalman,1,10.0,True,S6_combined__kalman__seed1,5d4f2a11ab7b925de02ef1d34875af815611f0d172cbf30a820f6e4a5db791f7,6a7aa063ebf027f849ecd3e9c514f26b15cd0e81da553bdba217a4b021eaa2ce,76cc3775534774ea58f799ee1a64020724e5cefb,degradations,0.0,count
cintron_ladder,S6_combined,kalman,2,10.0,True,S6_combined__kalman__seed2,d01e5c41507ccd6868ea37a1d0993c222e5af61f3b79e1372f0aceb13bdbcf73,6a7aa063ebf027f849ecd3e9c514f26b15cd0e81da553bdba217a4b021eaa2ce,76cc3775534774ea58f799ee1a64020724e5cefb,degradations,0.0,count
cintron_ladder,S6_combined,kalman,3,10.0,True,S6_combined__kalman__seed3,023a22c68d81022af0f29d6a4d407ec5521336f357a4e5f5fbb3be2ea33f3920,6a7aa063ebf027f849ecd3e9c514f26b15cd0e81da553bdba217a4b021eaa2ce,76cc3775534774ea58f799ee1a64020724e5cefb,degradations,0.0,count
cintron_ladder,S7_sparse_reference,static_affine,1,10.0,True,S7_sparse_reference__static_affine__seed1,398c721afafcfb355a753ac0cfd1ebcf65a21a6ef468740ce93012df90f00ec4,320c4e05e312df4a024a274474879a10d765f07f65ee3478b6ac1f7c31980d82,76cc3775534774ea58f799ee1a64020724e5cefb,degradations,0.0,count
cintron_ladder,S7_sparse_reference,static_affine,2,10.0,True,S7_sparse_reference__static_affine__seed2,1301d7f22942f2e6619dcc555486092a7c3c37061e6b225ed3f3da3b3ca3b132,320c4e05e312df4a024a274474879a10d765f07f65ee3478b6ac1f7c31980d82,76cc3775534774ea58f799ee1a64020724e5cefb,degradations,0.0,count
cintron_ladder,S7_sparse_reference,static_affine,3,10.0,True,S7_sparse_reference__static_affine__seed3,32e0738c82819c8cd4653a676dda0f9f67168b628ffc2846dce20179bf21a707,320c4e05e312df4a024a274474879a10d765f07f65ee3478b6ac1f7c31980d82,76cc3775534774ea58f799ee1a64020724e5cefb,degradations,0.0,count
cintron_ladder,S7_sparse_reference,rls,1,10.0,True,S7_sparse_reference__rls__seed1,398c721afafcfb355a753ac0cfd1ebcf65a21a6ef468740ce93012df90f00ec4,7cfed748c1a23fa8b895d925c453ff71b8171df9f5c670346fe7006efecf7439,76cc3775534774ea58f799ee1a64020724e5cefb,degradations,0.0,count
cintron_ladder,S7_sparse_reference,rls,2,10.0,True,S7_sparse_reference__rls__seed2,1301d7f22942f2e6619dcc555486092a7c3c37061e6b225ed3f3da3b3ca3b132,7cfed748c1a23fa8b895d925c453ff71b8171df9f5c670346fe7006efecf7439,76cc3775534774ea58f799ee1a64020724e5cefb,degradations,0.0,count
cintron_ladder,S7_sparse_reference,rls,3,10.0,True,S7_sparse_reference__rls__seed3,32e0738c82819c8cd4653a676dda0f9f67168b628ffc2846dce20179bf21a707,7cfed748c1a23fa8b895d925c453ff71b8171df9f5c670346fe7006efecf7439,76cc3775534774ea58f799ee1a64020724e5cefb,degradations,0.0,count
cintron_ladder,S7_sparse_reference,kalman,1,10.0,True,S7_sparse_reference__kalman__seed1,398c721afafcfb355a753ac0cfd1ebcf65a21a6ef468740ce93012df90f00ec4,6a7aa063ebf027f849ecd3e9c514f26b15cd0e81da553bdba217a4b021eaa2ce,76cc3775534774ea58f799ee1a64020724e5cefb,degradations,0.0,count
cintron_ladder,S7_sparse_reference,kalman,2,10.0,True,S7_sparse_reference__kalman__seed2,1301d7f22942f2e6619dcc555486092a7c3c37061e6b225ed3f3da3b3ca3b132,6a7aa063ebf027f849ecd3e9c514f26b15cd0e81da553bdba217a4b021eaa2ce,76cc3775534774ea58f799ee1a64020724e5cefb,degradations,0.0,count
cintron_ladder,S7_sparse_reference,kalman,3,10.0,True,S7_sparse_reference__kalman__seed3,32e0738c82819c8cd4653a676dda0f9f67168b628ffc2846dce20179bf21a707,6a7aa063ebf027f849ecd3e9c514f26b15cd0e81da553bdba217a4b021eaa2ce,76cc3775534774ea58f799ee1a64020724e5cefb,degradations,0.0,count
cintron_ladder,S1_nominal,static_affine,1,10.0,True,S1_nominal__static_affine__seed1,2a7e164a7e04cfa5ac607c92ecf3c4a53c40e90964e7a047230c36cd233b8751,320c4e05e312df4a024a274474879a10d765f07f65ee3478b6ac1f7c31980d82,76cc3775534774ea58f799ee1a64020724e5cefb,n_profiles,1.0,count
cintron_ladder,S1_nominal,static_affine,2,10.0,True,S1_nominal__static_affine__seed2,fa2ca240ac17605f28e43b1573d61379f65c20aab226bb0fcf8af13e416712a1,320c4e05e312df4a024a274474879a10d765f07f65ee3478b6ac1f7c31980d82,76cc3775534774ea58f799ee1a64020724e5cefb,n_profiles,1.0,count
cintron_ladder,S1_nominal,static_affine,3,10.0,True,S1_nominal__static_affine__seed3,e2bb79b9efe0975489e6c62e2c85ebeea90bcc05eddf00c5e3397cde3d2a9805,320c4e05e312df4a024a274474879a10d765f07f65ee3478b6ac1f7c31980d82,76cc3775534774ea58f799ee1a64020724e5cefb,n_profiles,1.0,count
cintron_ladder,S1_nominal,rls,1,10.0,True,S1_nominal__rls__seed1,2a7e164a7e04cfa5ac607c92ecf3c4a53c40e90964e7a047230c36cd233b8751,7cfed748c1a23fa8b895d925c453ff71b8171df9f5c670346fe7006efecf7439,76cc3775534774ea58f799ee1a64020724e5cefb,n_profiles,1.0,count
cintron_ladder,S1_nominal,rls,2,10.0,True,S1_nominal__rls__seed2,fa2ca240ac17605f28e43b1573d61379f65c20aab226bb0fcf8af13e416712a1,7cfed748c1a23fa8b895d925c453ff71b8171df9f5c670346fe7006efecf7439,76cc3775534774ea58f799ee1a64020724e5cefb,n_profiles,1.0,count
cintron_ladder,S1_nominal,rls,3,10.0,True,S1_nominal__rls__seed3,e2bb79b9efe0975489e6c62e2c85ebeea90bcc05eddf00c5e3397cde3d2a9805,7cfed748c1a23fa8b895d925c453ff71b8171df9f5c670346fe7006efecf7439,76cc3775534774ea58f799ee1a64020724e5cefb,n_profiles,1.0,count
cintron_ladder,S1_nominal,kalman,1,10.0,True,S1_nominal__kalman__seed1,2a7e164a7e04cfa5ac607c92ecf3c4a53c40e90964e7a047230c36cd233b8751,6a7aa063ebf027f849ecd3e9c514f26b15cd0e81da553bdba217a4b021eaa2ce,76cc3775534774ea58f799ee1a64020724e5cefb,n_profiles,1.0,count
cintron_ladder,S1_nominal,kalman,2,10.0,True,S1_nominal__kalman__seed2,fa2ca240ac17605f28e43b1573d61379f65c20aab226bb0fcf8af13e416712a1,6a7aa063ebf027f849ecd3e9c514f26b15cd0e81da553bdba217a4b021eaa2ce,76cc3775534774ea58f799ee1a64020724e5cefb,n_profiles,1.0,count
cintron_ladder,S1_nominal,kalman,3,10.0,True,S1_nominal__kalman__seed3,e2bb79b9efe0975489e6c62e2c85ebeea90bcc05eddf00c5e3397cde3d2a9805,6a7aa063ebf027f849ecd3e9c514f26b15cd0e81da553bdba217a4b021eaa2ce,76cc3775534774ea58f799ee1a64020724e5cefb,n_profiles,1.0,count
cintron_ladder,S2_thermal_cycle,static_affine,1,10.0,True,S2_thermal_cycle__static_affine__seed1,f5077dc87411ed3b1d5de66609f9ade74b2b190d2ee2584a79de6dbb70344dee,320c4e05e312df4a024a274474879a10d765f07f65ee3478b6ac1f7c31980d82,76cc3775534774ea58f799ee1a64020724e5cefb,n_profiles,1.0,count
cintron_ladder,S2_thermal_cycle,static_affine,2,10.0,True,S2_thermal_cycle__static_affine__seed2,464a9ded5d97e5522353c10b5f4e7d6fb82021b240fd00240425a619b73a60c1,320c4e05e312df4a024a274474879a10d765f07f65ee3478b6ac1f7c31980d82,76cc3775534774ea58f799ee1a64020724e5cefb,n_profiles,1.0,count
cintron_ladder,S2_thermal_cycle,static_affine,3,10.0,True,S2_thermal_cycle__static_affine__seed3,9f3ded4a30a0049ceb88c4dd85f0059c2f7ecb82b310ae3424cc48f8b5e42da5,320c4e05e312df4a024a274474879a10d765f07f65ee3478b6ac1f7c31980d82,76cc3775534774ea58f799ee1a64020724e5cefb,n_profiles,1.0,count
cintron_ladder,S2_thermal_cycle,rls,1,10.0,True,S2_thermal_cycle__rls__seed1,f5077dc87411ed3b1d5de66609f9ade74b2b190d2ee2584a79de6dbb70344dee,7cfed748c1a23fa8b895d925c453ff71b8171df9f5c670346fe7006efecf7439,76cc3775534774ea58f799ee1a64020724e5cefb,n_profiles,1.0,count
cintron_ladder,S2_thermal_cycle,rls,2,10.0,True,S2_thermal_cycle__rls__seed2,464a9ded5d97e5522353c10b5f4e7d6fb82021b240fd00240425a619b73a60c1,7cfed748c1a23fa8b895d925c453ff71b8171df9f5c670346fe7006efecf7439,76cc3775534774ea58f799ee1a64020724e5cefb,n_profiles,1.0,count
cintron_ladder,S2_thermal_cycle,rls,3,10.0,True,S2_thermal_cycle__rls__seed3,9f3ded4a30a0049ceb88c4dd85f0059c2f7ecb82b310ae3424cc48f8b5e42da5,7cfed748c1a23fa8b895d925c453ff71b8171df9f5c670346fe7006efecf7439,76cc3775534774ea58f799ee1a64020724e5cefb,n_profiles,1.0,count
cintron_ladder,S2_thermal_cycle,kalman,1,10.0,True,S2_thermal_cycle__kalman__seed1,f5077dc87411ed3b1d5de66609f9ade74b2b190d2ee2584a79de6dbb70344dee,6a7aa063ebf027f849ecd3e9c514f26b15cd0e81da553bdba217a4b021eaa2ce,76cc3775534774ea58f799ee1a64020724e5cefb,n_profiles,1.0,count
cintron_ladder,S2_thermal_cycle,kalman,2,10.0,True,S2_thermal_cycle__kalman__seed2,464a9ded5d97e5522353c10b5f4e7d6fb82021b240fd00240425a619b73a60c1,6a7aa063ebf027f849ecd3e9c514f26b15cd0e81da553bdba217a4b021eaa2ce,76cc3775534774ea58f799ee1a64020724e5cefb,n_profiles,1.0,count
cintron_ladder,S2_thermal_cycle,kalman,3,10.0,True,S2_thermal_cycle__kalman__seed3,9f3ded4a30a0049ceb88c4dd85f0059c2f7ecb82b310ae3424cc48f8b5e42da5,6a7aa063ebf027f849ecd3e9c514f26b15cd0e81da553bdba217a4b021eaa2ce,76cc3775534774ea58f799ee1a64020724e5cefb,n_profiles,1.0,count
cintron_ladder,S3_zero_drift_walk,static_affine,1,10.0,True,S3_zero_drift_walk__static_affine__seed1,e7b981f1a695ead56faf9a26e3ac56f7cf242bda6227b5aabd270e829bc92da5,320c4e05e312df4a024a274474879a10d765f07f65ee3478b6ac1f7c31980d82,76cc3775534774ea58f799ee1a64020724e5cefb,n_profiles,1.0,count
cintron_ladder,S3_zero_drift_walk,static_affine,2,10.0,True,S3_zero_drift_walk__static_affine__seed2,8aaeb0ed7c28c2b0ee4c567f78a99e1728b00afc703637facbb86bff31b40b49,320c4e05e312df4a024a274474879a10d765f07f65ee3478b6ac1f7c31980d82,76cc3775534774ea58f799ee1a64020724e5cefb,n_profiles,1.0,count
cintron_ladder,S3_zero_drift_walk,static_affine,3,10.0,True,S3_zero_drift_walk__static_affine__seed3,b63f96c73e8c77b630930fed7883f11ae94db4991b7977259a58ca8a4af785b0,320c4e05e312df4a024a274474879a10d765f07f65ee3478b6ac1f7c31980d82,76cc3775534774ea58f799ee1a64020724e5cefb,n_profiles,1.0,count
cintron_ladder,S3_zero_drift_walk,rls,1,10.0,True,S3_zero_drift_walk__rls__seed1,e7b981f1a695ead56faf9a26e3ac56f7cf242bda6227b5aabd270e829bc92da5,7cfed748c1a23fa8b895d925c453ff71b8171df9f5c670346fe7006efecf7439,76cc3775534774ea58f799ee1a64020724e5cefb,n_profiles,1.0,count
cintron_ladder,S3_zero_drift_walk,rls,2,10.0,True,S3_zero_drift_walk__rls__seed2,8aaeb0ed7c28c2b0ee4c567f78a99e1728b00afc703637facbb86bff31b40b49,7cfed748c1a23fa8b895d925c453ff71b8171df9f5c670346fe7006efecf7439,76cc3775534774ea58f799ee1a64020724e5cefb,n_profiles,1.0,count
cintron_ladder,S3_zero_drift_walk,rls,3,10.0,True,S3_zero_drift_walk__rls__seed3,b63f96c73e8c77b630930fed7883f11ae94db4991b7977259a58ca8a4af785b0,7cfed748c1a23fa8b895d925c453ff71b8171df9f5c670346fe7006efecf7439,76cc3775534774ea58f799ee1a64020724e5cefb,n_profiles,1.0,count
cintron_ladder,S3_zero_drift_walk,kalman,1,10.0,True,S3_zero_drift_walk__kalman__seed1,e7b981f1a695ead56faf9a26e3ac56f7cf242bda6227b5aabd270e829bc92da5,6a7aa063ebf027f849ecd3e9c514f26b15cd0e81da553bdba217a4b021eaa2ce,76cc3775534774ea58f799ee1a64020724e5cefb,n_profiles,1.0,count
cintron_ladder,S3_zero_drift_walk,kalman,2,10.0,True,S3_zero_drift_walk__kalman__seed2,8aaeb0ed7c28c2b0ee4c567f78a99e1728b00afc703637facbb86bff31b40b49,6a7aa063ebf027f849ecd3e9c514f26b15cd0e81da553bdba217a4b021eaa2ce,76cc3775534774ea58f799ee1a64020724e5cefb,n_profiles,1.0,count
cintron_ladder,S3_zero_drift_walk,kalman,3,10.0,True,S3_zero_drift_walk__kalman__seed3,b63f96c73e8c77b630930fed7883f11ae94db4991b7977259a58ca8a4af785b0,6a7aa063ebf027f849ecd3e9c514f26b15cd0e81da553bdba217a4b021eaa2ce,76cc3775534774ea58f799ee1a64020724e5cefb,n_profiles,1.0,count
cintron_ladder,S4_step_fault,static_affine,1,10.0,True,S4_step_fault__static_affine__seed1,2ddd431c649ca2b8ec1dd1fa3d1be7053e06b556b429fda303db43e771c49b4d,320c4e05e312df4a024a274474879a10d765f07f65ee3478b6ac1f7c31980d82,76cc3775534774ea58f799ee1a64020724e5cefb,n_profiles,2.0,count
cintron_ladder,S4_step_fault,static_affine,2,10.0,True,S4_step_fault__static_affine__seed2,1319c874fdf7655f120c5fbb53cc4c8398e4675d47673de0fd98005d630b52b1,320c4e05e312df4a024a274474879a10d765f07f65ee3478b6ac1f7c31980d82,76cc3775534774ea58f799ee1a64020724e5cefb,n_profiles,2.0,count
cintron_ladder,S4_step_fault,static_affine,3,10.0,True,S4_step_fault__static_affine__seed3,135fc15f1c43d85f0045c59ffbd10841f2a3be848d4153fded5d6a5d6a4e34a0,320c4e05e312df4a024a274474879a10d765f07f65ee3478b6ac1f7c31980d82,76cc3775534774ea58f799ee1a64020724e5cefb,n_profiles,2.0,count
cintron_ladder,S4_step_fault,rls,1,10.0,True,S4_step_fault__rls__seed1,2ddd431c649ca2b8ec1dd1fa3d1be7053e06b556b429fda303db43e771c49b4d,7cfed748c1a23fa8b895d925c453ff71b8171df9f5c670346fe7006efecf7439,76cc3775534774ea58f799ee1a64020724e5cefb,n_profiles,1.0,count
cintron_ladder,S4_step_fault,rls,2,10.0,True,S4_step_fault__rls__seed2,1319c874fdf7655f120c5fbb53cc4c8398e4675d47673de0fd98005d630b52b1,7cfed748c1a23fa8b895d925c453ff71b8171df9f5c670346fe7006efecf7439,76cc3775534774ea58f799ee1a64020724e5cefb,n_profiles,2.0,count
cintron_ladder,S4_step_fault,rls,3,10.0,True,S4_step_fault__rls__seed3,135fc15f1c43d85f0045c59ffbd10841f2a3be848d4153fded5d6a5d6a4e34a0,7cfed748c1a23fa8b895d925c453ff71b8171df9f5c670346fe7006efecf7439,76cc3775534774ea58f799ee1a64020724e5cefb,n_profiles,1.0,count
cintron_ladder,S4_step_fault,kalman,1,10.0,True,S4_step_fault__kalman__seed1,2ddd431c649ca2b8ec1dd1fa3d1be7053e06b556b429fda303db43e771c49b4d,6a7aa063ebf027f849ecd3e9c514f26b15cd0e81da553bdba217a4b021eaa2ce,76cc3775534774ea58f799ee1a64020724e5cefb,n_profiles,1.0,count
cintron_ladder,S4_step_fault,kalman,2,10.0,True,S4_step_fault__kalman__seed2,1319c874fdf7655f120c5fbb53cc4c8398e4675d47673de0fd98005d630b52b1,6a7aa063ebf027f849ecd3e9c514f26b15cd0e81da553bdba217a4b021eaa2ce,76cc3775534774ea58f799ee1a64020724e5cefb,n_profiles,1.0,count
cintron_ladder,S4_step_fault,kalman,3,10.0,True,S4_step_fault__kalman__seed3,135fc15f1c43d85f0045c59ffbd10841f2a3be848d4153fded5d6a5d6a4e34a0,6a7aa063ebf027f849ecd3e9c514f26b15cd0e81da553bdba217a4b021eaa2ce,76cc3775534774ea58f799ee1a64020724e5cefb,n_profiles,1.0,count
cintron_ladder,S5_outage,static_affine,1,10.0,True,S5_outage__static_affine__seed1,a9fcc049f0f73db1ab44c7ca7ce4b41b05c1b293caabfeb3401f0bef2d75cce3,320c4e05e312df4a024a274474879a10d765f07f65ee3478b6ac1f7c31980d82,76cc3775534774ea58f799ee1a64020724e5cefb,n_profiles,1.0,count
cintron_ladder,S5_outage,static_affine,2,10.0,True,S5_outage__static_affine__seed2,1510a2663b5f63da6b5b1385333b17c9beaafcd638df3bce3262b43d051f97e1,320c4e05e312df4a024a274474879a10d765f07f65ee3478b6ac1f7c31980d82,76cc3775534774ea58f799ee1a64020724e5cefb,n_profiles,1.0,count
cintron_ladder,S5_outage,static_affine,3,10.0,True,S5_outage__static_affine__seed3,f84d5ae0ec8ad2f6df97000007a3d8ffecacea53aec887acf2f9adb90f328ec1,320c4e05e312df4a024a274474879a10d765f07f65ee3478b6ac1f7c31980d82,76cc3775534774ea58f799ee1a64020724e5cefb,n_profiles,1.0,count
cintron_ladder,S5_outage,rls,1,10.0,True,S5_outage__rls__seed1,a9fcc049f0f73db1ab44c7ca7ce4b41b05c1b293caabfeb3401f0bef2d75cce3,7cfed748c1a23fa8b895d925c453ff71b8171df9f5c670346fe7006efecf7439,76cc3775534774ea58f799ee1a64020724e5cefb,n_profiles,1.0,count
cintron_ladder,S5_outage,rls,2,10.0,True,S5_outage__rls__seed2,1510a2663b5f63da6b5b1385333b17c9beaafcd638df3bce3262b43d051f97e1,7cfed748c1a23fa8b895d925c453ff71b8171df9f5c670346fe7006efecf7439,76cc3775534774ea58f799ee1a64020724e5cefb,n_profiles,1.0,count
cintron_ladder,S5_outage,rls,3,10.0,True,S5_outage__rls__seed3,f84d5ae0ec8ad2f6df97000007a3d8ffecacea53aec887acf2f9adb90f328ec1,7cfed748c1a23fa8b895d925c453ff71b8171df9f5c670346fe7006efecf7439,76cc3775534774ea58f799ee1a64020724e5cefb,n_profiles,1.0,count
cintron_ladder,S5_outage,kalman,1,10.0,True,S5_outage__kalman__seed1,a9fcc049f0f73db1ab44c7ca7ce4b41b05c1b293caabfeb3401f0bef2d75cce3,6a7aa063ebf027f849ecd3e9c514f26b15cd0e81da553bdba217a4b021eaa2ce,76cc3775534774ea58f799ee1a64020724e5cefb,n_profiles,1.0,count
cintron_ladder,S5_outage,kalman,2,10.0,True,S5_outage__kalman__seed2,1510a2663b5f63da6b5b1385333b17c9beaafcd638df3bce3262b43d051f97e1,6a7aa063ebf027f849ecd3e9c514f26b15cd0e81da553bdba217a4b021eaa2ce,76cc3775534774ea58f799ee1a64020724e5cefb,n_profiles,1.0,count
cintron_ladder,S5_outage,kalman,3,10.0,True,S5_outage__kalman__seed3,f84d5ae0ec8ad2f6df97000007a3d8ffecacea53aec887acf2f9adb90f328ec1,6a7aa063ebf027f849ecd3e9c514f26b15cd0e81da553bdba217a4b021eaa2ce,76cc3775534774ea58f799ee1a64020724e5cefb,n_profiles,1.0,count
cintron_ladder,S6_combined,static_affine,1,10.0,True,S6_combined__static_affine__seed1,5d4f2a11ab7b925de02ef1d34875af815611f0d172cbf30a820f6e4a5db791f7,320c4e05e312df4a024a274474879a10d765f07f65ee3478b6ac1f7c31980d82,76cc3775534774ea58f799ee1a64020724e5cefb,n_profiles,2.0,count
cintron_ladder,S6_combined,static_affine,2,10.0,True,S6_combined__static_affine__seed2,d01e5c41507ccd6868ea37a1d0993c222e5af61f3b79e1372f0aceb13bdbcf73,320c4e05e312df4a024a274474879a10d765f07f65ee3478b6ac1f7c31980d82,76cc3775534774ea58f799ee1a64020724e5cefb,n_profiles,2.0,count
cintron_ladder,S6_combined,static_affine,3,10.0,True,S6_combined__static_affine__seed3,023a22c68d81022af0f29d6a4d407ec5521336f357a4e5f5fbb3be2ea33f3920,320c4e05e312df4a024a274474879a10d765f07f65ee3478b6ac1f7c31980d82,76cc3775534774ea58f799ee1a64020724e5cefb,n_profiles,2.0,count
cintron_ladder,S6_combined,rls,1,10.0,True,S6_combined__rls__seed1,5d4f2a11ab7b925de02ef1d34875af815611f0d172cbf30a820f6e4a5db791f7,7cfed748c1a23fa8b895d925c453ff71b8171df9f5c670346fe7006efecf7439,76cc3775534774ea58f799ee1a64020724e5cefb,n_profiles,1.0,count
cintron_ladder,S6_combined,rls,2,10.0,True,S6_combined__rls__seed2,d01e5c41507ccd6868ea37a1d0993c222e5af61f3b79e1372f0aceb13bdbcf73,7cfed748c1a23fa8b895d925c453ff71b8171df9f5c670346fe7006efecf7439,76cc3775534774ea58f799ee1a64020724e5cefb,n_profiles,1.0,count
cintron_ladder,S6_combined,rls,3,10.0,True,S6_combined__rls__seed3,023a22c68d81022af0f29d6a4d407ec5521336f357a4e5f5fbb3be2ea33f3920,7cfed748c1a23fa8b895d925c453ff71b8171df9f5c670346fe7006efecf7439,76cc3775534774ea58f799ee1a64020724e5cefb,n_profiles,2.0,count
cintron_ladder,S6_combined,kalman,1,10.0,True,S6_combined__kalman__seed1,5d4f2a11ab7b925de02ef1d34875af815611f0d172cbf30a820f6e4a5db791f7,6a7aa063ebf027f849ecd3e9c514f26b15cd0e81da553bdba217a4b021eaa2ce,76cc3775534774ea58f799ee1a64020724e5cefb,n_profiles,1.0,count
cintron_ladder,S6_combined,kalman,2,10.0,True,S6_combined__kalman__seed2,d01e5c41507ccd6868ea37a1d0993c222e5af61f3b79e1372f0aceb13bdbcf73,6a7aa063ebf027f849ecd3e9c514f26b15cd0e81da553bdba217a4b021eaa2ce,76cc3775534774ea58f799ee1a64020724e5cefb,n_profiles,1.0,count
cintron_ladder,S6_combined,kalman,3,10.0,True,S6_combined__kalman__seed3,023a22c68d81022af0f29d6a4d407ec5521336f357a4e5f5fbb3be2ea33f3920,6a7aa063ebf027f849ecd3e9c514f26b15cd0e81da553bdba217a4b021eaa2ce,76cc3775534774ea58f799ee1a64020724e5cefb,n_profiles,1.0,count
cintron_ladder,S7_sparse_reference,static_affine,1,10.0,True,S7_sparse_reference__static_affine__seed1,398c721afafcfb355a753ac0cfd1ebcf65a21a6ef468740ce93012df90f00ec4,320c4e05e312df4a024a274474879a10d765f07f65ee3478b6ac1f7c31980d82,76cc3775534774ea58f799ee1a64020724e5cefb,n_profiles,1.0,count
cintron_ladder,S7_sparse_reference,static_affine,2,10.0,True,S7_sparse_reference__static_affine__seed2,1301d7f22942f2e6619dcc555486092a7c3c37061e6b225ed3f3da3b3ca3b132,320c4e05e312df4a024a274474879a10d765f07f65ee3478b6ac1f7c31980d82,76cc3775534774ea58f799ee1a64020724e5cefb,n_profiles,1.0,count
cintron_ladder,S7_sparse_reference,static_affine,3,10.0,True,S7_sparse_reference__static_affine__seed3,32e0738c82819c8cd4653a676dda0f9f67168b628ffc2846dce20179bf21a707,320c4e05e312df4a024a274474879a10d765f07f65ee3478b6ac1f7c31980d82,76cc3775534774ea58f799ee1a64020724e5cefb,n_profiles,1.0,count
cintron_ladder,S7_sparse_reference,rls,1,10.0,True,S7_sparse_reference__rls__seed1,398c721afafcfb355a753ac0cfd1ebcf65a21a6ef468740ce93012df90f00ec4,7cfed748c1a23fa8b895d925c453ff71b8171df9f5c670346fe7006efecf7439,76cc3775534774ea58f799ee1a64020724e5cefb,n_profiles,1.0,count
cintron_ladder,S7_sparse_reference,rls,2,10.0,True,S7_sparse_reference__rls__seed2,1301d7f22942f2e6619dcc555486092a7c3c37061e6b225ed3f3da3b3ca3b132,7cfed748c1a23fa8b895d925c453ff71b8171df9f5c670346fe7006efecf7439,76cc3775534774ea58f799ee1a64020724e5cefb,n_profiles,1.0,count
cintron_ladder,S7_sparse_reference,rls,3,10.0,True,S7_sparse_reference__rls__seed3,32e0738c82819c8cd4653a676dda0f9f67168b628ffc2846dce20179bf21a707,7cfed748c1a23fa8b895d925c453ff71b8171df9f5c670346fe7006efecf7439,76cc3775534774ea58f799ee1a64020724e5cefb,n_profiles,1.0,count
cintron_ladder,S7_sparse_reference,kalman,1,10.0,True,S7_sparse_reference__kalman__seed1,398c721afafcfb355a753ac0cfd1ebcf65a21a6ef468740ce93012df90f00ec4,6a7aa063ebf027f849ecd3e9c514f26b15cd0e81da553bdba217a4b021eaa2ce,76cc3775534774ea58f799ee1a64020724e5cefb,n_profiles,1.0,count
cintron_ladder,S7_sparse_reference,kalman,2,10.0,True,S7_sparse_reference__kalman__seed2,1301d7f22942f2e6619dcc555486092a7c3c37061e6b225ed3f3da3b3ca3b132,6a7aa063ebf027f849ecd3e9c514f26b15cd0e81da553bdba217a4b021eaa2ce,76cc3775534774ea58f799ee1a64020724e5cefb,n_profiles,1.0,count
cintron_ladder,S7_sparse_reference,kalman,3,10.0,True,S7_sparse_reference__kalman__seed3,32e0738c82819c8cd4653a676dda0f9f67168b628ffc2846dce20179bf21a707,6a7aa063ebf027f849ecd3e9c514f26b15cd0e81da553bdba217a4b021eaa2ce,76cc3775534774ea58f799ee1a64020724e5cefb,n_profiles,1.0,count
cintron_ladder,S1_nominal,static_affine,1,10.0,True,S1_nominal__static_affine__seed1,2a7e164a7e04cfa5ac607c92ecf3c4a53c40e90964e7a047230c36cd233b8751,320c4e05e312df4a024a274474879a10d765f07f65ee3478b6ac1f7c31980d82,76cc3775534774ea58f799ee1a64020724e5cefb,detected,0.0,count
cintron_ladder,S1_nominal,static_affine,2,10.0,True,S1_nominal__static_affine__seed2,fa2ca240ac17605f28e43b1573d61379f65c20aab226bb0fcf8af13e416712a1,320c4e05e312df4a024a274474879a10d765f07f65ee3478b6ac1f7c31980d82,76cc3775534774ea58f799ee1a64020724e5cefb,detected,0.0,count
cintron_ladder,S1_nominal,static_affine,3,10.0,True,S1_nominal__static_affine__seed3,e2bb79b9efe0975489e6c62e2c85ebeea90bcc05eddf00c5e3397cde3d2a9805,320c4e05e312df4a024a274474879a10d765f07f65ee3478b6ac1f7c31980d82,76cc3775534774ea58f799ee1a64020724e5cefb,detected,0.0,count
cintron_ladder,S1_nominal,rls,1,10.0,True,S1_nominal__rls__seed1,2a7e164a7e04cfa5ac607c92ecf3c4a53c40e90964e7a047230c36cd233b8751,7cfed748c1a23fa8b895d925c453ff71b8171df9f5c670346fe7006efecf7439,76cc3775534774ea58f799ee1a64020724e5cefb,detected,0.0,count
cintron_ladder,S1_nominal,rls,2,10.0,True,S1_nominal__rls__seed2,fa2ca240ac17605f28e43b1573d61379f65c20aab226bb0fcf8af13e416712a1,7cfed748c1a23fa8b895d925c453ff71b8171df9f5c670346fe7006efecf7439,76cc3775534774ea58f799ee1a64020724e5cefb,detected,0.0,count
cintron_ladder,S1_nominal,rls,3,10.0,True,S1_nominal__rls__seed3,e2bb79b9efe0975489e6c62e2c85ebeea90bcc05eddf00c5e3397cde3d2a9805,7cfed748c1a23fa8b895d925c453ff71b8171df9f5c670346fe7006efecf7439,76cc3775534774ea58f799ee1a64020724e5cefb,detected,0.0,count
cintron_ladder,S1_nominal,kalman,1,10.0,True,S1_nominal__kalman__seed1,2a7e164a7e04cfa5ac607c92ecf3c4a53c40e90964e7a047230c36cd233b8751,6a7aa063ebf027f849ecd3e9c514f26b15cd0e81da553bdba217a4b021eaa2ce,76cc3775534774ea58f799ee1a64020724e5cefb,detected,0.0,count
cintron_ladder,S1_nominal,kalman,2,10.0,True,S1_nominal__kalman__seed2,fa2ca240ac17605f28e43b1573d61379f65c20aab226bb0fcf8af13e416712a1,6a7aa063ebf027f849ecd3e9c514f26b15cd0e81da553bdba217a4b021eaa2ce,76cc3775534774ea58f799ee1a64020724e5cefb,detected,0.0,count
cintron_ladder,S1_nominal,kalman,3,10.0,True,S1_nominal__kalman__seed3,e2bb79b9efe0975489e6c62e2c85ebeea90bcc05eddf00c5e3397cde3d2a9805,6a7aa063ebf027f849ecd3e9c514f26b15cd0e81da553bdba217a4b021eaa2ce,76cc3775534774ea58f799ee1a64020724e5cefb,detected,0.0,count
cintron_ladder,S2_thermal_cycle,static_affine,1,10.0,True,S2_thermal_cycle__static_affine__seed1,f5077dc87411ed3b1d5de66609f9ade74b2b190d2ee2584a79de6dbb70344dee,320c4e05e312df4a024a274474879a10d765f07f65ee3478b6ac1f7c31980d82,76cc3775534774ea58f799ee1a64020724e5cefb,detected,0.0,count
cintron_ladder,S2_thermal_cycle,static_affine,2,10.0,True,S2_thermal_cycle__static_affine__seed2,464a9ded5d97e5522353c10b5f4e7d6fb82021b240fd00240425a619b73a60c1,320c4e05e312df4a024a274474879a10d765f07f65ee3478b6ac1f7c31980d82,76cc3775534774ea58f799ee1a64020724e5cefb,detected,0.0,count
cintron_ladder,S2_thermal_cycle,static_affine,3,10.0,True,S2_thermal_cycle__static_affine__seed3,9f3ded4a30a0049ceb88c4dd85f0059c2f7ecb82b310ae3424cc48f8b5e42da5,320c4e05e312df4a024a274474879a10d765f07f65ee3478b6ac1f7c31980d82,76cc3775534774ea58f799ee1a64020724e5cefb,detected,0.0,count
cintron_ladder,S2_thermal_cycle,rls,1,10.0,True,S2_thermal_cycle__rls__seed1,f5077dc87411ed3b1d5de66609f9ade74b2b190d2ee2584a79de6dbb70344dee,7cfed748c1a23fa8b895d925c453ff71b8171df9f5c670346fe7006efecf7439,76cc3775534774ea58f799ee1a64020724e5cefb,detected,0.0,count
cintron_ladder,S2_thermal_cycle,rls,2,10.0,True,S2_thermal_cycle__rls__seed2,464a9ded5d97e5522353c10b5f4e7d6fb82021b240fd00240425a619b73a60c1,7cfed748c1a23fa8b895d925c453ff71b8171df9f5c670346fe7006efecf7439,76cc3775534774ea58f799ee1a64020724e5cefb,detected,0.0,count
cintron_ladder,S2_thermal_cycle,rls,3,10.0,True,S2_thermal_cycle__rls__seed3,9f3ded4a30a0049ceb88c4dd85f0059c2f7ecb82b310ae3424cc48f8b5e42da5,7cfed748c1a23fa8b895d925c453ff71b8171df9f5c670346fe7006efecf7439,76cc3775534774ea58f799ee1a64020724e5cefb,detected,0.0,count
cintron_ladder,S2_thermal_cycle,kalman,1,10.0,True,S2_thermal_cycle__kalman__seed1,f5077dc87411ed3b1d5de66609f9ade74b2b190d2ee2584a79de6dbb70344dee,6a7aa063ebf027f849ecd3e9c514f26b15cd0e81da553bdba217a4b021eaa2ce,76cc3775534774ea58f799ee1a64020724e5cefb,detected,0.0,count
cintron_ladder,S2_thermal_cycle,kalman,2,10.0,True,S2_thermal_cycle__kalman__seed2,464a9ded5d97e5522353c10b5f4e7d6fb82021b240fd00240425a619b73a60c1,6a7aa063ebf027f849ecd3e9c514f26b15cd0e81da553bdba217a4b021eaa2ce,76cc3775534774ea58f799ee1a64020724e5cefb,detected,0.0,count
cintron_ladder,S2_thermal_cycle,kalman,3,10.0,True,S2_thermal_cycle__kalman__seed3,9f3ded4a30a0049ceb88c4dd85f0059c2f7ecb82b310ae3424cc48f8b5e42da5,6a7aa063ebf027f849ecd3e9c514f26b15cd0e81da553bdba217a4b021eaa2ce,76cc3775534774ea58f799ee1a64020724e5cefb,detected,0.0,count
cintron_ladder,S3_zero_drift_walk,static_affine,1,10.0,True,S3_zero_drift_walk__static_affine__seed1,e7b981f1a695ead56faf9a26e3ac56f7cf242bda6227b5aabd270e829bc92da5,320c4e05e312df4a024a274474879a10d765f07f65ee3478b6ac1f7c31980d82,76cc3775534774ea58f799ee1a64020724e5cefb,detected,0.0,count
cintron_ladder,S3_zero_drift_walk,static_affine,2,10.0,True,S3_zero_drift_walk__static_affine__seed2,8aaeb0ed7c28c2b0ee4c567f78a99e1728b00afc703637facbb86bff31b40b49,320c4e05e312df4a024a274474879a10d765f07f65ee3478b6ac1f7c31980d82,76cc3775534774ea58f799ee1a64020724e5cefb,detected,0.0,count
cintron_ladder,S3_zero_drift_walk,static_affine,3,10.0,True,S3_zero_drift_walk__static_affine__seed3,b63f96c73e8c77b630930fed7883f11ae94db4991b7977259a58ca8a4af785b0,320c4e05e312df4a024a274474879a10d765f07f65ee3478b6ac1f7c31980d82,76cc3775534774ea58f799ee1a64020724e5cefb,detected,0.0,count
cintron_ladder,S3_zero_drift_walk,rls,1,10.0,True,S3_zero_drift_walk__rls__seed1,e7b981f1a695ead56faf9a26e3ac56f7cf242bda6227b5aabd270e829bc92da5,7cfed748c1a23fa8b895d925c453ff71b8171df9f5c670346fe7006efecf7439,76cc3775534774ea58f799ee1a64020724e5cefb,detected,0.0,count
cintron_ladder,S3_zero_drift_walk,rls,2,10.0,True,S3_zero_drift_walk__rls__seed2,8aaeb0ed7c28c2b0ee4c567f78a99e1728b00afc703637facbb86bff31b40b49,7cfed748c1a23fa8b895d925c453ff71b8171df9f5c670346fe7006efecf7439,76cc3775534774ea58f799ee1a64020724e5cefb,detected,0.0,count
cintron_ladder,S3_zero_drift_walk,rls,3,10.0,True,S3_zero_drift_walk__rls__seed3,b63f96c73e8c77b630930fed7883f11ae94db4991b7977259a58ca8a4af785b0,7cfed748c1a23fa8b895d925c453ff71b8171df9f5c670346fe7006efecf7439,76cc3775534774ea58f799ee1a64020724e5cefb,detected,0.0,count
cintron_ladder,S3_zero_drift_walk,kalman,1,10.0,True,S3_zero_drift_walk__kalman__seed1,e7b981f1a695ead56faf9a26e3ac56f7cf242bda6227b5aabd270e829bc92da5,6a7aa063ebf027f849ecd3e9c514f26b15cd0e81da553bdba217a4b021eaa2ce,76cc3775534774ea58f799ee1a64020724e5cefb,detected,0.0,count
cintron_ladder,S3_zero_drift_walk,kalman,2,10.0,True,S3_zero_drift_walk__kalman__seed2,8aaeb0ed7c28c2b0ee4c567f78a99e1728b00afc703637facbb86bff31b40b49,6a7aa063ebf027f849ecd3e9c514f26b15cd0e81da553bdba217a4b021eaa2ce,76cc3775534774ea58f799ee1a64020724e5cefb,detected,0.0,count
cintron_ladder,S3_zero_drift_walk,kalman,3,10.0,True,S3_zero_drift_walk__kalman__seed3,b63f96c73e8c77b630930fed7883f11ae94db4991b7977259a58ca8a4af785b0,6a7aa063ebf027f849ecd3e9c514f26b15cd0e81da553bdba217a4b021eaa2ce,76cc3775534774ea58f799ee1a64020724e5cefb,detected,0.0,count
cintron_ladder,S4_step_fault,static_affine,1,10.0,True,S4_step_fault__static_affine__seed1,2ddd431c649ca2b8ec1dd1fa3d1be7053e06b556b429fda303db43e771c49b4d,320c4e05e312df4a024a274474879a10d765f07f65ee3478b6ac1f7c31980d82,76cc3775534774ea58f799ee1a64020724e5cefb,detected,0.0,count
cintron_ladder,S4_step_fault,static_affine,2,10.0,True,S4_step_fault__static_affine__seed2,1319c874fdf7655f120c5fbb53cc4c8398e4675d47673de0fd98005d630b52b1,320c4e05e312df4a024a274474879a10d765f07f65ee3478b6ac1f7c31980d82,76cc3775534774ea58f799ee1a64020724e5cefb,detected,1.0,count
cintron_ladder,S4_step_fault,static_affine,3,10.0,True,S4_step_fault__static_affine__seed3,135fc15f1c43d85f0045c59ffbd10841f2a3be848d4153fded5d6a5d6a4e34a0,320c4e05e312df4a024a274474879a10d765f07f65ee3478b6ac1f7c31980d82,76cc3775534774ea58f799ee1a64020724e5cefb,detected,0.0,count
cintron_ladder,S4_step_fault,rls,1,10.0,True,S4_step_fault__rls__seed1,2ddd431c649ca2b8ec1dd1fa3d1be7053e06b556b429fda303db43e771c49b4d,7cfed748c1a23fa8b895d925c453ff71b8171df9f5c670346fe7006efecf7439,76cc3775534774ea58f799ee1a64020724e5cefb,detected,0.0,count
cintron_ladder,S4_step_fault,rls,2,10.0,True,S4_step_fault__rls__seed2,1319c874fdf7655f120c5fbb53cc4c8398e4675d47673de0fd98005d630b52b1,7cfed748c1a23fa8b895d925c453ff71b8171df9f5c670346fe7006efecf7439,76cc3775534774ea58f799ee1a64020724e5cefb,detected,1.0,count
cintron_ladder,S4_step_fault,rls,3,10.0,True,S4_step_fault__rls__seed3,135fc15f1c43d85f0045c59ffbd10841f2a3be848d4153fded5d6a5d6a4e34a0,7cfed748c1a23fa8b895d925c453ff71b8171df9f5c670346fe7006efecf7439,76cc3775534774ea58f799ee1a64020724e5cefb,detected,0.0,count
cintron_ladder,S4_step_fault,kalman,1,10.0,True,S4_step_fault__kalman__seed1,2ddd431c649ca2b8ec1dd1fa3d1be7053e06b556b429fda303db43e771c49b4d,6a7aa063ebf027f849ecd3e9c514f26b15cd0e81da553bdba217a4b021eaa2ce,76cc3775534774ea58f799ee1a64020724e5cefb,detected,0.0,count
cintron_ladder,S4_step_fault,kalman,2,10.0,True,S4_step_fault__kalman__seed2,1319c874fdf7655f120c5fbb53cc4c8398e4675d47673de0fd98005d630b52b1,6a7aa063ebf027f849ecd3e9c514f26b15cd0e81da553bdba217a4b021eaa2ce,76cc3775534774ea58f799ee1a64020724e5cefb,detected,1.0,count
cintron_ladder,S4_step_fault,kalman,3,10.0,True,S4_step_fault__kalman__seed3,135fc15f1c43d85f0045c59ffbd10841f2a3be848d4153fded5d6a5d6a4e34a0,6a7aa063ebf027f849ecd3e9c514f26b15cd0e81da553bdba217a4b021eaa2ce,76cc3775534774ea58f799ee1a64020724e5cefb,detected,1.0,count
cintron_ladder,S5_outage,static_affine,1,10.0,True,S5_outage__static_affine__seed1,a9fcc049f0f73db1ab44c7ca7ce4b41b05c1b293caabfeb3401f0bef2d75cce3,320c4e05e312df4a024a274474879a10d765f07f65ee3478b6ac1f7c31980d82,76cc3775534774ea58f799ee1a64020724e5cefb,detected,0.0,count
cintron_ladder,S5_outage,static_affine,2,10.0,True,S5_outage__static_affine__seed2,1510a2663b5f63da6b5b1385333b17c9beaafcd638df3bce3262b43d051f97e1,320c4e05e312df4a024a274474879a10d765f07f65ee3478b6ac1f7c31980d82,76cc3775534774ea58f799ee1a64020724e5cefb,detected,0.0,count
cintron_ladder,S5_outage,static_affine,3,10.0,True,S5_outage__static_affine__seed3,f84d5ae0ec8ad2f6df97000007a3d8ffecacea53aec887acf2f9adb90f328ec1,320c4e05e312df4a024a274474879a10d765f07f65ee3478b6ac1f7c31980d82,76cc3775534774ea58f799ee1a64020724e5cefb,detected,0.0,count
cintron_ladder,S5_outage,rls,1,10.0,True,S5_outage__rls__seed1,a9fcc049f0f73db1ab44c7ca7ce4b41b05c1b293caabfeb3401f0bef2d75cce3,7cfed748c1a23fa8b895d925c453ff71b8171df9f5c670346fe7006efecf7439,76cc3775534774ea58f799ee1a64020724e5cefb,detected,0.0,count
cintron_ladder,S5_outage,rls,2,10.0,True,S5_outage__rls__seed2,1510a2663b5f63da6b5b1385333b17c9beaafcd638df3bce3262b43d051f97e1,7cfed748c1a23fa8b895d925c453ff71b8171df9f5c670346fe7006efecf7439,76cc3775534774ea58f799ee1a64020724e5cefb,detected,0.0,count
cintron_ladder,S5_outage,rls,3,10.0,True,S5_outage__rls__seed3,f84d5ae0ec8ad2f6df97000007a3d8ffecacea53aec887acf2f9adb90f328ec1,7cfed748c1a23fa8b895d925c453ff71b8171df9f5c670346fe7006efecf7439,76cc3775534774ea58f799ee1a64020724e5cefb,detected,0.0,count
cintron_ladder,S5_outage,kalman,1,10.0,True,S5_outage__kalman__seed1,a9fcc049f0f73db1ab44c7ca7ce4b41b05c1b293caabfeb3401f0bef2d75cce3,6a7aa063ebf027f849ecd3e9c514f26b15cd0e81da553bdba217a4b021eaa2ce,76cc3775534774ea58f799ee1a64020724e5cefb,detected,0.0,count
cintron_ladder,S5_outage,kalman,2,10.0,True,S5_outage__kalman__seed2,1510a2663b5f63da6b5b1385333b17c9beaafcd638df3bce3262b43d051f97e1,6a7aa063ebf027f849ecd3e9c514f26b15cd0e81da553bdba217a4b021eaa2ce,76cc3775534774ea58f799ee1a64020724e5cefb,detected,0.0,count
cintron_ladder,S5_outage,kalman,3,10.0,True,S5_outage__kalman__seed3,f84d5ae0ec8ad2f6df97000007a3d8ffecacea53aec887acf2f9adb90f328ec1,6a7aa063ebf027f849ecd3e9c514f26b15cd0e81da553bdba217a4b021eaa2ce,76cc3775534774ea58f799ee1a64020724e5cefb,detected,0.0,count
cintron_ladder,S6_combined,static_affine,1,10.0,True,S6_combined__static_affine__seed1,5d4f2a11ab7b925de02ef1d34875af815611f0d172cbf30a820f6e4a5db791f7,320c4e05e312df4a024a274474879a10d765f07f65ee3478b6ac1f7c31980d82,76cc3775534774ea58f799ee1a64020724e5cefb,detected,0.0,count
cintron_ladder,S6_combined,static_affine,2,10.0,True,S6_combined__static_affine__seed2,d01e5c41507ccd6868ea37a1d0993c222e5af61f3b79e1372f0aceb13bdbcf73,320c4e05e312df4a024a274474879a10d765f07f65ee3478b6ac1f7c31980d82,76cc3775534774ea58f799ee1a64020724e5cefb,detected,0.0,count
cintron_ladder,S6_combined,static_affine,3,10.0,True,S6_combined__static_affine__seed3,023a22c68d81022af0f29d6a4d407ec5521336f357a4e5f5fbb3be2ea33f3920,320c4e05e312df4a024a274474879a10d765f07f65ee3478b6ac1f7c31980d82,76cc3775534774ea58f799ee1a64020724e5cefb,detected,0.0,count
cintron_ladder,S6_combined,rls,1,10.0,True,S6_combined__rls__seed1,5d4f2a11ab7b925de02ef1d34875af815611f0d172cbf30a820f6e4a5db791f7,7cfed748c1a23fa8b895d925c453ff71b8171df9f5c670346fe7006efecf7439,76cc3775534774ea58f799ee1a64020724e5cefb,detected,0.0,count
cintron_ladder,S6_combined,rls,2,10.0,True,S6_combined__rls__seed2,d01e5c41507ccd6868ea37a1d0993c222e5af61f3b79e1372f0aceb13bdbcf73,7cfed748c1a23fa8b895d925c453ff71b8171df9f5c670346fe7006efecf7439,76cc3775534774ea58f799ee1a64020724e5cefb,detected,0.0,count
cintron_ladder,S6_combined,rls,3,10.0,True,S6_combined__rls__seed3,023a22c68d81022af0f29d6a4d407ec5521336f357a4e5f5fbb3be2ea33f3920,7cfed748c1a23fa8b895d925c453ff71b8171df9f5c670346fe7006efecf7439,76cc3775534774ea58f799ee1a64020724e5cefb,detected,0.0,count
cintron_ladder,S6_combined,kalman,1,10.0,True,S6_combined__kalman__seed1,5d4f2a11ab7b925de02ef1d34875af815611f0d172cbf30a820f6e4a5db791f7,6a7aa063ebf027f849ecd3e9c514f26b15cd0e81da553bdba217a4b021eaa2ce,76cc3775534774ea58f799ee1a64020724e5cefb,detected,0.0,count
cintron_ladder,S6_combined,kalman,2,10.0,True,S6_combined__kalman__seed2,d01e5c41507ccd6868ea37a1d0993c222e5af61f3b79e1372f0aceb13bdbcf73,6a7aa063ebf027f849ecd3e9c514f26b15cd0e81da553bdba217a4b021eaa2ce,76cc3775534774ea58f799ee1a64020724e5cefb,detected,0.0,count
cintron_ladder,S6_combined,kalman,3,10.0,True,S6_combined__kalman__seed3,023a22c68d81022af0f29d6a4d407ec5521336f357a4e5f5fbb3be2ea33f3920,6a7aa063ebf027f849ecd3e9c514f26b15cd0e81da553bdba217a4b021eaa2ce,76cc3775534774ea58f799ee1a64020724e5cefb,detected,0.0,count
cintron_ladder,S7_sparse_reference,static_affine,1,10.0,True,S7_sparse_reference__static_affine__seed1,398c721afafcfb355a753ac0cfd1ebcf65a21a6ef468740ce93012df90f00ec4,320c4e05e312df4a024a274474879a10d765f07f65ee3478b6ac1f7c31980d82,76cc3775534774ea58f799ee1a64020724e5cefb,detected,0.0,count
cintron_ladder,S7_sparse_reference,static_affine,2,10.0,True,S7_sparse_reference__static_affine__seed2,1301d7f22942f2e6619dcc555486092a7c3c37061e6b225ed3f3da3b3ca3b132,320c4e05e312df4a024a274474879a10d765f07f65ee3478b6ac1f7c31980d82,76cc3775534774ea58f799ee1a64020724e5cefb,detected,0.0,count
cintron_ladder,S7_sparse_reference,static_affine,3,10.0,True,S7_sparse_reference__static_affine__seed3,32e0738c82819c8cd4653a676dda0f9f67168b628ffc2846dce20179bf21a707,320c4e05e312df4a024a274474879a10d765f07f65ee3478b6ac1f7c31980d82,76cc3775534774ea58f799ee1a64020724e5cefb,detected,0.0,count
cintron_ladder,S7_sparse_reference,rls,1,10.0,True,S7_sparse_reference__rls__seed1,398c721afafcfb355a753ac0cfd1ebcf65a21a6ef468740ce93012df90f00ec4,7cfed748c1a23fa8b895d925c453ff71b8171df9f5c670346fe7006efecf7439,76cc3775534774ea58f799ee1a64020724e5cefb,detected,0.0,count
cintron_ladder,S7_sparse_reference,rls,2,10.0,True,S7_sparse_reference__rls__seed2,1301d7f22942f2e6619dcc555486092a7c3c37061e6b225ed3f3da3b3ca3b132,7cfed748c1a23fa8b895d925c453ff71b8171df9f5c670346fe7006efecf7439,76cc3775534774ea58f799ee1a64020724e5cefb,detected,1.0,count
cintron_ladder,S7_sparse_reference,rls,3,10.0,True,S7_sparse_reference__rls__seed3,32e0738c82819c8cd4653a676dda0f9f67168b628ffc2846dce20179bf21a707,7cfed748c1a23fa8b895d925c453ff71b8171df9f5c670346fe7006efecf7439,76cc3775534774ea58f799ee1a64020724e5cefb,detected,0.0,count
cintron_ladder,S7_sparse_reference,kalman,1,10.0,True,S7_sparse_reference__kalman__seed1,398c721afafcfb355a753ac0cfd1ebcf65a21a6ef468740ce93012df90f00ec4,6a7aa063ebf027f849ecd3e9c514f26b15cd0e81da553bdba217a4b021eaa2ce,76cc3775534774ea58f799ee1a64020724e5cefb,detected,0.0,count
cintron_ladder,S7_sparse_reference,kalman,2,10.0,True,S7_sparse_reference__kalman__seed2,1301d7f22942f2e6619dcc555486092a7c3c37061e6b225ed3f3da3b3ca3b132,6a7aa063ebf027f849ecd3e9c514f26b15cd0e81da553bdba217a4b021eaa2ce,76cc3775534774ea58f799ee1a64020724e5cefb,detected,0.0,count
cintron_ladder,S7_sparse_reference,kalman,3,10.0,True,S7_sparse_reference__kalman__seed3,32e0738c82819c8cd4653a676dda0f9f67168b628ffc2846dce20179bf21a707,6a7aa063ebf027f849ecd3e9c514f26b15cd0e81da553bdba217a4b021eaa2ce,76cc3775534774ea58f799ee1a64020724e5cefb,detected,0.0,count
cintron_ladder,S1_nominal,static_affine,1,10.0,True,S1_nominal__static_affine__seed1,2a7e164a7e04cfa5ac607c92ecf3c4a53c40e90964e7a047230c36cd233b8751,320c4e05e312df4a024a274474879a10d765f07f65ee3478b6ac1f7c31980d82,76cc3775534774ea58f799ee1a64020724e5cefb,missed,0.0,count
cintron_ladder,S1_nominal,static_affine,2,10.0,True,S1_nominal__static_affine__seed2,fa2ca240ac17605f28e43b1573d61379f65c20aab226bb0fcf8af13e416712a1,320c4e05e312df4a024a274474879a10d765f07f65ee3478b6ac1f7c31980d82,76cc3775534774ea58f799ee1a64020724e5cefb,missed,0.0,count
cintron_ladder,S1_nominal,static_affine,3,10.0,True,S1_nominal__static_affine__seed3,e2bb79b9efe0975489e6c62e2c85ebeea90bcc05eddf00c5e3397cde3d2a9805,320c4e05e312df4a024a274474879a10d765f07f65ee3478b6ac1f7c31980d82,76cc3775534774ea58f799ee1a64020724e5cefb,missed,0.0,count
cintron_ladder,S1_nominal,rls,1,10.0,True,S1_nominal__rls__seed1,2a7e164a7e04cfa5ac607c92ecf3c4a53c40e90964e7a047230c36cd233b8751,7cfed748c1a23fa8b895d925c453ff71b8171df9f5c670346fe7006efecf7439,76cc3775534774ea58f799ee1a64020724e5cefb,missed,0.0,count
cintron_ladder,S1_nominal,rls,2,10.0,True,S1_nominal__rls__seed2,fa2ca240ac17605f28e43b1573d61379f65c20aab226bb0fcf8af13e416712a1,7cfed748c1a23fa8b895d925c453ff71b8171df9f5c670346fe7006efecf7439,76cc3775534774ea58f799ee1a64020724e5cefb,missed,0.0,count
cintron_ladder,S1_nominal,rls,3,10.0,True,S1_nominal__rls__seed3,e2bb79b9efe0975489e6c62e2c85ebeea90bcc05eddf00c5e3397cde3d2a9805,7cfed748c1a23fa8b895d925c453ff71b8171df9f5c670346fe7006efecf7439,76cc3775534774ea58f799ee1a64020724e5cefb,missed,0.0,count
cintron_ladder,S1_nominal,kalman,1,10.0,True,S1_nominal__kalman__seed1,2a7e164a7e04cfa5ac607c92ecf3c4a53c40e90964e7a047230c36cd233b8751,6a7aa063ebf027f849ecd3e9c514f26b15cd0e81da553bdba217a4b021eaa2ce,76cc3775534774ea58f799ee1a64020724e5cefb,missed,0.0,count
cintron_ladder,S1_nominal,kalman,2,10.0,True,S1_nominal__kalman__seed2,fa2ca240ac17605f28e43b1573d61379f65c20aab226bb0fcf8af13e416712a1,6a7aa063ebf027f849ecd3e9c514f26b15cd0e81da553bdba217a4b021eaa2ce,76cc3775534774ea58f799ee1a64020724e5cefb,missed,0.0,count
cintron_ladder,S1_nominal,kalman,3,10.0,True,S1_nominal__kalman__seed3,e2bb79b9efe0975489e6c62e2c85ebeea90bcc05eddf00c5e3397cde3d2a9805,6a7aa063ebf027f849ecd3e9c514f26b15cd0e81da553bdba217a4b021eaa2ce,76cc3775534774ea58f799ee1a64020724e5cefb,missed,0.0,count
cintron_ladder,S2_thermal_cycle,static_affine,1,10.0,True,S2_thermal_cycle__static_affine__seed1,f5077dc87411ed3b1d5de66609f9ade74b2b190d2ee2584a79de6dbb70344dee,320c4e05e312df4a024a274474879a10d765f07f65ee3478b6ac1f7c31980d82,76cc3775534774ea58f799ee1a64020724e5cefb,missed,0.0,count
cintron_ladder,S2_thermal_cycle,static_affine,2,10.0,True,S2_thermal_cycle__static_affine__seed2,464a9ded5d97e5522353c10b5f4e7d6fb82021b240fd00240425a619b73a60c1,320c4e05e312df4a024a274474879a10d765f07f65ee3478b6ac1f7c31980d82,76cc3775534774ea58f799ee1a64020724e5cefb,missed,0.0,count
cintron_ladder,S2_thermal_cycle,static_affine,3,10.0,True,S2_thermal_cycle__static_affine__seed3,9f3ded4a30a0049ceb88c4dd85f0059c2f7ecb82b310ae3424cc48f8b5e42da5,320c4e05e312df4a024a274474879a10d765f07f65ee3478b6ac1f7c31980d82,76cc3775534774ea58f799ee1a64020724e5cefb,missed,0.0,count
cintron_ladder,S2_thermal_cycle,rls,1,10.0,True,S2_thermal_cycle__rls__seed1,f5077dc87411ed3b1d5de66609f9ade74b2b190d2ee2584a79de6dbb70344dee,7cfed748c1a23fa8b895d925c453ff71b8171df9f5c670346fe7006efecf7439,76cc3775534774ea58f799ee1a64020724e5cefb,missed,0.0,count
cintron_ladder,S2_thermal_cycle,rls,2,10.0,True,S2_thermal_cycle__rls__seed2,464a9ded5d97e5522353c10b5f4e7d6fb82021b240fd00240425a619b73a60c1,7cfed748c1a23fa8b895d925c453ff71b8171df9f5c670346fe7006efecf7439,76cc3775534774ea58f799ee1a64020724e5cefb,missed,0.0,count
cintron_ladder,S2_thermal_cycle,rls,3,10.0,True,S2_thermal_cycle__rls__seed3,9f3ded4a30a0049ceb88c4dd85f0059c2f7ecb82b310ae3424cc48f8b5e42da5,7cfed748c1a23fa8b895d925c453ff71b8171df9f5c670346fe7006efecf7439,76cc3775534774ea58f799ee1a64020724e5cefb,missed,0.0,count
cintron_ladder,S2_thermal_cycle,kalman,1,10.0,True,S2_thermal_cycle__kalman__seed1,f5077dc87411ed3b1d5de66609f9ade74b2b190d2ee2584a79de6dbb70344dee,6a7aa063ebf027f849ecd3e9c514f26b15cd0e81da553bdba217a4b021eaa2ce,76cc3775534774ea58f799ee1a64020724e5cefb,missed,0.0,count
cintron_ladder,S2_thermal_cycle,kalman,2,10.0,True,S2_thermal_cycle__kalman__seed2,464a9ded5d97e5522353c10b5f4e7d6fb82021b240fd00240425a619b73a60c1,6a7aa063ebf027f849ecd3e9c514f26b15cd0e81da553bdba217a4b021eaa2ce,76cc3775534774ea58f799ee1a64020724e5cefb,missed,0.0,count
cintron_ladder,S2_thermal_cycle,kalman,3,10.0,True,S2_thermal_cycle__kalman__seed3,9f3ded4a30a0049ceb88c4dd85f0059c2f7ecb82b310ae3424cc48f8b5e42da5,6a7aa063ebf027f849ecd3e9c514f26b15cd0e81da553bdba217a4b021eaa2ce,76cc3775534774ea58f799ee1a64020724e5cefb,missed,0.0,count
cintron_ladder,S3_zero_drift_walk,static_affine,1,10.0,True,S3_zero_drift_walk__static_affine__seed1,e7b981f1a695ead56faf9a26e3ac56f7cf242bda6227b5aabd270e829bc92da5,320c4e05e312df4a024a274474879a10d765f07f65ee3478b6ac1f7c31980d82,76cc3775534774ea58f799ee1a64020724e5cefb,missed,0.0,count
cintron_ladder,S3_zero_drift_walk,static_affine,2,10.0,True,S3_zero_drift_walk__static_affine__seed2,8aaeb0ed7c28c2b0ee4c567f78a99e1728b00afc703637facbb86bff31b40b49,320c4e05e312df4a024a274474879a10d765f07f65ee3478b6ac1f7c31980d82,76cc3775534774ea58f799ee1a64020724e5cefb,missed,0.0,count
cintron_ladder,S3_zero_drift_walk,static_affine,3,10.0,True,S3_zero_drift_walk__static_affine__seed3,b63f96c73e8c77b630930fed7883f11ae94db4991b7977259a58ca8a4af785b0,320c4e05e312df4a024a274474879a10d765f07f65ee3478b6ac1f7c31980d82,76cc3775534774ea58f799ee1a64020724e5cefb,missed,0.0,count
cintron_ladder,S3_zero_drift_walk,rls,1,10.0,True,S3_zero_drift_walk__rls__seed1,e7b981f1a695ead56faf9a26e3ac56f7cf242bda6227b5aabd270e829bc92da5,7cfed748c1a23fa8b895d925c453ff71b8171df9f5c670346fe7006efecf7439,76cc3775534774ea58f799ee1a64020724e5cefb,missed,0.0,count
cintron_ladder,S3_zero_drift_walk,rls,2,10.0,True,S3_zero_drift_walk__rls__seed2,8aaeb0ed7c28c2b0ee4c567f78a99e1728b00afc703637facbb86bff31b40b49,7cfed748c1a23fa8b895d925c453ff71b8171df9f5c670346fe7006efecf7439,76cc3775534774ea58f799ee1a64020724e5cefb,missed,0.0,count
cintron_ladder,S3_zero_drift_walk,rls,3,10.0,True,S3_zero_drift_walk__rls__seed3,b63f96c73e8c77b630930fed7883f11ae94db4991b7977259a58ca8a4af785b0,7cfed748c1a23fa8b895d925c453ff71b8171df9f5c670346fe7006efecf7439,76cc3775534774ea58f799ee1a64020724e5cefb,missed,0.0,count
cintron_ladder,S3_zero_drift_walk,kalman,1,10.0,True,S3_zero_drift_walk__kalman__seed1,e7b981f1a695ead56faf9a26e3ac56f7cf242bda6227b5aabd270e829bc92da5,6a7aa063ebf027f849ecd3e9c514f26b15cd0e81da553bdba217a4b021eaa2ce,76cc3775534774ea58f799ee1a64020724e5cefb,missed,0.0,count
cintron_ladder,S3_zero_drift_walk,kalman,2,10.0,True,S3_zero_drift_walk__kalman__seed2,8aaeb0ed7c28c2b0ee4c567f78a99e1728b00afc703637facbb86bff31b40b49,6a7aa063ebf027f849ecd3e9c514f26b15cd0e81da553bdba217a4b021eaa2ce,76cc3775534774ea58f799ee1a64020724e5cefb,missed,0.0,count
cintron_ladder,S3_zero_drift_walk,kalman,3,10.0,True,S3_zero_drift_walk__kalman__seed3,b63f96c73e8c77b630930fed7883f11ae94db4991b7977259a58ca8a4af785b0,6a7aa063ebf027f849ecd3e9c514f26b15cd0e81da553bdba217a4b021eaa2ce,76cc3775534774ea58f799ee1a64020724e5cefb,missed,0.0,count
cintron_ladder,S4_step_fault,static_affine,1,10.0,True,S4_step_fault__static_affine__seed1,2ddd431c649ca2b8ec1dd1fa3d1be7053e06b556b429fda303db43e771c49b4d,320c4e05e312df4a024a274474879a10d765f07f65ee3478b6ac1f7c31980d82,76cc3775534774ea58f799ee1a64020724e5cefb,missed,2.0,count
cintron_ladder,S4_step_fault,static_affine,2,10.0,True,S4_step_fault__static_affine__seed2,1319c874fdf7655f120c5fbb53cc4c8398e4675d47673de0fd98005d630b52b1,320c4e05e312df4a024a274474879a10d765f07f65ee3478b6ac1f7c31980d82,76cc3775534774ea58f799ee1a64020724e5cefb,missed,1.0,count
cintron_ladder,S4_step_fault,static_affine,3,10.0,True,S4_step_fault__static_affine__seed3,135fc15f1c43d85f0045c59ffbd10841f2a3be848d4153fded5d6a5d6a4e34a0,320c4e05e312df4a024a274474879a10d765f07f65ee3478b6ac1f7c31980d82,76cc3775534774ea58f799ee1a64020724e5cefb,missed,2.0,count
cintron_ladder,S4_step_fault,rls,1,10.0,True,S4_step_fault__rls__seed1,2ddd431c649ca2b8ec1dd1fa3d1be7053e06b556b429fda303db43e771c49b4d,7cfed748c1a23fa8b895d925c453ff71b8171df9f5c670346fe7006efecf7439,76cc3775534774ea58f799ee1a64020724e5cefb,missed,2.0,count
cintron_ladder,S4_step_fault,rls,2,10.0,True,S4_step_fault__rls__seed2,1319c874fdf7655f120c5fbb53cc4c8398e4675d47673de0fd98005d630b52b1,7cfed748c1a23fa8b895d925c453ff71b8171df9f5c670346fe7006efecf7439,76cc3775534774ea58f799ee1a64020724e5cefb,missed,1.0,count
cintron_ladder,S4_step_fault,rls,3,10.0,True,S4_step_fault__rls__seed3,135fc15f1c43d85f0045c59ffbd10841f2a3be848d4153fded5d6a5d6a4e34a0,7cfed748c1a23fa8b895d925c453ff71b8171df9f5c670346fe7006efecf7439,76cc3775534774ea58f799ee1a64020724e5cefb,missed,2.0,count
cintron_ladder,S4_step_fault,kalman,1,10.0,True,S4_step_fault__kalman__seed1,2ddd431c649ca2b8ec1dd1fa3d1be7053e06b556b429fda303db43e771c49b4d,6a7aa063ebf027f849ecd3e9c514f26b15cd0e81da553bdba217a4b021eaa2ce,76cc3775534774ea58f799ee1a64020724e5cefb,missed,2.0,count
cintron_ladder,S4_step_fault,kalman,2,10.0,True,S4_step_fault__kalman__seed2,1319c874fdf7655f120c5fbb53cc4c8398e4675d47673de0fd98005d630b52b1,6a7aa063ebf027f849ecd3e9c514f26b15cd0e81da553bdba217a4b021eaa2ce,76cc3775534774ea58f799ee1a64020724e5cefb,missed,1.0,count
cintron_ladder,S4_step_fault,kalman,3,10.0,True,S4_step_fault__kalman__seed3,135fc15f1c43d85f0045c59ffbd10841f2a3be848d4153fded5d6a5d6a4e34a0,6a7aa063ebf027f849ecd3e9c514f26b15cd0e81da553bdba217a4b021eaa2ce,76cc3775534774ea58f799ee1a64020724e5cefb,missed,1.0,count
cintron_ladder,S5_outage,static_affine,1,10.0,True,S5_outage__static_affine__seed1,a9fcc049f0f73db1ab44c7ca7ce4b41b05c1b293caabfeb3401f0bef2d75cce3,320c4e05e312df4a024a274474879a10d765f07f65ee3478b6ac1f7c31980d82,76cc3775534774ea58f799ee1a64020724e5cefb,missed,0.0,count
cintron_ladder,S5_outage,static_affine,2,10.0,True,S5_outage__static_affine__seed2,1510a2663b5f63da6b5b1385333b17c9beaafcd638df3bce3262b43d051f97e1,320c4e05e312df4a024a274474879a10d765f07f65ee3478b6ac1f7c31980d82,76cc3775534774ea58f799ee1a64020724e5cefb,missed,0.0,count
cintron_ladder,S5_outage,static_affine,3,10.0,True,S5_outage__static_affine__seed3,f84d5ae0ec8ad2f6df97000007a3d8ffecacea53aec887acf2f9adb90f328ec1,320c4e05e312df4a024a274474879a10d765f07f65ee3478b6ac1f7c31980d82,76cc3775534774ea58f799ee1a64020724e5cefb,missed,0.0,count
cintron_ladder,S5_outage,rls,1,10.0,True,S5_outage__rls__seed1,a9fcc049f0f73db1ab44c7ca7ce4b41b05c1b293caabfeb3401f0bef2d75cce3,7cfed748c1a23fa8b895d925c453ff71b8171df9f5c670346fe7006efecf7439,76cc3775534774ea58f799ee1a64020724e5cefb,missed,0.0,count
cintron_ladder,S5_outage,rls,2,10.0,True,S5_outage__rls__seed2,1510a2663b5f63da6b5b1385333b17c9beaafcd638df3bce3262b43d051f97e1,7cfed748c1a23fa8b895d925c453ff71b8171df9f5c670346fe7006efecf7439,76cc3775534774ea58f799ee1a64020724e5cefb,missed,0.0,count
cintron_ladder,S5_outage,rls,3,10.0,True,S5_outage__rls__seed3,f84d5ae0ec8ad2f6df97000007a3d8ffecacea53aec887acf2f9adb90f328ec1,7cfed748c1a23fa8b895d925c453ff71b8171df9f5c670346fe7006efecf7439,76cc3775534774ea58f799ee1a64020724e5cefb,missed,0.0,count
cintron_ladder,S5_outage,kalman,1,10.0,True,S5_outage__kalman__seed1,a9fcc049f0f73db1ab44c7ca7ce4b41b05c1b293caabfeb3401f0bef2d75cce3,6a7aa063ebf027f849ecd3e9c514f26b15cd0e81da553bdba217a4b021eaa2ce,76cc3775534774ea58f799ee1a64020724e5cefb,missed,0.0,count
cintron_ladder,S5_outage,kalman,2,10.0,True,S5_outage__kalman__seed2,1510a2663b5f63da6b5b1385333b17c9beaafcd638df3bce3262b43d051f97e1,6a7aa063ebf027f849ecd3e9c514f26b15cd0e81da553bdba217a4b021eaa2ce,76cc3775534774ea58f799ee1a64020724e5cefb,missed,0.0,count
cintron_ladder,S5_outage,kalman,3,10.0,True,S5_outage__kalman__seed3,f84d5ae0ec8ad2f6df97000007a3d8ffecacea53aec887acf2f9adb90f328ec1,6a7aa063ebf027f849ecd3e9c514f26b15cd0e81da553bdba217a4b021eaa2ce,76cc3775534774ea58f799ee1a64020724e5cefb,missed,0.0,count
cintron_ladder,S6_combined,static_affine,1,10.0,True,S6_combined__static_affine__seed1,5d4f2a11ab7b925de02ef1d34875af815611f0d172cbf30a820f6e4a5db791f7,320c4e05e312df4a024a274474879a10d765f07f65ee3478b6ac1f7c31980d82,76cc3775534774ea58f799ee1a64020724e5cefb,missed,2.0,count
cintron_ladder,S6_combined,static_affine,2,10.0,True,S6_combined__static_affine__seed2,d01e5c41507ccd6868ea37a1d0993c222e5af61f3b79e1372f0aceb13bdbcf73,320c4e05e312df4a024a274474879a10d765f07f65ee3478b6ac1f7c31980d82,76cc3775534774ea58f799ee1a64020724e5cefb,missed,2.0,count
cintron_ladder,S6_combined,static_affine,3,10.0,True,S6_combined__static_affine__seed3,023a22c68d81022af0f29d6a4d407ec5521336f357a4e5f5fbb3be2ea33f3920,320c4e05e312df4a024a274474879a10d765f07f65ee3478b6ac1f7c31980d82,76cc3775534774ea58f799ee1a64020724e5cefb,missed,2.0,count
cintron_ladder,S6_combined,rls,1,10.0,True,S6_combined__rls__seed1,5d4f2a11ab7b925de02ef1d34875af815611f0d172cbf30a820f6e4a5db791f7,7cfed748c1a23fa8b895d925c453ff71b8171df9f5c670346fe7006efecf7439,76cc3775534774ea58f799ee1a64020724e5cefb,missed,2.0,count
cintron_ladder,S6_combined,rls,2,10.0,True,S6_combined__rls__seed2,d01e5c41507ccd6868ea37a1d0993c222e5af61f3b79e1372f0aceb13bdbcf73,7cfed748c1a23fa8b895d925c453ff71b8171df9f5c670346fe7006efecf7439,76cc3775534774ea58f799ee1a64020724e5cefb,missed,2.0,count
cintron_ladder,S6_combined,rls,3,10.0,True,S6_combined__rls__seed3,023a22c68d81022af0f29d6a4d407ec5521336f357a4e5f5fbb3be2ea33f3920,7cfed748c1a23fa8b895d925c453ff71b8171df9f5c670346fe7006efecf7439,76cc3775534774ea58f799ee1a64020724e5cefb,missed,2.0,count
cintron_ladder,S6_combined,kalman,1,10.0,True,S6_combined__kalman__seed1,5d4f2a11ab7b925de02ef1d34875af815611f0d172cbf30a820f6e4a5db791f7,6a7aa063ebf027f849ecd3e9c514f26b15cd0e81da553bdba217a4b021eaa2ce,76cc3775534774ea58f799ee1a64020724e5cefb,missed,2.0,count
cintron_ladder,S6_combined,kalman,2,10.0,True,S6_combined__kalman__seed2,d01e5c41507ccd6868ea37a1d0993c222e5af61f3b79e1372f0aceb13bdbcf73,6a7aa063ebf027f849ecd3e9c514f26b15cd0e81da553bdba217a4b021eaa2ce,76cc3775534774ea58f799ee1a64020724e5cefb,missed,2.0,count
cintron_ladder,S6_combined,kalman,3,10.0,True,S6_combined__kalman__seed3,023a22c68d81022af0f29d6a4d407ec5521336f357a4e5f5fbb3be2ea33f3920,6a7aa063ebf027f849ecd3e9c514f26b15cd0e81da553bdba217a4b021eaa2ce,76cc3775534774ea58f799ee1a64020724e5cefb,missed,2.0,count
cintron_ladder,S7_sparse_reference,static_affine,1,10.0,True,S7_sparse_reference__static_affine__seed1,398c721afafcfb355a753ac0cfd1ebcf65a21a6ef468740ce93012df90f00ec4,320c4e05e312df4a024a274474879a10d765f07f65ee3478b6ac1f7c31980d82,76cc3775534774ea58f799ee1a64020724e5cefb,missed,1.0,count
cintron_ladder,S7_sparse_reference,static_affine,2,10.0,True,S7_sparse_reference__static_affine__seed2,1301d7f22942f2e6619dcc555486092a7c3c37061e6b225ed3f3da3b3ca3b132,320c4e05e312df4a024a274474879a10d765f07f65ee3478b6ac1f7c31980d82,76cc3775534774ea58f799ee1a64020724e5cefb,missed,1.0,count
cintron_ladder,S7_sparse_reference,static_affine,3,10.0,True,S7_sparse_reference__static_affine__seed3,32e0738c82819c8cd4653a676dda0f9f67168b628ffc2846dce20179bf21a707,320c4e05e312df4a024a274474879a10d765f07f65ee3478b6ac1f7c31980d82,76cc3775534774ea58f799ee1a64020724e5cefb,missed,1.0,count
cintron_ladder,S7_sparse_reference,rls,1,10.0,True,S7_sparse_reference__rls__seed1,398c721afafcfb355a753ac0cfd1ebcf65a21a6ef468740ce93012df90f00ec4,7cfed748c1a23fa8b895d925c453ff71b8171df9f5c670346fe7006efecf7439,76cc3775534774ea58f799ee1a64020724e5cefb,missed,1.0,count
cintron_ladder,S7_sparse_reference,rls,2,10.0,True,S7_sparse_reference__rls__seed2,1301d7f22942f2e6619dcc555486092a7c3c37061e6b225ed3f3da3b3ca3b132,7cfed748c1a23fa8b895d925c453ff71b8171df9f5c670346fe7006efecf7439,76cc3775534774ea58f799ee1a64020724e5cefb,missed,0.0,count
cintron_ladder,S7_sparse_reference,rls,3,10.0,True,S7_sparse_reference__rls__seed3,32e0738c82819c8cd4653a676dda0f9f67168b628ffc2846dce20179bf21a707,7cfed748c1a23fa8b895d925c453ff71b8171df9f5c670346fe7006efecf7439,76cc3775534774ea58f799ee1a64020724e5cefb,missed,1.0,count
cintron_ladder,S7_sparse_reference,kalman,1,10.0,True,S7_sparse_reference__kalman__seed1,398c721afafcfb355a753ac0cfd1ebcf65a21a6ef468740ce93012df90f00ec4,6a7aa063ebf027f849ecd3e9c514f26b15cd0e81da553bdba217a4b021eaa2ce,76cc3775534774ea58f799ee1a64020724e5cefb,missed,1.0,count
cintron_ladder,S7_sparse_reference,kalman,2,10.0,True,S7_sparse_reference__kalman__seed2,1301d7f22942f2e6619dcc555486092a7c3c37061e6b225ed3f3da3b3ca3b132,6a7aa063ebf027f849ecd3e9c514f26b15cd0e81da553bdba217a4b021eaa2ce,76cc3775534774ea58f799ee1a64020724e5cefb,missed,1.0,count
cintron_ladder,S7_sparse_reference,kalman,3,10.0,True,S7_sparse_reference__kalman__seed3,32e0738c82819c8cd4653a676dda0f9f67168b628ffc2846dce20179bf21a707,6a7aa063ebf027f849ecd3e9c514f26b15cd0e81da553bdba217a4b021eaa2ce,76cc3775534774ea58f799ee1a64020724e5cefb,missed,1.0,count
cintron_ladder,S1_nominal,static_affine,1,10.0,True,S1_nominal__static_affine__seed1,2a7e164a7e04cfa5ac607c92ecf3c4a53c40e90964e7a047230c36cd233b8751,320c4e05e312df4a024a274474879a10d765f07f65ee3478b6ac1f7c31980d82,76cc3775534774ea58f799ee1a64020724e5cefb,false_alarms,0.0,count
cintron_ladder,S1_nominal,static_affine,2,10.0,True,S1_nominal__static_affine__seed2,fa2ca240ac17605f28e43b1573d61379f65c20aab226bb0fcf8af13e416712a1,320c4e05e312df4a024a274474879a10d765f07f65ee3478b6ac1f7c31980d82,76cc3775534774ea58f799ee1a64020724e5cefb,false_alarms,0.0,count
cintron_ladder,S1_nominal,static_affine,3,10.0,True,S1_nominal__static_affine__seed3,e2bb79b9efe0975489e6c62e2c85ebeea90bcc05eddf00c5e3397cde3d2a9805,320c4e05e312df4a024a274474879a10d765f07f65ee3478b6ac1f7c31980d82,76cc3775534774ea58f799ee1a64020724e5cefb,false_alarms,0.0,count
cintron_ladder,S1_nominal,rls,1,10.0,True,S1_nominal__rls__seed1,2a7e164a7e04cfa5ac607c92ecf3c4a53c40e90964e7a047230c36cd233b8751,7cfed748c1a23fa8b895d925c453ff71b8171df9f5c670346fe7006efecf7439,76cc3775534774ea58f799ee1a64020724e5cefb,false_alarms,0.0,count
cintron_ladder,S1_nominal,rls,2,10.0,True,S1_nominal__rls__seed2,fa2ca240ac17605f28e43b1573d61379f65c20aab226bb0fcf8af13e416712a1,7cfed748c1a23fa8b895d925c453ff71b8171df9f5c670346fe7006efecf7439,76cc3775534774ea58f799ee1a64020724e5cefb,false_alarms,0.0,count
cintron_ladder,S1_nominal,rls,3,10.0,True,S1_nominal__rls__seed3,e2bb79b9efe0975489e6c62e2c85ebeea90bcc05eddf00c5e3397cde3d2a9805,7cfed748c1a23fa8b895d925c453ff71b8171df9f5c670346fe7006efecf7439,76cc3775534774ea58f799ee1a64020724e5cefb,false_alarms,0.0,count
cintron_ladder,S1_nominal,kalman,1,10.0,True,S1_nominal__kalman__seed1,2a7e164a7e04cfa5ac607c92ecf3c4a53c40e90964e7a047230c36cd233b8751,6a7aa063ebf027f849ecd3e9c514f26b15cd0e81da553bdba217a4b021eaa2ce,76cc3775534774ea58f799ee1a64020724e5cefb,false_alarms,0.0,count
cintron_ladder,S1_nominal,kalman,2,10.0,True,S1_nominal__kalman__seed2,fa2ca240ac17605f28e43b1573d61379f65c20aab226bb0fcf8af13e416712a1,6a7aa063ebf027f849ecd3e9c514f26b15cd0e81da553bdba217a4b021eaa2ce,76cc3775534774ea58f799ee1a64020724e5cefb,false_alarms,0.0,count
cintron_ladder,S1_nominal,kalman,3,10.0,True,S1_nominal__kalman__seed3,e2bb79b9efe0975489e6c62e2c85ebeea90bcc05eddf00c5e3397cde3d2a9805,6a7aa063ebf027f849ecd3e9c514f26b15cd0e81da553bdba217a4b021eaa2ce,76cc3775534774ea58f799ee1a64020724e5cefb,false_alarms,0.0,count
cintron_ladder,S2_thermal_cycle,static_affine,1,10.0,True,S2_thermal_cycle__static_affine__seed1,f5077dc87411ed3b1d5de66609f9ade74b2b190d2ee2584a79de6dbb70344dee,320c4e05e312df4a024a274474879a10d765f07f65ee3478b6ac1f7c31980d82,76cc3775534774ea58f799ee1a64020724e5cefb,false_alarms,3.0,count
cintron_ladder,S2_thermal_cycle,static_affine,2,10.0,True,S2_thermal_cycle__static_affine__seed2,464a9ded5d97e5522353c10b5f4e7d6fb82021b240fd00240425a619b73a60c1,320c4e05e312df4a024a274474879a10d765f07f65ee3478b6ac1f7c31980d82,76cc3775534774ea58f799ee1a64020724e5cefb,false_alarms,2.0,count
cintron_ladder,S2_thermal_cycle,static_affine,3,10.0,True,S2_thermal_cycle__static_affine__seed3,9f3ded4a30a0049ceb88c4dd85f0059c2f7ecb82b310ae3424cc48f8b5e42da5,320c4e05e312df4a024a274474879a10d765f07f65ee3478b6ac1f7c31980d82,76cc3775534774ea58f799ee1a64020724e5cefb,false_alarms,2.0,count
cintron_ladder,S2_thermal_cycle,rls,1,10.0,True,S2_thermal_cycle__rls__seed1,f5077dc87411ed3b1d5de66609f9ade74b2b190d2ee2584a79de6dbb70344dee,7cfed748c1a23fa8b895d925c453ff71b8171df9f5c670346fe7006efecf7439,76cc3775534774ea58f799ee1a64020724e5cefb,false_alarms,2.0,count
cintron_ladder,S2_thermal_cycle,rls,2,10.0,True,S2_thermal_cycle__rls__seed2,464a9ded5d97e5522353c10b5f4e7d6fb82021b240fd00240425a619b73a60c1,7cfed748c1a23fa8b895d925c453ff71b8171df9f5c670346fe7006efecf7439,76cc3775534774ea58f799ee1a64020724e5cefb,false_alarms,2.0,count
cintron_ladder,S2_thermal_cycle,rls,3,10.0,True,S2_thermal_cycle__rls__seed3,9f3ded4a30a0049ceb88c4dd85f0059c2f7ecb82b310ae3424cc48f8b5e42da5,7cfed748c1a23fa8b895d925c453ff71b8171df9f5c670346fe7006efecf7439,76cc3775534774ea58f799ee1a64020724e5cefb,false_alarms,2.0,count
cintron_ladder,S2_thermal_cycle,kalman,1,10.0,True,S2_thermal_cycle__kalman__seed1,f5077dc87411ed3b1d5de66609f9ade74b2b190d2ee2584a79de6dbb70344dee,6a7aa063ebf027f849ecd3e9c514f26b15cd0e81da553bdba217a4b021eaa2ce,76cc3775534774ea58f799ee1a64020724e5cefb,false_alarms,1.0,count
cintron_ladder,S2_thermal_cycle,kalman,2,10.0,True,S2_thermal_cycle__kalman__seed2,464a9ded5d97e5522353c10b5f4e7d6fb82021b240fd00240425a619b73a60c1,6a7aa063ebf027f849ecd3e9c514f26b15cd0e81da553bdba217a4b021eaa2ce,76cc3775534774ea58f799ee1a64020724e5cefb,false_alarms,2.0,count
cintron_ladder,S2_thermal_cycle,kalman,3,10.0,True,S2_thermal_cycle__kalman__seed3,9f3ded4a30a0049ceb88c4dd85f0059c2f7ecb82b310ae3424cc48f8b5e42da5,6a7aa063ebf027f849ecd3e9c514f26b15cd0e81da553bdba217a4b021eaa2ce,76cc3775534774ea58f799ee1a64020724e5cefb,false_alarms,2.0,count
cintron_ladder,S3_zero_drift_walk,static_affine,1,10.0,True,S3_zero_drift_walk__static_affine__seed1,e7b981f1a695ead56faf9a26e3ac56f7cf242bda6227b5aabd270e829bc92da5,320c4e05e312df4a024a274474879a10d765f07f65ee3478b6ac1f7c31980d82,76cc3775534774ea58f799ee1a64020724e5cefb,false_alarms,0.0,count
cintron_ladder,S3_zero_drift_walk,static_affine,2,10.0,True,S3_zero_drift_walk__static_affine__seed2,8aaeb0ed7c28c2b0ee4c567f78a99e1728b00afc703637facbb86bff31b40b49,320c4e05e312df4a024a274474879a10d765f07f65ee3478b6ac1f7c31980d82,76cc3775534774ea58f799ee1a64020724e5cefb,false_alarms,0.0,count
cintron_ladder,S3_zero_drift_walk,static_affine,3,10.0,True,S3_zero_drift_walk__static_affine__seed3,b63f96c73e8c77b630930fed7883f11ae94db4991b7977259a58ca8a4af785b0,320c4e05e312df4a024a274474879a10d765f07f65ee3478b6ac1f7c31980d82,76cc3775534774ea58f799ee1a64020724e5cefb,false_alarms,1.0,count
cintron_ladder,S3_zero_drift_walk,rls,1,10.0,True,S3_zero_drift_walk__rls__seed1,e7b981f1a695ead56faf9a26e3ac56f7cf242bda6227b5aabd270e829bc92da5,7cfed748c1a23fa8b895d925c453ff71b8171df9f5c670346fe7006efecf7439,76cc3775534774ea58f799ee1a64020724e5cefb,false_alarms,0.0,count
cintron_ladder,S3_zero_drift_walk,rls,2,10.0,True,S3_zero_drift_walk__rls__seed2,8aaeb0ed7c28c2b0ee4c567f78a99e1728b00afc703637facbb86bff31b40b49,7cfed748c1a23fa8b895d925c453ff71b8171df9f5c670346fe7006efecf7439,76cc3775534774ea58f799ee1a64020724e5cefb,false_alarms,1.0,count
cintron_ladder,S3_zero_drift_walk,rls,3,10.0,True,S3_zero_drift_walk__rls__seed3,b63f96c73e8c77b630930fed7883f11ae94db4991b7977259a58ca8a4af785b0,7cfed748c1a23fa8b895d925c453ff71b8171df9f5c670346fe7006efecf7439,76cc3775534774ea58f799ee1a64020724e5cefb,false_alarms,1.0,count
cintron_ladder,S3_zero_drift_walk,kalman,1,10.0,True,S3_zero_drift_walk__kalman__seed1,e7b981f1a695ead56faf9a26e3ac56f7cf242bda6227b5aabd270e829bc92da5,6a7aa063ebf027f849ecd3e9c514f26b15cd0e81da553bdba217a4b021eaa2ce,76cc3775534774ea58f799ee1a64020724e5cefb,false_alarms,0.0,count
cintron_ladder,S3_zero_drift_walk,kalman,2,10.0,True,S3_zero_drift_walk__kalman__seed2,8aaeb0ed7c28c2b0ee4c567f78a99e1728b00afc703637facbb86bff31b40b49,6a7aa063ebf027f849ecd3e9c514f26b15cd0e81da553bdba217a4b021eaa2ce,76cc3775534774ea58f799ee1a64020724e5cefb,false_alarms,1.0,count
cintron_ladder,S3_zero_drift_walk,kalman,3,10.0,True,S3_zero_drift_walk__kalman__seed3,b63f96c73e8c77b630930fed7883f11ae94db4991b7977259a58ca8a4af785b0,6a7aa063ebf027f849ecd3e9c514f26b15cd0e81da553bdba217a4b021eaa2ce,76cc3775534774ea58f799ee1a64020724e5cefb,false_alarms,0.0,count
cintron_ladder,S4_step_fault,static_affine,1,10.0,True,S4_step_fault__static_affine__seed1,2ddd431c649ca2b8ec1dd1fa3d1be7053e06b556b429fda303db43e771c49b4d,320c4e05e312df4a024a274474879a10d765f07f65ee3478b6ac1f7c31980d82,76cc3775534774ea58f799ee1a64020724e5cefb,false_alarms,2.0,count
cintron_ladder,S4_step_fault,static_affine,2,10.0,True,S4_step_fault__static_affine__seed2,1319c874fdf7655f120c5fbb53cc4c8398e4675d47673de0fd98005d630b52b1,320c4e05e312df4a024a274474879a10d765f07f65ee3478b6ac1f7c31980d82,76cc3775534774ea58f799ee1a64020724e5cefb,false_alarms,1.0,count
cintron_ladder,S4_step_fault,static_affine,3,10.0,True,S4_step_fault__static_affine__seed3,135fc15f1c43d85f0045c59ffbd10841f2a3be848d4153fded5d6a5d6a4e34a0,320c4e05e312df4a024a274474879a10d765f07f65ee3478b6ac1f7c31980d82,76cc3775534774ea58f799ee1a64020724e5cefb,false_alarms,2.0,count
cintron_ladder,S4_step_fault,rls,1,10.0,True,S4_step_fault__rls__seed1,2ddd431c649ca2b8ec1dd1fa3d1be7053e06b556b429fda303db43e771c49b4d,7cfed748c1a23fa8b895d925c453ff71b8171df9f5c670346fe7006efecf7439,76cc3775534774ea58f799ee1a64020724e5cefb,false_alarms,1.0,count
cintron_ladder,S4_step_fault,rls,2,10.0,True,S4_step_fault__rls__seed2,1319c874fdf7655f120c5fbb53cc4c8398e4675d47673de0fd98005d630b52b1,7cfed748c1a23fa8b895d925c453ff71b8171df9f5c670346fe7006efecf7439,76cc3775534774ea58f799ee1a64020724e5cefb,false_alarms,1.0,count
cintron_ladder,S4_step_fault,rls,3,10.0,True,S4_step_fault__rls__seed3,135fc15f1c43d85f0045c59ffbd10841f2a3be848d4153fded5d6a5d6a4e34a0,7cfed748c1a23fa8b895d925c453ff71b8171df9f5c670346fe7006efecf7439,76cc3775534774ea58f799ee1a64020724e5cefb,false_alarms,2.0,count
cintron_ladder,S4_step_fault,kalman,1,10.0,True,S4_step_fault__kalman__seed1,2ddd431c649ca2b8ec1dd1fa3d1be7053e06b556b429fda303db43e771c49b4d,6a7aa063ebf027f849ecd3e9c514f26b15cd0e81da553bdba217a4b021eaa2ce,76cc3775534774ea58f799ee1a64020724e5cefb,false_alarms,1.0,count
cintron_ladder,S4_step_fault,kalman,2,10.0,True,S4_step_fault__kalman__seed2,1319c874fdf7655f120c5fbb53cc4c8398e4675d47673de0fd98005d630b52b1,6a7aa063ebf027f849ecd3e9c514f26b15cd0e81da553bdba217a4b021eaa2ce,76cc3775534774ea58f799ee1a64020724e5cefb,false_alarms,0.0,count
cintron_ladder,S4_step_fault,kalman,3,10.0,True,S4_step_fault__kalman__seed3,135fc15f1c43d85f0045c59ffbd10841f2a3be848d4153fded5d6a5d6a4e34a0,6a7aa063ebf027f849ecd3e9c514f26b15cd0e81da553bdba217a4b021eaa2ce,76cc3775534774ea58f799ee1a64020724e5cefb,false_alarms,1.0,count
cintron_ladder,S5_outage,static_affine,1,10.0,True,S5_outage__static_affine__seed1,a9fcc049f0f73db1ab44c7ca7ce4b41b05c1b293caabfeb3401f0bef2d75cce3,320c4e05e312df4a024a274474879a10d765f07f65ee3478b6ac1f7c31980d82,76cc3775534774ea58f799ee1a64020724e5cefb,false_alarms,1.0,count
cintron_ladder,S5_outage,static_affine,2,10.0,True,S5_outage__static_affine__seed2,1510a2663b5f63da6b5b1385333b17c9beaafcd638df3bce3262b43d051f97e1,320c4e05e312df4a024a274474879a10d765f07f65ee3478b6ac1f7c31980d82,76cc3775534774ea58f799ee1a64020724e5cefb,false_alarms,0.0,count
cintron_ladder,S5_outage,static_affine,3,10.0,True,S5_outage__static_affine__seed3,f84d5ae0ec8ad2f6df97000007a3d8ffecacea53aec887acf2f9adb90f328ec1,320c4e05e312df4a024a274474879a10d765f07f65ee3478b6ac1f7c31980d82,76cc3775534774ea58f799ee1a64020724e5cefb,false_alarms,0.0,count
cintron_ladder,S5_outage,rls,1,10.0,True,S5_outage__rls__seed1,a9fcc049f0f73db1ab44c7ca7ce4b41b05c1b293caabfeb3401f0bef2d75cce3,7cfed748c1a23fa8b895d925c453ff71b8171df9f5c670346fe7006efecf7439,76cc3775534774ea58f799ee1a64020724e5cefb,false_alarms,1.0,count
cintron_ladder,S5_outage,rls,2,10.0,True,S5_outage__rls__seed2,1510a2663b5f63da6b5b1385333b17c9beaafcd638df3bce3262b43d051f97e1,7cfed748c1a23fa8b895d925c453ff71b8171df9f5c670346fe7006efecf7439,76cc3775534774ea58f799ee1a64020724e5cefb,false_alarms,0.0,count
cintron_ladder,S5_outage,rls,3,10.0,True,S5_outage__rls__seed3,f84d5ae0ec8ad2f6df97000007a3d8ffecacea53aec887acf2f9adb90f328ec1,7cfed748c1a23fa8b895d925c453ff71b8171df9f5c670346fe7006efecf7439,76cc3775534774ea58f799ee1a64020724e5cefb,false_alarms,0.0,count
cintron_ladder,S5_outage,kalman,1,10.0,True,S5_outage__kalman__seed1,a9fcc049f0f73db1ab44c7ca7ce4b41b05c1b293caabfeb3401f0bef2d75cce3,6a7aa063ebf027f849ecd3e9c514f26b15cd0e81da553bdba217a4b021eaa2ce,76cc3775534774ea58f799ee1a64020724e5cefb,false_alarms,0.0,count
cintron_ladder,S5_outage,kalman,2,10.0,True,S5_outage__kalman__seed2,1510a2663b5f63da6b5b1385333b17c9beaafcd638df3bce3262b43d051f97e1,6a7aa063ebf027f849ecd3e9c514f26b15cd0e81da553bdba217a4b021eaa2ce,76cc3775534774ea58f799ee1a64020724e5cefb,false_alarms,0.0,count
cintron_ladder,S5_outage,kalman,3,10.0,True,S5_outage__kalman__seed3,f84d5ae0ec8ad2f6df97000007a3d8ffecacea53aec887acf2f9adb90f328ec1,6a7aa063ebf027f849ecd3e9c514f26b15cd0e81da553bdba217a4b021eaa2ce,76cc3775534774ea58f799ee1a64020724e5cefb,false_alarms,0.0,count
cintron_ladder,S6_combined,static_affine,1,10.0,True,S6_combined__static_affine__seed1,5d4f2a11ab7b925de02ef1d34875af815611f0d172cbf30a820f6e4a5db791f7,320c4e05e312df4a024a274474879a10d765f07f65ee3478b6ac1f7c31980d82,76cc3775534774ea58f799ee1a64020724e5cefb,false_alarms,2.0,count
cintron_ladder,S6_combined,static_affine,2,10.0,True,S6_combined__static_affine__seed2,d01e5c41507ccd6868ea37a1d0993c222e5af61f3b79e1372f0aceb13bdbcf73,320c4e05e312df4a024a274474879a10d765f07f65ee3478b6ac1f7c31980d82,76cc3775534774ea58f799ee1a64020724e5cefb,false_alarms,1.0,count
cintron_ladder,S6_combined,static_affine,3,10.0,True,S6_combined__static_affine__seed3,023a22c68d81022af0f29d6a4d407ec5521336f357a4e5f5fbb3be2ea33f3920,320c4e05e312df4a024a274474879a10d765f07f65ee3478b6ac1f7c31980d82,76cc3775534774ea58f799ee1a64020724e5cefb,false_alarms,3.0,count
cintron_ladder,S6_combined,rls,1,10.0,True,S6_combined__rls__seed1,5d4f2a11ab7b925de02ef1d34875af815611f0d172cbf30a820f6e4a5db791f7,7cfed748c1a23fa8b895d925c453ff71b8171df9f5c670346fe7006efecf7439,76cc3775534774ea58f799ee1a64020724e5cefb,false_alarms,2.0,count
cintron_ladder,S6_combined,rls,2,10.0,True,S6_combined__rls__seed2,d01e5c41507ccd6868ea37a1d0993c222e5af61f3b79e1372f0aceb13bdbcf73,7cfed748c1a23fa8b895d925c453ff71b8171df9f5c670346fe7006efecf7439,76cc3775534774ea58f799ee1a64020724e5cefb,false_alarms,2.0,count
cintron_ladder,S6_combined,rls,3,10.0,True,S6_combined__rls__seed3,023a22c68d81022af0f29d6a4d407ec5521336f357a4e5f5fbb3be2ea33f3920,7cfed748c1a23fa8b895d925c453ff71b8171df9f5c670346fe7006efecf7439,76cc3775534774ea58f799ee1a64020724e5cefb,false_alarms,2.0,count
cintron_ladder,S6_combined,kalman,1,10.0,True,S6_combined__kalman__seed1,5d4f2a11ab7b925de02ef1d34875af815611f0d172cbf30a820f6e4a5db791f7,6a7aa063ebf027f849ecd3e9c514f26b15cd0e81da553bdba217a4b021eaa2ce,76cc3775534774ea58f799ee1a64020724e5cefb,false_alarms,2.0,count
cintron_ladder,S6_combined,kalman,2,10.0,True,S6_combined__kalman__seed2,d01e5c41507ccd6868ea37a1d0993c222e5af61f3b79e1372f0aceb13bdbcf73,6a7aa063ebf027f849ecd3e9c514f26b15cd0e81da553bdba217a4b021eaa2ce,76cc3775534774ea58f799ee1a64020724e5cefb,false_alarms,1.0,count
cintron_ladder,S6_combined,kalman,3,10.0,True,S6_combined__kalman__seed3,023a22c68d81022af0f29d6a4d407ec5521336f357a4e5f5fbb3be2ea33f3920,6a7aa063ebf027f849ecd3e9c514f26b15cd0e81da553bdba217a4b021eaa2ce,76cc3775534774ea58f799ee1a64020724e5cefb,false_alarms,2.0,count
cintron_ladder,S7_sparse_reference,static_affine,1,10.0,True,S7_sparse_reference__static_affine__seed1,398c721afafcfb355a753ac0cfd1ebcf65a21a6ef468740ce93012df90f00ec4,320c4e05e312df4a024a274474879a10d765f07f65ee3478b6ac1f7c31980d82,76cc3775534774ea58f799ee1a64020724e5cefb,false_alarms,2.0,count
cintron_ladder,S7_sparse_reference,static_affine,2,10.0,True,S7_sparse_reference__static_affine__seed2,1301d7f22942f2e6619dcc555486092a7c3c37061e6b225ed3f3da3b3ca3b132,320c4e05e312df4a024a274474879a10d765f07f65ee3478b6ac1f7c31980d82,76cc3775534774ea58f799ee1a64020724e5cefb,false_alarms,3.0,count
cintron_ladder,S7_sparse_reference,static_affine,3,10.0,True,S7_sparse_reference__static_affine__seed3,32e0738c82819c8cd4653a676dda0f9f67168b628ffc2846dce20179bf21a707,320c4e05e312df4a024a274474879a10d765f07f65ee3478b6ac1f7c31980d82,76cc3775534774ea58f799ee1a64020724e5cefb,false_alarms,3.0,count
cintron_ladder,S7_sparse_reference,rls,1,10.0,True,S7_sparse_reference__rls__seed1,398c721afafcfb355a753ac0cfd1ebcf65a21a6ef468740ce93012df90f00ec4,7cfed748c1a23fa8b895d925c453ff71b8171df9f5c670346fe7006efecf7439,76cc3775534774ea58f799ee1a64020724e5cefb,false_alarms,0.0,count
cintron_ladder,S7_sparse_reference,rls,2,10.0,True,S7_sparse_reference__rls__seed2,1301d7f22942f2e6619dcc555486092a7c3c37061e6b225ed3f3da3b3ca3b132,7cfed748c1a23fa8b895d925c453ff71b8171df9f5c670346fe7006efecf7439,76cc3775534774ea58f799ee1a64020724e5cefb,false_alarms,1.0,count
cintron_ladder,S7_sparse_reference,rls,3,10.0,True,S7_sparse_reference__rls__seed3,32e0738c82819c8cd4653a676dda0f9f67168b628ffc2846dce20179bf21a707,7cfed748c1a23fa8b895d925c453ff71b8171df9f5c670346fe7006efecf7439,76cc3775534774ea58f799ee1a64020724e5cefb,false_alarms,2.0,count
cintron_ladder,S7_sparse_reference,kalman,1,10.0,True,S7_sparse_reference__kalman__seed1,398c721afafcfb355a753ac0cfd1ebcf65a21a6ef468740ce93012df90f00ec4,6a7aa063ebf027f849ecd3e9c514f26b15cd0e81da553bdba217a4b021eaa2ce,76cc3775534774ea58f799ee1a64020724e5cefb,false_alarms,0.0,count
cintron_ladder,S7_sparse_reference,kalman,2,10.0,True,S7_sparse_reference__kalman__seed2,1301d7f22942f2e6619dcc555486092a7c3c37061e6b225ed3f3da3b3ca3b132,6a7aa063ebf027f849ecd3e9c514f26b15cd0e81da553bdba217a4b021eaa2ce,76cc3775534774ea58f799ee1a64020724e5cefb,false_alarms,1.0,count
cintron_ladder,S7_sparse_reference,kalman,3,10.0,True,S7_sparse_reference__kalman__seed3,32e0738c82819c8cd4653a676dda0f9f67168b628ffc2846dce20179bf21a707,6a7aa063ebf027f849ecd3e9c514f26b15cd0e81da553bdba217a4b021eaa2ce,76cc3775534774ea58f799ee1a64020724e5cefb,false_alarms,2.0,count
cintron_ladder,S1_nominal,static_affine,1,10.0,True,S1_nominal__static_affine__seed1,2a7e164a7e04cfa5ac607c92ecf3c4a53c40e90964e7a047230c36cd233b8751,320c4e05e312df4a024a274474879a10d765f07f65ee3478b6ac1f7c31980d82,76cc3775534774ea58f799ee1a64020724e5cefb,reconverge_passes,,count
cintron_ladder,S1_nominal,static_affine,2,10.0,True,S1_nominal__static_affine__seed2,fa2ca240ac17605f28e43b1573d61379f65c20aab226bb0fcf8af13e416712a1,320c4e05e312df4a024a274474879a10d765f07f65ee3478b6ac1f7c31980d82,76cc3775534774ea58f799ee1a64020724e5cefb,reconverge_passes,,count
cintron_ladder,S1_nominal,static_affine,3,10.0,True,S1_nominal__static_affine__seed3,e2bb79b9efe0975489e6c62e2c85ebeea90bcc05eddf00c5e3397cde3d2a9805,320c4e05e312df4a024a274474879a10d765f07f65ee3478b6ac1f7c31980d82,76cc3775534774ea58f799ee1a64020724e5cefb,reconverge_passes,,count
cintron_ladder,S1_nominal,rls,1,10.0,True,S1_nominal__rls__seed1,2a7e164a7e04cfa5ac607c92ecf3c4a53c40e90964e7a047230c36cd233b8751,7cfed748c1a23fa8b895d925c453ff71b8171df9f5c670346fe7006efecf7439,76cc3775534774ea58f799ee1a64020724e5cefb,reconverge_passes,,count
cintron_ladder,S1_nominal,rls,2,10.0,True,S1_nominal__rls__seed2,fa2ca240ac17605f28e43b1573d61379f65c20aab226bb0fcf8af13e416712a1,7cfed748c1a23fa8b895d925c453ff71b8171df9f5c670346fe7006efecf7439,76cc3775534774ea58f799ee1a64020724e5cefb,reconverge_passes,,count
cintron_ladder,S1_nominal,rls,3,10.0,True,S1_nominal__rls__seed3,e2bb79b9efe0975489e6c62e2c85ebeea90bcc05eddf00c5e3397cde3d2a9805,7cfed748c1a23fa8b895d925c453ff71b8171df9f5c670346fe7006efecf7439,76cc3775534774ea58f799ee1a64020724e5cefb,reconverge_passes,,count
cintron_ladder,S1_nominal,kalman,1,10.0,True,S1_nominal__kalman__seed1,2a7e164a7e04cfa5ac607c92ecf3c4a53c40e90964e7a047230c36cd233b8751,6a7aa063ebf027f849ecd3e9c514f26b15cd0e81da553bdba217a4b021eaa2ce,76cc3775534774ea58f799ee1a64020724e5cefb,reconverge_passes,,count
cintron_ladder,S1_nominal,kalman,2,10.0,True,S1_nominal__kalman__seed2,fa2ca240ac17605f28e43b1573d61379f65c20aab226bb0fcf8af13e416712a1,6a7aa063ebf027f849ecd3e9c514f26b15cd0e81da553bdba217a4b021eaa2ce,76cc3775534774ea58f799ee1a64020724e5cefb,reconverge_passes,,count
cintron_ladder,S1_nominal,kalman,3,10.0,True,S1_nominal__kalman__seed3,e2bb79b9efe0975489e6c62e2c85ebeea90bcc05eddf00c5e3397cde3d2a9805,6a7aa063ebf027f849ecd3e9c514f26b15cd0e81da553bdba217a4b021eaa2ce,76cc3775534774ea58f799ee1a64020724e5cefb,reconverge_passes,,count
cintron_ladder,S2_thermal_cycle,static_affine,1,10.0,True,S2_thermal_cycle__static_affine__seed1,f5077dc87411ed3b1d5de66609f9ade74b2b190d2ee2584a79de6dbb70344dee,320c4e05e312df4a024a274474879a10d765f07f65ee3478b6ac1f7c31980d82,76cc3775534774ea58f799ee1a64020724e5cefb,reconverge_passes,,count
cintron_ladder,S2_thermal_cycle,static_affine,2,10.0,True,S2_thermal_cycle__static_affine__seed2,464a9ded5d97e5522353c10b5f4e7d6fb82021b240fd00240425a619b73a60c1,320c4e05e312df4a024a274474879a10d765f07f65ee3478b6ac1f7c31980d82,76cc3775534774ea58f799ee1a64020724e5cefb,reconverge_passes,,count
cintron_ladder,S2_thermal_cycle,static_affine,3,10.0,True,S2_thermal_cycle__static_affine__seed3,9f3ded4a30a0049ceb88c4dd85f0059c2f7ecb82b310ae3424cc48f8b5e42da5,320c4e05e312df4a024a274474879a10d765f07f65ee3478b6ac1f7c31980d82,76cc3775534774ea58f799ee1a64020724e5cefb,reconverge_passes,,count
cintron_ladder,S2_thermal_cycle,rls,1,10.0,True,S2_thermal_cycle__rls__seed1,f5077dc87411ed3b1d5de66609f9ade74b2b190d2ee2584a79de6dbb70344dee,7cfed748c1a23fa8b895d925c453ff71b8171df9f5c670346fe7006efecf7439,76cc3775534774ea58f799ee1a64020724e5cefb,reconverge_passes,,count
cintron_ladder,S2_thermal_cycle,rls,2,10.0,True,S2_thermal_cycle__rls__seed2,464a9ded5d97e5522353c10b5f4e7d6fb82021b240fd00240425a619b73a60c1,7cfed748c1a23fa8b895d925c453ff71b8171df9f5c670346fe7006efecf7439,76cc3775534774ea58f799ee1a64020724e5cefb,reconverge_passes,,count
cintron_ladder,S2_thermal_cycle,rls,3,10.0,True,S2_thermal_cycle__rls__seed3,9f3ded4a30a0049ceb88c4dd85f0059c2f7ecb82b310ae3424cc48f8b5e42da5,7cfed748c1a23fa8b895d925c453ff71b8171df9f5c670346fe7006efecf7439,76cc3775534774ea58f799ee1a64020724e5cefb,reconverge_passes,,count
cintron_ladder,S2_thermal_cycle,kalman,1,10.0,True,S2_thermal_cycle__kalman__seed1,f5077dc87411ed3b1d5de66609f9ade74b2b190d2ee2584a79de6dbb70344dee,6a7aa063ebf027f849ecd3e9c514f26b15cd0e81da553bdba217a4b021eaa2ce,76cc3775534774ea58f799ee1a64020724e5cefb,reconverge_passes,,count
cintron_ladder,S2_thermal_cycle,kalman,2,10.0,True,S2_thermal_cycle__kalman__seed2,464a9ded5d97e5522353c10b5f4e7d6fb82021b240fd00240425a619b73a60c1,6a7aa063ebf027f849ecd3e9c514f26b15cd0e81da553bdba217a4b021eaa2ce,76cc3775534774ea58f799ee1a64020724e5cefb,reconverge_passes,,count
cintron_ladder,S2_thermal_cycle,kalman,3,10.0,True,S2_thermal_cycle__kalman__seed3,9f3ded4a30a0049ceb88c4dd85f0059c2f7ecb82b310ae3424cc48f8b5e42da5,6a7aa063ebf027f849ecd3e9c514f26b15cd0e81da553bdba217a4b021eaa2ce,76cc3775534774ea58f799ee1a64020724e5cefb,reconverge_passes,,count
cintron_ladder,S3_zero_drift_walk,static_affine,1,10.0,True,S3_zero_drift_walk__static_affine__seed1,e7b981f1a695ead56faf9a26e3ac56f7cf242bda6227b5aabd270e829bc92da5,320c4e05e312df4a024a274474879a10d765f07f65ee3478b6ac1f7c31980d82,76cc3775534774ea58f799ee1a64020724e5cefb,reconverge_passes,,count
cintron_ladder,S3_zero_drift_walk,static_affine,2,10.0,True,S3_zero_drift_walk__static_affine__seed2,8aaeb0ed7c28c2b0ee4c567f78a99e1728b00afc703637facbb86bff31b40b49,320c4e05e312df4a024a274474879a10d765f07f65ee3478b6ac1f7c31980d82,76cc3775534774ea58f799ee1a64020724e5cefb,reconverge_passes,,count
cintron_ladder,S3_zero_drift_walk,static_affine,3,10.0,True,S3_zero_drift_walk__static_affine__seed3,b63f96c73e8c77b630930fed7883f11ae94db4991b7977259a58ca8a4af785b0,320c4e05e312df4a024a274474879a10d765f07f65ee3478b6ac1f7c31980d82,76cc3775534774ea58f799ee1a64020724e5cefb,reconverge_passes,,count
cintron_ladder,S3_zero_drift_walk,rls,1,10.0,True,S3_zero_drift_walk__rls__seed1,e7b981f1a695ead56faf9a26e3ac56f7cf242bda6227b5aabd270e829bc92da5,7cfed748c1a23fa8b895d925c453ff71b8171df9f5c670346fe7006efecf7439,76cc3775534774ea58f799ee1a64020724e5cefb,reconverge_passes,,count
cintron_ladder,S3_zero_drift_walk,rls,2,10.0,True,S3_zero_drift_walk__rls__seed2,8aaeb0ed7c28c2b0ee4c567f78a99e1728b00afc703637facbb86bff31b40b49,7cfed748c1a23fa8b895d925c453ff71b8171df9f5c670346fe7006efecf7439,76cc3775534774ea58f799ee1a64020724e5cefb,reconverge_passes,,count
cintron_ladder,S3_zero_drift_walk,rls,3,10.0,True,S3_zero_drift_walk__rls__seed3,b63f96c73e8c77b630930fed7883f11ae94db4991b7977259a58ca8a4af785b0,7cfed748c1a23fa8b895d925c453ff71b8171df9f5c670346fe7006efecf7439,76cc3775534774ea58f799ee1a64020724e5cefb,reconverge_passes,,count
cintron_ladder,S3_zero_drift_walk,kalman,1,10.0,True,S3_zero_drift_walk__kalman__seed1,e7b981f1a695ead56faf9a26e3ac56f7cf242bda6227b5aabd270e829bc92da5,6a7aa063ebf027f849ecd3e9c514f26b15cd0e81da553bdba217a4b021eaa2ce,76cc3775534774ea58f799ee1a64020724e5cefb,reconverge_passes,,count
cintron_ladder,S3_zero_drift_walk,kalman,2,10.0,True,S3_zero_drift_walk__kalman__seed2,8aaeb0ed7c28c2b0ee4c567f78a99e1728b00afc703637facbb86bff31b40b49,6a7aa063ebf027f849ecd3e9c514f26b15cd0e81da553bdba217a4b021eaa2ce,76cc3775534774ea58f799ee1a64020724e5cefb,reconverge_passes,,count
cintron_ladder,S3_zero_drift_walk,kalman,3,10.0,True,S3_zero_drift_walk__kalman__seed3,b63f96c73e8c77b630930fed7883f11ae94db4991b7977259a58ca8a4af785b0,6a7aa063ebf027f849ecd3e9c514f26b15cd0e81da553bdba217a4b021eaa2ce,76cc3775534774ea58f799ee1a64020724e5cefb,reconverge_passes,,count
cintron_ladder,S4_step_fault,static_affine,1,10.0,True,S4_step_fault__static_affine__seed1,2ddd431c649ca2b8ec1dd1fa3d1be7053e06b556b429fda303db43e771c49b4d,320c4e05e312df4a024a274474879a10d765f07f65ee3478b6ac1f7c31980d82,76cc3775534774ea58f799ee1a64020724e5cefb,reconverge_passes,546.0,count
cintron_ladder,S4_step_fault,static_affine,2,10.0,True,S4_step_fault__static_affine__seed2,1319c874fdf7655f120c5fbb53cc4c8398e4675d47673de0fd98005d630b52b1,320c4e05e312df4a024a274474879a10d765f07f65ee3478b6ac1f7c31980d82,76cc3775534774ea58f799ee1a64020724e5cefb,reconverge_passes,731.0,count
cintron_ladder,S4_step_fault,static_affine,3,10.0,True,S4_step_fault__static_affine__seed3,135fc15f1c43d85f0045c59ffbd10841f2a3be848d4153fded5d6a5d6a4e34a0,320c4e05e312df4a024a274474879a10d765f07f65ee3478b6ac1f7c31980d82,76cc3775534774ea58f799ee1a64020724e5cefb,reconverge_passes,132.0,count
cintron_ladder,S4_step_fault,rls,1,10.0,True,S4_step_fault__rls__seed1,2ddd431c649ca2b8ec1dd1fa3d1be7053e06b556b429fda303db43e771c49b4d,7cfed748c1a23fa8b895d925c453ff71b8171df9f5c670346fe7006efecf7439,76cc3775534774ea58f799ee1a64020724e5cefb,reconverge_passes,353.0,count
cintron_ladder,S4_step_fault,rls,2,10.0,True,S4_step_fault__rls__seed2,1319c874fdf7655f120c5fbb53cc4c8398e4675d47673de0fd98005d630b52b1,7cfed748c1a23fa8b895d925c453ff71b8171df9f5c670346fe7006efecf7439,76cc3775534774ea58f799ee1a64020724e5cefb,reconverge_passes,538.0,count
cintron_ladder,S4_step_fault,rls,3,10.0,True,S4_step_fault__rls__seed3,135fc15f1c43d85f0045c59ffbd10841f2a3be848d4153fded5d6a5d6a4e34a0,7cfed748c1a23fa8b895d925c453ff71b8171df9f5c670346fe7006efecf7439,76cc3775534774ea58f799ee1a64020724e5cefb,reconverge_passes,124.0,count
cintron_ladder,S4_step_fault,kalman,1,10.0,True,S4_step_fault__kalman__seed1,2ddd431c649ca2b8ec1dd1fa3d1be7053e06b556b429fda303db43e771c49b4d,6a7aa063ebf027f849ecd3e9c514f26b15cd0e81da553bdba217a4b021eaa2ce,76cc3775534774ea58f799ee1a64020724e5cefb,reconverge_passes,1375.0,count
cintron_ladder,S4_step_fault,kalman,2,10.0,True,S4_step_fault__kalman__seed2,1319c874fdf7655f120c5fbb53cc4c8398e4675d47673de0fd98005d630b52b1,6a7aa063ebf027f849ecd3e9c514f26b15cd0e81da553bdba217a4b021eaa2ce,76cc3775534774ea58f799ee1a64020724e5cefb,reconverge_passes,313.0,count
cintron_ladder,S4_step_fault,kalman,3,10.0,True,S4_step_fault__kalman__seed3,135fc15f1c43d85f0045c59ffbd10841f2a3be848d4153fded5d6a5d6a4e34a0,6a7aa063ebf027f849ecd3e9c514f26b15cd0e81da553bdba217a4b021eaa2ce,76cc3775534774ea58f799ee1a64020724e5cefb,reconverge_passes,119.0,count
cintron_ladder,S5_outage,static_affine,1,10.0,True,S5_outage__static_affine__seed1,a9fcc049f0f73db1ab44c7ca7ce4b41b05c1b293caabfeb3401f0bef2d75cce3,320c4e05e312df4a024a274474879a10d765f07f65ee3478b6ac1f7c31980d82,76cc3775534774ea58f799ee1a64020724e5cefb,reconverge_passes,,count
cintron_ladder,S5_outage,static_affine,2,10.0,True,S5_outage__static_affine__seed2,1510a2663b5f63da6b5b1385333b17c9beaafcd638df3bce3262b43d051f97e1,320c4e05e312df4a024a274474879a10d765f07f65ee3478b6ac1f7c31980d82,76cc3775534774ea58f799ee1a64020724e5cefb,reconverge_passes,,count
cintron_ladder,S5_outage,static_affine,3,10.0,True,S5_outage__static_affine__seed3,f84d5ae0ec8ad2f6df97000007a3d8ffecacea53aec887acf2f9adb90f328ec1,320c4e05e312df4a024a274474879a10d765f07f65ee3478b6ac1f7c31980d82,76cc3775534774ea58f799ee1a64020724e5cefb,reconverge_passes,,count
cintron_ladder,S5_outage,rls,1,10.0,True,S5_outage__rls__seed1,a9fcc049f0f73db1ab44c7ca7ce4b41b05c1b293caabfeb3401f0bef2d75cce3,7cfed748c1a23fa8b895d925c453ff71b8171df9f5c670346fe7006efecf7439,76cc3775534774ea58f799ee1a64020724e5cefb,reconverge_passes,,count
cintron_ladder,S5_outage,rls,2,10.0,True,S5_outage__rls__seed2,1510a2663b5f63da6b5b1385333b17c9beaafcd638df3bce3262b43d051f97e1,7cfed748c1a23fa8b895d925c453ff71b8171df9f5c670346fe7006efecf7439,76cc3775534774ea58f799ee1a64020724e5cefb,reconverge_passes,,count
cintron_ladder,S5_outage,rls,3,10.0,True,S5_outage__rls__seed3,f84d5ae0ec8ad2f6df97000007a3d8ffecacea53aec887acf2f9adb90f328ec1,7cfed748c1a23fa8b895d925c453ff71b8171df9f5c670346fe7006efecf7439,76cc3775534774ea58f799ee1a64020724e5cefb,reconverge_passes,,count
cintron_ladder,S5_outage,kalman,1,10.0,True,S5_outage__kalman__seed1,a9fcc049f0f73db1ab44c7ca7ce4b41b05c1b293caabfeb3401f0bef2d75cce3,6a7aa063ebf027f849ecd3e9c514f26b15cd0e81da553bdba217a4b021eaa2ce,76cc3775534774ea58f799ee1a64020724e5cefb,reconverge_passes,,count
cintron_ladder,S5_outage,kalman,2,10.0,True,S5_outage__kalman__seed2,1510a2663b5f63da6b5b1385333b17c9beaafcd638df3bce3262b43d051f97e1,6a7aa063ebf027f849ecd3e9c514f26b15cd0e81da553bdba217a4b021eaa2ce,76cc3775534774ea58f799ee1a64020724e5cefb,reconverge_passes,,count
cintron_ladder,S5_outage,kalman,3,10.0,True,S5_outage__kalman__seed3,f84d5ae0ec8ad2f6df97000007a3d8ffecacea53aec887acf2f9adb90f328ec1,6a7aa063ebf027f849ecd3e9c514f26b15cd0e81da553bdba217a4b021eaa2ce,76cc3775534774ea58f799ee1a64020724e5cefb,reconverge_passes,,count
cintron_ladder,S6_combined,static_affine,1,10.0,True,S6_combined__static_affine__seed1,5d4f2a11ab7b925de02ef1d34875af815611f0d172cbf30a820f6e4a5db791f7,320c4e05e312df4a024a274474879a10d765f07f65ee3478b6ac1f7c31980d82,76cc3775534774ea58f799ee1a64020724e5cefb,reconverge_passes,897.0,count
cintron_ladder,S6_combined,static_affine,2,10.0,True,S6_combined__static_affine__seed2,d01e5c41507ccd6868ea37a1d0993c222e5af61f3b79e1372f0aceb13bdbcf73,320c4e05e312df4a024a274474879a10d765f07f65ee3478b6ac1f7c31980d82,76cc3775534774ea58f799ee1a64020724e5cefb,reconverge_passes,702.0,count
cintron_ladder,S6_combined,static_affine,3,10.0,True,S6_combined__static_affine__seed3,023a22c68d81022af0f29d6a4d407ec5521336f357a4e5f5fbb3be2ea33f3920,320c4e05e312df4a024a274474879a10d765f07f65ee3478b6ac1f7c31980d82,76cc3775534774ea58f799ee1a64020724e5cefb,reconverge_passes,1060.0,count
cintron_ladder,S6_combined,rls,1,10.0,True,S6_combined__rls__seed1,5d4f2a11ab7b925de02ef1d34875af815611f0d172cbf30a820f6e4a5db791f7,7cfed748c1a23fa8b895d925c453ff71b8171df9f5c670346fe7006efecf7439,76cc3775534774ea58f799ee1a64020724e5cefb,reconverge_passes,441.0,count
cintron_ladder,S6_combined,rls,2,10.0,True,S6_combined__rls__seed2,d01e5c41507ccd6868ea37a1d0993c222e5af61f3b79e1372f0aceb13bdbcf73,7cfed748c1a23fa8b895d925c453ff71b8171df9f5c670346fe7006efecf7439,76cc3775534774ea58f799ee1a64020724e5cefb,reconverge_passes,341.0,count
cintron_ladder,S6_combined,rls,3,10.0,True,S6_combined__rls__seed3,023a22c68d81022af0f29d6a4d407ec5521336f357a4e5f5fbb3be2ea33f3920,7cfed748c1a23fa8b895d925c453ff71b8171df9f5c670346fe7006efecf7439,76cc3775534774ea58f799ee1a64020724e5cefb,reconverge_passes,494.0,count
cintron_ladder,S6_combined,kalman,1,10.0,True,S6_combined__kalman__seed1,5d4f2a11ab7b925de02ef1d34875af815611f0d172cbf30a820f6e4a5db791f7,6a7aa063ebf027f849ecd3e9c514f26b15cd0e81da553bdba217a4b021eaa2ce,76cc3775534774ea58f799ee1a64020724e5cefb,reconverge_passes,764.0,count
cintron_ladder,S6_combined,kalman,2,10.0,True,S6_combined__kalman__seed2,d01e5c41507ccd6868ea37a1d0993c222e5af61f3b79e1372f0aceb13bdbcf73,6a7aa063ebf027f849ecd3e9c514f26b15cd0e81da553bdba217a4b021eaa2ce,76cc3775534774ea58f799ee1a64020724e5cefb,reconverge_passes,313.0,count
cintron_ladder,S6_combined,kalman,3,10.0,True,S6_combined__kalman__seed3,023a22c68d81022af0f29d6a4d407ec5521336f357a4e5f5fbb3be2ea33f3920,6a7aa063ebf027f849ecd3e9c514f26b15cd0e81da553bdba217a4b021eaa2ce,76cc3775534774ea58f799ee1a64020724e5cefb,reconverge_passes,244.0,count
cintron_ladder,S7_sparse_reference,static_affine,1,10.0,True,S7_sparse_reference__static_affine__seed1,398c721afafcfb355a753ac0cfd1ebcf65a21a6ef468740ce93012df90f00ec4,320c4e05e312df4a024a274474879a10d765f07f65ee3478b6ac1f7c31980d82,76cc3775534774ea58f799ee1a64020724e5cefb,reconverge_passes,1112.0,count
cintron_ladder,S7_sparse_reference,static_affine,2,10.0,True,S7_sparse_reference__static_affine__seed2,1301d7f22942f2e6619dcc555486092a7c3c37061e6b225ed3f3da3b3ca3b132,320c4e05e312df4a024a274474879a10d765f07f65ee3478b6ac1f7c31980d82,76cc3775534774ea58f799ee1a64020724e5cefb,reconverge_passes,1319.0,count
cintron_ladder,S7_sparse_reference,static_affine,3,10.0,True,S7_sparse_reference__static_affine__seed3,32e0738c82819c8cd4653a676dda0f9f67168b628ffc2846dce20179bf21a707,320c4e05e312df4a024a274474879a10d765f07f65ee3478b6ac1f7c31980d82,76cc3775534774ea58f799ee1a64020724e5cefb,reconverge_passes,1945.0,count
cintron_ladder,S7_sparse_reference,rls,1,10.0,True,S7_sparse_reference__rls__seed1,398c721afafcfb355a753ac0cfd1ebcf65a21a6ef468740ce93012df90f00ec4,7cfed748c1a23fa8b895d925c453ff71b8171df9f5c670346fe7006efecf7439,76cc3775534774ea58f799ee1a64020724e5cefb,reconverge_passes,,count
cintron_ladder,S7_sparse_reference,rls,2,10.0,True,S7_sparse_reference__rls__seed2,1301d7f22942f2e6619dcc555486092a7c3c37061e6b225ed3f3da3b3ca3b132,7cfed748c1a23fa8b895d925c453ff71b8171df9f5c670346fe7006efecf7439,76cc3775534774ea58f799ee1a64020724e5cefb,reconverge_passes,1230.0,count
cintron_ladder,S7_sparse_reference,rls,3,10.0,True,S7_sparse_reference__rls__seed3,32e0738c82819c8cd4653a676dda0f9f67168b628ffc2846dce20179bf21a707,7cfed748c1a23fa8b895d925c453ff71b8171df9f5c670346fe7006efecf7439,76cc3775534774ea58f799ee1a64020724e5cefb,reconverge_passes,493.0,count
cintron_ladder,S7_sparse_reference,kalman,1,10.0,True,S7_sparse_reference__kalman__seed1,398c721afafcfb355a753ac0cfd1ebcf65a21a6ef468740ce93012df90f00ec4,6a7aa063ebf027f849ecd3e9c514f26b15cd0e81da553bdba217a4b021eaa2ce,76cc3775534774ea58f799ee1a64020724e5cefb,reconverge_passes,3022.0,count
cintron_ladder,S7_sparse_reference,kalman,2,10.0,True,S7_sparse_reference__kalman__seed2,1301d7f22942f2e6619dcc555486092a7c3c37061e6b225ed3f3da3b3ca3b132,6a7aa063ebf027f849ecd3e9c514f26b15cd0e81da553bdba217a4b021eaa2ce,76cc3775534774ea58f799ee1a64020724e5cefb,reconverge_passes,,count
cintron_ladder,S7_sparse_reference,kalman,3,10.0,True,S7_sparse_reference__kalman__seed3,32e0738c82819c8cd4653a676dda0f9f67168b628ffc2846dce20179bf21a707,6a7aa063ebf027f849ecd3e9c514f26b15cd0e81da553bdba217a4b021eaa2ce,76cc3775534774ea58f799ee1a64020724e5cefb,reconverge_passes,,count
cintron_ladder,S1_nominal,static_affine,1,10.0,True,S1_nominal__static_affine__seed1,2a7e164a7e04cfa5ac607c92ecf3c4a53c40e90964e7a047230c36cd233b8751,320c4e05e312df4a024a274474879a10d765f07f65ee3478b6ac1f7c31980d82,76cc3775534774ea58f799ee1a64020724e5cefb,n_interval_fallback,121.0,count
cintron_ladder,S1_nominal,static_affine,2,10.0,True,S1_nominal__static_affine__seed2,fa2ca240ac17605f28e43b1573d61379f65c20aab226bb0fcf8af13e416712a1,320c4e05e312df4a024a274474879a10d765f07f65ee3478b6ac1f7c31980d82,76cc3775534774ea58f799ee1a64020724e5cefb,n_interval_fallback,121.0,count
cintron_ladder,S1_nominal,static_affine,3,10.0,True,S1_nominal__static_affine__seed3,e2bb79b9efe0975489e6c62e2c85ebeea90bcc05eddf00c5e3397cde3d2a9805,320c4e05e312df4a024a274474879a10d765f07f65ee3478b6ac1f7c31980d82,76cc3775534774ea58f799ee1a64020724e5cefb,n_interval_fallback,121.0,count
cintron_ladder,S1_nominal,rls,1,10.0,True,S1_nominal__rls__seed1,2a7e164a7e04cfa5ac607c92ecf3c4a53c40e90964e7a047230c36cd233b8751,7cfed748c1a23fa8b895d925c453ff71b8171df9f5c670346fe7006efecf7439,76cc3775534774ea58f799ee1a64020724e5cefb,n_interval_fallback,121.0,count
cintron_ladder,S1_nominal,rls,2,10.0,True,S1_nominal__rls__seed2,fa2ca240ac17605f28e43b1573d61379f65c20aab226bb0fcf8af13e416712a1,7cfed748c1a23fa8b895d925c453ff71b8171df9f5c670346fe7006efecf7439,76cc3775534774ea58f799ee1a64020724e5cefb,n_interval_fallback,121.0,count
cintron_ladder,S1_nominal,rls,3,10.0,True,S1_nominal__rls__seed3,e2bb79b9efe0975489e6c62e2c85ebeea90bcc05eddf00c5e3397cde3d2a9805,7cfed748c1a23fa8b895d925c453ff71b8171df9f5c670346fe7006efecf7439,76cc3775534774ea58f799ee1a64020724e5cefb,n_interval_fallback,121.0,count
cintron_ladder,S1_nominal,kalman,1,10.0,True,S1_nominal__kalman__seed1,2a7e164a7e04cfa5ac607c92ecf3c4a53c40e90964e7a047230c36cd233b8751,6a7aa063ebf027f849ecd3e9c514f26b15cd0e81da553bdba217a4b021eaa2ce,76cc3775534774ea58f799ee1a64020724e5cefb,n_interval_fallback,121.0,count
cintron_ladder,S1_nominal,kalman,2,10.0,True,S1_nominal__kalman__seed2,fa2ca240ac17605f28e43b1573d61379f65c20aab226bb0fcf8af13e416712a1,6a7aa063ebf027f849ecd3e9c514f26b15cd0e81da553bdba217a4b021eaa2ce,76cc3775534774ea58f799ee1a64020724e5cefb,n_interval_fallback,121.0,count
cintron_ladder,S1_nominal,kalman,3,10.0,True,S1_nominal__kalman__seed3,e2bb79b9efe0975489e6c62e2c85ebeea90bcc05eddf00c5e3397cde3d2a9805,6a7aa063ebf027f849ecd3e9c514f26b15cd0e81da553bdba217a4b021eaa2ce,76cc3775534774ea58f799ee1a64020724e5cefb,n_interval_fallback,121.0,count
cintron_ladder,S2_thermal_cycle,static_affine,1,10.0,True,S2_thermal_cycle__static_affine__seed1,f5077dc87411ed3b1d5de66609f9ade74b2b190d2ee2584a79de6dbb70344dee,320c4e05e312df4a024a274474879a10d765f07f65ee3478b6ac1f7c31980d82,76cc3775534774ea58f799ee1a64020724e5cefb,n_interval_fallback,121.0,count
cintron_ladder,S2_thermal_cycle,static_affine,2,10.0,True,S2_thermal_cycle__static_affine__seed2,464a9ded5d97e5522353c10b5f4e7d6fb82021b240fd00240425a619b73a60c1,320c4e05e312df4a024a274474879a10d765f07f65ee3478b6ac1f7c31980d82,76cc3775534774ea58f799ee1a64020724e5cefb,n_interval_fallback,121.0,count
cintron_ladder,S2_thermal_cycle,static_affine,3,10.0,True,S2_thermal_cycle__static_affine__seed3,9f3ded4a30a0049ceb88c4dd85f0059c2f7ecb82b310ae3424cc48f8b5e42da5,320c4e05e312df4a024a274474879a10d765f07f65ee3478b6ac1f7c31980d82,76cc3775534774ea58f799ee1a64020724e5cefb,n_interval_fallback,121.0,count
cintron_ladder,S2_thermal_cycle,rls,1,10.0,True,S2_thermal_cycle__rls__seed1,f5077dc87411ed3b1d5de66609f9ade74b2b190d2ee2584a79de6dbb70344dee,7cfed748c1a23fa8b895d925c453ff71b8171df9f5c670346fe7006efecf7439,76cc3775534774ea58f799ee1a64020724e5cefb,n_interval_fallback,121.0,count
cintron_ladder,S2_thermal_cycle,rls,2,10.0,True,S2_thermal_cycle__rls__seed2,464a9ded5d97e5522353c10b5f4e7d6fb82021b240fd00240425a619b73a60c1,7cfed748c1a23fa8b895d925c453ff71b8171df9f5c670346fe7006efecf7439,76cc3775534774ea58f799ee1a64020724e5cefb,n_interval_fallback,121.0,count
cintron_ladder,S2_thermal_cycle,rls,3,10.0,True,S2_thermal_cycle__rls__seed3,9f3ded4a30a0049ceb88c4dd85f0059c2f7ecb82b310ae3424cc48f8b5e42da5,7cfed748c1a23fa8b895d925c453ff71b8171df9f5c670346fe7006efecf7439,76cc3775534774ea58f799ee1a64020724e5cefb,n_interval_fallback,121.0,count
cintron_ladder,S2_thermal_cycle,kalman,1,10.0,True,S2_thermal_cycle__kalman__seed1,f5077dc87411ed3b1d5de66609f9ade74b2b190d2ee2584a79de6dbb70344dee,6a7aa063ebf027f849ecd3e9c514f26b15cd0e81da553bdba217a4b021eaa2ce,76cc3775534774ea58f799ee1a64020724e5cefb,n_interval_fallback,121.0,count
cintron_ladder,S2_thermal_cycle,kalman,2,10.0,True,S2_thermal_cycle__kalman__seed2,464a9ded5d97e5522353c10b5f4e7d6fb82021b240fd00240425a619b73a60c1,6a7aa063ebf027f849ecd3e9c514f26b15cd0e81da553bdba217a4b021eaa2ce,76cc3775534774ea58f799ee1a64020724e5cefb,n_interval_fallback,121.0,count
cintron_ladder,S2_thermal_cycle,kalman,3,10.0,True,S2_thermal_cycle__kalman__seed3,9f3ded4a30a0049ceb88c4dd85f0059c2f7ecb82b310ae3424cc48f8b5e42da5,6a7aa063ebf027f849ecd3e9c514f26b15cd0e81da553bdba217a4b021eaa2ce,76cc3775534774ea58f799ee1a64020724e5cefb,n_interval_fallback,121.0,count
cintron_ladder,S3_zero_drift_walk,static_affine,1,10.0,True,S3_zero_drift_walk__static_affine__seed1,e7b981f1a695ead56faf9a26e3ac56f7cf242bda6227b5aabd270e829bc92da5,320c4e05e312df4a024a274474879a10d765f07f65ee3478b6ac1f7c31980d82,76cc3775534774ea58f799ee1a64020724e5cefb,n_interval_fallback,121.0,count
cintron_ladder,S3_zero_drift_walk,static_affine,2,10.0,True,S3_zero_drift_walk__static_affine__seed2,8aaeb0ed7c28c2b0ee4c567f78a99e1728b00afc703637facbb86bff31b40b49,320c4e05e312df4a024a274474879a10d765f07f65ee3478b6ac1f7c31980d82,76cc3775534774ea58f799ee1a64020724e5cefb,n_interval_fallback,121.0,count
cintron_ladder,S3_zero_drift_walk,static_affine,3,10.0,True,S3_zero_drift_walk__static_affine__seed3,b63f96c73e8c77b630930fed7883f11ae94db4991b7977259a58ca8a4af785b0,320c4e05e312df4a024a274474879a10d765f07f65ee3478b6ac1f7c31980d82,76cc3775534774ea58f799ee1a64020724e5cefb,n_interval_fallback,121.0,count
cintron_ladder,S3_zero_drift_walk,rls,1,10.0,True,S3_zero_drift_walk__rls__seed1,e7b981f1a695ead56faf9a26e3ac56f7cf242bda6227b5aabd270e829bc92da5,7cfed748c1a23fa8b895d925c453ff71b8171df9f5c670346fe7006efecf7439,76cc3775534774ea58f799ee1a64020724e5cefb,n_interval_fallback,121.0,count
cintron_ladder,S3_zero_drift_walk,rls,2,10.0,True,S3_zero_drift_walk__rls__seed2,8aaeb0ed7c28c2b0ee4c567f78a99e1728b00afc703637facbb86bff31b40b49,7cfed748c1a23fa8b895d925c453ff71b8171df9f5c670346fe7006efecf7439,76cc3775534774ea58f799ee1a64020724e5cefb,n_interval_fallback,121.0,count
cintron_ladder,S3_zero_drift_walk,rls,3,10.0,True,S3_zero_drift_walk__rls__seed3,b63f96c73e8c77b630930fed7883f11ae94db4991b7977259a58ca8a4af785b0,7cfed748c1a23fa8b895d925c453ff71b8171df9f5c670346fe7006efecf7439,76cc3775534774ea58f799ee1a64020724e5cefb,n_interval_fallback,121.0,count
cintron_ladder,S3_zero_drift_walk,kalman,1,10.0,True,S3_zero_drift_walk__kalman__seed1,e7b981f1a695ead56faf9a26e3ac56f7cf242bda6227b5aabd270e829bc92da5,6a7aa063ebf027f849ecd3e9c514f26b15cd0e81da553bdba217a4b021eaa2ce,76cc3775534774ea58f799ee1a64020724e5cefb,n_interval_fallback,121.0,count
cintron_ladder,S3_zero_drift_walk,kalman,2,10.0,True,S3_zero_drift_walk__kalman__seed2,8aaeb0ed7c28c2b0ee4c567f78a99e1728b00afc703637facbb86bff31b40b49,6a7aa063ebf027f849ecd3e9c514f26b15cd0e81da553bdba217a4b021eaa2ce,76cc3775534774ea58f799ee1a64020724e5cefb,n_interval_fallback,121.0,count
cintron_ladder,S3_zero_drift_walk,kalman,3,10.0,True,S3_zero_drift_walk__kalman__seed3,b63f96c73e8c77b630930fed7883f11ae94db4991b7977259a58ca8a4af785b0,6a7aa063ebf027f849ecd3e9c514f26b15cd0e81da553bdba217a4b021eaa2ce,76cc3775534774ea58f799ee1a64020724e5cefb,n_interval_fallback,121.0,count
cintron_ladder,S4_step_fault,static_affine,1,10.0,True,S4_step_fault__static_affine__seed1,2ddd431c649ca2b8ec1dd1fa3d1be7053e06b556b429fda303db43e771c49b4d,320c4e05e312df4a024a274474879a10d765f07f65ee3478b6ac1f7c31980d82,76cc3775534774ea58f799ee1a64020724e5cefb,n_interval_fallback,311.0,count
cintron_ladder,S4_step_fault,static_affine,2,10.0,True,S4_step_fault__static_affine__seed2,1319c874fdf7655f120c5fbb53cc4c8398e4675d47673de0fd98005d630b52b1,320c4e05e312df4a024a274474879a10d765f07f65ee3478b6ac1f7c31980d82,76cc3775534774ea58f799ee1a64020724e5cefb,n_interval_fallback,311.0,count
cintron_ladder,S4_step_fault,static_affine,3,10.0,True,S4_step_fault__static_affine__seed3,135fc15f1c43d85f0045c59ffbd10841f2a3be848d4153fded5d6a5d6a4e34a0,320c4e05e312df4a024a274474879a10d765f07f65ee3478b6ac1f7c31980d82,76cc3775534774ea58f799ee1a64020724e5cefb,n_interval_fallback,311.0,count
cintron_ladder,S4_step_fault,rls,1,10.0,True,S4_step_fault__rls__seed1,2ddd431c649ca2b8ec1dd1fa3d1be7053e06b556b429fda303db43e771c49b4d,7cfed748c1a23fa8b895d925c453ff71b8171df9f5c670346fe7006efecf7439,76cc3775534774ea58f799ee1a64020724e5cefb,n_interval_fallback,121.0,count
cintron_ladder,S4_step_fault,rls,2,10.0,True,S4_step_fault__rls__seed2,1319c874fdf7655f120c5fbb53cc4c8398e4675d47673de0fd98005d630b52b1,7cfed748c1a23fa8b895d925c453ff71b8171df9f5c670346fe7006efecf7439,76cc3775534774ea58f799ee1a64020724e5cefb,n_interval_fallback,311.0,count
cintron_ladder,S4_step_fault,rls,3,10.0,True,S4_step_fault__rls__seed3,135fc15f1c43d85f0045c59ffbd10841f2a3be848d4153fded5d6a5d6a4e34a0,7cfed748c1a23fa8b895d925c453ff71b8171df9f5c670346fe7006efecf7439,76cc3775534774ea58f799ee1a64020724e5cefb,n_interval_fallback,121.0,count
cintron_ladder,S4_step_fault,kalman,1,10.0,True,S4_step_fault__kalman__seed1,2ddd431c649ca2b8ec1dd1fa3d1be7053e06b556b429fda303db43e771c49b4d,6a7aa063ebf027f849ecd3e9c514f26b15cd0e81da553bdba217a4b021eaa2ce,76cc3775534774ea58f799ee1a64020724e5cefb,n_interval_fallback,121.0,count
cintron_ladder,S4_step_fault,kalman,2,10.0,True,S4_step_fault__kalman__seed2,1319c874fdf7655f120c5fbb53cc4c8398e4675d47673de0fd98005d630b52b1,6a7aa063ebf027f849ecd3e9c514f26b15cd0e81da553bdba217a4b021eaa2ce,76cc3775534774ea58f799ee1a64020724e5cefb,n_interval_fallback,121.0,count
cintron_ladder,S4_step_fault,kalman,3,10.0,True,S4_step_fault__kalman__seed3,135fc15f1c43d85f0045c59ffbd10841f2a3be848d4153fded5d6a5d6a4e34a0,6a7aa063ebf027f849ecd3e9c514f26b15cd0e81da553bdba217a4b021eaa2ce,76cc3775534774ea58f799ee1a64020724e5cefb,n_interval_fallback,121.0,count
cintron_ladder,S5_outage,static_affine,1,10.0,True,S5_outage__static_affine__seed1,a9fcc049f0f73db1ab44c7ca7ce4b41b05c1b293caabfeb3401f0bef2d75cce3,320c4e05e312df4a024a274474879a10d765f07f65ee3478b6ac1f7c31980d82,76cc3775534774ea58f799ee1a64020724e5cefb,n_interval_fallback,121.0,count
cintron_ladder,S5_outage,static_affine,2,10.0,True,S5_outage__static_affine__seed2,1510a2663b5f63da6b5b1385333b17c9beaafcd638df3bce3262b43d051f97e1,320c4e05e312df4a024a274474879a10d765f07f65ee3478b6ac1f7c31980d82,76cc3775534774ea58f799ee1a64020724e5cefb,n_interval_fallback,121.0,count
cintron_ladder,S5_outage,static_affine,3,10.0,True,S5_outage__static_affine__seed3,f84d5ae0ec8ad2f6df97000007a3d8ffecacea53aec887acf2f9adb90f328ec1,320c4e05e312df4a024a274474879a10d765f07f65ee3478b6ac1f7c31980d82,76cc3775534774ea58f799ee1a64020724e5cefb,n_interval_fallback,121.0,count
cintron_ladder,S5_outage,rls,1,10.0,True,S5_outage__rls__seed1,a9fcc049f0f73db1ab44c7ca7ce4b41b05c1b293caabfeb3401f0bef2d75cce3,7cfed748c1a23fa8b895d925c453ff71b8171df9f5c670346fe7006efecf7439,76cc3775534774ea58f799ee1a64020724e5cefb,n_interval_fallback,121.0,count
cintron_ladder,S5_outage,rls,2,10.0,True,S5_outage__rls__seed2,1510a2663b5f63da6b5b1385333b17c9beaafcd638df3bce3262b43d051f97e1,7cfed748c1a23fa8b895d925c453ff71b8171df9f5c670346fe7006efecf7439,76cc3775534774ea58f799ee1a64020724e5cefb,n_interval_fallback,121.0,count
cintron_ladder,S5_outage,rls,3,10.0,True,S5_outage__rls__seed3,f84d5ae0ec8ad2f6df97000007a3d8ffecacea53aec887acf2f9adb90f328ec1,7cfed748c1a23fa8b895d925c453ff71b8171df9f5c670346fe7006efecf7439,76cc3775534774ea58f799ee1a64020724e5cefb,n_interval_fallback,121.0,count
cintron_ladder,S5_outage,kalman,1,10.0,True,S5_outage__kalman__seed1,a9fcc049f0f73db1ab44c7ca7ce4b41b05c1b293caabfeb3401f0bef2d75cce3,6a7aa063ebf027f849ecd3e9c514f26b15cd0e81da553bdba217a4b021eaa2ce,76cc3775534774ea58f799ee1a64020724e5cefb,n_interval_fallback,121.0,count
cintron_ladder,S5_outage,kalman,2,10.0,True,S5_outage__kalman__seed2,1510a2663b5f63da6b5b1385333b17c9beaafcd638df3bce3262b43d051f97e1,6a7aa063ebf027f849ecd3e9c514f26b15cd0e81da553bdba217a4b021eaa2ce,76cc3775534774ea58f799ee1a64020724e5cefb,n_interval_fallback,121.0,count
cintron_ladder,S5_outage,kalman,3,10.0,True,S5_outage__kalman__seed3,f84d5ae0ec8ad2f6df97000007a3d8ffecacea53aec887acf2f9adb90f328ec1,6a7aa063ebf027f849ecd3e9c514f26b15cd0e81da553bdba217a4b021eaa2ce,76cc3775534774ea58f799ee1a64020724e5cefb,n_interval_fallback,121.0,count
cintron_ladder,S6_combined,static_affine,1,10.0,True,S6_combined__static_affine__seed1,5d4f2a11ab7b925de02ef1d34875af815611f0d172cbf30a820f6e4a5db791f7,320c4e05e312df4a024a274474879a10d765f07f65ee3478b6ac1f7c31980d82,76cc3775534774ea58f799ee1a64020724e5cefb,n_interval_fallback,311.0,count
cintron_ladder,S6_combined,static_affine,2,10.0,True,S6_combined__static_affine__seed2,d01e5c41507ccd6868ea37a1d0993c222e5af61f3b79e1372f0aceb13bdbcf73,320c4e05e312df4a024a274474879a10d765f07f65ee3478b6ac1f7c31980d82,76cc3775534774ea58f799ee1a64020724e5cefb,n_interval_fallback,311.0,count
cintron_ladder,S6_combined,static_affine,3,10.0,True,S6_combined__static_affine__seed3,023a22c68d81022af0f29d6a4d407ec5521336f357a4e5f5fbb3be2ea33f3920,320c4e05e312df4a024a274474879a10d765f07f65ee3478b6ac1f7c31980d82,76cc3775534774ea58f799ee1a64020724e5cefb,n_interval_fallback,311.0,count
cintron_ladder,S6_combined,rls,1,10.0,True,S6_combined__rls__seed1,5d4f2a11ab7b925de02ef1d34875af815611f0d172cbf30a820f6e4a5db791f7,7cfed748c1a23fa8b895d925c453ff71b8171df9f5c670346fe7006efecf7439,76cc3775534774ea58f799ee1a64020724e5cefb,n_interval_fallback,121.0,count
cintron_ladder,S6_combined,rls,2,10.0,True,S6_combined__rls__seed2,d01e5c41507ccd6868ea37a1d0993c222e5af61f3b79e1372f0aceb13bdbcf73,7cfed748c1a23fa8b895d925c453ff71b8171df9f5c670346fe7006efecf7439,76cc3775534774ea58f799ee1a64020724e5cefb,n_interval_fallback,121.0,count
cintron_ladder,S6_combined,rls,3,10.0,True,S6_combined__rls__seed3,023a22c68d81022af0f29d6a4d407ec5521336f357a4e5f5fbb3be2ea33f3920,7cfed748c1a23fa8b895d925c453ff71b8171df9f5c670346fe7006efecf7439,76cc3775534774ea58f799ee1a64020724e5cefb,n_interval_fallback,311.0,count
cintron_ladder,S6_combined,kalman,1,10.0,True,S6_combined__kalman__seed1,5d4f2a11ab7b925de02ef1d34875af815611f0d172cbf30a820f6e4a5db791f7,6a7aa063ebf027f849ecd3e9c514f26b15cd0e81da553bdba217a4b021eaa2ce,76cc3775534774ea58f799ee1a64020724e5cefb,n_interval_fallback,121.0,count
cintron_ladder,S6_combined,kalman,2,10.0,True,S6_combined__kalman__seed2,d01e5c41507ccd6868ea37a1d0993c222e5af61f3b79e1372f0aceb13bdbcf73,6a7aa063ebf027f849ecd3e9c514f26b15cd0e81da553bdba217a4b021eaa2ce,76cc3775534774ea58f799ee1a64020724e5cefb,n_interval_fallback,121.0,count
cintron_ladder,S6_combined,kalman,3,10.0,True,S6_combined__kalman__seed3,023a22c68d81022af0f29d6a4d407ec5521336f357a4e5f5fbb3be2ea33f3920,6a7aa063ebf027f849ecd3e9c514f26b15cd0e81da553bdba217a4b021eaa2ce,76cc3775534774ea58f799ee1a64020724e5cefb,n_interval_fallback,121.0,count
cintron_ladder,S7_sparse_reference,static_affine,1,10.0,True,S7_sparse_reference__static_affine__seed1,398c721afafcfb355a753ac0cfd1ebcf65a21a6ef468740ce93012df90f00ec4,320c4e05e312df4a024a274474879a10d765f07f65ee3478b6ac1f7c31980d82,76cc3775534774ea58f799ee1a64020724e5cefb,n_interval_fallback,121.0,count
cintron_ladder,S7_sparse_reference,static_affine,2,10.0,True,S7_sparse_reference__static_affine__seed2,1301d7f22942f2e6619dcc555486092a7c3c37061e6b225ed3f3da3b3ca3b132,320c4e05e312df4a024a274474879a10d765f07f65ee3478b6ac1f7c31980d82,76cc3775534774ea58f799ee1a64020724e5cefb,n_interval_fallback,121.0,count
cintron_ladder,S7_sparse_reference,static_affine,3,10.0,True,S7_sparse_reference__static_affine__seed3,32e0738c82819c8cd4653a676dda0f9f67168b628ffc2846dce20179bf21a707,320c4e05e312df4a024a274474879a10d765f07f65ee3478b6ac1f7c31980d82,76cc3775534774ea58f799ee1a64020724e5cefb,n_interval_fallback,121.0,count
cintron_ladder,S7_sparse_reference,rls,1,10.0,True,S7_sparse_reference__rls__seed1,398c721afafcfb355a753ac0cfd1ebcf65a21a6ef468740ce93012df90f00ec4,7cfed748c1a23fa8b895d925c453ff71b8171df9f5c670346fe7006efecf7439,76cc3775534774ea58f799ee1a64020724e5cefb,n_interval_fallback,121.0,count
cintron_ladder,S7_sparse_reference,rls,2,10.0,True,S7_sparse_reference__rls__seed2,1301d7f22942f2e6619dcc555486092a7c3c37061e6b225ed3f3da3b3ca3b132,7cfed748c1a23fa8b895d925c453ff71b8171df9f5c670346fe7006efecf7439,76cc3775534774ea58f799ee1a64020724e5cefb,n_interval_fallback,121.0,count
cintron_ladder,S7_sparse_reference,rls,3,10.0,True,S7_sparse_reference__rls__seed3,32e0738c82819c8cd4653a676dda0f9f67168b628ffc2846dce20179bf21a707,7cfed748c1a23fa8b895d925c453ff71b8171df9f5c670346fe7006efecf7439,76cc3775534774ea58f799ee1a64020724e5cefb,n_interval_fallback,121.0,count
cintron_ladder,S7_sparse_reference,kalman,1,10.0,True,S7_sparse_reference__kalman__seed1,398c721afafcfb355a753ac0cfd1ebcf65a21a6ef468740ce93012df90f00ec4,6a7aa063ebf027f849ecd3e9c514f26b15cd0e81da553bdba217a4b021eaa2ce,76cc3775534774ea58f799ee1a64020724e5cefb,n_interval_fallback,121.0,count
cintron_ladder,S7_sparse_reference,kalman,2,10.0,True,S7_sparse_reference__kalman__seed2,1301d7f22942f2e6619dcc555486092a7c3c37061e6b225ed3f3da3b3ca3b132,6a7aa063ebf027f849ecd3e9c514f26b15cd0e81da553bdba217a4b021eaa2ce,76cc3775534774ea58f799ee1a64020724e5cefb,n_interval_fallback,121.0,count
cintron_ladder,S7_sparse_reference,kalman,3,10.0,True,S7_sparse_reference__kalman__seed3,32e0738c82819c8cd4653a676dda0f9f67168b628ffc2846dce20179bf21a707,6a7aa063ebf027f849ecd3e9c514f26b15cd0e81da553bdba217a4b021eaa2ce,76cc3775534774ea58f799ee1a64020724e5cefb,n_interval_fallback,121.0,count
