sweep,scenario,estimator,seed,reference_every_n,control_enabled,run_id,config_hash,edge_config_hash,git_commit,metric,value,unit
detectors,S4_step_fault,rls,1,10.0,True,S4_step_fault__rls__seed1__detect_cusum,7d29a6d7dca932314e512c265e0e559ec6cc02e548aa25349a95d1f29dbf9ef1,f148dc11752161354c3021f05b1fe526c43baf276ba3893e2b36806f990aaf93,8cda5fd98865bccfe8601ace6f9a27d5a835513e,mae_kg,159.68665859721216,kg
detectors,S4_step_fault,rls,1,10.0,True,S4_step_fault__rls__seed1__detect_ph,7d29a6d7dca932314e512c265e0e559ec6cc02e548aa25349a95d1f29dbf9ef1,e5360505f8c49a15eebb5ef47f7d7477818e9b19f26155854e4ff574f74f5811,8cda5fd98865bccfe8601ace6f9a27d5a835513e,mae_kg,157.15679163152672,kg
detectors,S4_step_fault,rls,1,10.0,True,S4_step_fault__rls__seed1__detect_adwin,7d29a6d7dca932314e512c265e0e559ec6cc02e548aa25349a95d1f29dbf9ef1,ba90eb10e4e1f7500a344f9b4e5e676713fa49fa355f420971a75285e0b9c298,8cda5fd98865bccfe8601ace6f9a27d5a835513e,mae_kg,157.15679163152672,kg
detectors,S4_step_fault,rls,1,10.0,True,S4_step_fault__rls__seed1__detect_ks,7d29a6d7dca932314e512c265e0e559ec6cc02e548aa25349a95d1f29dbf9ef1,e68694c868384201c53bdaf13449887c7b05c2ad9ef5f3f7d7b8bf5cddc0bcb0,8cda5fd98865bccfe8601ace6f9a27d5a835513e,mae_kg,157.15679163152672,kg
detectors,S4_step_fault,rls,1,10.0,True,S4_step_fault__rls__seed1__detect_all4,7d29a6d7dca932314e512c265e0e559ec6cc02e548aa25349a95d1f29dbf9ef1,6c765cc69f3e4bb20e44be0e55caf8daf8c407d7d1c06515349b9d17ec1fddce,8cda5fd98865bccfe8601ace6f9a27d5a835513e,mae_kg,159.68665859721216,kg
detectors,S4_step_fault,rls,2,10.0,True,S4_step_fault__rls__seed2__detect_cusum,adc80992e5ad2b0074c2ccb5fd189429c3fd11d2d51d242aa1caec078b0db1d2,f148dc11752161354c3021f05b1fe526c43baf276ba3893e2b36806f990aaf93,8cda5fd98865bccfe8601ace6f9a27d5a835513e,mae_kg,152.70571564016544,kg
detectors,S4_step_fault,rls,2,10.0,True,S4_step_fault__rls__seed2__detect_ph,adc80992e5ad2b0074c2ccb5fd189429c3fd11d2d51d242aa1caec078b0db1d2,e5360505f8c49a15eebb5ef47f7d7477818e9b19f26155854e4ff574f74f5811,8cda5fd98865bccfe8601ace6f9a27d5a835513e,mae_kg,146.3149146986283,kg
detectors,S4_step_fault,rls,2,10.0,True,S4_step_fault__rls__seed2__detect_adwin,adc80992e5ad2b0074c2ccb5fd189429c3fd11d2d51d242aa1caec078b0db1d2,ba90eb10e4e1f7500a344f9b4e5e676713fa49fa355f420971a75285e0b9c298,8cda5fd98865bccfe8601ace6f9a27d5a835513e,mae_kg,146.3149146986283,kg
detectors,S4_step_fault,rls,2,10.0,True,S4_step_fault__rls__seed2__detect_ks,adc80992e5ad2b0074c2ccb5fd189429c3fd11d2d51d242aa1caec078b0db1d2,e68694c868384201c53bdaf13449887c7b05c2ad9ef5f3f7d7b8bf5cddc0bcb0,8cda5fd98865bccfe8601ace6f9a27d5a835513e,mae_kg,146.3149146986283,kg
detectors,S4_step_fault,rls,2,10.0,True,S4_step_fault__rls__seed2__detect_all4,adc80992e5ad2b0074c2ccb5fd189429c3fd11d2d51d242aa1caec078b0db1d2,6c765cc69f3e4bb20e44be0e55caf8daf8c407d7d1c06515349b9d17ec1fddce,8cda5fd98865bccfe8601ace6f9a27d5a835513e,mae_kg,152.70571564016544,kg
detectors,S4_step_fault,rls,3,10.0,True,S4_step_fault__rls__seed3__detect_cusum,755a0aa70d2f3fe05534c8cb137d5df18ed16325d4692fc840c3daee2c8a8c92,f148dc11752161354c3021f05b1fe526c43baf276ba3893e2b36806f990aaf93,8cda5fd98865bccfe8601ace6f9a27d5a835513e,mae_kg,147.482589842959,kg
detectors,S4_step_fault,rls,3,10.0,True,S4_step_fault__rls__seed3__detect_ph,755a0aa70d2f3fe05534c8cb137d5df18ed16325d4692fc840c3daee2c8a8c92,e5360505f8c49a15eebb5ef47f7d7477818e9b19f26155854e4ff574f74f5811,8cda5fd98865bccfe8601ace6f9a27d5a835513e,mae_kg,147.482589842959,kg
detectors,S4_step_fault,rls,3,10.0,True,S4_step_fault__rls__seed3__detect_adwin,755a0aa70d2f3fe05534c8cb137d5df18ed16325d4692fc840c3daee2c8a8c92,ba90eb10e4e1f7500a344f9b4e5e676713fa49fa355f420971a75285e0b9c298,8cda5fd98865bccfe8601ace6f9a27d5a835513e,mae_kg,147.482589842959,kg
detectors,S4_step_fault,rls,3,10.0,True,S4_step_fault__rls__seed3__detect_ks,755a0aa70d2f3fe05534c8cb137d5df18ed16325d4692fc840c3daee2c8a8c92,e68694c868384201c53bdaf13449887c7b05c2ad9ef5f3f7d7b8bf5cddc0bcb0,8cda5fd98865bccfe8601ace6f9a27d5a835513e,mae_kg,147.482589842959,kg
detectors,S4_step_fault,rls,3,10.0,True,S4_step_fault__rls__seed3__detect_all4,755a0aa70d2f3fe05534c8cb137d5df18ed16325d4692fc840c3daee2c8a8c92,6c765cc69f3e4bb20e44be0e55caf8daf8c407d7d1c06515349b9d17ec1fddce,8cda5fd98865bccfe8601ace6f9a27d5a835513e,mae_kg,147.482589842959,kg
detectors,S4_step_fault,rls,4,10.0,True,S4_step_fault__rls__seed4__detect_cusum,57d0146db86c059173927b479ffa5908a6e01f3cdeb9f10b63e58e983cd88fb2,f148dc11752161354c3021f05b1fe526c43baf276ba3893e2b36806f990aaf93,8cda5fd98865bccfe8601ace6f9a27d5a835513e,mae_kg,154.67823048334247,kg
detectors,S4_step_fault,rls,4,10.0,True,S4_step_fault__rls__seed4__detect_ph,57d0146db86c059173927b479ffa5908a6e01f3cdeb9f10b63e58e983cd88fb2,e5360505f8c49a15eebb5ef47f7d7477818e9b19f26155854e4ff574f74f5811,8cda5fd98865bccfe8601ace6f9a27d5a835513e,mae_kg,151.6981932585968,kg
detectors,S4_step_fault,rls,4,10.0,True,S4_step_fault__rls__seed4__detect_adwin,57d0146db86c059173927b479ffa5908a6e01f3cdeb9f10b63e58e983cd88fb2,ba90eb10e4e1f7500a344f9b4e5e676713fa49fa355f420971a75285e0b9c298,8cda5fd98865bccfe8601ace6f9a27d5a835513e,mae_kg,151.6981932585968,kg
detectors,S4_step_fault,rls,4,10.0,True,S4_step_fault__rls__seed4__detect_ks,57d0146db86c059173927b479ffa5908a6e01f3cdeb9f10b63e58e983cd88fb2,e68694c868384201c53bdaf13449887c7b05c2ad9ef5f3f7d7b8bf5cddc0bcb0,8cda5fd98865bccfe8601ace6f9a27d5a835513e,mae_kg,151.6981932585968,kg
detectors,S4_step_fault,rls,4,10.0,True,S4_step_fault__rls__seed4__detect_all4,57d0146db86c059173927b479ffa5908a6e01f3cdeb9f10b63e58e983cd88fb2,6c765cc69f3e4bb20e44be0e55caf8daf8c407d7d1c06515349b9d17ec1fddce,8cda5fd98865bccfe8601ace6f9a27d5a835513e,mae_kg,154.67823048334247,kg
detectors,S4_step_fault,rls,5,10.0,True,S4_step_fault__rls__seed5__detect_cusum,1efe02364dacd47e4d9a937957614582b8530ef56f2b525678988666500727b7,f148dc11752161354c3021f05b1fe526c43baf276ba3893e2b36806f990aaf93,8cda5fd98865bccfe8601ace6f9a27d5a835513e,mae_kg,150.95964692169755,kg
detectors,S4_step_fault,rls,5,10.0,True,S4_step_fault__rls__seed5__detect_ph,1efe02364dacd47e4d9a937957614582b8530ef56f2b525678988666500727b7,e5360505f8c49a15eebb5ef47f7d7477818e9b19f26155854e4ff574f74f5811,8cda5fd98865bccfe8601ace6f9a27d5a835513e,mae_kg,150.95964692169755,kg
detectors,S4_step_fault,rls,5,10.0,True,S4_step_fault__rls__seed5__detect_adwin,1efe02364dacd47e4d9a937957614582b8530ef56f2b525678988666500727b7,ba90eb10e4e1f7500a344f9b4e5e676713fa49fa355f420971a75285e0b9c298,8cda5fd98865bccfe8601ace6f9a27d5a835513e,mae_kg,150.95964692169755,kg
detectors,S4_step_fault,rls,5,10.0,True,S4_step_fault__rls__seed5__detect_ks,1efe02364dacd47e4d9a937957614582b8530ef56f2b525678988666500727b7,e68694c868384201c53bdaf13449887c7b05c2ad9ef5f3f7d7b8bf5cddc0bcb0,8cda5fd98865bccfe8601ace6f9a27d5a835513e,mae_kg,150.95964692169755,kg
detectors,S4_step_fault,rls,5,10.0,True,S4_step_fault__rls__seed5__detect_all4,1efe02364dacd47e4d9a937957614582b8530ef56f2b525678988666500727b7,6c765cc69f3e4bb20e44be0e55caf8daf8c407d7d1c06515349b9d17ec1fddce,8cda5fd98865bccfe8601ace6f9a27d5a835513e,mae_kg,150.95964692169755,kg
detectors,S4_step_fault,rls,6,10.0,True,S4_step_fault__rls__seed6__detect_cusum,edb8fb013b7aeb64e877b749783afa62d6864702f69cf9e7c539d6cd9df4f86d,f148dc11752161354c3021f05b1fe526c43baf276ba3893e2b36806f990aaf93,8cda5fd98865bccfe8601ace6f9a27d5a835513e,mae_kg,163.13115776899227,kg
detectors,S4_step_fault,rls,6,10.0,True,S4_step_fault__rls__seed6__detect_ph,edb8fb013b7aeb64e877b749783afa62d6864702f69cf9e7c539d6cd9df4f86d,e5360505f8c49a15eebb5ef47f7d7477818e9b19f26155854e4ff574f74f5811,8cda5fd98865bccfe8601ace6f9a27d5a835513e,mae_kg,163.13115776899227,kg
detectors,S4_step_fault,rls,6,10.0,True,S4_step_fault__rls__seed6__detect_adwin,edb8fb013b7aeb64e877b749783afa62d6864702f69cf9e7c539d6cd9df4f86d,ba90eb10e4e1f7500a344f9b4e5e676713fa49fa355f420971a75285e0b9c298,8cda5fd98865bccfe8601ace6f9a27d5a835513e,mae_kg,171.0903048019036,kg
detectors,S4_step_fault,rls,6,10.0,True,S4_step_fault__rls__seed6__detect_ks,edb8fb013b7aeb64e877b749783afa62d6864702f69cf9e7c539d6cd9df4f86d,e68694c868384201c53bdaf13449887c7b05c2ad9ef5f3f7d7b8bf5cddc0bcb0,8cda5fd98865bccfe8601ace6f9a27d5a835513e,mae_kg,163.13115776899227,kg
detectors,S4_step_fault,rls,6,10.0,True,S4_step_fault__rls__seed6__detect_all4,edb8fb013b7aeb64e877b749783afa62d6864702f69cf9e7c539d6cd9df4f86d,6c765cc69f3e4bb20e44be0e55caf8daf8c407d7d1c06515349b9d17ec1fddce,8cda5fd98865bccfe8601ace6f9a27d5a835513e,mae_kg,163.13115776899227,kg
detectors,S4_step_fault,rls,7,10.0,True,S4_step_fault__rls__seed7__detect_cusum,5cf17843f3bfe6e9f5ce0f88df6e9f0fa19691e7d0781a28d2e0071debfacd13,f148dc11752161354c3021f05b1fe526c43baf276ba3893e2b36806f990aaf93,8cda5fd98865bccfe8601ace6f9a27d5a835513e,mae_kg,153.66650338042078,kg
detectors,S4_step_fault,rls,7,10.0,True,S4_step_fault__rls__seed7__detect_ph,5cf17843f3bfe6e9f5ce0f88df6e9f0fa19691e7d0781a28d2e0071debfacd13,e5360505f8c49a15eebb5ef47f7d7477818e9b19f26155854e4ff574f74f5811,8cda5fd98865bccfe8601ace6f9a27d5a835513e,mae_kg,153.66650338042078,kg
detectors,S4_step_fault,rls,7,10.0,True,S4_step_fault__rls__seed7__detect_adwin,5cf17843f3bfe6e9f5ce0f88df6e9f0fa19691e7d0781a28d2e0071debfacd13,ba90eb10e4e1f7500a344f9b4e5e676713fa49fa355f420971a75285e0b9c298,8cda5fd98865bccfe8601ace6f9a27d5a835513e,mae_kg,153.66650338042078,kg
detectors,S4_step_fault,rls,7,10.0,True,S4_step_fault__rls__seed7__detect_ks,5cf17843f3bfe6e9f5ce0f88df6e9f0fa19691e7d0781a28d2e0071debfacd13,e68694c868384201c53bdaf13449887c7b05c2ad9ef5f3f7d7b8bf5cddc0bcb0,8cda5fd98865bccfe8601ace6f9a27d5a835513e,mae_kg,153.66650338042078,kg
detectors,S4_step_fault,rls,7,10.0,True,S4_step_fault__rls__seed7__detect_all4,5cf17843f3bfe6e9f5ce0f88df6e9f0fa19691e7d0781a28d2e0071debfacd13,6c765cc69f3e4bb20e44be0e55caf8daf8c407d7d1c06515349b9d17ec1fddce,8cda5fd98865bccfe8601ace6f9a27d5a835513e,mae_kg,153.66650338042078,kg
detectors,S4_step_fault,rls,8,10.0,True,S4_step_fault__rls__seed8__detect_cusum,4471998ed306e877216c6c1b12b8ba9d62e309093746866fb7f4d683dd3b0138,f148dc11752161354c3021f05b1fe526c43baf276ba3893e2b36806f990aaf93,8cda5fd98865bccfe8601ace6f9a27d5a835513e,mae_kg,150.81125305493399,kg
detectors,S4_step_fault,rls,8,10.0,True,S4_step_fault__rls__seed8__detect_ph,4471998ed306e877216c6c1b12b8ba9d62e309093746866fb7f4d683dd3b0138,e5360505f8c49a15eebb5ef47f7d7477818e9b19f26155854e4ff574f74f5811,8cda5fd98865bccfe8601ace6f9a27d5a835513e,mae_kg,150.81125305493399,kg
detectors,S4_step_fault,rls,8,10.0,True,S4_step_fault__rls__seed8__detect_adwin,4471998ed306e877216c6c1b12b8ba9d62e309093746866fb7f4d683dd3b0138,ba90eb10e4e1f7500a344f9b4e5e676713fa49fa355f420971a75285e0b9c298,8cda5fd98865bccfe8601ace6f9a27d5a835513e,mae_kg,150.81125305493399,kg
detectors,S4_step_fault,rls,8,10.0,True,S4_step_fault__rls__seed8__detect_ks,4471998ed306e877216c6c1b12b8ba9d62e309093746866fb7f4d683dd3b0138,e68694c868384201c53bdaf13449887c7b05c2ad9ef5f3f7d7b8bf5cddc0bcb0,8cda5fd98865bccfe8601ace6f9a27d5a835513e,mae_kg,150.81125305493399,kg
detectors,S4_step_fault,rls,8,10.0,True,S4_step_fault__rls__seed8__detect_all4,4471998ed306e877216c6c1b12b8ba9d62e309093746866fb7f4d683dd3b0138,6c765cc69f3e4bb20e44be0e55caf8daf8c407d7d1c06515349b9d17ec1fddce,8cda5fd98865bccfe8601ace6f9a27d5a835513e,mae_kg,150.81125305493399,kg
detectors,S4_step_fault,rls,9,10.0,True,S4_step_fault__rls__seed9__detect_cusum,af86278540fa1654a3e5819e52691400963a2f43bbaf4be0dd151148c2836411,f148dc11752161354c3021f05b1fe526c43baf276ba3893e2b36806f990aaf93,8cda5fd98865bccfe8601ace6f9a27d5a835513e,mae_kg,149.42562517320616,kg
detectors,S4_step_fault,rls,9,10.0,True,S4_step_fault__rls__seed9__detect_ph,af86278540fa1654a3e5819e52691400963a2f43bbaf4be0dd151148c2836411,e5360505f8c49a15eebb5ef47f7d7477818e9b19f26155854e4ff574f74f5811,8cda5fd98865bccfe8601ace6f9a27d5a835513e,mae_kg,149.42562517320616,kg
detectors,S4_step_fault,rls,9,10.0,True,S4_step_fault__rls__seed9__detect_adwin,af86278540fa1654a3e5819e52691400963a2f43bbaf4be0dd151148c2836411,ba90eb10e4e1f7500a344f9b4e5e676713fa49fa355f420971a75285e0b9c298,8cda5fd98865bccfe8601ace6f9a27d5a835513e,mae_kg,149.3218742890676,kg
detectors,S4_step_fault,rls,9,10.0,True,S4_step_fault__rls__seed9__detect_ks,af86278540fa1654a3e5819e52691400963a2f43bbaf4be0dd151148c2836411,e68694c868384201c53bdaf13449887c7b05c2ad9ef5f3f7d7b8bf5cddc0bcb0,8cda5fd98865bccfe8601ace6f9a27d5a835513e,mae_kg,147.92385248927897,kg
detectors,S4_step_fault,rls,9,10.0,True,S4_step_fault__rls__seed9__detect_all4,af86278540fa1654a3e5819e52691400963a2f43bbaf4be0dd151148c2836411,6c765cc69f3e4bb20e44be0e55caf8daf8c407d7d1c06515349b9d17ec1fddce,8cda5fd98865bccfe8601ace6f9a27d5a835513e,mae_kg,149.42562517320616,kg
detectors,S4_step_fault,rls,10,10.0,True,S4_step_fault__rls__seed10__detect_cusum,b97f4fa67d55b0a4900a4dc84b9f38b152ab85aa07d9118de95bac234f41360d,f148dc11752161354c3021f05b1fe526c43baf276ba3893e2b36806f990aaf93,8cda5fd98865bccfe8601ace6f9a27d5a835513e,mae_kg,159.11577938231204,kg
detectors,S4_step_fault,rls,10,10.0,True,S4_step_fault__rls__seed10__detect_ph,b97f4fa67d55b0a4900a4dc84b9f38b152ab85aa07d9118de95bac234f41360d,e5360505f8c49a15eebb5ef47f7d7477818e9b19f26155854e4ff574f74f5811,8cda5fd98865bccfe8601ace6f9a27d5a835513e,mae_kg,160.5441340990469,kg
detectors,S4_step_fault,rls,10,10.0,True,S4_step_fault__rls__seed10__detect_adwin,b97f4fa67d55b0a4900a4dc84b9f38b152ab85aa07d9118de95bac234f41360d,ba90eb10e4e1f7500a344f9b4e5e676713fa49fa355f420971a75285e0b9c298,8cda5fd98865bccfe8601ace6f9a27d5a835513e,mae_kg,160.02132349141627,kg
detectors,S4_step_fault,rls,10,10.0,True,S4_step_fault__rls__seed10__detect_ks,b97f4fa67d55b0a4900a4dc84b9f38b152ab85aa07d9118de95bac234f41360d,e68694c868384201c53bdaf13449887c7b05c2ad9ef5f3f7d7b8bf5cddc0bcb0,8cda5fd98865bccfe8601ace6f9a27d5a835513e,mae_kg,158.1047097042401,kg
detectors,S4_step_fault,rls,10,10.0,True,S4_step_fault__rls__seed10__detect_all4,b97f4fa67d55b0a4900a4dc84b9f38b152ab85aa07d9118de95bac234f41360d,6c765cc69f3e4bb20e44be0e55caf8daf8c407d7d1c06515349b9d17ec1fddce,8cda5fd98865bccfe8601ace6f9a27d5a835513e,mae_kg,159.11577938231204,kg
detectors,S6_combined,rls,1,10.0,True,S6_combined__rls__seed1__detect_cusum,b3cf8d14b3aed8b1d65ab4497dcbfb879dbda2ce1da03bb07f6401c9b4b9bd4a,f148dc11752161354c3021f05b1fe526c43baf276ba3893e2b36806f990aaf93,8cda5fd98865bccfe8601ace6f9a27d5a835513e,mae_kg,724.6885571518839,kg
detectors,S6_combined,rls,1,10.0,True,S6_combined__rls__seed1__detect_ph,b3cf8d14b3aed8b1d65ab4497dcbfb879dbda2ce1da03bb07f6401c9b4b9bd4a,e5360505f8c49a15eebb5ef47f7d7477818e9b19f26155854e4ff574f74f5811,8cda5fd98865bccfe8601ace6f9a27d5a835513e,mae_kg,724.6885571518839,kg
detectors,S6_combined,rls,1,10.0,True,S6_combined__rls__seed1__detect_adwin,b3cf8d14b3aed8b1d65ab4497dcbfb879dbda2ce1da03bb07f6401c9b4b9bd4a,ba90eb10e4e1f7500a344f9b4e5e676713fa49fa355f420971a75285e0b9c298,8cda5fd98865bccfe8601ace6f9a27d5a835513e,mae_kg,724.6885571518839,kg
detectors,S6_combined,rls,1,10.0,True,S6_combined__rls__seed1__detect_ks,b3cf8d14b3aed8b1d65ab4497dcbfb879dbda2ce1da03bb07f6401c9b4b9bd4a,e68694c868384201c53bdaf13449887c7b05c2ad9ef5f3f7d7b8bf5cddc0bcb0,8cda5fd98865bccfe8601ace6f9a27d5a835513e,mae_kg,724.6885571518839,kg
detectors,S6_combined,rls,1,10.0,True,S6_combined__rls__seed1__detect_all4,b3cf8d14b3aed8b1d65ab4497dcbfb879dbda2ce1da03bb07f6401c9b4b9bd4a,6c765cc69f3e4bb20e44be0e55caf8daf8c407d7d1c06515349b9d17ec1fddce,8cda5fd98865bccfe8601ace6f9a27d5a835513e,mae_kg,724.6885571518839,kg
detectors,S6_combined,rls,2,10.0,True,S6_combined__rls__seed2__detect_cusum,e4f7ab87faf6982be139dc8af97757bff8d540d357c41e3d06ec298e4dd75854,f148dc11752161354c3021f05b1fe526c43baf276ba3893e2b36806f990aaf93,8cda5fd98865bccfe8601ace6f9a27d5a835513e,mae_kg,652.8281580575499,kg
detectors,S6_combined,rls,2,10.0,True,S6_combined__rls__seed2__detect_ph,e4f7ab87faf6982be139dc8af97757bff8d540d357c41e3d06ec298e4dd75854,e5360505f8c49a15eebb5ef47f7d7477818e9b19f26155854e4ff574f74f5811,8cda5fd98865bccfe8601ace6f9a27d5a835513e,mae_kg,652.8281580575499,kg
detectors,S6_combined,rls,2,10.0,True,S6_combined__rls__seed2__detect_adwin,e4f7ab87faf6982be139dc8af97757bff8d540d357c41e3d06ec298e4dd75854,ba90eb10e4e1f7500a344f9b4e5e676713fa49fa355f420971a75285e0b9c298,8cda5fd98865bccfe8601ace6f9a27d5a835513e,mae_kg,652.8281580575499,kg
detectors,S6_combined,rls,2,10.0,True,S6_combined__rls__seed2__detect_ks,e4f7ab87faf6982be139dc8af97757bff8d540d357c41e3d06ec298e4dd75854,e68694c868384201c53bdaf13449887c7b05c2ad9ef5f3f7d7b8bf5cddc0bcb0,8cda5fd98865bccfe8601ace6f9a27d5a835513e,mae_kg,652.8281580575499,kg
detectors,S6_combined,rls,2,10.0,True,S6_combined__rls__seed2__detect_all4,e4f7ab87faf6982be139dc8af97757bff8d540d357c41e3d06ec298e4dd75854,6c765cc69f3e4bb20e44be0e55caf8daf8c407d7d1c06515349b9d17ec1fddce,8cda5fd98865bccfe8601ace6f9a27d5a835513e,mae_kg,652.8281580575499,kg
detectors,S6_combined,rls,3,10.0,True,S6_combined__rls__seed3__detect_cusum,c371bfebbbdb510b204e19fcaedea3c47a4e8b6d77499f04ee6ac55d13fed988,f148dc11752161354c3021f05b1fe526c43baf276ba3893e2b36806f990aaf93,8cda5fd98865bccfe8601ace6f9a27d5a835513e,mae_kg,624.10103662583,kg
detectors,S6_combined,rls,3,10.0,True,S6_combined__rls__seed3__detect_ph,c371bfebbbdb510b204e19fcaedea3c47a4e8b6d77499f04ee6ac55d13fed988,e5360505f8c49a15eebb5ef47f7d7477818e9b19f26155854e4ff574f74f5811,8cda5fd98865bccfe8601ace6f9a27d5a835513e,mae_kg,625.6007266820359,kg
detectors,S6_combined,rls,3,10.0,True,S6_combined__rls__seed3__detect_adwin,c371bfebbbdb510b204e19fcaedea3c47a4e8b6d77499f04ee6ac55d13fed988,ba90eb10e4e1f7500a344f9b4e5e676713fa49fa355f420971a75285e0b9c298,8cda5fd98865bccfe8601ace6f9a27d5a835513e,mae_kg,625.6007266820359,kg
detectors,S6_combined,rls,3,10.0,True,S6_combined__rls__seed3__detect_ks,c371bfebbbdb510b204e19fcaedea3c47a4e8b6d77499f04ee6ac55d13fed988,e68694c868384201c53bdaf13449887c7b05c2ad9ef5f3f7d7b8bf5cddc0bcb0,8cda5fd98865bccfe8601ace6f9a27d5a835513e,mae_kg,625.6007266820359,kg
detectors,S6_combined,rls,3,10.0,True,S6_combined__rls__seed3__detect_all4,c371bfebbbdb510b204e19fcaedea3c47a4e8b6d77499f04ee6ac55d13fed988,6c765cc69f3e4bb20e44be0e55caf8daf8c407d7d1c06515349b9d17ec1fddce,8cda5fd98865bccfe8601ace6f9a27d5a835513e,mae_kg,624.10103662583,kg
detectors,S6_combined,rls,4,10.0,True,S6_combined__rls__seed4__detect_cusum,091893e2b20fe4f1f4ec71b10a24db6c43dabefaa37c7ef75c67f5a78f00f2b7,f148dc11752161354c3021f05b1fe526c43baf276ba3893e2b36806f990aaf93,8cda5fd98865bccfe8601ace6f9a27d5a835513e,mae_kg,627.8239486007133,kg
detectors,S6_combined,rls,4,10.0,True,S6_combined__rls__seed4__detect_ph,091893e2b20fe4f1f4ec71b10a24db6c43dabefaa37c7ef75c67f5a78f00f2b7,e5360505f8c49a15eebb5ef47f7d7477818e9b19f26155854e4ff574f74f5811,8cda5fd98865bccfe8601ace6f9a27d5a835513e,mae_kg,627.8239486007133,kg
detectors,S6_combined,rls,4,10.0,True,S6_combined__rls__seed4__detect_adwin,091893e2b20fe4f1f4ec71b10a24db6c43dabefaa37c7ef75c67f5a78f00f2b7,ba90eb10e4e1f7500a344f9b4e5e676713fa49fa355f420971a75285e0b9c298,8cda5fd98865bccfe8601ace6f9a27d5a835513e,mae_kg,627.8239486007133,kg
detectors,S6_combined,rls,4,10.0,True,S6_combined__rls__seed4__detect_ks,091893e2b20fe4f1f4ec71b10a24db6c43dabefaa37c7ef75c67f5a78f00f2b7,e68694c868384201c53bdaf13449887c7b05c2ad9ef5f3f7d7b8bf5cddc0bcb0,8cda5fd98865bccfe8601ace6f9a27d5a835513e,mae_kg,627.8239486007133,kg
detectors,S6_combined,rls,4,10.0,True,S6_combined__rls__seed4__detect_all4,091893e2b20fe4f1f4ec71b10a24db6c43dabefaa37c7ef75c67f5a78f00f2b7,6c765cc69f3e4bb20e44be0e55caf8daf8c407d7d1c06515349b9d17ec1fddce,8cda5fd98865bccfe8601ace6f9a27d5a835513e,mae_kg,627.8239486007133,kg
detectors,S6_combined,rls,5,10.0,True,S6_combined__rls__seed5__detect_cusum,c1d9d4a7d46d9a42ad59de704b5ae8b21c9bf2f17d4576d9bfa6e10e6c6f4b13,f148dc11752161354c3021f05b1fe526c43baf276ba3893e2b36806f990aaf93,8cda5fd98865bccfe8601ace6f9a27d5a835513e,mae_kg,666.7845738946652,kg
detectors,S6_combined,rls,5,10.0,True,S6_combined__rls__seed5__detect_ph,c1d9d4a7d46d9a42ad59de704b5ae8b21c9bf2f17d4576d9bfa6e10e6c6f4b13,e5360505f8c49a15eebb5ef47f7d7477818e9b19f26155854e4ff574f74f5811,8cda5fd98865bccfe8601ace6f9a27d5a835513e,mae_kg,666.7845738946652,kg
detectors,S6_combined,rls,5,10.0,True,S6_combined__rls__seed5__detect_adwin,c1d9d4a7d46d9a42ad59de704b5ae8b21c9bf2f17d4576d9bfa6e10e6c6f4b13,ba90eb10e4e1f7500a344f9b4e5e676713fa49fa355f420971a75285e0b9c298,8cda5fd98865bccfe8601ace6f9a27d5a835513e,mae_kg,666.7845738946652,kg
detectors,S6_combined,rls,5,10.0,True,S6_combined__rls__seed5__detect_ks,c1d9d4a7d46d9a42ad59de704b5ae8b21c9bf2f17d4576d9bfa6e10e6c6f4b13,e68694c868384201c53bdaf13449887c7b05c2ad9ef5f3f7d7b8bf5cddc0bcb0,8cda5fd98865bccfe8601ace6f9a27d5a835513e,mae_kg,666.7845738946652,kg
detectors,S6_combined,rls,5,10.0,True,S6_combined__rls__seed5__detect_all4,c1d9d4a7d46d9a42ad59de704b5ae8b21c9bf2f17d4576d9bfa6e10e6c6f4b13,6c765cc69f3e4bb20e44be0e55caf8daf8c407d7d1c06515349b9d17ec1fddce,8cda5fd98865bccfe8601ace6f9a27d5a835513e,mae_kg,666.7845738946652,kg
detectors,S6_combined,rls,6,10.0,True,S6_combined__rls__seed6__detect_cusum,8fbcb1374a66e26dea4a0e8dbcf64db42ebcd88dd11b5cd3bb5d44e8d4b0665a,f148dc11752161354c3021f05b1fe526c43baf276ba3893e2b36806f990aaf93,8cda5fd98865bccfe8601ace6f9a27d5a835513e,mae_kg,603.1254157828565,kg
detectors,S6_combined,rls,6,10.0,True,S6_combined__rls__seed6__detect_ph,8fbcb1374a66e26dea4a0e8dbcf64db42ebcd88dd11b5cd3bb5d44e8d4b0665a,e5360505f8c49a15eebb5ef47f7d7477818e9b19f26155854e4ff574f74f5811,8cda5fd98865bccfe8601ace6f9a27d5a835513e,mae_kg,603.1254157828565,kg
detectors,S6_combined,rls,6,10.0,True,S6_combined__rls__seed6__detect_adwin,8fbcb1374a66e26dea4a0e8dbcf64db42ebcd88dd11b5cd3bb5d44e8d4b0665a,ba90eb10e4e1f7500a344f9b4e5e676713fa49fa355f420971a75285e0b9c298,8cda5fd98865bccfe8601ace6f9a27d5a835513e,mae_kg,602.9594247517073,kg
detectors,S6_combined,rls,6,10.0,True,S6_combined__rls__seed6__detect_ks,8fbcb1374a66e26dea4a0e8dbcf64db42ebcd88dd11b5cd3bb5d44e8d4b0665a,e68694c868384201c53bdaf13449887c7b05c2ad9ef5f3f7d7b8bf5cddc0bcb0,8cda5fd98865bccfe8601ace6f9a27d5a835513e,mae_kg,602.6424380442913,kg
detectors,S6_combined,rls,6,10.0,True,S6_combined__rls__seed6__detect_all4,8fbcb1374a66e26dea4a0e8dbcf64db42ebcd88dd11b5cd3bb5d44e8d4b0665a,6c765cc69f3e4bb20e44be0e55caf8daf8c407d7d1c06515349b9d17ec1fddce,8cda5fd98865bccfe8601ace6f9a27d5a835513e,mae_kg,603.1254157828565,kg
detectors,S6_combined,rls,7,10.0,True,S6_combined__rls__seed7__detect_cusum,eb12037c60287858e9925e83fcaf2aa6789246ee5a2aa0c936402930de58eb1c,f148dc11752161354c3021f05b1fe526c43baf276ba3893e2b36806f990aaf93,8cda5fd98865bccfe8601ace6f9a27d5a835513e,mae_kg,627.4184419179786,kg
detectors,S6_combined,rls,7,10.0,True,S6_combined__rls__seed7__detect_ph,eb12037c60287858e9925e83fcaf2aa6789246ee5a2aa0c936402930de58eb1c,e5360505f8c49a15eebb5ef47f7d7477818e9b19f26155854e4ff574f74f5811,8cda5fd98865bccfe8601ace6f9a27d5a835513e,mae_kg,628.0901213169847,kg
detectors,S6_combined,rls,7,10.0,True,S6_combined__rls__seed7__detect_adwin,eb12037c60287858e9925e83fcaf2aa6789246ee5a2aa0c936402930de58eb1c,ba90eb10e4e1f7500a344f9b4e5e676713fa49fa355f420971a75285e0b9c298,8cda5fd98865bccfe8601ace6f9a27d5a835513e,mae_kg,627.6480571720195,kg
detectors,S6_combined,rls,7,10.0,True,S6_combined__rls__seed7__detect_ks,eb12037c60287858e9925e83fcaf2aa6789246ee5a2aa0c936402930de58eb1c,e68694c868384201c53bdaf13449887c7b05c2ad9ef5f3f7d7b8bf5cddc0bcb0,8cda5fd98865bccfe8601ace6f9a27d5a835513e,mae_kg,629.0125041442952,kg
detectors,S6_combined,rls,7,10.0,True,S6_combined__rls__seed7__detect_all4,eb12037c60287858e9925e83fcaf2aa6789246ee5a2aa0c936402930de58eb1c,6c765cc69f3e4bb20e44be0e55caf8daf8c407d7d1c06515349b9d17ec1fddce,8cda5fd98865bccfe8601ace6f9a27d5a835513e,mae_kg,627.4184419179786,kg
detectors,S6_combined,rls,8,10.0,True,S6_combined__rls__seed8__detect_cusum,da4740837e6cf85b5c7d22d84cf556133cbff181edcbfd4d107db823d7c1f164,f148dc11752161354c3021f05b1fe526c43baf276ba3893e2b36806f990aaf93,8cda5fd98865bccfe8601ace6f9a27d5a835513e,mae_kg,681.3615845382194,kg
detectors,S6_combined,rls,8,10.0,True,S6_combined__rls__seed8__detect_ph,da4740837e6cf85b5c7d22d84cf556133cbff181edcbfd4d107db823d7c1f164,e5360505f8c49a15eebb5ef47f7d7477818e9b19f26155854e4ff574f74f5811,8cda5fd98865bccfe8601ace6f9a27d5a835513e,mae_kg,682.9259517982545,kg
detectors,S6_combined,rls,8,10.0,True,S6_combined__rls__seed8__detect_adwin,da4740837e6cf85b5c7d22d84cf556133cbff181edcbfd4d107db823d7c1f164,ba90eb10e4e1f7500a344f9b4e5e676713fa49fa355f420971a75285e0b9c298,8cda5fd98865bccfe8601ace6f9a27d5a835513e,mae_kg,682.9259517982545,kg
detectors,S6_combined,rls,8,10.0,True,S6_combined__rls__seed8__detect_ks,da4740837e6cf85b5c7d22d84cf556133cbff181edcbfd4d107db823d7c1f164,e68694c868384201c53bdaf13449887c7b05c2ad9ef5f3f7d7b8bf5cddc0bcb0,8cda5fd98865bccfe8601ace6f9a27d5a835513e,mae_kg,681.3615845382194,kg
detectors,S6_combined,rls,8,10.0,True,S6_combined__rls__seed8__detect_all4,da4740837e6cf85b5c7d22d84cf556133cbff181edcbfd4d107db823d7c1f164,6c765cc69f3e4bb20e44be0e55caf8daf8c407d7d1c06515349b9d17ec1fddce,8cda5fd98865bccfe8601ace6f9a27d5a835513e,mae_kg,682.9259517982545,kg
detectors,S6_combined,rls,9,10.0,True,S6_combined__rls__seed9__detect_cusum,29718e114c21c01b04a983f185bbf01430cfac8dd9e8b5808281b0434dac26fc,f148dc11752161354c3021f05b1fe526c43baf276ba3893e2b36806f990aaf93,8cda5fd98865bccfe8601ace6f9a27d5a835513e,mae_kg,787.3583639433799,kg
detectors,S6_combined,rls,9,10.0,True,S6_combined__rls__seed9__detect_ph,29718e114c21c01b04a983f185bbf01430cfac8dd9e8b5808281b0434dac26fc,e5360505f8c49a15eebb5ef47f7d7477818e9b19f26155854e4ff574f74f5811,8cda5fd98865bccfe8601ace6f9a27d5a835513e,mae_kg,788.3143803427957,kg
detectors,S6_combined,rls,9,10.0,True,S6_combined__rls__seed9__detect_adwin,29718e114c21c01b04a983f185bbf01430cfac8dd9e8b5808281b0434dac26fc,ba90eb10e4e1f7500a344f9b4e5e676713fa49fa355f420971a75285e0b9c298,8cda5fd98865bccfe8601ace6f9a27d5a835513e,mae_kg,788.1677061416344,kg
detectors,S6_combined,rls,9,10.0,True,S6_combined__rls__seed9__detect_ks,29718e114c21c01b04a983f185bbf01430cfac8dd9e8b5808281b0434dac26fc,e68694c868384201c53bdaf13449887c7b05c2ad9ef5f3f7d7b8bf5cddc0bcb0,8cda5fd98865bccfe8601ace6f9a27d5a835513e,mae_kg,793.4987723422914,kg
detectors,S6_combined,rls,9,10.0,True,S6_combined__rls__seed9__detect_all4,29718e114c21c01b04a983f185bbf01430cfac8dd9e8b5808281b0434dac26fc,6c765cc69f3e4bb20e44be0e55caf8daf8c407d7d1c06515349b9d17ec1fddce,8cda5fd98865bccfe8601ace6f9a27d5a835513e,mae_kg,787.3583639433799,kg
detectors,S6_combined,rls,10,10.0,True,S6_combined__rls__seed10__detect_cusum,4054ab96937dfc6eef3c9c4f46347db001fd4eea59432509f786c95b51d12234,f148dc11752161354c3021f05b1fe526c43baf276ba3893e2b36806f990aaf93,8cda5fd98865bccfe8601ace6f9a27d5a835513e,mae_kg,664.7130066287654,kg
detectors,S6_combined,rls,10,10.0,True,S6_combined__rls__seed10__detect_ph,4054ab96937dfc6eef3c9c4f46347db001fd4eea59432509f786c95b51d12234,e5360505f8c49a15eebb5ef47f7d7477818e9b19f26155854e4ff574f74f5811,8cda5fd98865bccfe8601ace6f9a27d5a835513e,mae_kg,664.7130066287654,kg
detectors,S6_combined,rls,10,10.0,True,S6_combined__rls__seed10__detect_adwin,4054ab96937dfc6eef3c9c4f46347db001fd4eea59432509f786c95b51d12234,ba90eb10e4e1f7500a344f9b4e5e676713fa49fa355f420971a75285e0b9c298,8cda5fd98865bccfe8601ace6f9a27d5a835513e,mae_kg,664.7130066287654,kg
detectors,S6_combined,rls,10,10.0,True,S6_combined__rls__seed10__detect_ks,4054ab96937dfc6eef3c9c4f46347db001fd4eea59432509f786c95b51d12234,e68694c868384201c53bdaf13449887c7b05c2ad9ef5f3f7d7b8bf5cddc0bcb0,8cda5fd98865bccfe8601ace6f9a27d5a835513e,mae_kg,664.7130066287654,kg
detectors,S6_combined,rls,10,10.0,True,S6_combined__rls__seed10__detect_all4,4054ab96937dfc6eef3c9c4f46347db001fd4eea59432509f786c95b51d12234,6c765cc69f3e4bb20e44be0e55caf8daf8c407d7d1c06515349b9d17ec1fddce,8cda5fd98865bccfe8601ace6f9a27d5a835513e,mae_kg,664.7130066287654,kg
detectors,S4_step_fault,rls,1,10.0,True,S4_step_fault__rls__seed1__detect_cusum,7d29a6d7dca932314e512c265e0e559ec6cc02e548aa25349a95d1f29dbf9ef1,f148dc11752161354c3021f05b1fe526c43baf276ba3893e2b36806f990aaf93,8cda5fd98865bccfe8601ace6f9a27d5a835513e,rmse_kg,347.48257770985583,kg
detectors,S4_step_fault,rls,1,10.0,True,S4_step_fault__rls__seed1__detect_ph,7d29a6d7dca932314e512c265e0e559ec6cc02e548aa25349a95d1f29dbf9ef1,e5360505f8c49a15eebb5ef47f7d7477818e9b19f26155854e4ff574f74f5811,8cda5fd98865bccfe8601ace6f9a27d5a835513e,rmse_kg,338.06537955644166,kg
detectors,S4_step_fault,rls,1,10.0,True,S4_step_fault__rls__seed1__detect_adwin,7d29a6d7dca932314e512c265e0e559ec6cc02e548aa25349a95d1f29dbf9ef1,ba90eb10e4e1f7500a344f9b4e5e676713fa49fa355f420971a75285e0b9c298,8cda5fd98865bccfe8601ace6f9a27d5a835513e,rmse_kg,338.06537955644166,kg
detectors,S4_step_fault,rls,1,10.0,True,S4_step_fault__rls__seed1__detect_ks,7d29a6d7dca932314e512c265e0e559ec6cc02e548aa25349a95d1f29dbf9ef1,e68694c868384201c53bdaf13449887c7b05c2ad9ef5f3f7d7b8bf5cddc0bcb0,8cda5fd98865bccfe8601ace6f9a27d5a835513e,rmse_kg,338.06537955644166,kg
detectors,S4_step_fault,rls,1,10.0,True,S4_step_fault__rls__seed1__detect_all4,7d29a6d7dca932314e512c265e0e559ec6cc02e548aa25349a95d1f29dbf9ef1,6c765cc69f3e4bb20e44be0e55caf8daf8c407d7d1c06515349b9d17ec1fddce,8cda5fd98865bccfe8601ace6f9a27d5a835513e,rmse_kg,347.48257770985583,kg
detectors,S4_step_fault,rls,2,10.0,True,S4_step_fault__rls__seed2__detect_cusum,adc80992e5ad2b0074c2ccb5fd189429c3fd11d2d51d242aa1caec078b0db1d2,f148dc11752161354c3021f05b1fe526c43baf276ba3893e2b36806f990aaf93,8cda5fd98865bccfe8601ace6f9a27d5a835513e,rmse_kg,329.8467777481311,kg
detectors,S4_step_fault,rls,2,10.0,True,S4_step_fault__rls__seed2__detect_ph,adc80992e5ad2b0074c2ccb5fd189429c3fd11d2d51d242aa1caec078b0db1d2,e5360505f8c49a15eebb5ef47f7d7477818e9b19f26155854e4ff574f74f5811,8cda5fd98865bccfe8601ace6f9a27d5a835513e,rmse_kg,313.16843892492034,kg
detectors,S4_step_fault,rls,2,10.0,True,S4_step_fault__rls__seed2__detect_adwin,adc80992e5ad2b0074c2ccb5fd189429c3fd11d2d51d242aa1caec078b0db1d2,ba90eb10e4e1f7500a344f9b4e5e676713fa49fa355f420971a75285e0b9c298,8cda5fd98865bccfe8601ace6f9a27d5a835513e,rmse_kg,313.16843892492034,kg
detectors,S4_step_fault,rls,2,10.0,True,S4_step_fault__rls__seed2__detect_ks,adc80992e5ad2b0074c2ccb5fd189429c3fd11d2d51d242aa1caec078b0db1d2,e68694c868384201c53bdaf13449887c7b05c2ad9ef5f3f7d7b8bf5cddc0bcb0,8cda5fd98865bccfe8601ace6f9a27d5a835513e,rmse_kg,313.16843892492034,kg
detectors,S4_step_fault,rls,2,10.0,True,S4_step_fault__rls__seed2__detect_all4,adc80992e5ad2b0074c2ccb5fd189429c3fd11d2d51d242aa1caec078b0db1d2,6c765cc69f3e4bb20e44be0e55caf8daf8c407d7d1c06515349b9d17ec1fddce,8cda5fd98865bccfe8601ace6f9a27d5a835513e,rmse_kg,329.8467777481311,kg
detectors,S4_step_fault,rls,3,10.0,True,S4_step_fault__rls__seed3__detect_cusum,755a0aa70d2f3fe05534c8cb137d5df18ed16325d4692fc840c3daee2c8a8c92,f148dc11752161354c3021f05b1fe526c43baf276ba3893e2b36806f990aaf93,8cda5fd98865bccfe8601ace6f9a27d5a835513e,rmse_kg,322.11218715389407,kg
detectors,S4_step_fault,rls,3,10.0,True,S4_step_fault__rls__seed3__detect_ph,755a0aa70d2f3fe05534c8cb137d5df18ed16325d4692fc840c3daee2c8a8c92,e5360505f8c49a15eebb5ef47f7d7477818e9b19f26155854e4ff574f74f5811,8cda5fd98865bccfe8601ace6f9a27d5a835513e,rmse_kg,322.11218715389407,kg
detectors,S4_step_fault,rls,3,10.0,True,S4_step_fault__rls__seed3__detect_adwin,755a0aa70d2f3fe05534c8cb137d5df18ed16325d4692fc840c3daee2c8a8c92,ba90eb10e4e1f7500a344f9b4e5e676713fa49fa355f420971a75285e0b9c298,8cda5fd98865bccfe8601ace6f9a27d5a835513e,rmse_kg,322.11218715389407,kg
detectors,S4_step_fault,rls,3,10.0,True,S4_step_fault__rls__seed3__detect_ks,755a0aa70d2f3fe05534c8cb137d5df18ed16325d4692fc840c3daee2c8a8c92,e68694c868384201c53bdaf13449887c7b05c2ad9ef5f3f7d7b8bf5cddc0bcb0,8cda5fd98865bccfe8601ace6f9a27d5a835513e,rmse_kg,322.11218715389407,kg
detectors,S4_step_fault,rls,3,10.0,True,S4_step_fault__rls__seed3__detect_all4,755a0aa70d2f3fe05534c8cb137d5df18ed16325d4692fc840c3daee2c8a8c92,6c765cc69f3e4bb20e44be0e55caf8daf8c407d7d1c06515349b9d17ec1fddce,8cda5fd98865bccfe8601ace6f9a27d5a835513e,rmse_kg,322.11218715389407,kg
detectors,S4_step_fault,rls,4,10.0,True,S4_step_fault__rls__seed4__detect_cusum,57d0146db86c059173927b479ffa5908a6e01f3cdeb9f10b63e58e983cd88fb2,f148dc11752161354c3021f05b1fe526c43baf276ba3893e2b36806f990aaf93,8cda5fd98865bccfe8601ace6f9a27d5a835513e,rmse_kg,334.0738345448137,kg
detectors,S4_step_fault,rls,4,10.0,True,S4_step_fault__rls__seed4__detect_ph,57d0146db86c059173927b479ffa5908a6e01f3cdeb9f10b63e58e983cd88fb2,e5360505f8c49a15eebb5ef47f7d7477818e9b19f26155854e4ff574f74f5811,8cda5fd98865bccfe8601ace6f9a27d5a835513e,rmse_kg,322.38937153408966,kg
detectors,S4_step_fault,rls,4,10.0,True,S4_step_fault__rls__seed4__detect_adwin,57d0146db86c059173927b479ffa5908a6e01f3cdeb9f10b63e58e983cd88fb2,ba90eb10e4e1f7500a344f9b4e5e676713fa49fa355f420971a75285e0b9c298,8cda5fd98865bccfe8601ace6f9a27d5a835513e,rmse_kg,322.38937153408966,kg
detectors,S4_step_fault,rls,4,10.0,True,S4_step_fault__rls__seed4__detect_ks,57d0146db86c059173927b479ffa5908a6e01f3cdeb9f10b63e58e983cd88fb2,e68694c868384201c53bdaf13449887c7b05c2ad9ef5f3f7d7b8bf5cddc0bcb0,8cda5fd98865bccfe8601ace6f9a27d5a835513e,rmse_kg,322.38937153408966,kg
detectors,S4_step_fault,rls,4,10.0,True,S4_step_fault__rls__seed4__detect_all4,57d0146db86c059173927b479ffa5908a6e01f3cdeb9f10b63e58e983cd88fb2,6c765cc69f3e4bb20e44be0e55caf8daf8c407d7d1c06515349b9d17ec1fddce,8cda5fd98865bccfe8601ace6f9a27d5a835513e,rmse_kg,334.0738345448137,kg
detectors,S4_step_fault,rls,5,10.0,True,S4_step_fault__rls__seed5__detect_cusum,1efe02364dacd47e4d9a937957614582b8530ef56f2b525678988666500727b7,f148dc11752161354c3021f05b1fe526c43baf276ba3893e2b36806f990aaf93,8cda5fd98865bccfe8601ace6f9a27d5a835513e,rmse_kg,328.53415373047994,kg
detectors,S4_step_fault,rls,5,10.0,True,S4_step_fault__rls__seed5__detect_ph,1efe02364dacd47e4d9a937957614582b8530ef56f2b525678988666500727b7,e5360505f8c49a15eebb5ef47f7d7477818e9b19f26155854e4ff574f74f5811,8cda5fd98865bccfe8601ace6f9a27d5a835513e,rmse_kg,328.53415373047994,kg
detectors,S4_step_fault,rls,5,10.0,True,S4_step_fault__rls__seed5__detect_adwin,1efe02364dacd47e4d9a937957614582b8530ef56f2b525678988666500727b7,ba90eb10e4e1f7500a344f9b4e5e676713fa49fa355f420971a75285e0b9c298,8cda5fd98865bccfe8601ace6f9a27d5a835513e,rmse_kg,328.53415373047994,kg
detectors,S4_step_fault,rls,5,10.0,True,S4_step_fault__rls__seed5__detect_ks,1efe02364dacd47e4d9a937957614582b8530ef56f2b525678988666500727b7,e68694c868384201c53bdaf13449887c7b05c2ad9ef5f3f7d7b8bf5cddc0bcb0,8cda5fd98865bccfe8601ace6f9a27d5a835513e,rmse_kg,328.53415373047994,kg
detectors,S4_step_fault,rls,5,10.0,True,S4_step_fault__rls__seed5__detect_all4,1efe02364dacd47e4d9a937957614582b8530ef56f2b525678988666500727b7,6c765cc69f3e4bb20e44be0e55caf8daf8c407d7d1c06515349b9d17ec1fddce,8cda5fd98865bccfe8601ace6f9a27d5a835513e,rmse_kg,328.53415373047994,kg
detectors,S4_step_fault,rls,6,10.0,True,S4_step_fault__rls__seed6__detect_cusum,edb8fb013b7aeb64e877b749783afa62d6864702f69cf9e7c539d6cd9df4f86d,f148dc11752161354c3021f05b1fe526c43baf276ba3893e2b36806f990aaf93,8cda5fd98865bccfe8601ace6f9a27d5a835513e,rmse_kg,349.7128459466342,kg
detectors,S4_step_fault,rls,6,10.0,True,S4_step_fault__rls__seed6__detect_ph,edb8fb013b7aeb64e877b749783afa62d6864702f69cf9e7c539d6cd9df4f86d,e5360505f8c49a15eebb5ef47f7d7477818e9b19f26155854e4ff574f74f5811,8cda5fd98865bccfe8601ace6f9a27d5a835513e,rmse_kg,349.7128459466342,kg
detectors,S4_step_fault,rls,6,10.0,True,S4_step_fault__rls__seed6__detect_adwin,edb8fb013b7aeb64e877b749783afa62d6864702f69cf9e7c539d6cd9df4f86d,ba90eb10e4e1f7500a344f9b4e5e676713fa49fa355f420971a75285e0b9c298,8cda5fd98865bccfe8601ace6f9a27d5a835513e,rmse_kg,371.3198481953487,kg
detectors,S4_step_fault,rls,6,10.0,True,S4_step_fault__rls__seed6__detect_ks,edb8fb013b7aeb64e877b749783afa62d6864702f69cf9e7c539d6cd9df4f86d,e68694c868384201c53bdaf13449887c7b05c2ad9ef5f3f7d7b8bf5cddc0bcb0,8cda5fd98865bccfe8601ace6f9a27d5a835513e,rmse_kg,349.7128459466342,kg
detectors,S4_step_fault,rls,6,10.0,True,S4_step_fault__rls__seed6__detect_all4,edb8fb013b7aeb64e877b749783afa62d6864702f69cf9e7c539d6cd9df4f86d,6c765cc69f3e4bb20e44be0e55caf8daf8c407d7d1c06515349b9d17ec1fddce,8cda5fd98865bccfe8601ace6f9a27d5a835513e,rmse_kg,349.7128459466342,kg
detectors,S4_step_fault,rls,7,10.0,True,S4_step_fault__rls__seed7__detect_cusum,5cf17843f3bfe6e9f5ce0f88df6e9f0fa19691e7d0781a28d2e0071debfacd13,f148dc11752161354c3021f05b1fe526c43baf276ba3893e2b36806f990aaf93,8cda5fd98865bccfe8601ace6f9a27d5a835513e,rmse_kg,332.6027888035004,kg
detectors,S4_step_fault,rls,7,10.0,True,S4_step_fault__rls__seed7__detect_ph,5cf17843f3bfe6e9f5ce0f88df6e9f0fa19691e7d0781a28d2e0071debfacd13,e5360505f8c49a15eebb5ef47f7d7477818e9b19f26155854e4ff574f74f5811,8cda5fd98865bccfe8601ace6f9a27d5a835513e,rmse_kg,332.6027888035004,kg
detectors,S4_step_fault,rls,7,10.0,True,S4_step_fault__rls__seed7__detect_adwin,5cf17843f3bfe6e9f5ce0f88df6e9f0fa19691e7d0781a28d2e0071debfacd13,ba90eb10e4e1f7500a344f9b4e5e676713fa49fa355f420971a75285e0b9c298,8cda5fd98865bccfe8601ace6f9a27d5a835513e,rmse_kg,332.6027888035004,kg
detectors,S4_step_fault,rls,7,10.0,True,S4_step_fault__rls__seed7__detect_ks,5cf17843f3bfe6e9f5ce0f88df6e9f0fa19691e7d0781a28d2e0071debfacd13,e68694c868384201c53bdaf13449887c7b05c2ad9ef5f3f7d7b8bf5cddc0bcb0,8cda5fd98865bccfe8601ace6f9a27d5a835513e,rmse_kg,332.6027888035004,kg
detectors,S4_step_fault,rls,7,10.0,True,S4_step_fault__rls__seed7__detect_all4,5cf17843f3bfe6e9f5ce0f88df6e9f0fa19691e7d0781a28d2e0071debfacd13,6c765cc69f3e4bb20e44be0e55caf8daf8c407d7d1c06515349b9d17ec1fddce,8cda5fd98865bccfe8601ace6f9a27d5a835513e,rmse_kg,332.6027888035004,kg
detectors,S4_step_fault,rls,8,10.0,True,S4_step_fault__rls__seed8__detect_cusum,4471998ed306e877216c6c1b12b8ba9d62e309093746866fb7f4d683dd3b0138,f148dc11752161354c3021f05b1fe526c43baf276ba3893e2b36806f990aaf93,8cda5fd98865bccfe8601ace6f9a27d5a835513e,rmse_kg,328.3153426806517,kg
detectors,S4_step_fault,rls,8,10.0,True,S4_step_fault__rls__seed8__detect_ph,4471998ed306e877216c6c1b12b8ba9d62e309093746866fb7f4d683dd3b0138,e5360505f8c49a15eebb5ef47f7d7477818e9b19f26155854e4ff574f74f5811,8cda5fd98865bccfe8601ace6f9a27d5a835513e,rmse_kg,328.3153426806517,kg
detectors,S4_step_fault,rls,8,10.0,True,S4_step_fault__rls__seed8__detect_adwin,4471998ed306e877216c6c1b12b8ba9d62e309093746866fb7f4d683dd3b0138,ba90eb10e4e1f7500a344f9b4e5e676713fa49fa355f420971a75285e0b9c298,8cda5fd98865bccfe8601ace6f9a27d5a835513e,rmse_kg,328.3153426806517,kg
detectors,S4_step_fault,rls,8,10.0,True,S4_step_fault__rls__seed8__detect_ks,4471998ed306e877216c6c1b12b8ba9d62e309093746866fb7f4d683dd3b0138,e68694c868384201c53bdaf13449887c7b05c2ad9ef5f3f7d7b8bf5cddc0bcb0,8cda5fd98865bccfe8601ace6f9a27d5a835513e,rmse_kg,328.3153426806517,kg
detectors,S4_step_fault,rls,8,10.0,True,S4_step_fault__rls__seed8__detect_all4,4471998ed306e877216c6c1b12b8ba9d62e309093746866fb7f4d683dd3b0138,6c765cc69f3e4bb20e44be0e55caf8daf8c407d7d1c06515349b9d17ec1fddce,8cda5fd98865bccfe8601ace6f9a27d5a835513e,rmse_kg,328.3153426806517,kg
detectors,S4_step_fault,rls,9,10.0,True,S4_step_fault__rls__seed9__detect_cusum,af86278540fa1654a3e5819e52691400963a2f43bbaf4be0dd151148c2836411,f148dc11752161354c3021f05b1fe526c43baf276ba3893e2b36806f990aaf93,8cda5fd98865bccfe8601ace6f9a27d5a835513e,rmse_kg,321.3683575359195,kg
detectors,S4_step_fault,rls,9,10.0,True,S4_step_fault__rls__seed9__detect_ph,af86278540fa1654a3e5819e52691400963a2f43bbaf4be0dd151148c2836411,e5360505f8c49a15eebb5ef47f7d7477818e9b19f26155854e4ff574f74f5811,8cda5fd98865bccfe8601ace6f9a27d5a835513e,rmse_kg,321.3683575359195,kg
detectors,S4_step_fault,rls,9,10.0,True,S4_step_fault__rls__seed9__detect_adwin,af86278540fa1654a3e5819e52691400963a2f43bbaf4be0dd151148c2836411,ba90eb10e4e1f7500a344f9b4e5e676713fa49fa355f420971a75285e0b9c298,8cda5fd98865bccfe8601ace6f9a27d5a835513e,rmse_kg,321.97213351372653,kg
detectors,S4_step_fault,rls,9,10.0,True,S4_step_fault__rls__seed9__detect_ks,af86278540fa1654a3e5819e52691400963a2f43bbaf4be0dd151148c2836411,e68694c868384201c53bdaf13449887c7b05c2ad9ef5f3f7d7b8bf5cddc0bcb0,8cda5fd98865bccfe8601ace6f9a27d5a835513e,rmse_kg,320.80232818922764,kg
detectors,S4_step_fault,rls,9,10.0,True,S4_step_fault__rls__seed9__detect_all4,af86278540fa1654a3e5819e52691400963a2f43bbaf4be0dd151148c2836411,6c765cc69f3e4bb20e44be0e55caf8daf8c407d7d1c06515349b9d17ec1fddce,8cda5fd98865bccfe8601ace6f9a27d5a835513e,rmse_kg,321.3683575359195,kg
detectors,S4_step_fault,rls,10,10.0,True,S4_step_fault__rls__seed10__detect_cusum,b97f4fa67d55b0a4900a4dc84b9f38b152ab85aa07d9118de95bac234f41360d,f148dc11752161354c3021f05b1fe526c43baf276ba3893e2b36806f990aaf93,8cda5fd98865bccfe8601ace6f9a27d5a835513e,rmse_kg,340.16726037768507,kg
detectors,S4_step_fault,rls,10,10.0,True,S4_step_fault__rls__seed10__detect_ph,b97f4fa67d55b0a4900a4dc84b9f38b152ab85aa07d9118de95bac234f41360d,e5360505f8c49a15eebb5ef47f7d7477818e9b19f26155854e4ff574f74f5811,8cda5fd98865bccfe8601ace6f9a27d5a835513e,rmse_kg,343.77372740067506,kg
detectors,S4_step_fault,rls,10,10.0,True,S4_step_fault__rls__seed10__detect_adwin,b97f4fa67d55b0a4900a4dc84b9f38b152ab85aa07d9118de95bac234f41360d,ba90eb10e4e1f7500a344f9b4e5e676713fa49fa355f420971a75285e0b9c298,8cda5fd98865bccfe8601ace6f9a27d5a835513e,rmse_kg,343.4818342862427,kg
detectors,S4_step_fault,rls,10,10.0,True,S4_step_fault__rls__seed10__detect_ks,b97f4fa67d55b0a4900a4dc84b9f38b152ab85aa07d9118de95bac234f41360d,e68694c868384201c53bdaf13449887c7b05c2ad9ef5f3f7d7b8bf5cddc0bcb0,8cda5fd98865bccfe8601ace6f9a27d5a835513e,rmse_kg,338.16704536955444,kg
detectors,S4_step_fault,rls,10,10.0,True,S4_step_fault__rls__seed10__detect_all4,b97f4fa67d55b0a4900a4dc84b9f38b152ab85aa07d9118de95bac234f41360d,6c765cc69f3e4bb20e44be0e55caf8daf8c407d7d1c06515349b9d17ec1fddce,8cda5fd98865bccfe8601ace6f9a27d5a835513e,rmse_kg,340.16726037768507,kg
detectors,S6_combined,rls,1,10.0,True,S6_combined__rls__seed1__detect_cusum,b3cf8d14b3aed8b1d65ab4497dcbfb879dbda2ce1da03bb07f6401c9b4b9bd4a,f148dc11752161354c3021f05b1fe526c43baf276ba3893e2b36806f990aaf93,8cda5fd98865bccfe8601ace6f9a27d5a835513e,rmse_kg,3669.736956301557,kg
detectors,S6_combined,rls,1,10.0,True,S6_combined__rls__seed1__detect_ph,b3cf8d14b3aed8b1d65ab4497dcbfb879dbda2ce1da03bb07f6401c9b4b9bd4a,e5360505f8c49a15eebb5ef47f7d7477818e9b19f26155854e4ff574f74f5811,8cda5fd98865bccfe8601ace6f9a27d5a835513e,rmse_kg,3669.736956301557,kg
detectors,S6_combined,rls,1,10.0,True,S6_combined__rls__seed1__detect_adwin,b3cf8d14b3aed8b1d65ab4497dcbfb879dbda2ce1da03bb07f6401c9b4b9bd4a,ba90eb10e4e1f7500a344f9b4e5e676713fa49fa355f420971a75285e0b9c298,8cda5fd98865bccfe8601ace6f9a27d5a835513e,rmse_kg,3669.736956301557,kg
detectors,S6_combined,rls,1,10.0,True,S6_combined__rls__seed1__detect_ks,b3cf8d14b3aed8b1d65ab4497dcbfb879dbda2ce1da03bb07f6401c9b4b9bd4a,e68694c868384201c53bdaf13449887c7b05c2ad9ef5f3f7d7b8bf5cddc0bcb0,8cda5fd98865bccfe8601ace6f9a27d5a835513e,rmse_kg,3669.736956301557,kg
detectors,S6_combined,rls,1,10.0,True,S6_combined__rls__seed1__detect_all4,b3cf8d14b3aed8b1d65ab4497dcbfb879dbda2ce1da03bb07f6401c9b4b9bd4a,6c765cc69f3e4bb20e44be0e55caf8daf8c407d7d1c06515349b9d17ec1fddce,8cda5fd98865bccfe8601ace6f9a27d5a835513e,rmse_kg,3669.736956301557,kg
detectors,S6_combined,rls,2,10.0,True,S6_combined__rls__seed2__detect_cusum,e4f7ab87faf6982be139dc8af97757bff8d540d357c41e3d06ec298e4dd75854,f148dc11752161354c3021f05b1fe526c43baf276ba3893e2b36806f990aaf93,8cda5fd98865bccfe8601ace6f9a27d5a835513e,rmse_kg,3457.171501262751,kg
detectors,S6_combined,rls,2,10.0,True,S6_combined__rls__seed2__detect_ph,e4f7ab87faf6982be139dc8af97757bff8d540d357c41e3d06ec298e4dd75854,e5360505f8c49a15eebb5ef47f7d7477818e9b19f26155854e4ff574f74f5811,8cda5fd98865bccfe8601ace6f9a27d5a835513e,rmse_kg,3457.171501262751,kg
detectors,S6_combined,rls,2,10.0,True,S6_combined__rls__seed2__detect_adwin,e4f7ab87faf6982be139dc8af97757bff8d540d357c41e3d06ec298e4dd75854,ba90eb10e4e1f7500a344f9b4e5e676713fa49fa355f420971a75285e0b9c298,8cda5fd98865bccfe8601ace6f9a27d5a835513e,rmse_kg,3457.171501262751,kg
detectors,S6_combined,rls,2,10.0,True,S6_combined__rls__seed2__detect_ks,e4f7ab87faf6982be139dc8af97757bff8d540d357c41e3d06ec298e4dd75854,e68694c868384201c53bdaf13449887c7b05c2ad9ef5f3f7d7b8bf5cddc0bcb0,8cda5fd98865bccfe8601ace6f9a27d5a835513e,rmse_kg,3457.171501262751,kg
detectors,S6_combined,rls,2,10.0,True,S6_combined__rls__seed2__detect_all4,e4f7ab87faf6982be139dc8af97757bff8d540d357c41e3d06ec298e4dd75854,6c765cc69f3e4bb20e44be0e55caf8daf8c407d7d1c06515349b9d17ec1fddce,8cda5fd98865bccfe8601ace6f9a27d5a835513e,rmse_kg,3457.171501262751,kg
detectors,S6_combined,rls,3,10.0,True,S6_combined__rls__seed3__detect_cusum,c371bfebbbdb510b204e19fcaedea3c47a4e8b6d77499f04ee6ac55d13fed988,f148dc11752161354c3021f05b1fe526c43baf276ba3893e2b36806f990aaf93,8cda5fd98865bccfe8601ace6f9a27d5a835513e,rmse_kg,3272.5261411282054,kg
detectors,S6_combined,rls,3,10.0,True,S6_combined__rls__seed3__detect_ph,c371bfebbbdb510b204e19fcaedea3c47a4e8b6d77499f04ee6ac55d13fed988,e5360505f8c49a15eebb5ef47f7d7477818e9b19f26155854e4ff574f74f5811,8cda5fd98865bccfe8601ace6f9a27d5a835513e,rmse_kg,3284.1051617000503,kg
detectors,S6_combined,rls,3,10.0,True,S6_combined__rls__seed3__detect_adwin,c371bfebbbdb510b204e19fcaedea3c47a4e8b6d77499f04ee6ac55d13fed988,ba90eb10e4e1f7500a344f9b4e5e676713fa49fa355f420971a75285e0b9c298,8cda5fd98865bccfe8601ace6f9a27d5a835513e,rmse_kg,3284.1051617000503,kg
detectors,S6_combined,rls,3,10.0,True,S6_combined__rls__seed3__detect_ks,c371bfebbbdb510b204e19fcaedea3c47a4e8b6d77499f04ee6ac55d13fed988,e68694c868384201c53bdaf13449887c7b05c2ad9ef5f3f7d7b8bf5cddc0bcb0,8cda5fd98865bccfe8601ace6f9a27d5a835513e,rmse_kg,3284.1051617000503,kg
detectors,S6_combined,rls,3,10.0,True,S6_combined__rls__seed3__detect_all4,c371bfebbbdb510b204e19fcaedea3c47a4e8b6d77499f04ee6ac55d13fed988,6c765cc69f3e4bb20e44be0e55caf8daf8c407d7d1c06515349b9d17ec1fddce,8cda5fd98865bccfe8601ace6f9a27d5a835513e,rmse_kg,3272.5261411282054,kg
detectors,S6_combined,rls,4,10.0,True,S6_combined__rls__seed4__detect_cusum,091893e2b20fe4f1f4ec71b10a24db6c43dabefaa37c7ef75c67f5a78f00f2b7,f148dc11752161354c3021f05b1fe526c43baf276ba3893e2b36806f990aaf93,8cda5fd98865bccfe8601ace6f9a27d5a835513e,rmse_kg,3472.504351853033,kg
detectors,S6_combined,rls,4,10.0,True,S6_combined__rls__seed4__detect_ph,091893e2b20fe4f1f4ec71b10a24db6c43dabefaa37c7ef75c67f5a78f00f2b7,e5360505f8c49a15eebb5ef47f7d7477818e9b19f26155854e4ff574f74f5811,8cda5fd98865bccfe8601ace6f9a27d5a835513e,rmse_kg,3472.504351853033,kg
detectors,S6_combined,rls,4,10.0,True,S6_combined__rls__seed4__detect_adwin,091893e2b20fe4f1f4ec71b10a24db6c43dabefaa37c7ef75c67f5a78f00f2b7,ba90eb10e4e1f7500a344f9b4e5e676713fa49fa355f420971a75285e0b9c298,8cda5fd98865bccfe8601ace6f9a27d5a835513e,rmse_kg,3472.504351853033,kg
detectors,S6_combined,rls,4,10.0,True,S6_combined__rls__seed4__detect_ks,091893e2b20fe4f1f4ec71b10a24db6c43dabefaa37c7ef75c67f5a78f00f2b7,e68694c868384201c53bdaf13449887c7b05c2ad9ef5f3f7d7b8bf5cddc0bcb0,8cda5fd98865bccfe8601ace6f9a27d5a835513e,rmse_kg,3472.504351853033,kg
detectors,S6_combined,rls,4,10.0,True,S6_combined__rls__seed4__detect_all4,091893e2b20fe4f1f4ec71b10a24db6c43dabefaa37c7ef75c67f5a78f00f2b7,6c765cc69f3e4bb20e44be0e55caf8daf8c407d7d1c06515349b9d17ec1fddce,8cda5fd98865bccfe8601ace6f9a27d5a835513e,rmse_kg,3472.504351853033,kg
detectors,S6_combined,rls,5,10.0,True,S6_combined__rls__seed5__detect_cusum,c1d9d4a7d46d9a42ad59de704b5ae8b21c9bf2f17d4576d9bfa6e10e6c6f4b13,f148dc11752161354c3021f05b1fe526c43baf276ba3893e2b36806f990aaf93,8cda5fd98865bccfe8601ace6f9a27d5a835513e,rmse_kg,3520.693877594117,kg
detectors,S6_combined,rls,5,10.0,True,S6_combined__rls__seed5__detect_ph,c1d9d4a7d46d9a42ad59de704b5ae8b21c9bf2f17d4576d9bfa6e10e6c6f4b13,e5360505f8c49a15eebb5ef47f7d7477818e9b19f26155854e4ff574f74f5811,8cda5fd98865bccfe8601ace6f9a27d5a835513e,rmse_kg,3520.693877594117,kg
detectors,S6_combined,rls,5,10.0,True,S6_combined__rls__seed5__detect_adwin,c1d9d4a7d46d9a42ad59de704b5ae8b21c9bf2f17d4576d9bfa6e10e6c6f4b13,ba90eb10e4e1f7500a344f9b4e5e676713fa49fa355f420971a75285e0b9c298,8cda5fd98865bccfe8601ace6f9a27d5a835513e,rmse_kg,3520.693877594117,kg
detectors,S6_combined,rls,5,10.0,True,S6_combined__rls__seed5__detect_ks,c1d9d4a7d46d9a42ad59de704b5ae8b21c9bf2f17d4576d9bfa6e10e6c6f4b13,e68694c868384201c53bdaf13449887c7b05c2ad9ef5f3f7d7b8bf5cddc0bcb0,8cda5fd98865bccfe8601ace6f9a27d5a835513e,rmse_kg,3520.693877594117,kg
detectors,S6_combined,rls,5,10.0,True,S6_combined__rls__seed5__detect_all4,c1d9d4a7d46d9a42ad59de704b5ae8b21c9bf2f17d4576d9bfa6e10e6c6f4b13,6c765cc69f3e4bb20e44be0e55caf8daf8c407d7d1c06515349b9d17ec1fddce,8cda5fd98865bccfe8601ace6f9a27d5a835513e,rmse_kg,3520.693877594117,kg
detectors,S6_combined,rls,6,10.0,True,S6_combined__rls__seed6__detect_cusum,8fbcb1374a66e26dea4a0e8dbcf64db42ebcd88dd11b5cd3bb5d44e8d4b0665a,f148dc11752161354c3021f05b1fe526c43baf276ba3893e2b36806f990aaf93,8cda5fd98865bccfe8601ace6f9a27d5a835513e,rmse_kg,3224.1262303781496,kg
detectors,S6_combined,rls,6,10.0,True,S6_combined__rls__seed6__detect_ph,8fbcb1374a66e26dea4a0e8dbcf64db42ebcd88dd11b5cd3bb5d44e8d4b0665a,e5360505f8c49a15eebb5ef47f7d7477818e9b19f26155854e4ff574f74f5811,8cda5fd98865bccfe8601ace6f9a27d5a835513e,rmse_kg,3224.1262303781496,kg
detectors,S6_combined,rls,6,10.0,True,S6_combined__rls__seed6__detect_adwin,8fbcb1374a66e26dea4a0e8dbcf64db42ebcd88dd11b5cd3bb5d44e8d4b0665a,ba90eb10e4e1f7500a344f9b4e5e676713fa49fa355f420971a75285e0b9c298,8cda5fd98865bccfe8601ace6f9a27d5a835513e,rmse_kg,3222.442427161207,kg
detectors,S6_combined,rls,6,10.0,True,S6_combined__rls__seed6__detect_ks,8fbcb1374a66e26dea4a0e8dbcf64db42ebcd88dd11b5cd3bb5d44e8d4b0665a,e68694c868384201c53bdaf13449887c7b05c2ad9ef5f3f7d7b8bf5cddc0bcb0,8cda5fd98865bccfe8601ace6f9a27d5a835513e,rmse_kg,3227.477909617646,kg
detectors,S6_combined,rls,6,10.0,True,S6_combined__rls__seed6__detect_all4,8fbcb1374a66e26dea4a0e8dbcf64db42ebcd88dd11b5cd3bb5d44e8d4b0665a,6c765cc69f3e4bb20e44be0e55caf8daf8c407d7d1c06515349b9d17ec1fddce,8cda5fd98865bccfe8601ace6f9a27d5a835513e,rmse_kg,3224.1262303781496,kg
detectors,S6_combined,rls,7,10.0,True,S6_combined__rls__seed7__detect_cusum,eb12037c60287858e9925e83fcaf2aa6789246ee5a2aa0c936402930de58eb1c,f148dc11752161354c3021f05b1fe526c43baf276ba3893e2b36806f990aaf93,8cda5fd98865bccfe8601ace6f9a27d5a835513e,rmse_kg,3555.8429209673914,kg
detectors,S6_combined,rls,7,10.0,True,S6_combined__rls__seed7__detect_ph,eb12037c60287858e9925e83fcaf2aa6789246ee5a2aa0c936402930de58eb1c,e5360505f8c49a15eebb5ef47f7d7477818e9b19f26155854e4ff574f74f5811,8cda5fd98865bccfe8601ace6f9a27d5a835513e,rmse_kg,3556.374624088571,kg
detectors,S6_combined,rls,7,10.0,True,S6_combined__rls__seed7__detect_adwin,eb12037c60287858e9925e83fcaf2aa6789246ee5a2aa0c936402930de58eb1c,ba90eb10e4e1f7500a344f9b4e5e676713fa49fa355f420971a75285e0b9c298,8cda5fd98865bccfe8601ace6f9a27d5a835513e,rmse_kg,3556.3941116484516,kg
detectors,S6_combined,rls,7,10.0,True,S6_combined__rls__seed7__detect_ks,eb12037c60287858e9925e83fcaf2aa6789246ee5a2aa0c936402930de58eb1c,e68694c868384201c53bdaf13449887c7b05c2ad9ef5f3f7d7b8bf5cddc0bcb0,8cda5fd98865bccfe8601ace6f9a27d5a835513e,rmse_kg,3549.21109509105,kg
detectors,S6_combined,rls,7,10.0,True,S6_combined__rls__seed7__detect_all4,eb12037c60287858e9925e83fcaf2aa6789246ee5a2aa0c936402930de58eb1c,6c765cc69f3e4bb20e44be0e55caf8daf8c407d7d1c06515349b9d17ec1fddce,8cda5fd98865bccfe8601ace6f9a27d5a835513e,rmse_kg,3555.8429209673914,kg
detectors,S6_combined,rls,8,10.0,True,S6_combined__rls__seed8__detect_cusum,da4740837e6cf85b5c7d22d84cf556133cbff181edcbfd4d107db823d7c1f164,f148dc11752161354c3021f05b1fe526c43baf276ba3893e2b36806f990aaf93,8cda5fd98865bccfe8601ace6f9a27d5a835513e,rmse_kg,3585.534516953708,kg
detectors,S6_combined,rls,8,10.0,True,S6_combined__rls__seed8__detect_ph,da4740837e6cf85b5c7d22d84cf556133cbff181edcbfd4d107db823d7c1f164,e5360505f8c49a15eebb5ef47f7d7477818e9b19f26155854e4ff574f74f5811,8cda5fd98865bccfe8601ace6f9a27d5a835513e,rmse_kg,3580.6865302854453,kg
detectors,S6_combined,rls,8,10.0,True,S6_combined__rls__seed8__detect_adwin,da4740837e6cf85b5c7d22d84cf556133cbff181edcbfd4d107db823d7c1f164,ba90eb10e4e1f7500a344f9b4e5e676713fa49fa355f420971a75285e0b9c298,8cda5fd98865bccfe8601ace6f9a27d5a835513e,rmse_kg,3580.6865302854453,kg
detectors,S6_combined,rls,8,10.0,True,S6_combined__rls__seed8__detect_ks,da4740837e6cf85b5c7d22d84cf556133cbff181edcbfd4d107db823d7c1f164,e68694c868384201c53bdaf13449887c7b05c2ad9ef5f3f7d7b8bf5cddc0bcb0,8cda5fd98865bccfe8601ace6f9a27d5a835513e,rmse_kg,3585.534516953708,kg
detectors,S6_combined,rls,8,10.0,True,S6_combined__rls__seed8__detect_all4,da4740837e6cf85b5c7d22d84cf556133cbff181edcbfd4d107db823d7c1f164,6c765cc69f3e4bb20e44be0e55caf8daf8c407d7d1c06515349b9d17ec1fddce,8cda5fd98865bccfe8601ace6f9a27d5a835513e,rmse_kg,3580.6865302854453,kg
detectors,S6_combined,rls,9,10.0,True,S6_combined__rls__seed9__detect_cusum,29718e114c21c01b04a983f185bbf01430cfac8dd9e8b5808281b0434dac26fc,f148dc11752161354c3021f05b1fe526c43baf276ba3893e2b36806f990aaf93,8cda5fd98865bccfe8601ace6f9a27d5a835513e,rmse_kg,4056.0716372601723,kg
detectors,S6_combined,rls,9,10.0,True,S6_combined__rls__seed9__detect_ph,29718e114c21c01b04a983f185bbf01430cfac8dd9e8b5808281b0434dac26fc,e5360505f8c49a15eebb5ef47f7d7477818e9b19f26155854e4ff574f74f5811,8cda5fd98865bccfe8601ace6f9a27d5a835513e,rmse_kg,4056.3710045817697,kg
detectors,S6_combined,rls,9,10.0,True,S6_combined__rls__seed9__detect_adwin,29718e114c21c01b04a983f185bbf01430cfac8dd9e8b5808281b0434dac26fc,ba90eb10e4e1f7500a344f9b4e5e676713fa49fa355f420971a75285e0b9c298,8cda5fd98865bccfe8601ace6f9a27d5a835513e,rmse_kg,4056.5320530797426,kg
detectors,S6_combined,rls,9,10.0,True,S6_combined__rls__seed9__detect_ks,29718e114c21c01b04a983f185bbf01430cfac8dd9e8b5808281b0434dac26fc,e68694c868384201c53bdaf13449887c7b05c2ad9ef5f3f7d7b8bf5cddc0bcb0,8cda5fd98865bccfe8601ace6f9a27d5a835513e,rmse_kg,4061.994922104998,kg
detectors,S6_combined,rls,9,10.0,True,S6_combined__rls__seed9__detect_all4,29718e114c21c01b04a983f185bbf01430cfac8dd9e8b5808281b0434dac26fc,6c765cc69f3e4bb20e44be0e55caf8daf8c407d7d1c06515349b9d17ec1fddce,8cda5fd98865bccfe8601ace6f9a27d5a835513e,rmse_kg,4056.0716372601723,kg
detectors,S6_combined,rls,10,10.0,True,S6_combined__rls__seed10__detect_cusum,4054ab96937dfc6eef3c9c4f46347db001fd4eea59432509f786c95b51d12234,f148dc11752161354c3021f05b1fe526c43baf276ba3893e2b36806f990aaf93,8cda5fd98865bccfe8601ace6f9a27d5a835513e,rmse_kg,3529.1136475001013,kg
detectors,S6_combined,rls,10,10.0,True,S6_combined__rls__seed10__detect_ph,4054ab96937dfc6eef3c9c4f46347db001fd4eea59432509f786c95b51d12234,e5360505f8c49a15eebb5ef47f7d7477818e9b19f26155854e4ff574f74f5811,8cda5fd98865bccfe8601ace6f9a27d5a835513e,rmse_kg,3529.1136475001013,kg
detectors,S6_combined,rls,10,10.0,True,S6_combined__rls__seed10__detect_adwin,4054ab96937dfc6eef3c9c4f46347db001fd4eea59432509f786c95b51d12234,ba90eb10e4e1f7500a344f9b4e5e676713fa49fa355f420971a75285e0b9c298,8cda5fd98865bccfe8601ace6f9a27d5a835513e,rmse_kg,3529.1136475001013,kg
detectors,S6_combined,rls,10,10.0,True,S6_combined__rls__seed10__detect_ks,4054ab96937dfc6eef3c9c4f46347db001fd4eea59432509f786c95b51d12234,e68694c868384201c53bdaf13449887c7b05c2ad9ef5f3f7d7b8bf5cddc0bcb0,8cda5fd98865bccfe8601ace6f9a27d5a835513e,rmse_kg,3529.1136475001013,kg
detectors,S6_combined,rls,10,10.0,True,S6_combined__rls__seed10__detect_all4,4054ab96937dfc6eef3c9c4f46347db001fd4eea59432509f786c95b51d12234,6c765cc69f3e4bb20e44be0e55caf8daf8c407d7d1c06515349b9d17ec1fddce,8cda5fd98865bccfe8601ace6f9a27d5a835513e,rmse_kg,3529.1136475001013,kg
detectors,S4_step_fault,rls,1,10.0,True,S4_step_fault__rls__seed1__detect_cusum,7d29a6d7dca932314e512c265e0e559ec6cc02e548aa25349a95d1f29dbf9ef1,f148dc11752161354c3021f05b1fe526c43baf276ba3893e2b36806f990aaf93,8cda5fd98865bccfe8601ace6f9a27d5a835513e,bias_kg,-8.775782478485814,kg
detectors,S4_step_fault,rls,1,10.0,True,S4_step_fault__rls__seed1__detect_ph,7d29a6d7dca932314e512c265e0e559ec6cc02e548aa25349a95d1f29dbf9ef1,e5360505f8c49a15eebb5ef47f7d7477818e9b19f26155854e4ff574f74f5811,8cda5fd98865bccfe8601ace6f9a27d5a835513e,bias_kg,-41.75432650370831,kg
detectors,S4_step_fault,rls,1,10.0,True,S4_step_fault__rls__seed1__detect_adwin,7d29a6d7dca932314e512c265e0e559ec6cc02e548aa25349a95d1f29dbf9ef1,ba90eb10e4e1f7500a344f9b4e5e676713fa49fa355f420971a75285e0b9c298,8cda5fd98865bccfe8601ace6f9a27d5a835513e,bias_kg,-41.75432650370831,kg
detectors,S4_step_fault,rls,1,10.0,True,S4_step_fault__rls__seed1__detect_ks,7d29a6d7dca932314e512c265e0e559ec6cc02e548aa25349a95d1f29dbf9ef1,e68694c868384201c53bdaf13449887c7b05c2ad9ef5f3f7d7b8bf5cddc0bcb0,8cda5fd98865bccfe8601ace6f9a27d5a835513e,bias_kg,-41.75432650370831,kg
detectors,S4_step_fault,rls,1,10.0,True,S4_step_fault__rls__seed1__detect_all4,7d29a6d7dca932314e512c265e0e559ec6cc02e548aa25349a95d1f29dbf9ef1,6c765cc69f3e4bb20e44be0e55caf8daf8c407d7d1c06515349b9d17ec1fddce,8cda5fd98865bccfe8601ace6f9a27d5a835513e,bias_kg,-8.775782478485814,kg
detectors,S4_step_fault,rls,2,10.0,True,S4_step_fault__rls__seed2__detect_cusum,adc80992e5ad2b0074c2ccb5fd189429c3fd11d2d51d242aa1caec078b0db1d2,f148dc11752161354c3021f05b1fe526c43baf276ba3893e2b36806f990aaf93,8cda5fd98865bccfe8601ace6f9a27d5a835513e,bias_kg,17.375762983867617,kg
detectors,S4_step_fault,rls,2,10.0,True,S4_step_fault__rls__seed2__detect_ph,adc80992e5ad2b0074c2ccb5fd189429c3fd11d2d51d242aa1caec078b0db1d2,e5360505f8c49a15eebb5ef47f7d7477818e9b19f26155854e4ff574f74f5811,8cda5fd98865bccfe8601ace6f9a27d5a835513e,bias_kg,-5.68695925897993,kg
detectors,S4_step_fault,rls,2,10.0,True,S4_step_fault__rls__seed2__detect_adwin,adc80992e5ad2b0074c2ccb5fd189429c3fd11d2d51d242aa1caec078b0db1d2,ba90eb10e4e1f7500a344f9b4e5e676713fa49fa355f420971a75285e0b9c298,8cda5fd98865bccfe8601ace6f9a27d5a835513e,bias_kg,-5.68695925897993,kg
detectors,S4_step_fault,rls,2,10.0,True,S4_step_fault__rls__seed2__detect_ks,adc80992e5ad2b0074c2ccb5fd189429c3fd11d2d51d242aa1caec078b0db1d2,e68694c868384201c53bdaf13449887c7b05c2ad9ef5f3f7d7b8bf5cddc0bcb0,8cda5fd98865bccfe8601ace6f9a27d5a835513e,bias_kg,-5.68695925897993,kg
detectors,S4_step_fault,rls,2,10.0,True,S4_step_fault__rls__seed2__detect_all4,adc80992e5ad2b0074c2ccb5fd189429c3fd11d2d51d242aa1caec078b0db1d2,6c765cc69f3e4bb20e44be0e55caf8daf8c407d7d1c06515349b9d17ec1fddce,8cda5fd98865bccfe8601ace6f9a27d5a835513e,bias_kg,17.375762983867617,kg
detectors,S4_step_fault,rls,3,10.0,True,S4_step_fault__rls__seed3__detect_cusum,755a0aa70d2f3fe05534c8cb137d5df18ed16325d4692fc840c3daee2c8a8c92,f148dc11752161354c3021f05b1fe526c43baf276ba3893e2b36806f990aaf93,8cda5fd98865bccfe8601ace6f9a27d5a835513e,bias_kg,-40.954159041442075,kg
detectors,S4_step_fault,rls,3,10.0,True,S4_step_fault__rls__seed3__detect_ph,755a0aa70d2f3fe05534c8cb137d5df18ed16325d4692fc840c3daee2c8a8c92,e5360505f8c49a15eebb5ef47f7d7477818e9b19f26155854e4ff574f74f5811,8cda5fd98865bccfe8601ace6f9a27d5a835513e,bias_kg,-40.954159041442075,kg
detectors,S4_step_fault,rls,3,10.0,True,S4_step_fault__rls__seed3__detect_adwin,755a0aa70d2f3fe05534c8cb137d5df18ed16325d4692fc840c3daee2c8a8c92,ba90eb10e4e1f7500a344f9b4e5e676713fa49fa355f420971a75285e0b9c298,8cda5fd98865bccfe8601ace6f9a27d5a835513e,bias_kg,-40.954159041442075,kg
detectors,S4_step_fault,rls,3,10.0,True,S4_step_fault__rls__seed3__detect_ks,755a0aa70d2f3fe05534c8cb137d5df18ed16325d4692fc840c3daee2c8a8c92,e68694c868384201c53bdaf13449887c7b05c2ad9ef5f3f7d7b8bf5cddc0bcb0,8cda5fd98865bccfe8601ace6f9a27d5a835513e,bias_kg,-40.954159041442075,kg
detectors,S4_step_fault,rls,3,10.0,True,S4_step_fault__rls__seed3__detect_all4,755a0aa70d2f3fe05534c8cb137d5df18ed16325d4692fc840c3daee2c8a8c92,6c765cc69f3e4bb20e44be0e55caf8daf8c407d7d1c06515349b9d17ec1fddce,8cda5fd98865bccfe8601ace6f9a27d5a835513e,bias_kg,-40.954159041442075,kg
detectors,S4_step_fault,rls,4,10.0,True,S4_step_fault__rls__seed4__detect_cusum,57d0146db86c059173927b479ffa5908a6e01f3cdeb9f10b63e58e983cd88fb2,f148dc11752161354c3021f05b1fe526c43baf276ba3893e2b36806f990aaf93,8cda5fd98865bccfe8601ace6f9a27d5a835513e,bias_kg,-3.7023234179974076,kg
detectors,S4_step_fault,rls,4,10.0,True,S4_step_fault__rls__seed4__detect_ph,57d0146db86c059173927b479ffa5908a6e01f3cdeb9f10b63e58e983cd88fb2,e5360505f8c49a15eebb5ef47f7d7477818e9b19f26155854e4ff574f74f5811,8cda5fd98865bccfe8601ace6f9a27d5a835513e,bias_kg,-26.939354920488718,kg
detectors,S4_step_fault,rls,4,10.0,True,S4_step_fault__rls__seed4__detect_adwin,57d0146db86c059173927b479ffa5908a6e01f3cdeb9f10b63e58e983cd88fb2,ba90eb10e4e1f7500a344f9b4e5e676713fa49fa355f420971a75285e0b9c298,8cda5fd98865bccfe8601ace6f9a27d5a835513e,bias_kg,-26.939354920488718,kg
detectors,S4_step_fault,rls,4,10.0,True,S4_step_fault__rls__seed4__detect_ks,57d0146db86c059173927b479ffa5908a6e01f3cdeb9f10b63e58e983cd88fb2,e68694c868384201c53bdaf13449887c7b05c2ad9ef5f3f7d7b8bf5cddc0bcb0,8cda5fd98865bccfe8601ace6f9a27d5a835513e,bias_kg,-26.939354920488718,kg
detectors,S4_step_fault,rls,4,10.0,True,S4_step_fault__rls__seed4__detect_all4,57d0146db86c059173927b479ffa5908a6e01f3cdeb9f10b63e58e983cd88fb2,6c765cc69f3e4bb20e44be0e55caf8daf8c407d7d1c06515349b9d17ec1fddce,8cda5fd98865bccfe8601ace6f9a27d5a835513e,bias_kg,-3.7023234179974076,kg
detectors,S4_step_fault,rls,5,10.0,True,S4_step_fault__rls__seed5__detect_cusum,1efe02364dacd47e4d9a937957614582b8530ef56f2b525678988666500727b7,f148dc11752161354c3021f05b1fe526c43baf276ba3893e2b36806f990aaf93,8cda5fd98865bccfe8601ace6f9a27d5a835513e,bias_kg,-32.40353852843975,kg
detectors,S4_step_fault,rls,5,10.0,True,S4_step_fault__rls__seed5__detect_ph,1efe02364dacd47e4d9a937957614582b8530ef56f2b525678988666500727b7,e5360505f8c49a15eebb5ef47f7d7477818e9b19f26155854e4ff574f74f5811,8cda5fd98865bccfe8601ace6f9a27d5a835513e,bias_kg,-32.40353852843975,kg
detectors,S4_step_fault,rls,5,10.0,True,S4_step_fault__rls__seed5__detect_adwin,1efe02364dacd47e4d9a937957614582b8530ef56f2b525678988666500727b7,ba90eb10e4e1f7500a344f9b4e5e676713fa49fa355f420971a75285e0b9c298,8cda5fd98865bccfe8601ace6f9a27d5a835513e,bias_kg,-32.40353852843975,kg
detectors,S4_step_fault,rls,5,10.0,True,S4_step_fault__rls__seed5__detect_ks,1efe02364dacd47e4d9a937957614582b8530ef56f2b525678988666500727b7,e68694c868384201c53bdaf13449887c7b05c2ad9ef5f3f7d7b8bf5cddc0bcb0,8cda5fd98865bccfe8601ace6f9a27d5a835513e,bias_kg,-32.40353852843975,kg
detectors,S4_step_fault,rls,5,10.0,True,S4_step_fault__rls__seed5__detect_all4,1efe02364dacd47e4d9a937957614582b8530ef56f2b525678988666500727b7,6c765cc69f3e4bb20e44be0e55caf8daf8c407d7d1c06515349b9d17ec1fddce,8cda5fd98865bccfe8601ace6f9a27d5a835513e,bias_kg,-32.40353852843975,kg
detectors,S4_step_fault,rls,6,10.0,True,S4_step_fault__rls__seed6__detect_cusum,edb8fb013b7aeb64e877b749783afa62d6864702f69cf9e7c539d6cd9df4f86d,f148dc11752161354c3021f05b1fe526c43baf276ba3893e2b36806f990aaf93,8cda5fd98865bccfe8601ace6f9a27d5a835513e,bias_kg,-45.42677797109383,kg
detectors,S4_step_fault,rls,6,10.0,True,S4_step_fault__rls__seed6__detect_ph,edb8fb013b7aeb64e877b749783afa62d6864702f69cf9e7c539d6cd9df4f86d,e5360505f8c49a15eebb5ef47f7d7477818e9b19f26155854e4ff574f74f5811,8cda5fd98865bccfe8601ace6f9a27d5a835513e,bias_kg,-45.42677797109383,kg
detectors,S4_step_fault,rls,6,10.0,True,S4_step_fault__rls__seed6__detect_adwin,edb8fb013b7aeb64e877b749783afa62d6864702f69cf9e7c539d6cd9df4f86d,ba90eb10e4e1f7500a344f9b4e5e676713fa49fa355f420971a75285e0b9c298,8cda5fd98865bccfe8601ace6f9a27d5a835513e,bias_kg,-4.460413428269108,kg
detectors,S4_step_fault,rls,6,10.0,True,S4_step_fault__rls__seed6__detect_ks,edb8fb013b7aeb64e877b749783afa62d6864702f69cf9e7c539d6cd9df4f86d,e68694c868384201c53bdaf13449887c7b05c2ad9ef5f3f7d7b8bf5cddc0bcb0,8cda5fd98865bccfe8601ace6f9a27d5a835513e,bias_kg,-45.42677797109383,kg
detectors,S4_step_fault,rls,6,10.0,True,S4_step_fault__rls__seed6__detect_all4,edb8fb013b7aeb64e877b749783afa62d6864702f69cf9e7c539d6cd9df4f86d,6c765cc69f3e4bb20e44be0e55caf8daf8c407d7d1c06515349b9d17ec1fddce,8cda5fd98865bccfe8601ace6f9a27d5a835513e,bias_kg,-45.42677797109383,kg
detectors,S4_step_fault,rls,7,10.0,True,S4_step_fault__rls__seed7__detect_cusum,5cf17843f3bfe6e9f5ce0f88df6e9f0fa19691e7d0781a28d2e0071debfacd13,f148dc11752161354c3021f05b1fe526c43baf276ba3893e2b36806f990aaf93,8cda5fd98865bccfe8601ace6f9a27d5a835513e,bias_kg,-57.24732648094179,kg
detectors,S4_step_fault,rls,7,10.0,True,S4_step_fault__rls__seed7__detect_ph,5cf17843f3bfe6e9f5ce0f88df6e9f0fa19691e7d0781a28d2e0071debfacd13,e5360505f8c49a15eebb5ef47f7d7477818e9b19f26155854e4ff574f74f5811,8cda5fd98865bccfe8601ace6f9a27d5a835513e,bias_kg,-57.24732648094179,kg
detectors,S4_step_fault,rls,7,10.0,True,S4_step_fault__rls__seed7__detect_adwin,5cf17843f3bfe6e9f5ce0f88df6e9f0fa19691e7d0781a28d2e0071debfacd13,ba90eb10e4e1f7500a344f9b4e5e676713fa49fa355f420971a75285e0b9c298,8cda5fd98865bccfe8601ace6f9a27d5a835513e,bias_kg,-57.24732648094179,kg
detectors,S4_step_fault,rls,7,10.0,True,S4_step_fault__rls__seed7__detect_ks,5cf17843f3bfe6e9f5ce0f88df6e9f0fa19691e7d0781a28d2e0071debfacd13,e68694c868384201c53bdaf13449887c7b05c2ad9ef5f3f7d7b8bf5cddc0bcb0,8cda5fd98865bccfe8601ace6f9a27d5a835513e,bias_kg,-57.24732648094179,kg
detectors,S4_step_fault,rls,7,10.0,True,S4_step_fault__rls__seed7__detect_all4,5cf17843f3bfe6e9f5ce0f88df6e9f0fa19691e7d0781a28d2e0071debfacd13,6c765cc69f3e4bb20e44be0e55caf8daf8c407d7d1c06515349b9d17ec1fddce,8cda5fd98865bccfe8601ace6f9a27d5a835513e,bias_kg,-57.24732648094179,kg
detectors,S4_step_fault,rls,8,10.0,True,S4_step_fault__rls__seed8__detect_cusum,4471998ed306e877216c6c1b12b8ba9d62e309093746866fb7f4d683dd3b0138,f148dc11752161354c3021f05b1fe526c43baf276ba3893e2b36806f990aaf93,8cda5fd98865bccfe8601ace6f9a27d5a835513e,bias_kg,-18.294716891528857,kg
detectors,S4_step_fault,rls,8,10.0,True,S4_step_fault__rls__seed8__detect_ph,4471998ed306e877216c6c1b12b8ba9d62e309093746866fb7f4d683dd3b0138,e5360505f8c49a15eebb5ef47f7d7477818e9b19f26155854e4ff574f74f5811,8cda5fd98865bccfe8601ace6f9a27d5a835513e,bias_kg,-18.294716891528857,kg
detectors,S4_step_fault,rls,8,10.0,True,S4_step_fault__rls__seed8__detect_adwin,4471998ed306e877216c6c1b12b8ba9d62e309093746866fb7f4d683dd3b0138,ba90eb10e4e1f7500a344f9b4e5e676713fa49fa355f420971a75285e0b9c298,8cda5fd98865bccfe8601ace6f9a27d5a835513e,bias_kg,-18.294716891528857,kg
detectors,S4_step_fault,rls,8,10.0,True,S4_step_fault__rls__seed8__detect_ks,4471998ed306e877216c6c1b12b8ba9d62e309093746866fb7f4d683dd3b0138,e68694c868384201c53bdaf13449887c7b05c2ad9ef5f3f7d7b8bf5cddc0bcb0,8cda5fd98865bccfe8601ace6f9a27d5a835513e,bias_kg,-18.294716891528857,kg
detectors,S4_step_fault,rls,8,10.0,True,S4_step_fault__rls__seed8__detect_all4,4471998ed306e877216c6c1b12b8ba9d62e309093746866fb7f4d683dd3b0138,6c765cc69f3e4bb20e44be0e55caf8daf8c407d7d1c06515349b9d17ec1fddce,8cda5fd98865bccfe8601ace6f9a27d5a835513e,bias_kg,-18.294716891528857,kg
detectors,S4_step_fault,rls,9,10.0,True,S4_step_fault__rls__seed9__detect_cusum,af86278540fa1654a3e5819e52691400963a2f43bbaf4be0dd151148c2836411,f148dc11752161354c3021f05b1fe526c43baf276ba3893e2b36806f990aaf93,8cda5fd98865bccfe8601ace6f9a27d5a835513e,bias_kg,-18.270313418097672,kg
detectors,S4_step_fault,rls,9,10.0,True,S4_step_fault__rls__seed9__detect_ph,af86278540fa1654a3e5819e52691400963a2f43bbaf4be0dd151148c2836411,e5360505f8c49a15eebb5ef47f7d7477818e9b19f26155854e4ff574f74f5811,8cda5fd98865bccfe8601ace6f9a27d5a835513e,bias_kg,-18.270313418097672,kg
detectors,S4_step_fault,rls,9,10.0,True,S4_step_fault__rls__seed9__detect_adwin,af86278540fa1654a3e5819e52691400963a2f43bbaf4be0dd151148c2836411,ba90eb10e4e1f7500a344f9b4e5e676713fa49fa355f420971a75285e0b9c298,8cda5fd98865bccfe8601ace6f9a27d5a835513e,bias_kg,-21.633575755986882,kg
detectors,S4_step_fault,rls,9,10.0,True,S4_step_fault__rls__seed9__detect_ks,af86278540fa1654a3e5819e52691400963a2f43bbaf4be0dd151148c2836411,e68694c868384201c53bdaf13449887c7b05c2ad9ef5f3f7d7b8bf5cddc0bcb0,8cda5fd98865bccfe8601ace6f9a27d5a835513e,bias_kg,-41.2862498391332,kg
detectors,S4_step_fault,rls,9,10.0,True,S4_step_fault__rls__seed9__detect_all4,af86278540fa1654a3e5819e52691400963a2f43bbaf4be0dd151148c2836411,6c765cc69f3e4bb20e44be0e55caf8daf8c407d7d1c06515349b9d17ec1fddce,8cda5fd98865bccfe8601ace6f9a27d5a835513e,bias_kg,-18.270313418097672,kg
detectors,S4_step_fault,rls,10,10.0,True,S4_step_fault__rls__seed10__detect_cusum,b97f4fa67d55b0a4900a4dc84b9f38b152ab85aa07d9118de95bac234f41360d,f148dc11752161354c3021f05b1fe526c43baf276ba3893e2b36806f990aaf93,8cda5fd98865bccfe8601ace6f9a27d5a835513e,bias_kg,-19.919574854126914,kg
detectors,S4_step_fault,rls,10,10.0,True,S4_step_fault__rls__seed10__detect_ph,b97f4fa67d55b0a4900a4dc84b9f38b152ab85aa07d9118de95bac234f41360d,e5360505f8c49a15eebb5ef47f7d7477818e9b19f26155854e4ff574f74f5811,8cda5fd98865bccfe8601ace6f9a27d5a835513e,bias_kg,-20.697009076650165,kg
detectors,S4_step_fault,rls,10,10.0,True,S4_step_fault__rls__seed10__detect_adwin,b97f4fa67d55b0a4900a4dc84b9f38b152ab85aa07d9118de95bac234f41360d,ba90eb10e4e1f7500a344f9b4e5e676713fa49fa355f420971a75285e0b9c298,8cda5fd98865bccfe8601ace6f9a27d5a835513e,bias_kg,-19.28909141785876,kg
detectors,S4_step_fault,rls,10,10.0,True,S4_step_fault__rls__seed10__detect_ks,b97f4fa67d55b0a4900a4dc84b9f38b152ab85aa07d9118de95bac234f41360d,e68694c868384201c53bdaf13449887c7b05c2ad9ef5f3f7d7b8bf5cddc0bcb0,8cda5fd98865bccfe8601ace6f9a27d5a835513e,bias_kg,-51.52791114137549,kg
detectors,S4_step_fault,rls,10,10.0,True,S4_step_fault__rls__seed10__detect_all4,b97f4fa67d55b0a4900a4dc84b9f38b152ab85aa07d9118de95bac234f41360d,6c765cc69f3e4bb20e44be0e55caf8daf8c407d7d1c06515349b9d17ec1fddce,8cda5fd98865bccfe8601ace6f9a27d5a835513e,bias_kg,-19.919574854126914,kg
detectors,S6_combined,rls,1,10.0,True,S6_combined__rls__seed1__detect_cusum,b3cf8d14b3aed8b1d65ab4497dcbfb879dbda2ce1da03bb07f6401c9b4b9bd4a,f148dc11752161354c3021f05b1fe526c43baf276ba3893e2b36806f990aaf93,8cda5fd98865bccfe8601ace6f9a27d5a835513e,bias_kg,-16.60118131423586,kg
detectors,S6_combined,rls,1,10.0,True,S6_combined__rls__seed1__detect_ph,b3cf8d14b3aed8b1d65ab4497dcbfb879dbda2ce1da03bb07f6401c9b4b9bd4a,e5360505f8c49a15eebb5ef47f7d7477818e9b19f26155854e4ff574f74f5811,8cda5fd98865bccfe8601ace6f9a27d5a835513e,bias_kg,-16.60118131423586,kg
detectors,S6_combined,rls,1,10.0,True,S6_combined__rls__seed1__detect_adwin,b3cf8d14b3aed8b1d65ab4497dcbfb879dbda2ce1da03bb07f6401c9b4b9bd4a,ba90eb10e4e1f7500a344f9b4e5e676713fa49fa355f420971a75285e0b9c298,8cda5fd98865bccfe8601ace6f9a27d5a835513e,bias_kg,-16.60118131423586,kg
detectors,S6_combined,rls,1,10.0,True,S6_combined__rls__seed1__detect_ks,b3cf8d14b3aed8b1d65ab4497dcbfb879dbda2ce1da03bb07f6401c9b4b9bd4a,e68694c868384201c53bdaf13449887c7b05c2ad9ef5f3f7d7b8bf5cddc0bcb0,8cda5fd98865bccfe8601ace6f9a27d5a835513e,bias_kg,-16.60118131423586,kg
detectors,S6_combined,rls,1,10.0,True,S6_combined__rls__seed1__detect_all4,b3cf8d14b3aed8b1d65ab4497dcbfb879dbda2ce1da03bb07f6401c9b4b9bd4a,6c765cc69f3e4bb20e44be0e55caf8daf8c407d7d1c06515349b9d17ec1fddce,8cda5fd98865bccfe8601ace6f9a27d5a835513e,bias_kg,-16.60118131423586,kg
detectors,S6_combined,rls,2,10.0,True,S6_combined__rls__seed2__detect_cusum,e4f7ab87faf6982be139dc8af97757bff8d540d357c41e3d06ec298e4dd75854,f148dc11752161354c3021f05b1fe526c43baf276ba3893e2b36806f990aaf93,8cda5fd98865bccfe8601ace6f9a27d5a835513e,bias_kg,-96.2808803667787,kg
detectors,S6_combined,rls,2,10.0,True,S6_combined__rls__seed2__detect_ph,e4f7ab87faf6982be139dc8af97757bff8d540d357c41e3d06ec298e4dd75854,e5360505f8c49a15eebb5ef47f7d7477818e9b19f26155854e4ff574f74f5811,8cda5fd98865bccfe8601ace6f9a27d5a835513e,bias_kg,-96.2808803667787,kg
detectors,S6_combined,rls,2,10.0,True,S6_combined__rls__seed2__detect_adwin,e4f7ab87faf6982be139dc8af97757bff8d540d357c41e3d06ec298e4dd75854,ba90eb10e4e1f7500a344f9b4e5e676713fa49fa355f420971a75285e0b9c298,8cda5fd98865bccfe8601ace6f9a27d5a835513e,bias_kg,-96.2808803667787,kg
detectors,S6_combined,rls,2,10.0,True,S6_combined__rls__seed2__detect_ks,e4f7ab87faf6982be139dc8af97757bff8d540d357c41e3d06ec298e4dd75854,e68694c868384201c53bdaf13449887c7b05c2ad9ef5f3f7d7b8bf5cddc0bcb0,8cda5fd98865bccfe8601ace6f9a27d5a835513e,bias_kg,-96.2808803667787,kg
detectors,S6_combined,rls,2,10.0,True,S6_combined__rls__seed2__detect_all4,e4f7ab87faf6982be139dc8af97757bff8d540d357c41e3d06ec298e4dd75854,6c765cc69f3e4bb20e44be0e55caf8daf8c407d7d1c06515349b9d17ec1fddce,8cda5fd98865bccfe8601ace6f9a27d5a835513e,bias_kg,-96.2808803667787,kg
detectors,S6_combined,rls,3,10.0,True,S6_combined__rls__seed3__detect_cusum,c371bfebbbdb510b204e19fcaedea3c47a4e8b6d77499f04ee6ac55d13fed988,f148dc11752161354c3021f05b1fe526c43baf276ba3893e2b36806f990aaf93,8cda5fd98865bccfe8601ace6f9a27d5a835513e,bias_kg,-11.45941096184464,kg
detectors,S6_combined,rls,3,10.0,True,S6_combined__rls__seed3__detect_ph,c371bfebbbdb510b204e19fcaedea3c47a4e8b6d77499f04ee6ac55d13fed988,e5360505f8c49a15eebb5ef47f7d7477818e9b19f26155854e4ff574f74f5811,8cda5fd98865bccfe8601ace6f9a27d5a835513e,bias_kg,-32.52532447278031,kg
detectors,S6_combined,rls,3,10.0,True,S6_combined__rls__seed3__detect_adwin,c371bfebbbdb510b204e19fcaedea3c47a4e8b6d77499f04ee6ac55d13fed988,ba90eb10e4e1f7500a344f9b4e5e676713fa49fa355f420971a75285e0b9c298,8cda5fd98865bccfe8601ace6f9a27d5a835513e,bias_kg,-32.52532447278031,kg
detectors,S6_combined,rls,3,10.0,True,S6_combined__rls__seed3__detect_ks,c371bfebbbdb510b204e19fcaedea3c47a4e8b6d77499f04ee6ac55d13fed988,e68694c868384201c53bdaf13449887c7b05c2ad9ef5f3f7d7b8bf5cddc0bcb0,8cda5fd98865bccfe8601ace6f9a27d5a835513e,bias_kg,-32.52532447278031,kg
detectors,S6_combined,rls,3,10.0,True,S6_combined__rls__seed3__detect_all4,c371bfebbbdb510b204e19fcaedea3c47a4e8b6d77499f04ee6ac55d13fed988,6c765cc69f3e4bb20e44be0e55caf8daf8c407d7d1c06515349b9d17ec1fddce,8cda5fd98865bccfe8601ace6f9a27d5a835513e,bias_kg,-11.45941096184464,kg
detectors,S6_combined,rls,4,10.0,True,S6_combined__rls__seed4__detect_cusum,091893e2b20fe4f1f4ec71b10a24db6c43dabefaa37c7ef75c67f5a78f00f2b7,f148dc11752161354c3021f05b1fe526c43baf276ba3893e2b36806f990aaf93,8cda5fd98865bccfe8601ace6f9a27d5a835513e,bias_kg,-61.86373616349022,kg
detectors,S6_combined,rls,4,10.0,True,S6_combined__rls__seed4__detect_ph,091893e2b20fe4f1f4ec71b10a24db6c43dabefaa37c7ef75c67f5a78f00f2b7,e5360505f8c49a15eebb5ef47f7d7477818e9b19f26155854e4ff574f74f5811,8cda5fd98865bccfe8601ace6f9a27d5a835513e,bias_kg,-61.86373616349022,kg
detectors,S6_combined,rls,4,10.0,True,S6_combined__rls__seed4__detect_adwin,091893e2b20fe4f1f4ec71b10a24db6c43dabefaa37c7ef75c67f5a78f00f2b7,ba90eb10e4e1f7500a344f9b4e5e676713fa49fa355f420971a75285e0b9c298,8cda5fd98865bccfe8601ace6f9a27d5a835513e,bias_kg,-61.86373616349022,kg
detectors,S6_combined,rls,4,10.0,True,S6_combined__rls__seed4__detect_ks,091893e2b20fe4f1f4ec71b10a24db6c43dabefaa37c7ef75c67f5a78f00f2b7,e68694c868384201c53bdaf13449887c7b05c2ad9ef5f3f7d7b8bf5cddc0bcb0,8cda5fd98865bccfe8601ace6f9a27d5a835513e,bias_kg,-61.86373616349022,kg
detectors,S6_combined,rls,4,10.0,True,S6_combined__rls__seed4__detect_all4,091893e2b20fe4f1f4ec71b10a24db6c43dabefaa37c7ef75c67f5a78f00f2b7,6c765cc69f3e4bb20e44be0e55caf8daf8c407d7d1c06515349b9d17ec1fddce,8cda5fd98865bccfe8601ace6f9a27d5a835513e,bias_kg,-61.86373616349022,kg
detectors,S6_combined,rls,5,10.0,True,S6_combined__rls__seed5__detect_cusum,c1d9d4a7d46d9a42ad59de704b5ae8b21c9bf2f17d4576d9bfa6e10e6c6f4b13,f148dc11752161354c3021f05b1fe526c43baf276ba3893e2b36806f990aaf93,8cda5fd98865bccfe8601ace6f9a27d5a835513e,bias_kg,-1.7296915173612526,kg
detectors,S6_combined,rls,5,10.0,True,S6_combined__rls__seed5__detect_ph,c1d9d4a7d46d9a42ad59de704b5ae8b21c9bf2f17d4576d9bfa6e10e6c6f4b13,e5360505f8c49a15eebb5ef47f7d7477818e9b19f26155854e4ff574f74f5811,8cda5fd98865bccfe8601ace6f9a27d5a835513e,bias_kg,-1.7296915173612526,kg
detectors,S6_combined,rls,5,10.0,True,S6_combined__rls__seed5__detect_adwin,c1d9d4a7d46d9a42ad59de704b5ae8b21c9bf2f17d4576d9bfa6e10e6c6f4b13,ba90eb10e4e1f7500a344f9b4e5e676713fa49fa355f420971a75285e0b9c298,8cda5fd98865bccfe8601ace6f9a27d5a835513e,bias_kg,-1.7296915173612526,kg
detectors,S6_combined,rls,5,10.0,True,S6_combined__rls__seed5__detect_ks,c1d9d4a7d46d9a42ad59de704b5ae8b21c9bf2f17d4576d9bfa6e10e6c6f4b13,e68694c868384201c53bdaf13449887c7b05c2ad9ef5f3f7d7b8bf5cddc0bcb0,8cda5fd98865bccfe8601ace6f9a27d5a835513e,bias_kg,-1.7296915173612526,kg
detectors,S6_combined,rls,5,10.0,True,S6_combined__rls__seed5__detect_all4,c1d9d4a7d46d9a42ad59de704b5ae8b21c9bf2f17d4576d9bfa6e10e6c6f4b13,6c765cc69f3e4bb20e44be0e55caf8daf8c407d7d1c06515349b9d17ec1fddce,8cda5fd98865bccfe8601ace6f9a27d5a835513e,bias_kg,-1.7296915173612526,kg
detectors,S6_combined,rls,6,10.0,True,S6_combined__rls__seed6__detect_cusum,8fbcb1374a66e26dea4a0e8dbcf64db42ebcd88dd11b5cd3bb5d44e8d4b0665a,f148dc11752161354c3021f05b1fe526c43baf276ba3893e2b36806f990aaf93,8cda5fd98865bccfe8601ace6f9a27d5a835513e,bias_kg,-26.041741904879977,kg
detectors,S6_combined,rls,6,10.0,True,S6_combined__rls__seed6__detect_ph,8fbcb1374a66e26dea4a0e8dbcf64db42ebcd88dd11b5cd3bb5d44e8d4b0665a,e5360505f8c49a15eebb5ef47f7d7477818e9b19f26155854e4ff574f74f5811,8cda5fd98865bccfe8601ace6f9a27d5a835513e,bias_kg,-26.041741904879977,kg
detectors,S6_combined,rls,6,10.0,True,S6_combined__rls__seed6__detect_adwin,8fbcb1374a66e26dea4a0e8dbcf64db42ebcd88dd11b5cd3bb5d44e8d4b0665a,ba90eb10e4e1f7500a344f9b4e5e676713fa49fa355f420971a75285e0b9c298,8cda5fd98865bccfe8601ace6f9a27d5a835513e,bias_kg,-25.82563203358848,kg
detectors,S6_combined,rls,6,10.0,True,S6_combined__rls__seed6__detect_ks,8fbcb1374a66e26dea4a0e8dbcf64db42ebcd88dd11b5cd3bb5d44e8d4b0665a,e68694c868384201c53bdaf13449887c7b05c2ad9ef5f3f7d7b8bf5cddc0bcb0,8cda5fd98865bccfe8601ace6f9a27d5a835513e,bias_kg,-43.87508814194478,kg
detectors,S6_combined,rls,6,10.0,True,S6_combined__rls__seed6__detect_all4,8fbcb1374a66e26dea4a0e8dbcf64db42ebcd88dd11b5cd3bb5d44e8d4b0665a,6c765cc69f3e4bb20e44be0e55caf8daf8c407d7d1c06515349b9d17ec1fddce,8cda5fd98865bccfe8601ace6f9a27d5a835513e,bias_kg,-26.041741904879977,kg
detectors,S6_combined,rls,7,10.0,True,S6_combined__rls__seed7__detect_cusum,eb12037c60287858e9925e83fcaf2aa6789246ee5a2aa0c936402930de58eb1c,f148dc11752161354c3021f05b1fe526c43baf276ba3893e2b36806f990aaf93,8cda5fd98865bccfe8601ace6f9a27d5a835513e,bias_kg,-27.58282700748353,kg
detectors,S6_combined,rls,7,10.0,True,S6_combined__rls__seed7__detect_ph,eb12037c60287858e9925e83fcaf2aa6789246ee5a2aa0c936402930de58eb1c,e5360505f8c49a15eebb5ef47f7d7477818e9b19f26155854e4ff574f74f5811,8cda5fd98865bccfe8601ace6f9a27d5a835513e,bias_kg,-29.49328306076266,kg
detectors,S6_combined,rls,7,10.0,True,S6_combined__rls__seed7__detect_adwin,eb12037c60287858e9925e83fcaf2aa6789246ee5a2aa0c936402930de58eb1c,ba90eb10e4e1f7500a344f9b4e5e676713fa49fa355f420971a75285e0b9c298,8cda5fd98865bccfe8601ace6f9a27d5a835513e,bias_kg,-27.504865717992026,kg
detectors,S6_combined,rls,7,10.0,True,S6_combined__rls__seed7__detect_ks,eb12037c60287858e9925e83fcaf2aa6789246ee5a2aa0c936402930de58eb1c,e68694c868384201c53bdaf13449887c7b05c2ad9ef5f3f7d7b8bf5cddc0bcb0,8cda5fd98865bccfe8601ace6f9a27d5a835513e,bias_kg,-51.47261336287612,kg
detectors,S6_combined,rls,7,10.0,True,S6_combined__rls__seed7__detect_all4,eb12037c60287858e9925e83fcaf2aa6789246ee5a2aa0c936402930de58eb1c,6c765cc69f3e4bb20e44be0e55caf8daf8c407d7d1c06515349b9d17ec1fddce,8cda5fd98865bccfe8601ace6f9a27d5a835513e,bias_kg,-27.58282700748353,kg
detectors,S6_combined,rls,8,10.0,True,S6_combined__rls__seed8__detect_cusum,da4740837e6cf85b5c7d22d84cf556133cbff181edcbfd4d107db823d7c1f164,f148dc11752161354c3021f05b1fe526c43baf276ba3893e2b36806f990aaf93,8cda5fd98865bccfe8601ace6f9a27d5a835513e,bias_kg,-15.519773876213936,kg
detectors,S6_combined,rls,8,10.0,True,S6_combined__rls__seed8__detect_ph,da4740837e6cf85b5c7d22d84cf556133cbff181edcbfd4d107db823d7c1f164,e5360505f8c49a15eebb5ef47f7d7477818e9b19f26155854e4ff574f74f5811,8cda5fd98865bccfe8601ace6f9a27d5a835513e,bias_kg,7.1205814757630455,kg
detectors,S6_combined,rls,8,10.0,True,S6_combined__rls__seed8__detect_adwin,da4740837e6cf85b5c7d22d84cf556133cbff181edcbfd4d107db823d7c1f164,ba90eb10e4e1f7500a344f9b4e5e676713fa49fa355f420971a75285e0b9c298,8cda5fd98865bccfe8601ace6f9a27d5a835513e,bias_kg,7.1205814757630455,kg
detectors,S6_combined,rls,8,10.0,True,S6_combined__rls__seed8__detect_ks,da4740837e6cf85b5c7d22d84cf556133cbff181edcbfd4d107db823d7c1f164,e68694c868384201c53bdaf13449887c7b05c2ad9ef5f3f7d7b8bf5cddc0bcb0,8cda5fd98865bccfe8601ace6f9a27d5a835513e,bias_kg,-15.519773876213936,kg
detectors,S6_combined,rls,8,10.0,True,S6_combined__rls__seed8__detect_all4,da4740837e6cf85b5c7d22d84cf556133cbff181edcbfd4d107db823d7c1f164,6c765cc69f3e4bb20e44be0e55caf8daf8c407d7d1c06515349b9d17ec1fddce,8cda5fd98865bccfe8601ace6f9a27d5a835513e,bias_kg,7.1205814757630455,kg
detectors,S6_combined,rls,9,10.0,True,S6_combined__rls__seed9__detect_cusum,29718e114c21c01b04a983f185bbf01430cfac8dd9e8b5808281b0434dac26fc,f148dc11752161354c3021f05b1fe526c43baf276ba3893e2b36806f990aaf93,8cda5fd98865bccfe8601ace6f9a27d5a835513e,bias_kg,-34.375173520833854,kg
detectors,S6_combined,rls,9,10.0,True,S6_combined__rls__seed9__detect_ph,29718e114c21c01b04a983f185bbf01430cfac8dd9e8b5808281b0434dac26fc,e5360505f8c49a15eebb5ef47f7d7477818e9b19f26155854e4ff574f74f5811,8cda5fd98865bccfe8601ace6f9a27d5a835513e,bias_kg,-35.61581316660261,kg
detectors,S6_combined,rls,9,10.0,True,S6_combined__rls__seed9__detect_adwin,29718e114c21c01b04a983f185bbf01430cfac8dd9e8b5808281b0434dac26fc,ba90eb10e4e1f7500a344f9b4e5e676713fa49fa355f420971a75285e0b9c298,8cda5fd98865bccfe8601ace6f9a27d5a835513e,bias_kg,-36.21219624731179,kg
detectors,S6_combined,rls,9,10.0,True,S6_combined__rls__seed9__detect_ks,29718e114c21c01b04a983f185bbf01430cfac8dd9e8b5808281b0434dac26fc,e68694c868384201c53bdaf13449887c7b05c2ad9ef5f3f7d7b8bf5cddc0bcb0,8cda5fd98865bccfe8601ace6f9a27d5a835513e,bias_kg,-59.65552097566632,kg
detectors,S6_combined,rls,9,10.0,True,S6_combined__rls__seed9__detect_all4,29718e114c21c01b04a983f185bbf01430cfac8dd9e8b5808281b0434dac26fc,6c765cc69f3e4bb20e44be0e55caf8daf8c407d7d1c06515349b9d17ec1fddce,8cda5fd98865bccfe8601ace6f9a27d5a835513e,bias_kg,-34.375173520833854,kg
detectors,S6_combined,rls,10,10.0,True,S6_combined__rls__seed10__detect_cusum,4054ab96937dfc6eef3c9c4f46347db001fd4eea59432509f786c95b51d12234,f148dc11752161354c3021f05b1fe526c43baf276ba3893e2b36806f990aaf93,8cda5fd98865bccfe8601ace6f9a27d5a835513e,bias_kg,-33.955162674288594,kg
detectors,S6_combined,rls,10,10.0,True,S6_combined__rls__seed10__detect_ph,4054ab96937dfc6eef3c9c4f46347db001fd4eea59432509f786c95b51d12234,e5360505f8c49a15eebb5ef47f7d7477818e9b19f26155854e4ff574f74f5811,8cda5fd98865bccfe8601ace6f9a27d5a835513e,bias_kg,-33.955162674288594,kg
detectors,S6_combined,rls,10,10.0,True,S6_combined__rls__seed10__detect_adwin,4054ab96937dfc6eef3c9c4f46347db001fd4eea59432509f786c95b51d12234,ba90eb10e4e1f7500a344f9b4e5e676713fa49fa355f420971a75285e0b9c298,8cda5fd98865bccfe8601ace6f9a27d5a835513e,bias_kg,-33.955162674288594,kg
detectors,S6_combined,rls,10,10.0,True,S6_combined__rls__seed10__detect_ks,4054ab96937dfc6eef3c9c4f46347db001fd4eea59432509f786c95b51d12234,e68694c868384201c53bdaf13449887c7b05c2ad9ef5f3f7d7b8bf5cddc0bcb0,8cda5fd98865bccfe8601ace6f9a27d5a835513e,bias_kg,-33.955162674288594,kg
detectors,S6_combined,rls,10,10.0,True,S6_combined__rls__seed10__detect_all4,4054ab96937dfc6eef3c9c4f46347db001fd4eea59432509f786c95b51d12234,6c765cc69f3e4bb20e44be0e55caf8daf8c407d7d1c06515349b9d17ec1fddce,8cda5fd98865bccfe8601ace6f9a27d5a835513e,bias_kg,-33.955162674288594,kg
detectors,S4_step_fault,rls,1,10.0,True,S4_step_fault__rls__seed1__detect_cusum,7d29a6d7dca932314e512c265e0e559ec6cc02e548aa25349a95d1f29dbf9ef1,f148dc11752161354c3021f05b1fe526c43baf276ba3893e2b36806f990aaf93,8cda5fd98865bccfe8601ace6f9a27d5a835513e,dynamic_floor_kg,135.85743427104407,kg
detectors,S4_step_fault,rls,1,10.0,True,S4_step_fault__rls__seed1__detect_ph,7d29a6d7dca932314e512c265e0e559ec6cc02e548aa25349a95d1f29dbf9ef1,e5360505f8c49a15eebb5ef47f7d7477818e9b19f26155854e4ff574f74f5811,8cda5fd98865bccfe8601ace6f9a27d5a835513e,dynamic_floor_kg,135.85743427104407,kg
detectors,S4_step_fault,rls,1,10.0,True,S4_step_fault__rls__seed1__detect_adwin,7d29a6d7dca932314e512c265e0e559ec6cc02e548aa25349a95d1f29dbf9ef1,ba90eb10e4e1f7500a344f9b4e5e676713fa49fa355f420971a75285e0b9c298,8cda5fd98865bccfe8601ace6f9a27d5a835513e,dynamic_floor_kg,135.85743427104407,kg
detectors,S4_step_fault,rls,1,10.0,True,S4_step_fault__rls__seed1__detect_ks,7d29a6d7dca932314e512c265e0e559ec6cc02e548aa25349a95d1f29dbf9ef1,e68694c868384201c53bdaf13449887c7b05c2ad9ef5f3f7d7b8bf5cddc0bcb0,8cda5fd98865bccfe8601ace6f9a27d5a835513e,dynamic_floor_kg,135.85743427104407,kg
detectors,S4_step_fault,rls,1,10.0,True,S4_step_fault__rls__seed1__detect_all4,7d29a6d7dca932314e512c265e0e559ec6cc02e548aa25349a95d1f29dbf9ef1,6c765cc69f3e4bb20e44be0e55caf8daf8c407d7d1c06515349b9d17ec1fddce,8cda5fd98865bccfe8601ace6f9a27d5a835513e,dynamic_floor_kg,135.85743427104407,kg
detectors,S4_step_fault,rls,2,10.0,True,S4_step_fault__rls__seed2__detect_cusum,adc80992e5ad2b0074c2ccb5fd189429c3fd11d2d51d242aa1caec078b0db1d2,f148dc11752161354c3021f05b1fe526c43baf276ba3893e2b36806f990aaf93,8cda5fd98865bccfe8601ace6f9a27d5a835513e,dynamic_floor_kg,128.90500309648888,kg
detectors,S4_step_fault,rls,2,10.0,True,S4_step_fault__rls__seed2__detect_ph,adc80992e5ad2b0074c2ccb5fd189429c3fd11d2d51d242aa1caec078b0db1d2,e5360505f8c49a15eebb5ef47f7d7477818e9b19f26155854e4ff574f74f5811,8cda5fd98865bccfe8601ace6f9a27d5a835513e,dynamic_floor_kg,128.90500309648888,kg
detectors,S4_step_fault,rls,2,10.0,True,S4_step_fault__rls__seed2__detect_adwin,adc80992e5ad2b0074c2ccb5fd189429c3fd11d2d51d242aa1caec078b0db1d2,ba90eb10e4e1f7500a344f9b4e5e676713fa49fa355f420971a75285e0b9c298,8cda5fd98865bccfe8601ace6f9a27d5a835513e,dynamic_floor_kg,128.90500309648888,kg
detectors,S4_step_fault,rls,2,10.0,True,S4_step_fault__rls__seed2__detect_ks,adc80992e5ad2b0074c2ccb5fd189429c3fd11d2d51d242aa1caec078b0db1d2,e68694c868384201c53bdaf13449887c7b05c2ad9ef5f3f7d7b8bf5cddc0bcb0,8cda5fd98865bccfe8601ace6f9a27d5a835513e,dynamic_floor_kg,128.90500309648888,kg
detectors,S4_step_fault,rls,2,10.0,True,S4_step_fault__rls__seed2__detect_all4,adc80992e5ad2b0074c2ccb5fd189429c3fd11d2d51d242aa1caec078b0db1d2,6c765cc69f3e4bb20e44be0e55caf8daf8c407d7d1c06515349b9d17ec1fddce,8cda5fd98865bccfe8601ace6f9a27d5a835513e,dynamic_floor_kg,128.90500309648888,kg
detectors,S4_step_fault,rls,3,10.0,True,S4_step_fault__rls__seed3__detect_cusum,755a0aa70d2f3fe05534c8cb137d5df18ed16325d4692fc840c3daee2c8a8c92,f148dc11752161354c3021f05b1fe526c43baf276ba3893e2b36806f990aaf93,8cda5fd98865bccfe8601ace6f9a27d5a835513e,dynamic_floor_kg,127.39820939505377,kg
detectors,S4_step_fault,rls,3,10.0,True,S4_step_fault__rls__seed3__detect_ph,755a0aa70d2f3fe05534c8cb137d5df18ed16325d4692fc840c3daee2c8a8c92,e5360505f8c49a15eebb5ef47f7d7477818e9b19f26155854e4ff574f74f5811,8cda5fd98865bccfe8601ace6f9a27d5a835513e,dynamic_floor_kg,127.39820939505377,kg
detectors,S4_step_fault,rls,3,10.0,True,S4_step_fault__rls__seed3__detect_adwin,755a0aa70d2f3fe05534c8cb137d5df18ed16325d4692fc840c3daee2c8a8c92,ba90eb10e4e1f7500a344f9b4e5e676713fa49fa355f420971a75285e0b9c298,8cda5fd98865bccfe8601ace6f9a27d5a835513e,dynamic_floor_kg,127.39820939505377,kg
detectors,S4_step_fault,rls,3,10.0,True,S4_step_fault__rls__seed3__detect_ks,755a0aa70d2f3fe05534c8cb137d5df18ed16325d4692fc840c3daee2c8a8c92,e68694c868384201c53bdaf13449887c7b05c2ad9ef5f3f7d7b8bf5cddc0bcb0,8cda5fd98865bccfe8601ace6f9a27d5a835513e,dynamic_floor_kg,127.39820939505377,kg
detectors,S4_step_fault,rls,3,10.0,True,S4_step_fault__rls__seed3__detect_all4,755a0aa70d2f3fe05534c8cb137d5df18ed16325d4692fc840c3daee2c8a8c92,6c765cc69f3e4bb20e44be0e55caf8daf8c407d7d1c06515349b9d17ec1fddce,8cda5fd98865bccfe8601ace6f9a27d5a835513e,dynamic_floor_kg,127.39820939505377,kg
detectors,S4_step_fault,rls,4,10.0,True,S4_step_fault__rls__seed4__detect_cusum,57d0146db86c059173927b479ffa5908a6e01f3cdeb9f10b63e58e983cd88fb2,f148dc11752161354c3021f05b1fe526c43baf276ba3893e2b36806f990aaf93,8cda5fd98865bccfe8601ace6f9a27d5a835513e,dynamic_floor_kg,134.51782288750053,kg
detectors,S4_step_fault,rls,4,10.0,True,S4_step_fault__rls__seed4__detect_ph,57d0146db86c059173927b479ffa5908a6e01f3cdeb9f10b63e58e983cd88fb2,e5360505f8c49a15eebb5ef47f7d7477818e9b19f26155854e4ff574f74f5811,8cda5fd98865bccfe8601ace6f9a27d5a835513e,dynamic_floor_kg,134.51782288750053,kg
detectors,S4_step_fault,rls,4,10.0,True,S4_step_fault__rls__seed4__detect_adwin,57d0146db86c059173927b479ffa5908a6e01f3cdeb9f10b63e58e983cd88fb2,ba90eb10e4e1f7500a344f9b4e5e676713fa49fa355f420971a75285e0b9c298,8cda5fd98865bccfe8601ace6f9a27d5a835513e,dynamic_floor_kg,134.51782288750053,kg
detectors,S4_step_fault,rls,4,10.0,True,S4_step_fault__rls__seed4__detect_ks,57d0146db86c059173927b479ffa5908a6e01f3cdeb9f10b63e58e983cd88fb2,e68694c868384201c53bdaf13449887c7b05c2ad9ef5f3f7d7b8bf5cddc0bcb0,8cda5fd98865bccfe8601ace6f9a27d5a835513e,dynamic_floor_kg,134.51782288750053,kg
detectors,S4_step_fault,rls,4,10.0,True,S4_step_fault__rls__seed4__detect_all4,57d0146db86c059173927b479ffa5908a6e01f3cdeb9f10b63e58e983cd88fb2,6c765cc69f3e4bb20e44be0e55caf8daf8c407d7d1c06515349b9d17ec1fddce,8cda5fd98865bccfe8601ace6f9a27d5a835513e,dynamic_floor_kg,134.51782288750053,kg
detectors,S4_step_fault,rls,5,10.0,True,S4_step_fault__rls__seed5__detect_cusum,1efe02364dacd47e4d9a937957614582b8530ef56f2b525678988666500727b7,f148dc11752161354c3021f05b1fe526c43baf276ba3893e2b36806f990aaf93,8cda5fd98865bccfe8601ace6f9a27d5a835513e,dynamic_floor_kg,131.6830372492218,kg
detectors,S4_step_fault,rls,5,10.0,True,S4_step_fault__rls__seed5__detect_ph,1efe02364dacd47e4d9a937957614582b8530ef56f2b525678988666500727b7,e5360505f8c49a15eebb5ef47f7d7477818e9b19f26155854e4ff574f74f5811,8cda5fd98865bccfe8601ace6f9a27d5a835513e,dynamic_floor_kg,131.6830372492218,kg
detectors,S4_step_fault,rls,5,10.0,True,S4_step_fault__rls__seed5__detect_adwin,1efe02364dacd47e4d9a937957614582b8530ef56f2b525678988666500727b7,ba90eb10e4e1f7500a344f9b4e5e676713fa49fa355f420971a75285e0b9c298,8cda5fd98865bccfe8601ace6f9a27d5a835513e,dynamic_floor_kg,131.6830372492218,kg
detectors,S4_step_fault,rls,5,10.0,True,S4_step_fault__rls__seed5__detect_ks,1efe02364dacd47e4d9a937957614582b8530ef56f2b525678988666500727b7,e68694c868384201c53bdaf13449887c7b05c2ad9ef5f3f7d7b8bf5cddc0bcb0,8cda5fd98865bccfe8601ace6f9a27d5a835513e,dynamic_floor_kg,131.6830372492218,kg
detectors,S4_step_fault,rls,5,10.0,True,S4_step_fault__rls__seed5__detect_all4,1efe02364dacd47e4d9a937957614582b8530ef56f2b525678988666500727b7,6c765cc69f3e4bb20e44be0e55caf8daf8c407d7d1c06515349b9d17ec1fddce,8cda5fd98865bccfe8601ace6f9a27d5a835513e,dynamic_floor_kg,131.6830372492218,kg
detectors,S4_step_fault,rls,6,10.0,True,S4_step_fault__rls__seed6__detect_cusum,edb8fb013b7aeb64e877b749783afa62d6864702f69cf9e7c539d6cd9df4f86d,f148dc11752161354c3021f05b1fe526c43baf276ba3893e2b36806f990aaf93,8cda5fd98865bccfe8601ace6f9a27d5a835513e,dynamic_floor_kg,140.3786049001755,kg
detectors,S4_step_fault,rls,6,10.0,True,S4_step_fault__rls__seed6__detect_ph,edb8fb013b7aeb64e877b749783afa62d6864702f69cf9e7c539d6cd9df4f86d,e5360505f8c49a15eebb5ef47f7d7477818e9b19f26155854e4ff574f74f5811,8cda5fd98865bccfe8601ace6f9a27d5a835513e,dynamic_floor_kg,140.3786049001755,kg
detectors,S4_step_fault,rls,6,10.0,True,S4_step_fault__rls__seed6__detect_adwin,edb8fb013b7aeb64e877b749783afa62d6864702f69cf9e7c539d6cd9df4f86d,ba90eb10e4e1f7500a344f9b4e5e676713fa49fa355f420971a75285e0b9c298,8cda5fd98865bccfe8601ace6f9a27d5a835513e,dynamic_floor_kg,140.3786049001755,kg
detectors,S4_step_fault,rls,6,10.0,True,S4_step_fault__rls__seed6__detect_ks,edb8fb013b7aeb64e877b749783afa62d6864702f69cf9e7c539d6cd9df4f86d,e68694c868384201c53bdaf13449887c7b05c2ad9ef5f3f7d7b8bf5cddc0bcb0,8cda5fd98865bccfe8601ace6f9a27d5a835513e,dynamic_floor_kg,140.3786049001755,kg
detectors,S4_step_fault,rls,6,10.0,True,S4_step_fault__rls__seed6__detect_all4,edb8fb013b7aeb64e877b749783afa62d6864702f69cf9e7c539d6cd9df4f86d,6c765cc69f3e4bb20e44be0e55caf8daf8c407d7d1c06515349b9d17ec1fddce,8cda5fd98865bccfe8601ace6f9a27d5a835513e,dynamic_floor_kg,140.3786049001755,kg
detectors,S4_step_fault,rls,7,10.0,True,S4_step_fault__rls__seed7__detect_cusum,5cf17843f3bfe6e9f5ce0f88df6e9f0fa19691e7d0781a28d2e0071debfacd13,f148dc11752161354c3021f05b1fe526c43baf276ba3893e2b36806f990aaf93,8cda5fd98865bccfe8601ace6f9a27d5a835513e,dynamic_floor_kg,138.3835552589546,kg
detectors,S4_step_fault,rls,7,10.0,True,S4_step_fault__rls__seed7__detect_ph,5cf17843f3bfe6e9f5ce0f88df6e9f0fa19691e7d0781a28d2e0071debfacd13,e5360505f8c49a15eebb5ef47f7d7477818e9b19f26155854e4ff574f74f5811,8cda5fd98865bccfe8601ace6f9a27d5a835513e,dynamic_floor_kg,138.3835552589546,kg
detectors,S4_step_fault,rls,7,10.0,True,S4_step_fault__rls__seed7__detect_adwin,5cf17843f3bfe6e9f5ce0f88df6e9f0fa19691e7d0781a28d2e0071debfacd13,ba90eb10e4e1f7500a344f9b4e5e676713fa49fa355f420971a75285e0b9c298,8cda5fd98865bccfe8601ace6f9a27d5a835513e,dynamic_floor_kg,138.3835552589546,kg
detectors,S4_step_fault,rls,7,10.0,True,S4_step_fault__rls__seed7__detect_ks,5cf17843f3bfe6e9f5ce0f88df6e9f0fa19691e7d0781a28d2e0071debfacd13,e68694c868384201c53bdaf13449887c7b05c2ad9ef5f3f7d7b8bf5cddc0bcb0,8cda5fd98865bccfe8601ace6f9a27d5a835513e,dynamic_floor_kg,138.3835552589546,kg
detectors,S4_step_fault,rls,7,10.0,True,S4_step_fault__rls__seed7__detect_all4,5cf17843f3bfe6e9f5ce0f88df6e9f0fa19691e7d0781a28d2e0071debfacd13,6c765cc69f3e4bb20e44be0e55caf8daf8c407d7d1c06515349b9d17ec1fddce,8cda5fd98865bccfe8601ace6f9a27d5a835513e,dynamic_floor_kg,138.3835552589546,kg
detectors,S4_step_fault,rls,8,10.0,True,S4_step_fault__rls__seed8__detect_cusum,4471998ed306e877216c6c1b12b8ba9d62e309093746866fb7f4d683dd3b0138,f148dc11752161354c3021f05b1fe526c43baf276ba3893e2b36806f990aaf93,8cda5fd98865bccfe8601ace6f9a27d5a835513e,dynamic_floor_kg,135.53119393704583,kg
detectors,S4_step_fault,rls,8,10.0,True,S4_step_fault__rls__seed8__detect_ph,4471998ed306e877216c6c1b12b8ba9d62e309093746866fb7f4d683dd3b0138,e5360505f8c49a15eebb5ef47f7d7477818e9b19f26155854e4ff574f74f5811,8cda5fd98865bccfe8601ace6f9a27d5a835513e,dynamic_floor_kg,135.53119393704583,kg
detectors,S4_step_fault,rls,8,10.0,True,S4_step_fault__rls__seed8__detect_adwin,4471998ed306e877216c6c1b12b8ba9d62e309093746866fb7f4d683dd3b0138,ba90eb10e4e1f7500a344f9b4e5e676713fa49fa355f420971a75285e0b9c298,8cda5fd98865bccfe8601ace6f9a27d5a835513e,dynamic_floor_kg,135.53119393704583,kg
detectors,S4_step_fault,rls,8,10.0,True,S4_step_fault__rls__seed8__detect_ks,4471998ed306e877216c6c1b12b8ba9d62e309093746866fb7f4d683dd3b0138,e68694c868384201c53bdaf13449887c7b05c2ad9ef5f3f7d7b8bf5cddc0bcb0,8cda5fd98865bccfe8601ace6f9a27d5a835513e,dynamic_floor_kg,135.53119393704583,kg
detectors,S4_step_fault,rls,8,10.0,True,S4_step_fault__rls__seed8__detect_all4,4471998ed306e877216c6c1b12b8ba9d62e309093746866fb7f4d683dd3b0138,6c765cc69f3e4bb20e44be0e55caf8daf8c407d7d1c06515349b9d17ec1fddce,8cda5fd98865bccfe8601ace6f9a27d5a835513e,dynamic_floor_kg,135.53119393704583,kg
detectors,S4_step_fault,rls,9,10.0,True,S4_step_fault__rls__seed9__detect_cusum,af86278540fa1654a3e5819e52691400963a2f43bbaf4be0dd151148c2836411,f148dc11752161354c3021f05b1fe526c43baf276ba3893e2b36806f990aaf93,8cda5fd98865bccfe8601ace6f9a27d5a835513e,dynamic_floor_kg,130.8350077304496,kg
detectors,S4_step_fault,rls,9,10.0,True,S4_step_fault__rls__seed9__detect_ph,af86278540fa1654a3e5819e52691400963a2f43bbaf4be0dd151148c2836411,e5360505f8c49a15eebb5ef47f7d7477818e9b19f26155854e4ff574f74f5811,8cda5fd98865bccfe8601ace6f9a27d5a835513e,dynamic_floor_kg,130.8350077304496,kg
detectors,S4_step_fault,rls,9,10.0,True,S4_step_fault__rls__seed9__detect_adwin,af86278540fa1654a3e5819e52691400963a2f43bbaf4be0dd151148c2836411,ba90eb10e4e1f7500a344f9b4e5e676713fa49fa355f420971a75285e0b9c298,8cda5fd98865bccfe8601ace6f9a27d5a835513e,dynamic_floor_kg,130.8350077304496,kg
detectors,S4_step_fault,rls,9,10.0,True,S4_step_fault__rls__seed9__detect_ks,af86278540fa1654a3e5819e52691400963a2f43bbaf4be0dd151148c2836411,e68694c868384201c53bdaf13449887c7b05c2ad9ef5f3f7d7b8bf5cddc0bcb0,8cda5fd98865bccfe8601ace6f9a27d5a835513e,dynamic_floor_kg,130.8350077304496,kg
detectors,S4_step_fault,rls,9,10.0,True,S4_step_fault__rls__seed9__detect_all4,af86278540fa1654a3e5819e52691400963a2f43bbaf4be0dd151148c2836411,6c765cc69f3e4bb20e44be0e55caf8daf8c407d7d1c06515349b9d17ec1fddce,8cda5fd98865bccfe8601ace6f9a27d5a835513e,dynamic_floor_kg,130.8350077304496,kg
detectors,S4_step_fault,rls,10,10.0,True,S4_step_fault__rls__seed10__detect_cusum,b97f4fa67d55b0a4900a4dc84b9f38b152ab85aa07d9118de95bac234f41360d,f148dc11752161354c3021f05b1fe526c43baf276ba3893e2b36806f990aaf93,8cda5fd98865bccfe8601ace6f9a27d5a835513e,dynamic_floor_kg,140.73465614468518,kg
detectors,S4_step_fault,rls,10,10.0,True,S4_step_fault__rls__seed10__detect_ph,b97f4fa67d55b0a4900a4dc84b9f38b152ab85aa07d9118de95bac234f41360d,e5360505f8c49a15eebb5ef47f7d7477818e9b19f26155854e4ff574f74f5811,8cda5fd98865bccfe8601ace6f9a27d5a835513e,dynamic_floor_kg,140.73465614468518,kg
detectors,S4_step_fault,rls,10,10.0,True,S4_step_fault__rls__seed10__detect_adwin,b97f4fa67d55b0a4900a4dc84b9f38b152ab85aa07d9118de95bac234f41360d,ba90eb10e4e1f7500a344f9b4e5e676713fa49fa355f420971a75285e0b9c298,8cda5fd98865bccfe8601ace6f9a27d5a835513e,dynamic_floor_kg,140.73465614468518,kg
detectors,S4_step_fault,rls,10,10.0,True,S4_step_fault__rls__seed10__detect_ks,b97f4fa67d55b0a4900a4dc84b9f38b152ab85aa07d9118de95bac234f41360d,e68694c868384201c53bdaf13449887c7b05c2ad9ef5f3f7d7b8bf5cddc0bcb0,8cda5fd98865bccfe8601ace6f9a27d5a835513e,dynamic_floor_kg,140.73465614468518,kg
detectors,S4_step_fault,rls,10,10.0,True,S4_step_fault__rls__seed10__detect_all4,b97f4fa67d55b0a4900a4dc84b9f38b152ab85aa07d9118de95bac234f41360d,6c765cc69f3e4bb20e44be0e55caf8daf8c407d7d1c06515349b9d17ec1fddce,8cda5fd98865bccfe8601ace6f9a27d5a835513e,dynamic_floor_kg,140.73465614468518,kg
detectors,S6_combined,rls,1,10.0,True,S6_combined__rls__seed1__detect_cusum,b3cf8d14b3aed8b1d65ab4497dcbfb879dbda2ce1da03bb07f6401c9b4b9bd4a,f148dc11752161354c3021f05b1fe526c43baf276ba3893e2b36806f990aaf93,8cda5fd98865bccfe8601ace6f9a27d5a835513e,dynamic_floor_kg,193.68324222731306,kg
detectors,S6_combined,rls,1,10.0,True,S6_combined__rls__seed1__detect_ph,b3cf8d14b3aed8b1d65ab4497dcbfb879dbda2ce1da03bb07f6401c9b4b9bd4a,e5360505f8c49a15eebb5ef47f7d7477818e9b19f26155854e4ff574f74f5811,8cda5fd98865bccfe8601ace6f9a27d5a835513e,dynamic_floor_kg,193.68324222731306,kg
detectors,S6_combined,rls,1,10.0,True,S6_combined__rls__seed1__detect_adwin,b3cf8d14b3aed8b1d65ab4497dcbfb879dbda2ce1da03bb07f6401c9b4b9bd4a,ba90eb10e4e1f7500a344f9b4e5e676713fa49fa355f420971a75285e0b9c298,8cda5fd98865bccfe8601ace6f9a27d5a835513e,dynamic_floor_kg,193.68324222731306,kg
detectors,S6_combined,rls,1,10.0,True,S6_combined__rls__seed1__detect_ks,b3cf8d14b3aed8b1d65ab4497dcbfb879dbda2ce1da03bb07f6401c9b4b9bd4a,e68694c868384201c53bdaf13449887c7b05c2ad9ef5f3f7d7b8bf5cddc0bcb0,8cda5fd98865bccfe8601ace6f9a27d5a835513e,dynamic_floor_kg,193.68324222731306,kg
detectors,S6_combined,rls,1,10.0,True,S6_combined__rls__seed1__detect_all4,b3cf8d14b3aed8b1d65ab4497dcbfb879dbda2ce1da03bb07f6401c9b4b9bd4a,6c765cc69f3e4bb20e44be0e55caf8daf8c407d7d1c06515349b9d17ec1fddce,8cda5fd98865bccfe8601ace6f9a27d5a835513e,dynamic_floor_kg,193.68324222731306,kg
detectors,S6_combined,rls,2,10.0,True,S6_combined__rls__seed2__detect_cusum,e4f7ab87faf6982be139dc8af97757bff8d540d357c41e3d06ec298e4dd75854,f148dc11752161354c3021f05b1fe526c43baf276ba3893e2b36806f990aaf93,8cda5fd98865bccfe8601ace6f9a27d5a835513e,dynamic_floor_kg,185.12445235348383,kg
detectors,S6_combined,rls,2,10.0,True,S6_combined__rls__seed2__detect_ph,e4f7ab87faf6982be139dc8af97757bff8d540d357c41e3d06ec298e4dd75854,e5360505f8c49a15eebb5ef47f7d7477818e9b19f26155854e4ff574f74f5811,8cda5fd98865bccfe8601ace6f9a27d5a835513e,dynamic_floor_kg,185.12445235348383,kg
detectors,S6_combined,rls,2,10.0,True,S6_combined__rls__seed2__detect_adwin,e4f7ab87faf6982be139dc8af97757bff8d540d357c41e3d06ec298e4dd75854,ba90eb10e4e1f7500a344f9b4e5e676713fa49fa355f420971a75285e0b9c298,8cda5fd98865bccfe8601ace6f9a27d5a835513e,dynamic_floor_kg,185.12445235348383,kg
detectors,S6_combined,rls,2,10.0,True,S6_combined__rls__seed2__detect_ks,e4f7ab87faf6982be139dc8af97757bff8d540d357c41e3d06ec298e4dd75854,e68694c868384201c53bdaf13449887c7b05c2ad9ef5f3f7d7b8bf5cddc0bcb0,8cda5fd98865bccfe8601ace6f9a27d5a835513e,dynamic_floor_kg,185.12445235348383,kg
detectors,S6_combined,rls,2,10.0,True,S6_combined__rls__seed2__detect_all4,e4f7ab87faf6982be139dc8af97757bff8d540d357c41e3d06ec298e4dd75854,6c765cc69f3e4bb20e44be0e55caf8daf8c407d7d1c06515349b9d17ec1fddce,8cda5fd98865bccfe8601ace6f9a27d5a835513e,dynamic_floor_kg,185.12445235348383,kg
detectors,S6_combined,rls,3,10.0,True,S6_combined__rls__seed3__detect_cusum,c371bfebbbdb510b204e19fcaedea3c47a4e8b6d77499f04ee6ac55d13fed988,f148dc11752161354c3021f05b1fe526c43baf276ba3893e2b36806f990aaf93,8cda5fd98865bccfe8601ace6f9a27d5a835513e,dynamic_floor_kg,183.63809539839113,kg
detectors,S6_combined,rls,3,10.0,True,S6_combined__rls__seed3__detect_ph,c371bfebbbdb510b204e19fcaedea3c47a4e8b6d77499f04ee6ac55d13fed988,e5360505f8c49a15eebb5ef47f7d7477818e9b19f26155854e4ff574f74f5811,8cda5fd98865bccfe8601ace6f9a27d5a835513e,dynamic_floor_kg,183.63809539839113,kg
detectors,S6_combined,rls,3,10.0,True,S6_combined__rls__seed3__detect_adwin,c371bfebbbdb510b204e19fcaedea3c47a4e8b6d77499f04ee6ac55d13fed988,ba90eb10e4e1f7500a344f9b4e5e676713fa49fa355f420971a75285e0b9c298,8cda5fd98865bccfe8601ace6f9a27d5a835513e,dynamic_floor_kg,183.63809539839113,kg
detectors,S6_combined,rls,3,10.0,True,S6_combined__rls__seed3__detect_ks,c371bfebbbdb510b204e19fcaedea3c47a4e8b6d77499f04ee6ac55d13fed988,e68694c868384201c53bdaf13449887c7b05c2ad9ef5f3f7d7b8bf5cddc0bcb0,8cda5fd98865bccfe8601ace6f9a27d5a835513e,dynamic_floor_kg,183.63809539839113,kg
detectors,S6_combined,rls,3,10.0,True,S6_combined__rls__seed3__detect_all4,c371bfebbbdb510b204e19fcaedea3c47a4e8b6d77499f04ee6ac55d13fed988,6c765cc69f3e4bb20e44be0e55caf8daf8c407d7d1c06515349b9d17ec1fddce,8cda5fd98865bccfe8601ace6f9a27d5a835513e,dynamic_floor_kg,183.63809539839113,kg
detectors,S6_combined,rls,4,10.0,True,S6_combined__rls__seed4__detect_cusum,091893e2b20fe4f1f4ec71b10a24db6c43dabefaa37c7ef75c67f5a78f00f2b7,f148dc11752161354c3021f05b1fe526c43baf276ba3893e2b36806f990aaf93,8cda5fd98865bccfe8601ace6f9a27d5a835513e,dynamic_floor_kg,184.40201617976206,kg
detectors,S6_combined,rls,4,10.0,True,S6_combined__rls__seed4__detect_ph,091893e2b20fe4f1f4ec71b10a24db6c43dabefaa37c7ef75c67f5a78f00f2b7,e5360505f8c49a15eebb5ef47f7d7477818e9b19f26155854e4ff574f74f5811,8cda5fd98865bccfe8601ace6f9a27d5a835513e,dynamic_floor_kg,184.40201617976206,kg
detectors,S6_combined,rls,4,10.0,True,S6_combined__rls__seed4__detect_adwin,091893e2b20fe4f1f4ec71b10a24db6c43dabefaa37c7ef75c67f5a78f00f2b7,ba90eb10e4e1f7500a344f9b4e5e676713fa49fa355f420971a75285e0b9c298,8cda5fd98865bccfe8601ace6f9a27d5a835513e,dynamic_floor_kg,184.40201617976206,kg
detectors,S6_combined,rls,4,10.0,True,S6_combined__rls__seed4__detect_ks,091893e2b20fe4f1f4ec71b10a24db6c43dabefaa37c7ef75c67f5a78f00f2b7,e68694c868384201c53bdaf13449887c7b05c2ad9ef5f3f7d7b8bf5cddc0bcb0,8cda5fd98865bccfe8601ace6f9a27d5a835513e,dynamic_floor_kg,184.40201617976206,kg
detectors,S6_combined,rls,4,10.0,True,S6_combined__rls__seed4__detect_all4,091893e2b20fe4f1f4ec71b10a24db6c43dabefaa37c7ef75c67f5a78f00f2b7,6c765cc69f3e4bb20e44be0e55caf8daf8c407d7d1c06515349b9d17ec1fddce,8cda5fd98865bccfe8601ace6f9a27d5a835513e,dynamic_floor_kg,184.40201617976206,kg
detectors,S6_combined,rls,5,10.0,True,S6_combined__rls__seed5__detect_cusum,c1d9d4a7d46d9a42ad59de704b5ae8b21c9bf2f17d4576d9bfa6e10e6c6f4b13,f148dc11752161354c3021f05b1fe526c43baf276ba3893e2b36806f990aaf93,8cda5fd98865bccfe8601ace6f9a27d5a835513e,dynamic_floor_kg,182.69804925264216,kg
detectors,S6_combined,rls,5,10.0,True,S6_combined__rls__seed5__detect_ph,c1d9d4a7d46d9a42ad59de704b5ae8b21c9bf2f17d4576d9bfa6e10e6c6f4b13,e5360505f8c49a15eebb5ef47f7d7477818e9b19f26155854e4ff574f74f5811,8cda5fd98865bccfe8601ace6f9a27d5a835513e,dynamic_floor_kg,182.69804925264216,kg
detectors,S6_combined,rls,5,10.0,True,S6_combined__rls__seed5__detect_adwin,c1d9d4a7d46d9a42ad59de704b5ae8b21c9bf2f17d4576d9bfa6e10e6c6f4b13,ba90eb10e4e1f7500a344f9b4e5e676713fa49fa355f420971a75285e0b9c298,8cda5fd98865bccfe8601ace6f9a27d5a835513e,dynamic_floor_kg,182.69804925264216,kg
detectors,S6_combined,rls,5,10.0,True,S6_combined__rls__seed5__detect_ks,c1d9d4a7d46d9a42ad59de704b5ae8b21c9bf2f17d4576d9bfa6e10e6c6f4b13,e68694c868384201c53bdaf13449887c7b05c2ad9ef5f3f7d7b8bf5cddc0bcb0,8cda5fd98865bccfe8601ace6f9a27d5a835513e,dynamic_floor_kg,182.69804925264216,kg
detectors,S6_combined,rls,5,10.0,True,S6_combined__rls__seed5__detect_all4,c1d9d4a7d46d9a42ad59de704b5ae8b21c9bf2f17d4576d9bfa6e10e6c6f4b13,6c765cc69f3e4bb20e44be0e55caf8daf8c407d7d1c06515349b9d17ec1fddce,8cda5fd98865bccfe8601ace6f9a27d5a835513e,dynamic_floor_kg,182.69804925264216,kg
detectors,S6_combined,rls,6,10.0,True,S6_combined__rls__seed6__detect_cusum,8fbcb1374a66e26dea4a0e8dbcf64db42ebcd88dd11b5cd3bb5d44e8d4b0665a,f148dc11752161354c3021f05b1fe526c43baf276ba3893e2b36806f990aaf93,8cda5fd98865bccfe8601ace6f9a27d5a835513e,dynamic_floor_kg,191.59808203021186,kg
detectors,S6_combined,rls,6,10.0,True,S6_combined__rls__seed6__detect_ph,8fbcb1374a66e26dea4a0e8dbcf64db42ebcd88dd11b5cd3bb5d44e8d4b0665a,e5360505f8c49a15eebb5ef47f7d7477818e9b19f26155854e4ff574f74f5811,8cda5fd98865bccfe8601ace6f9a27d5a835513e,dynamic_floor_kg,191.59808203021186,kg
detectors,S6_combined,rls,6,10.0,True,S6_combined__rls__seed6__detect_adwin,8fbcb1374a66e26dea4a0e8dbcf64db42ebcd88dd11b5cd3bb5d44e8d4b0665a,ba90eb10e4e1f7500a344f9b4e5e676713fa49fa355f420971a75285e0b9c298,8cda5fd98865bccfe8601ace6f9a27d5a835513e,dynamic_floor_kg,191.59808203021186,kg
detectors,S6_combined,rls,6,10.0,True,S6_combined__rls__seed6__detect_ks,8fbcb1374a66e26dea4a0e8dbcf64db42ebcd88dd11b5cd3bb5d44e8d4b0665a,e68694c868384201c53bdaf13449887c7b05c2ad9ef5f3f7d7b8bf5cddc0bcb0,8cda5fd98865bccfe8601ace6f9a27d5a835513e,dynamic_floor_kg,191.59808203021186,kg
detectors,S6_combined,rls,6,10.0,True,S6_combined__rls__seed6__detect_all4,8fbcb1374a66e26dea4a0e8dbcf64db42ebcd88dd11b5cd3bb5d44e8d4b0665a,6c765cc69f3e4bb20e44be0e55caf8daf8c407d7d1c06515349b9d17ec1fddce,8cda5fd98865bccfe8601ace6f9a27d5a835513e,dynamic_floor_kg,191.59808203021186,kg
detectors,S6_combined,rls,7,10.0,True,S6_combined__rls__seed7__detect_cusum,eb12037c60287858e9925e83fcaf2aa6789246ee5a2aa0c936402930de58eb1c,f148dc11752161354c3021f05b1fe526c43baf276ba3893e2b36806f990aaf93,8cda5fd98865bccfe8601ace6f9a27d5a835513e,dynamic_floor_kg,192.97106772959546,kg
detectors,S6_combined,rls,7,10.0,True,S6_combined__rls__seed7__detect_ph,eb12037c60287858e9925e83fcaf2aa6789246ee5a2aa0c936402930de58eb1c,e5360505f8c49a15eebb5ef47f7d7477818e9b19f26155854e4ff574f74f5811,8cda5fd98865bccfe8601ace6f9a27d5a835513e,dynamic_floor_kg,192.97106772959546,kg
detectors,S6_combined,rls,7,10.0,True,S6_combined__rls__seed7__detect_adwin,eb12037c60287858e9925e83fcaf2aa6789246ee5a2aa0c936402930de58eb1c,ba90eb10e4e1f7500a344f9b4e5e676713fa49fa355f420971a75285e0b9c298,8cda5fd98865bccfe8601ace6f9a27d5a835513e,dynamic_floor_kg,192.97106772959546,kg
detectors,S6_combined,rls,7,10.0,True,S6_combined__rls__seed7__detect_ks,eb12037c60287858e9925e83fcaf2aa6789246ee5a2aa0c936402930de58eb1c,e68694c868384201c53bdaf13449887c7b05c2ad9ef5f3f7d7b8bf5cddc0bcb0,8cda5fd98865bccfe8601ace6f9a27d5a835513e,dynamic_floor_kg,192.97106772959546,kg
detectors,S6_combined,rls,7,10.0,True,S6_combined__rls__seed7__detect_all4,eb12037c60287858e9925e83fcaf2aa6789246ee5a2aa0c936402930de58eb1c,6c765cc69f3e4bb20e44be0e55caf8daf8c407d7d1c06515349b9d17ec1fddce,8cda5fd98865bccfe8601ace6f9a27d5a835513e,dynamic_floor_kg,192.97106772959546,kg
detectors,S6_combined,rls,8,10.0,True,S6_combined__rls__seed8__detect_cusum,da4740837e6cf85b5c7d22d84cf556133cbff181edcbfd4d107db823d7c1f164,f148dc11752161354c3021f05b1fe526c43baf276ba3893e2b36806f990aaf93,8cda5fd98865bccfe8601ace6f9a27d5a835513e,dynamic_floor_kg,187.21835996036847,kg
detectors,S6_combined,rls,8,10.0,True,S6_combined__rls__seed8__detect_ph,da4740837e6cf85b5c7d22d84cf556133cbff181edcbfd4d107db823d7c1f164,e5360505f8c49a15eebb5ef47f7d7477818e9b19f26155854e4ff574f74f5811,8cda5fd98865bccfe8601ace6f9a27d5a835513e,dynamic_floor_kg,187.21835996036847,kg
detectors,S6_combined,rls,8,10.0,True,S6_combined__rls__seed8__detect_adwin,da4740837e6cf85b5c7d22d84cf556133cbff181edcbfd4d107db823d7c1f164,ba90eb10e4e1f7500a344f9b4e5e676713fa49fa355f420971a75285e0b9c298,8cda5fd98865bccfe8601ace6f9a27d5a835513e,dynamic_floor_kg,187.21835996036847,kg
detectors,S6_combined,rls,8,10.0,True,S6_combined__rls__seed8__detect_ks,da4740837e6cf85b5c7d22d84cf556133cbff181edcbfd4d107db823d7c1f164,e68694c868384201c53bdaf13449887c7b05c2ad9ef5f3f7d7b8bf5cddc0bcb0,8cda5fd98865bccfe8601ace6f9a27d5a835513e,dynamic_floor_kg,187.21835996036847,kg
detectors,S6_combined,rls,8,10.0,True,S6_combined__rls__seed8__detect_all4,da4740837e6cf85b5c7d22d84cf556133cbff181edcbfd4d107db823d7c1f164,6c765cc69f3e4bb20e44be0e55caf8daf8c407d7d1c06515349b9d17ec1fddce,8cda5fd98865bccfe8601ace6f9a27d5a835513e,dynamic_floor_kg,187.21835996036847,kg
detectors,S6_combined,rls,9,10.0,True,S6_combined__rls__seed9__detect_cusum,29718e114c21c01b04a983f185bbf01430cfac8dd9e8b5808281b0434dac26fc,f148dc11752161354c3021f05b1fe526c43baf276ba3893e2b36806f990aaf93,8cda5fd98865bccfe8601ace6f9a27d5a835513e,dynamic_floor_kg,186.5929485367819,kg
detectors,S6_combined,rls,9,10.0,True,S6_combined__rls__seed9__detect_ph,29718e114c21c01b04a983f185bbf01430cfac8dd9e8b5808281b0434dac26fc,e5360505f8c49a15eebb5ef47f7d7477818e9b19f26155854e4ff574f74f5811,8cda5fd98865bccfe8601ace6f9a27d5a835513e,dynamic_floor_kg,186.5929485367819,kg
detectors,S6_combined,rls,9,10.0,True,S6_combined__rls__seed9__detect_adwin,29718e114c21c01b04a983f185bbf01430cfac8dd9e8b5808281b0434dac26fc,ba90eb10e4e1f7500a344f9b4e5e676713fa49fa355f420971a75285e0b9c298,8cda5fd98865bccfe8601ace6f9a27d5a835513e,dynamic_floor_kg,186.5929485367819,kg
detectors,S6_combined,rls,9,10.0,True,S6_combined__rls__seed9__detect_ks,29718e114c21c01b04a983f185bbf01430cfac8dd9e8b5808281b0434dac26fc,e68694c868384201c53bdaf13449887c7b05c2ad9ef5f3f7d7b8bf5cddc0bcb0,8cda5fd98865bccfe8601ace6f9a27d5a835513e,dynamic_floor_kg,186.5929485367819,kg
detectors,S6_combined,rls,9,10.0,True,S6_combined__rls__seed9__detect_all4,29718e114c21c01b04a983f185bbf01430cfac8dd9e8b5808281b0434dac26fc,6c765cc69f3e4bb20e44be0e55caf8daf8c407d7d1c06515349b9d17ec1fddce,8cda5fd98865bccfe8601ace6f9a27d5a835513e,dynamic_floor_kg,186.5929485367819,kg
detectors,S6_combined,rls,10,10.0,True,S6_combined__rls__seed10__detect_cusum,4054ab96937dfc6eef3c9c4f46347db001fd4eea59432509f786c95b51d12234,f148dc11752161354c3021f05b1fe526c43baf276ba3893e2b36806f990aaf93,8cda5fd98865bccfe8601ace6f9a27d5a835513e,dynamic_floor_kg,198.63103183123297,kg
detectors,S6_combined,rls,10,10.0,True,S6_combined__rls__seed10__detect_ph,4054ab96937dfc6eef3c9c4f46347db001fd4eea59432509f786c95b51d12234,e5360505f8c49a15eebb5ef47f7d7477818e9b19f26155854e4ff574f74f5811,8cda5fd98865bccfe8601ace6f9a27d5a835513e,dynamic_floor_kg,198.63103183123297,kg
detectors,S6_combined,rls,10,10.0,True,S6_combined__rls__seed10__detect_adwin,4054ab96937dfc6eef3c9c4f46347db001fd4eea59432509f786c95b51d12234,ba90eb10e4e1f7500a344f9b4e5e676713fa49fa355f420971a75285e0b9c298,8cda5fd98865bccfe8601ace6f9a27d5a835513e,dynamic_floor_kg,198.63103183123297,kg
detectors,S6_combined,rls,10,10.0,True,S6_combined__rls__seed10__detect_ks,4054ab96937dfc6eef3c9c4f46347db001fd4eea59432509f786c95b51d12234,e68694c868384201c53bdaf13449887c7b05c2ad9ef5f3f7d7b8bf5cddc0bcb0,8cda5fd98865bccfe8601ace6f9a27d5a835513e,dynamic_floor_kg,198.63103183123297,kg
detectors,S6_combined,rls,10,10.0,True,S6_combined__rls__seed10__detect_all4,4054ab96937dfc6eef3c9c4f46347db001fd4eea59432509f786c95b51d12234,6c765cc69f3e4bb20e44be0e55caf8daf8c407d7d1c06515349b9d17ec1fddce,8cda5fd98865bccfe8601ace6f9a27d5a835513e,dynamic_floor_kg,198.63103183123297,kg
detectors,S4_step_fault,rls,1,10.0,True,S4_step_fault__rls__seed1__detect_cusum,7d29a6d7dca932314e512c265e0e559ec6cc02e548aa25349a95d1f29dbf9ef1,f148dc11752161354c3021f05b1fe526c43baf276ba3893e2b36806f990aaf93,8cda5fd98865bccfe8601ace6f9a27d5a835513e,mean_interval_width_kg,802.4929050814271,kg
detectors,S4_step_fault,rls,1,10.0,True,S4_step_fault__rls__seed1__detect_ph,7d29a6d7dca932314e512c265e0e559ec6cc02e548aa25349a95d1f29dbf9ef1,e5360505f8c49a15eebb5ef47f7d7477818e9b19f26155854e4ff574f74f5811,8cda5fd98865bccfe8601ace6f9a27d5a835513e,mean_interval_width_kg,839.6556548348127,kg
detectors,S4_step_fault,rls,1,10.0,True,S4_step_fault__rls__seed1__detect_adwin,7d29a6d7dca932314e512c265e0e559ec6cc02e548aa25349a95d1f29dbf9ef1,ba90eb10e4e1f7500a344f9b4e5e676713fa49fa355f420971a75285e0b9c298,8cda5fd98865bccfe8601ace6f9a27d5a835513e,mean_interval_width_kg,839.6556548348127,kg
detectors,S4_step_fault,rls,1,10.0,True,S4_step_fault__rls__seed1__detect_ks,7d29a6d7dca932314e512c265e0e559ec6cc02e548aa25349a95d1f29dbf9ef1,e68694c868384201c53bdaf13449887c7b05c2ad9ef5f3f7d7b8bf5cddc0bcb0,8cda5fd98865bccfe8601ace6f9a27d5a835513e,mean_interval_width_kg,839.6556548348127,kg
detectors,S4_step_fault,rls,1,10.0,True,S4_step_fault__rls__seed1__detect_all4,7d29a6d7dca932314e512c265e0e559ec6cc02e548aa25349a95d1f29dbf9ef1,6c765cc69f3e4bb20e44be0e55caf8daf8c407d7d1c06515349b9d17ec1fddce,8cda5fd98865bccfe8601ace6f9a27d5a835513e,mean_interval_width_kg,802.4929050814271,kg
detectors,S4_step_fault,rls,2,10.0,True,S4_step_fault__rls__seed2__detect_cusum,adc80992e5ad2b0074c2ccb5fd189429c3fd11d2d51d242aa1caec078b0db1d2,f148dc11752161354c3021f05b1fe526c43baf276ba3893e2b36806f990aaf93,8cda5fd98865bccfe8601ace6f9a27d5a835513e,mean_interval_width_kg,816.7967422604713,kg
detectors,S4_step_fault,rls,2,10.0,True,S4_step_fault__rls__seed2__detect_ph,adc80992e5ad2b0074c2ccb5fd189429c3fd11d2d51d242aa1caec078b0db1d2,e5360505f8c49a15eebb5ef47f7d7477818e9b19f26155854e4ff574f74f5811,8cda5fd98865bccfe8601ace6f9a27d5a835513e,mean_interval_width_kg,971.528687621637,kg
detectors,S4_step_fault,rls,2,10.0,True,S4_step_fault__rls__seed2__detect_adwin,adc80992e5ad2b0074c2ccb5fd189429c3fd11d2d51d242aa1caec078b0db1d2,ba90eb10e4e1f7500a344f9b4e5e676713fa49fa355f420971a75285e0b9c298,8cda5fd98865bccfe8601ace6f9a27d5a835513e,mean_interval_width_kg,971.528687621637,kg
detectors,S4_step_fault,rls,2,10.0,True,S4_step_fault__rls__seed2__detect_ks,adc80992e5ad2b0074c2ccb5fd189429c3fd11d2d51d242aa1caec078b0db1d2,e68694c868384201c53bdaf13449887c7b05c2ad9ef5f3f7d7b8bf5cddc0bcb0,8cda5fd98865bccfe8601ace6f9a27d5a835513e,mean_interval_width_kg,971.528687621637,kg
detectors,S4_step_fault,rls,2,10.0,True,S4_step_fault__rls__seed2__detect_all4,adc80992e5ad2b0074c2ccb5fd189429c3fd11d2d51d242aa1caec078b0db1d2,6c765cc69f3e4bb20e44be0e55caf8daf8c407d7d1c06515349b9d17ec1fddce,8cda5fd98865bccfe8601ace6f9a27d5a835513e,mean_interval_width_kg,816.7967422604713,kg
detectors,S4_step_fault,rls,3,10.0,True,S4_step_fault__rls__seed3__detect_cusum,755a0aa70d2f3fe05534c8cb137d5df18ed16325d4692fc840c3daee2c8a8c92,f148dc11752161354c3021f05b1fe526c43baf276ba3893e2b36806f990aaf93,8cda5fd98865bccfe8601ace6f9a27d5a835513e,mean_interval_width_kg,812.9527192872274,kg
detectors,S4_step_fault,rls,3,10.0,True,S4_step_fault__rls__seed3__detect_ph,755a0aa70d2f3fe05534c8cb137d5df18ed16325d4692fc840c3daee2c8a8c92,e5360505f8c49a15eebb5ef47f7d7477818e9b19f26155854e4ff574f74f5811,8cda5fd98865bccfe8601ace6f9a27d5a835513e,mean_interval_width_kg,812.9527192872274,kg
detectors,S4_step_fault,rls,3,10.0,True,S4_step_fault__rls__seed3__detect_adwin,755a0aa70d2f3fe05534c8cb137d5df18ed16325d4692fc840c3daee2c8a8c92,ba90eb10e4e1f7500a344f9b4e5e676713fa49fa355f420971a75285e0b9c298,8cda5fd98865bccfe8601ace6f9a27d5a835513e,mean_interval_width_kg,812.9527192872274,kg
detectors,S4_step_fault,rls,3,10.0,True,S4_step_fault__rls__seed3__detect_ks,755a0aa70d2f3fe05534c8cb137d5df18ed16325d4692fc840c3daee2c8a8c92,e68694c868384201c53bdaf13449887c7b05c2ad9ef5f3f7d7b8bf5cddc0bcb0,8cda5fd98865bccfe8601ace6f9a27d5a835513e,mean_interval_width_kg,812.9527192872274,kg
detectors,S4_step_fault,rls,3,10.0,True,S4_step_fault__rls__seed3__detect_all4,755a0aa70d2f3fe05534c8cb137d5df18ed16325d4692fc840c3daee2c8a8c92,6c765cc69f3e4bb20e44be0e55caf8daf8c407d7d1c06515349b9d17ec1fddce,8cda5fd98865bccfe8601ace6f9a27d5a835513e,mean_interval_width_kg,812.9527192872274,kg
detectors,S4_step_fault,rls,4,10.0,True,S4_step_fault__rls__seed4__detect_cusum,57d0146db86c059173927b479ffa5908a6e01f3cdeb9f10b63e58e983cd88fb2,f148dc11752161354c3021f05b1fe526c43baf276ba3893e2b36806f990aaf93,8cda5fd98865bccfe8601ace6f9a27d5a835513e,mean_interval_width_kg,881.3040678268524,kg
detectors,S4_step_fault,rls,4,10.0,True,S4_step_fault__rls__seed4__detect_ph,57d0146db86c059173927b479ffa5908a6e01f3cdeb9f10b63e58e983cd88fb2,e5360505f8c49a15eebb5ef47f7d7477818e9b19f26155854e4ff574f74f5811,8cda5fd98865bccfe8601ace6f9a27d5a835513e,mean_interval_width_kg,912.2570287940865,kg
detectors,S4_step_fault,rls,4,10.0,True,S4_step_fault__rls__seed4__detect_adwin,57d0146db86c059173927b479ffa5908a6e01f3cdeb9f10b63e58e983cd88fb2,ba90eb10e4e1f7500a344f9b4e5e676713fa49fa355f420971a75285e0b9c298,8cda5fd98865bccfe8601ace6f9a27d5a835513e,mean_interval_width_kg,912.2570287940865,kg
detectors,S4_step_fault,rls,4,10.0,True,S4_step_fault__rls__seed4__detect_ks,57d0146db86c059173927b479ffa5908a6e01f3cdeb9f10b63e58e983cd88fb2,e68694c868384201c53bdaf13449887c7b05c2ad9ef5f3f7d7b8bf5cddc0bcb0,8cda5fd98865bccfe8601ace6f9a27d5a835513e,mean_interval_width_kg,912.2570287940865,kg
detectors,S4_step_fault,rls,4,10.0,True,S4_step_fault__rls__seed4__detect_all4,57d0146db86c059173927b479ffa5908a6e01f3cdeb9f10b63e58e983cd88fb2,6c765cc69f3e4bb20e44be0e55caf8daf8c407d7d1c06515349b9d17ec1fddce,8cda5fd98865bccfe8601ace6f9a27d5a835513e,mean_interval_width_kg,881.3040678268524,kg
detectors,S4_step_fault,rls,5,10.0,True,S4_step_fault__rls__seed5__detect_cusum,1efe02364dacd47e4d9a937957614582b8530ef56f2b525678988666500727b7,f148dc11752161354c3021f05b1fe526c43baf276ba3893e2b36806f990aaf93,8cda5fd98865bccfe8601ace6f9a27d5a835513e,mean_interval_width_kg,851.6189108802334,kg
detectors,S4_step_fault,rls,5,10.0,True,S4_step_fault__rls__seed5__detect_ph,1efe02364dacd47e4d9a937957614582b8530ef56f2b525678988666500727b7,e5360505f8c49a15eebb5ef47f7d7477818e9b19f26155854e4ff574f74f5811,8cda5fd98865bccfe8601ace6f9a27d5a835513e,mean_interval_width_kg,851.6189108802334,kg
detectors,S4_step_fault,rls,5,10.0,True,S4_step_fault__rls__seed5__detect_adwin,1efe02364dacd47e4d9a937957614582b8530ef56f2b525678988666500727b7,ba90eb10e4e1f7500a344f9b4e5e676713fa49fa355f420971a75285e0b9c298,8cda5fd98865bccfe8601ace6f9a27d5a835513e,mean_interval_width_kg,851.6189108802334,kg
detectors,S4_step_fault,rls,5,10.0,True,S4_step_fault__rls__seed5__detect_ks,1efe02364dacd47e4d9a937957614582b8530ef56f2b525678988666500727b7,e68694c868384201c53bdaf13449887c7b05c2ad9ef5f3f7d7b8bf5cddc0bcb0,8cda5fd98865bccfe8601ace6f9a27d5a835513e,mean_interval_width_kg,851.6189108802334,kg
detectors,S4_step_fault,rls,5,10.0,True,S4_step_fault__rls__seed5__detect_all4,1efe02364dacd47e4d9a937957614582b8530ef56f2b525678988666500727b7,6c765cc69f3e4bb20e44be0e55caf8daf8c407d7d1c06515349b9d17ec1fddce,8cda5fd98865bccfe8601ace6f9a27d5a835513e,mean_interval_width_kg,851.6189108802334,kg
detectors,S4_step_fault,rls,6,10.0,True,S4_step_fault__rls__seed6__detect_cusum,edb8fb013b7aeb64e877b749783afa62d6864702f69cf9e7c539d6cd9df4f86d,f148dc11752161354c3021f05b1fe526c43baf276ba3893e2b36806f990aaf93,8cda5fd98865bccfe8601ace6f9a27d5a835513e,mean_interval_width_kg,931.381707964756,kg
detectors,S4_step_fault,rls,6,10.0,True,S4_step_fault__rls__seed6__detect_ph,edb8fb013b7aeb64e877b749783afa62d6864702f69cf9e7c539d6cd9df4f86d,e5360505f8c49a15eebb5ef47f7d7477818e9b19f26155854e4ff574f74f5811,8cda5fd98865bccfe8601ace6f9a27d5a835513e,mean_interval_width_kg,931.381707964756,kg
detectors,S4_step_fault,rls,6,10.0,True,S4_step_fault__rls__seed6__detect_adwin,edb8fb013b7aeb64e877b749783afa62d6864702f69cf9e7c539d6cd9df4f86d,ba90eb10e4e1f7500a344f9b4e5e676713fa49fa355f420971a75285e0b9c298,8cda5fd98865bccfe8601ace6f9a27d5a835513e,mean_interval_width_kg,851.740332999247,kg
detectors,S4_step_fault,rls,6,10.0,True,S4_step_fault__rls__seed6__detect_ks,edb8fb013b7aeb64e877b749783afa62d6864702f69cf9e7c539d6cd9df4f86d,e68694c868384201c53bdaf13449887c7b05c2ad9ef5f3f7d7b8bf5cddc0bcb0,8cda5fd98865bccfe8601ace6f9a27d5a835513e,mean_interval_width_kg,931.381707964756,kg
detectors,S4_step_fault,rls,6,10.0,True,S4_step_fault__rls__seed6__detect_all4,edb8fb013b7aeb64e877b749783afa62d6864702f69cf9e7c539d6cd9df4f86d,6c765cc69f3e4bb20e44be0e55caf8daf8c407d7d1c06515349b9d17ec1fddce,8cda5fd98865bccfe8601ace6f9a27d5a835513e,mean_interval_width_kg,931.381707964756,kg
detectors,S4_step_fault,rls,7,10.0,True,S4_step_fault__rls__seed7__detect_cusum,5cf17843f3bfe6e9f5ce0f88df6e9f0fa19691e7d0781a28d2e0071debfacd13,f148dc11752161354c3021f05b1fe526c43baf276ba3893e2b36806f990aaf93,8cda5fd98865bccfe8601ace6f9a27d5a835513e,mean_interval_width_kg,870.3380625448615,kg
detectors,S4_step_fault,rls,7,10.0,True,S4_step_fault__rls__seed7__detect_ph,5cf17843f3bfe6e9f5ce0f88df6e9f0fa19691e7d0781a28d2e0071debfacd13,e5360505f8c49a15eebb5ef47f7d7477818e9b19f26155854e4ff574f74f5811,8cda5fd98865bccfe8601ace6f9a27d5a835513e,mean_interval_width_kg,870.3380625448615,kg
detectors,S4_step_fault,rls,7,10.0,True,S4_step_fault__rls__seed7__detect_adwin,5cf17843f3bfe6e9f5ce0f88df6e9f0fa19691e7d0781a28d2e0071debfacd13,ba90eb10e4e1f7500a344f9b4e5e676713fa49fa355f420971a75285e0b9c298,8cda5fd98865bccfe8601ace6f9a27d5a835513e,mean_interval_width_kg,870.3380625448615,kg
detectors,S4_step_fault,rls,7,10.0,True,S4_step_fault__rls__seed7__detect_ks,5cf17843f3bfe6e9f5ce0f88df6e9f0fa19691e7d0781a28d2e0071debfacd13,e68694c868384201c53bdaf13449887c7b05c2ad9ef5f3f7d7b8bf5cddc0bcb0,8cda5fd98865bccfe8601ace6f9a27d5a835513e,mean_interval_width_kg,870.3380625448615,kg
detectors,S4_step_fault,rls,7,10.0,True,S4_step_fault__rls__seed7__detect_all4,5cf17843f3bfe6e9f5ce0f88df6e9f0fa19691e7d0781a28d2e0071debfacd13,6c765cc69f3e4bb20e44be0e55caf8daf8c407d7d1c06515349b9d17ec1fddce,8cda5fd98865bccfe8601ace6f9a27d5a835513e,mean_interval_width_kg,870.3380625448615,kg
detectors,S4_step_fault,rls,8,10.0,True,S4_step_fault__rls__seed8__detect_cusum,4471998ed306e877216c6c1b12b8ba9d62e309093746866fb7f4d683dd3b0138,f148dc11752161354c3021f05b1fe526c43baf276ba3893e2b36806f990aaf93,8cda5fd98865bccfe8601ace6f9a27d5a835513e,mean_interval_width_kg,851.8750431692717,kg
detectors,S4_step_fault,rls,8,10.0,True,S4_step_fault__rls__seed8__detect_ph,4471998ed306e877216c6c1b12b8ba9d62e309093746866fb7f4d683dd3b0138,e5360505f8c49a15eebb5ef47f7d7477818e9b19f26155854e4ff574f74f5811,8cda5fd98865bccfe8601ace6f9a27d5a835513e,mean_interval_width_kg,851.8750431692717,kg
detectors,S4_step_fault,rls,8,10.0,True,S4_step_fault__rls__seed8__detect_adwin,4471998ed306e877216c6c1b12b8ba9d62e309093746866fb7f4d683dd3b0138,ba90eb10e4e1f7500a344f9b4e5e676713fa49fa355f420971a75285e0b9c298,8cda5fd98865bccfe8601ace6f9a27d5a835513e,mean_interval_width_kg,851.8750431692717,kg
detectors,S4_step_fault,rls,8,10.0,True,S4_step_fault__rls__seed8__detect_ks,4471998ed306e877216c6c1b12b8ba9d62e309093746866fb7f4d683dd3b0138,e68694c868384201c53bdaf13449887c7b05c2ad9ef5f3f7d7b8bf5cddc0bcb0,8cda5fd98865bccfe8601ace6f9a27d5a835513e,mean_interval_width_kg,851.8750431692717,kg
detectors,S4_step_fault,rls,8,10.0,True,S4_step_fault__rls__seed8__detect_all4,4471998ed306e877216c6c1b12b8ba9d62e309093746866fb7f4d683dd3b0138,6c765cc69f3e4bb20e44be0e55caf8daf8c407d7d1c06515349b9d17ec1fddce,8cda5fd98865bccfe8601ace6f9a27d5a835513e,mean_interval_width_kg,851.8750431692717,kg
detectors,S4_step_fault,rls,9,10.0,True,S4_step_fault__rls__seed9__detect_cusum,af86278540fa1654a3e5819e52691400963a2f43bbaf4be0dd151148c2836411,f148dc11752161354c3021f05b1fe526c43baf276ba3893e2b36806f990aaf93,8cda5fd98865bccfe8601ace6f9a27d5a835513e,mean_interval_width_kg,846.6288306779136,kg
detectors,S4_step_fault,rls,9,10.0,True,S4_step_fault__rls__seed9__detect_ph,af86278540fa1654a3e5819e52691400963a2f43bbaf4be0dd151148c2836411,e5360505f8c49a15eebb5ef47f7d7477818e9b19f26155854e4ff574f74f5811,8cda5fd98865bccfe8601ace6f9a27d5a835513e,mean_interval_width_kg,846.6288306779136,kg
detectors,S4_step_fault,rls,9,10.0,True,S4_step_fault__rls__seed9__detect_adwin,af86278540fa1654a3e5819e52691400963a2f43bbaf4be0dd151148c2836411,ba90eb10e4e1f7500a344f9b4e5e676713fa49fa355f420971a75285e0b9c298,8cda5fd98865bccfe8601ace6f9a27d5a835513e,mean_interval_width_kg,834.6034892297481,kg
detectors,S4_step_fault,rls,9,10.0,True,S4_step_fault__rls__seed9__detect_ks,af86278540fa1654a3e5819e52691400963a2f43bbaf4be0dd151148c2836411,e68694c868384201c53bdaf13449887c7b05c2ad9ef5f3f7d7b8bf5cddc0bcb0,8cda5fd98865bccfe8601ace6f9a27d5a835513e,mean_interval_width_kg,844.1137450708094,kg
detectors,S4_step_fault,rls,9,10.0,True,S4_step_fault__rls__seed9__detect_all4,af86278540fa1654a3e5819e52691400963a2f43bbaf4be0dd151148c2836411,6c765cc69f3e4bb20e44be0e55caf8daf8c407d7d1c06515349b9d17ec1fddce,8cda5fd98865bccfe8601ace6f9a27d5a835513e,mean_interval_width_kg,846.6288306779136,kg
detectors,S4_step_fault,rls,10,10.0,True,S4_step_fault__rls__seed10__detect_cusum,b97f4fa67d55b0a4900a4dc84b9f38b152ab85aa07d9118de95bac234f41360d,f148dc11752161354c3021f05b1fe526c43baf276ba3893e2b36806f990aaf93,8cda5fd98865bccfe8601ace6f9a27d5a835513e,mean_interval_width_kg,1000.0346015780234,kg
detectors,S4_step_fault,rls,10,10.0,True,S4_step_fault__rls__seed10__detect_ph,b97f4fa67d55b0a4900a4dc84b9f38b152ab85aa07d9118de95bac234f41360d,e5360505f8c49a15eebb5ef47f7d7477818e9b19f26155854e4ff574f74f5811,8cda5fd98865bccfe8601ace6f9a27d5a835513e,mean_interval_width_kg,994.5032706507108,kg
detectors,S4_step_fault,rls,10,10.0,True,S4_step_fault__rls__seed10__detect_adwin,b97f4fa67d55b0a4900a4dc84b9f38b152ab85aa07d9118de95bac234f41360d,ba90eb10e4e1f7500a344f9b4e5e676713fa49fa355f420971a75285e0b9c298,8cda5fd98865bccfe8601ace6f9a27d5a835513e,mean_interval_width_kg,986.3721274609782,kg
detectors,S4_step_fault,rls,10,10.0,True,S4_step_fault__rls__seed10__detect_ks,b97f4fa67d55b0a4900a4dc84b9f38b152ab85aa07d9118de95bac234f41360d,e68694c868384201c53bdaf13449887c7b05c2ad9ef5f3f7d7b8bf5cddc0bcb0,8cda5fd98865bccfe8601ace6f9a27d5a835513e,mean_interval_width_kg,947.3643063036037,kg
detectors,S4_step_fault,rls,10,10.0,True,S4_step_fault__rls__seed10__detect_all4,b97f4fa67d55b0a4900a4dc84b9f38b152ab85aa07d9118de95bac234f41360d,6c765cc69f3e4bb20e44be0e55caf8daf8c407d7d1c06515349b9d17ec1fddce,8cda5fd98865bccfe8601ace6f9a27d5a835513e,mean_interval_width_kg,1000.0346015780234,kg
detectors,S6_combined,rls,1,10.0,True,S6_combined__rls__seed1__detect_cusum,b3cf8d14b3aed8b1d65ab4497dcbfb879dbda2ce1da03bb07f6401c9b4b9bd4a,f148dc11752161354c3021f05b1fe526c43baf276ba3893e2b36806f990aaf93,8cda5fd98865bccfe8601ace6f9a27d5a835513e,mean_interval_width_kg,1411.1221297732725,kg
detectors,S6_combined,rls,1,10.0,True,S6_combined__rls__seed1__detect_ph,b3cf8d14b3aed8b1d65ab4497dcbfb879dbda2ce1da03bb07f6401c9b4b9bd4a,e5360505f8c49a15eebb5ef47f7d7477818e9b19f26155854e4ff574f74f5811,8cda5fd98865bccfe8601ace6f9a27d5a835513e,mean_interval_width_kg,1411.1221297732725,kg
detectors,S6_combined,rls,1,10.0,True,S6_combined__rls__seed1__detect_adwin,b3cf8d14b3aed8b1d65ab4497dcbfb879dbda2ce1da03bb07f6401c9b4b9bd4a,ba90eb10e4e1f7500a344f9b4e5e676713fa49fa355f420971a75285e0b9c298,8cda5fd98865bccfe8601ace6f9a27d5a835513e,mean_interval_width_kg,1411.1221297732725,kg
detectors,S6_combined,rls,1,10.0,True,S6_combined__rls__seed1__detect_ks,b3cf8d14b3aed8b1d65ab4497dcbfb879dbda2ce1da03bb07f6401c9b4b9bd4a,e68694c868384201c53bdaf13449887c7b05c2ad9ef5f3f7d7b8bf5cddc0bcb0,8cda5fd98865bccfe8601ace6f9a27d5a835513e,mean_interval_width_kg,1411.1221297732725,kg
detectors,S6_combined,rls,1,10.0,True,S6_combined__rls__seed1__detect_all4,b3cf8d14b3aed8b1d65ab4497dcbfb879dbda2ce1da03bb07f6401c9b4b9bd4a,6c765cc69f3e4bb20e44be0e55caf8daf8c407d7d1c06515349b9d17ec1fddce,8cda5fd98865bccfe8601ace6f9a27d5a835513e,mean_interval_width_kg,1411.1221297732725,kg
detectors,S6_combined,rls,2,10.0,True,S6_combined__rls__seed2__detect_cusum,e4f7ab87faf6982be139dc8af97757bff8d540d357c41e3d06ec298e4dd75854,f148dc11752161354c3021f05b1fe526c43baf276ba3893e2b36806f990aaf93,8cda5fd98865bccfe8601ace6f9a27d5a835513e,mean_interval_width_kg,1272.8687719406294,kg
detectors,S6_combined,rls,2,10.0,True,S6_combined__rls__seed2__detect_ph,e4f7ab87faf6982be139dc8af97757bff8d540d357c41e3d06ec298e4dd75854,e5360505f8c49a15eebb5ef47f7d7477818e9b19f26155854e4ff574f74f5811,8cda5fd98865bccfe8601ace6f9a27d5a835513e,mean_interval_width_kg,1272.8687719406294,kg
detectors,S6_combined,rls,2,10.0,True,S6_combined__rls__seed2__detect_adwin,e4f7ab87faf6982be139dc8af97757bff8d540d357c41e3d06ec298e4dd75854,ba90eb10e4e1f7500a344f9b4e5e676713fa49fa355f420971a75285e0b9c298,8cda5fd98865bccfe8601ace6f9a27d5a835513e,mean_interval_width_kg,1272.8687719406294,kg
detectors,S6_combined,rls,2,10.0,True,S6_combined__rls__seed2__detect_ks,e4f7ab87faf6982be139dc8af97757bff8d540d357c41e3d06ec298e4dd75854,e68694c868384201c53bdaf13449887c7b05c2ad9ef5f3f7d7b8bf5cddc0bcb0,8cda5fd98865bccfe8601ace6f9a27d5a835513e,mean_interval_width_kg,1272.8687719406294,kg
detectors,S6_combined,rls,2,10.0,True,S6_combined__rls__seed2__detect_all4,e4f7ab87faf6982be139dc8af97757bff8d540d357c41e3d06ec298e4dd75854,6c765cc69f3e4bb20e44be0e55caf8daf8c407d7d1c06515349b9d17ec1fddce,8cda5fd98865bccfe8601ace6f9a27d5a835513e,mean_interval_width_kg,1272.8687719406294,kg
detectors,S6_combined,rls,3,10.0,True,S6_combined__rls__seed3__detect_cusum,c371bfebbbdb510b204e19fcaedea3c47a4e8b6d77499f04ee6ac55d13fed988,f148dc11752161354c3021f05b1fe526c43baf276ba3893e2b36806f990aaf93,8cda5fd98865bccfe8601ace6f9a27d5a835513e,mean_interval_width_kg,1538.9802618746564,kg
detectors,S6_combined,rls,3,10.0,True,S6_combined__rls__seed3__detect_ph,c371bfebbbdb510b204e19fcaedea3c47a4e8b6d77499f04ee6ac55d13fed988,e5360505f8c49a15eebb5ef47f7d7477818e9b19f26155854e4ff574f74f5811,8cda5fd98865bccfe8601ace6f9a27d5a835513e,mean_interval_width_kg,1377.8135071723389,kg
detectors,S6_combined,rls,3,10.0,True,S6_combined__rls__seed3__detect_adwin,c371bfebbbdb510b204e19fcaedea3c47a4e8b6d77499f04ee6ac55d13fed988,ba90eb10e4e1f7500a344f9b4e5e676713fa49fa355f420971a75285e0b9c298,8cda5fd98865bccfe8601ace6f9a27d5a835513e,mean_interval_width_kg,1377.8135071723389,kg
detectors,S6_combined,rls,3,10.0,True,S6_combined__rls__seed3__detect_ks,c371bfebbbdb510b204e19fcaedea3c47a4e8b6d77499f04ee6ac55d13fed988,e68694c868384201c53bdaf13449887c7b05c2ad9ef5f3f7d7b8bf5cddc0bcb0,8cda5fd98865bccfe8601ace6f9a27d5a835513e,mean_interval_width_kg,1377.8135071723389,kg
detectors,S6_combined,rls,3,10.0,True,S6_combined__rls__seed3__detect_all4,c371bfebbbdb510b204e19fcaedea3c47a4e8b6d77499f04ee6ac55d13fed988,6c765cc69f3e4bb20e44be0e55caf8daf8c407d7d1c06515349b9d17ec1fddce,8cda5fd98865bccfe8601ace6f9a27d5a835513e,mean_interval_width_kg,1538.9802618746564,kg
detectors,S6_combined,rls,4,10.0,True,S6_combined__rls__seed4__detect_cusum,091893e2b20fe4f1f4ec71b10a24db6c43dabefaa37c7ef75c67f5a78f00f2b7,f148dc11752161354c3021f05b1fe526c43baf276ba3893e2b36806f990aaf93,8cda5fd98865bccfe8601ace6f9a27d5a835513e,mean_interval_width_kg,1342.8368111276136,kg
detectors,S6_combined,rls,4,10.0,True,S6_combined__rls__seed4__detect_ph,091893e2b20fe4f1f4ec71b10a24db6c43dabefaa37c7ef75c67f5a78f00f2b7,e5360505f8c49a15eebb5ef47f7d7477818e9b19f26155854e4ff574f74f5811,8cda5fd98865bccfe8601ace6f9a27d5a835513e,mean_interval_width_kg,1342.8368111276136,kg
detectors,S6_combined,rls,4,10.0,True,S6_combined__rls__seed4__detect_adwin,091893e2b20fe4f1f4ec71b10a24db6c43dabefaa37c7ef75c67f5a78f00f2b7,ba90eb10e4e1f7500a344f9b4e5e676713fa49fa355f420971a75285e0b9c298,8cda5fd98865bccfe8601ace6f9a27d5a835513e,mean_interval_width_kg,1342.8368111276136,kg
detectors,S6_combined,rls,4,10.0,True,S6_combined__rls__seed4__detect_ks,091893e2b20fe4f1f4ec71b10a24db6c43dabefaa37c7ef75c67f5a78f00f2b7,e68694c868384201c53bdaf13449887c7b05c2ad9ef5f3f7d7b8bf5cddc0bcb0,8cda5fd98865bccfe8601ace6f9a27d5a835513e,mean_interval_width_kg,1342.8368111276136,kg
detectors,S6_combined,rls,4,10.0,True,S6_combined__rls__seed4__detect_all4,091893e2b20fe4f1f4ec71b10a24db6c43dabefaa37c7ef75c67f5a78f00f2b7,6c765cc69f3e4bb20e44be0e55caf8daf8c407d7d1c06515349b9d17ec1fddce,8cda5fd98865bccfe8601ace6f9a27d5a835513e,mean_interval_width_kg,1342.8368111276136,kg
detectors,S6_combined,rls,5,10.0,True,S6_combined__rls__seed5__detect_cusum,c1d9d4a7d46d9a42ad59de704b5ae8b21c9bf2f17d4576d9bfa6e10e6c6f4b13,f148dc11752161354c3021f05b1fe526c43baf276ba3893e2b36806f990aaf93,8cda5fd98865bccfe8601ace6f9a27d5a835513e,mean_interval_width_kg,1325.6022660963056,kg
detectors,S6_combined,rls,5,10.0,True,S6_combined__rls__seed5__detect_ph,c1d9d4a7d46d9a42ad59de704b5ae8b21c9bf2f17d4576d9bfa6e10e6c6f4b13,e5360505f8c49a15eebb5ef47f7d7477818e9b19f26155854e4ff574f74f5811,8cda5fd98865bccfe8601ace6f9a27d5a835513e,mean_interval_width_kg,1325.6022660963056,kg
detectors,S6_combined,rls,5,10.0,True,S6_combined__rls__seed5__detect_adwin,c1d9d4a7d46d9a42ad59de704b5ae8b21c9bf2f17d4576d9bfa6e10e6c6f4b13,ba90eb10e4e1f7500a344f9b4e5e676713fa49fa355f420971a75285e0b9c298,8cda5fd98865bccfe8601ace6f9a27d5a835513e,mean_interval_width_kg,1325.6022660963056,kg
detectors,S6_combined,rls,5,10.0,True,S6_combined__rls__seed5__detect_ks,c1d9d4a7d46d9a42ad59de704b5ae8b21c9bf2f17d4576d9bfa6e10e6c6f4b13,e68694c868384201c53bdaf13449887c7b05c2ad9ef5f3f7d7b8bf5cddc0bcb0,8cda5fd98865bccfe8601ace6f9a27d5a835513e,mean_interval_width_kg,1325.6022660963056,kg
detectors,S6_combined,rls,5,10.0,True,S6_combined__rls__seed5__detect_all4,c1d9d4a7d46d9a42ad59de704b5ae8b21c9bf2f17d4576d9bfa6e10e6c6f4b13,6c765cc69f3e4bb20e44be0e55caf8daf8c407d7d1c06515349b9d17ec1fddce,8cda5fd98865bccfe8601ace6f9a27d5a835513e,mean_interval_width_kg,1325.6022660963056,kg
detectors,S6_combined,rls,6,10.0,True,S6_combined__rls__seed6__detect_cusum,8fbcb1374a66e26dea4a0e8dbcf64db42ebcd88dd11b5cd3bb5d44e8d4b0665a,f148dc11752161354c3021f05b1fe526c43baf276ba3893e2b36806f990aaf93,8cda5fd98865bccfe8601ace6f9a27d5a835513e,mean_interval_width_kg,1429.2973530542931,kg
detectors,S6_combined,rls,6,10.0,True,S6_combined__rls__seed6__detect_ph,8fbcb1374a66e26dea4a0e8dbcf64db42ebcd88dd11b5cd3bb5d44e8d4b0665a,e5360505f8c49a15eebb5ef47f7d7477818e9b19f26155854e4ff574f74f5811,8cda5fd98865bccfe8601ace6f9a27d5a835513e,mean_interval_width_kg,1429.2973530542931,kg
detectors,S6_combined,rls,6,10.0,True,S6_combined__rls__seed6__detect_adwin,8fbcb1374a66e26dea4a0e8dbcf64db42ebcd88dd11b5cd3bb5d44e8d4b0665a,ba90eb10e4e1f7500a344f9b4e5e676713fa49fa355f420971a75285e0b9c298,8cda5fd98865bccfe8601ace6f9a27d5a835513e,mean_interval_width_kg,1425.6152866796594,kg
detectors,S6_combined,rls,6,10.0,True,S6_combined__rls__seed6__detect_ks,8fbcb1374a66e26dea4a0e8dbcf64db42ebcd88dd11b5cd3bb5d44e8d4b0665a,e68694c868384201c53bdaf13449887c7b05c2ad9ef5f3f7d7b8bf5cddc0bcb0,8cda5fd98865bccfe8601ace6f9a27d5a835513e,mean_interval_width_kg,1364.2379249579722,kg
detectors,S6_combined,rls,6,10.0,True,S6_combined__rls__seed6__detect_all4,8fbcb1374a66e26dea4a0e8dbcf64db42ebcd88dd11b5cd3bb5d44e8d4b0665a,6c765cc69f3e4bb20e44be0e55caf8daf8c407d7d1c06515349b9d17ec1fddce,8cda5fd98865bccfe8601ace6f9a27d5a835513e,mean_interval_width_kg,1429.2973530542931,kg
detectors,S6_combined,rls,7,10.0,True,S6_combined__rls__seed7__detect_cusum,eb12037c60287858e9925e83fcaf2aa6789246ee5a2aa0c936402930de58eb1c,f148dc11752161354c3021f05b1fe526c43baf276ba3893e2b36806f990aaf93,8cda5fd98865bccfe8601ace6f9a27d5a835513e,mean_interval_width_kg,1433.3896888820273,kg
detectors,S6_combined,rls,7,10.0,True,S6_combined__rls__seed7__detect_ph,eb12037c60287858e9925e83fcaf2aa6789246ee5a2aa0c936402930de58eb1c,e5360505f8c49a15eebb5ef47f7d7477818e9b19f26155854e4ff574f74f5811,8cda5fd98865bccfe8601ace6f9a27d5a835513e,mean_interval_width_kg,1427.7864223517597,kg
detectors,S6_combined,rls,7,10.0,True,S6_combined__rls__seed7__detect_adwin,eb12037c60287858e9925e83fcaf2aa6789246ee5a2aa0c936402930de58eb1c,ba90eb10e4e1f7500a344f9b4e5e676713fa49fa355f420971a75285e0b9c298,8cda5fd98865bccfe8601ace6f9a27d5a835513e,mean_interval_width_kg,1439.0673768895394,kg
detectors,S6_combined,rls,7,10.0,True,S6_combined__rls__seed7__detect_ks,eb12037c60287858e9925e83fcaf2aa6789246ee5a2aa0c936402930de58eb1c,e68694c868384201c53bdaf13449887c7b05c2ad9ef5f3f7d7b8bf5cddc0bcb0,8cda5fd98865bccfe8601ace6f9a27d5a835513e,mean_interval_width_kg,1388.2553511192566,kg
detectors,S6_combined,rls,7,10.0,True,S6_combined__rls__seed7__detect_all4,eb12037c60287858e9925e83fcaf2aa6789246ee5a2aa0c936402930de58eb1c,6c765cc69f3e4bb20e44be0e55caf8daf8c407d7d1c06515349b9d17ec1fddce,8cda5fd98865bccfe8601ace6f9a27d5a835513e,mean_interval_width_kg,1433.3896888820273,kg
detectors,S6_combined,rls,8,10.0,True,S6_combined__rls__seed8__detect_cusum,da4740837e6cf85b5c7d22d84cf556133cbff181edcbfd4d107db823d7c1f164,f148dc11752161354c3021f05b1fe526c43baf276ba3893e2b36806f990aaf93,8cda5fd98865bccfe8601ace6f9a27d5a835513e,mean_interval_width_kg,1301.1148815437075,kg
detectors,S6_combined,rls,8,10.0,True,S6_combined__rls__seed8__detect_ph,da4740837e6cf85b5c7d22d84cf556133cbff181edcbfd4d107db823d7c1f164,e5360505f8c49a15eebb5ef47f7d7477818e9b19f26155854e4ff574f74f5811,8cda5fd98865bccfe8601ace6f9a27d5a835513e,mean_interval_width_kg,1359.3751316333633,kg
detectors,S6_combined,rls,8,10.0,True,S6_combined__rls__seed8__detect_adwin,da4740837e6cf85b5c7d22d84cf556133cbff181edcbfd4d107db823d7c1f164,ba90eb10e4e1f7500a344f9b4e5e676713fa49fa355f420971a75285e0b9c298,8cda5fd98865bccfe8601ace6f9a27d5a835513e,mean_interval_width_kg,1359.3751316333633,kg
detectors,S6_combined,rls,8,10.0,True,S6_combined__rls__seed8__detect_ks,da4740837e6cf85b5c7d22d84cf556133cbff181edcbfd4d107db823d7c1f164,e68694c868384201c53bdaf13449887c7b05c2ad9ef5f3f7d7b8bf5cddc0bcb0,8cda5fd98865bccfe8601ace6f9a27d5a835513e,mean_interval_width_kg,1301.1148815437075,kg
detectors,S6_combined,rls,8,10.0,True,S6_combined__rls__seed8__detect_all4,da4740837e6cf85b5c7d22d84cf556133cbff181edcbfd4d107db823d7c1f164,6c765cc69f3e4bb20e44be0e55caf8daf8c407d7d1c06515349b9d17ec1fddce,8cda5fd98865bccfe8601ace6f9a27d5a835513e,mean_interval_width_kg,1359.3751316333633,kg
detectors,S6_combined,rls,9,10.0,True,S6_combined__rls__seed9__detect_cusum,29718e114c21c01b04a983f185bbf01430cfac8dd9e8b5808281b0434dac26fc,f148dc11752161354c3021f05b1fe526c43baf276ba3893e2b36806f990aaf93,8cda5fd98865bccfe8601ace6f9a27d5a835513e,mean_interval_width_kg,1409.3664011100482,kg
detectors,S6_combined,rls,9,10.0,True,S6_combined__rls__seed9__detect_ph,29718e114c21c01b04a983f185bbf01430cfac8dd9e8b5808281b0434dac26fc,e5360505f8c49a15eebb5ef47f7d7477818e9b19f26155854e4ff574f74f5811,8cda5fd98865bccfe8601ace6f9a27d5a835513e,mean_interval_width_kg,1447.627542682781,kg
detectors,S6_combined,rls,9,10.0,True,S6_combined__rls__seed9__detect_adwin,29718e114c21c01b04a983f185bbf01430cfac8dd9e8b5808281b0434dac26fc,ba90eb10e4e1f7500a344f9b4e5e676713fa49fa355f420971a75285e0b9c298,8cda5fd98865bccfe8601ace6f9a27d5a835513e,mean_interval_width_kg,1480.2223855916936,kg
detectors,S6_combined,rls,9,10.0,True,S6_combined__rls__seed9__detect_ks,29718e114c21c01b04a983f185bbf01430cfac8dd9e8b5808281b0434dac26fc,e68694c868384201c53bdaf13449887c7b05c2ad9ef5f3f7d7b8bf5cddc0bcb0,8cda5fd98865bccfe8601ace6f9a27d5a835513e,mean_interval_width_kg,1294.0513289307598,kg
detectors,S6_combined,rls,9,10.0,True,S6_combined__rls__seed9__detect_all4,29718e114c21c01b04a983f185bbf01430cfac8dd9e8b5808281b0434dac26fc,6c765cc69f3e4bb20e44be0e55caf8daf8c407d7d1c06515349b9d17ec1fddce,8cda5fd98865bccfe8601ace6f9a27d5a835513e,mean_interval_width_kg,1409.3664011100482,kg
detectors,S6_combined,rls,10,10.0,True,S6_combined__rls__seed10__detect_cusum,4054ab96937dfc6eef3c9c4f46347db001fd4eea59432509f786c95b51d12234,f148dc11752161354c3021f05b1fe526c43baf276ba3893e2b36806f990aaf93,8cda5fd98865bccfe8601ace6f9a27d5a835513e,mean_interval_width_kg,1399.5131233458246,kg
detectors,S6_combined,rls,10,10.0,True,S6_combined__rls__seed10__detect_ph,4054ab96937dfc6eef3c9c4f46347db001fd4eea59432509f786c95b51d12234,e5360505f8c49a15eebb5ef47f7d7477818e9b19f26155854e4ff574f74f5811,8cda5fd98865bccfe8601ace6f9a27d5a835513e,mean_interval_width_kg,1399.5131233458246,kg
detectors,S6_combined,rls,10,10.0,True,S6_combined__rls__seed10__detect_adwin,4054ab96937dfc6eef3c9c4f46347db001fd4eea59432509f786c95b51d12234,ba90eb10e4e1f7500a344f9b4e5e676713fa49fa355f420971a75285e0b9c298,8cda5fd98865bccfe8601ace6f9a27d5a835513e,mean_interval_width_kg,1399.5131233458246,kg
detectors,S6_combined,rls,10,10.0,True,S6_combined__rls__seed10__detect_ks,4054ab96937dfc6eef3c9c4f46347db001fd4eea59432509f786c95b51d12234,e68694c868384201c53bdaf13449887c7b05c2ad9ef5f3f7d7b8bf5cddc0bcb0,8cda5fd98865bccfe8601ace6f9a27d5a835513e,mean_interval_width_kg,1399.5131233458246,kg
detectors,S6_combined,rls,10,10.0,True,S6_combined__rls__seed10__detect_all4,4054ab96937dfc6eef3c9c4f46347db001fd4eea59432509f786c95b51d12234,6c765cc69f3e4bb20e44be0e55caf8daf8c407d7d1c06515349b9d17ec1fddce,8cda5fd98865bccfe8601ace6f9a27d5a835513e,mean_interval_width_kg,1399.5131233458246,kg
detectors,S4_step_fault,rls,1,10.0,True,S4_step_fault__rls__seed1__detect_cusum,7d29a6d7dca932314e512c265e0e559ec6cc02e548aa25349a95d1f29dbf9ef1,f148dc11752161354c3021f05b1fe526c43baf276ba3893e2b36806f990aaf93,8cda5fd98865bccfe8601ace6f9a27d5a835513e,baseline_error_kg,-5.688992998965318,kg
detectors,S4_step_fault,rls,1,10.0,True,S4_step_fault__rls__seed1__detect_ph,7d29a6d7dca932314e512c265e0e559ec6cc02e548aa25349a95d1f29dbf9ef1,e5360505f8c49a15eebb5ef47f7d7477818e9b19f26155854e4ff574f74f5811,8cda5fd98865bccfe8601ace6f9a27d5a835513e,baseline_error_kg,-5.688992998965318,kg
detectors,S4_step_fault,rls,1,10.0,True,S4_step_fault__rls__seed1__detect_adwin,7d29a6d7dca932314e512c265e0e559ec6cc02e548aa25349a95d1f29dbf9ef1,ba90eb10e4e1f7500a344f9b4e5e676713fa49fa355f420971a75285e0b9c298,8cda5fd98865bccfe8601ace6f9a27d5a835513e,baseline_error_kg,-5.688992998965318,kg
detectors,S4_step_fault,rls,1,10.0,True,S4_step_fault__rls__seed1__detect_ks,7d29a6d7dca932314e512c265e0e559ec6cc02e548aa25349a95d1f29dbf9ef1,e68694c868384201c53bdaf13449887c7b05c2ad9ef5f3f7d7b8bf5cddc0bcb0,8cda5fd98865bccfe8601ace6f9a27d5a835513e,baseline_error_kg,-5.688992998965318,kg
detectors,S4_step_fault,rls,1,10.0,True,S4_step_fault__rls__seed1__detect_all4,7d29a6d7dca932314e512c265e0e559ec6cc02e548aa25349a95d1f29dbf9ef1,6c765cc69f3e4bb20e44be0e55caf8daf8c407d7d1c06515349b9d17ec1fddce,8cda5fd98865bccfe8601ace6f9a27d5a835513e,baseline_error_kg,-5.688992998965318,kg
detectors,S4_step_fault,rls,2,10.0,True,S4_step_fault__rls__seed2__detect_cusum,adc80992e5ad2b0074c2ccb5fd189429c3fd11d2d51d242aa1caec078b0db1d2,f148dc11752161354c3021f05b1fe526c43baf276ba3893e2b36806f990aaf93,8cda5fd98865bccfe8601ace6f9a27d5a835513e,baseline_error_kg,-13.117499513200983,kg
detectors,S4_step_fault,rls,2,10.0,True,S4_step_fault__rls__seed2__detect_ph,adc80992e5ad2b0074c2ccb5fd189429c3fd11d2d51d242aa1caec078b0db1d2,e5360505f8c49a15eebb5ef47f7d7477818e9b19f26155854e4ff574f74f5811,8cda5fd98865bccfe8601ace6f9a27d5a835513e,baseline_error_kg,-13.117499513200983,kg
detectors,S4_step_fault,rls,2,10.0,True,S4_step_fault__rls__seed2__detect_adwin,adc80992e5ad2b0074c2ccb5fd189429c3fd11d2d51d242aa1caec078b0db1d2,ba90eb10e4e1f7500a344f9b4e5e676713fa49fa355f420971a75285e0b9c298,8cda5fd98865bccfe8601ace6f9a27d5a835513e,baseline_error_kg,-13.117499513200983,kg
detectors,S4_step_fault,rls,2,10.0,True,S4_step_fault__rls__seed2__detect_ks,adc80992e5ad2b0074c2ccb5fd189429c3fd11d2d51d242aa1caec078b0db1d2,e68694c868384201c53bdaf13449887c7b05c2ad9ef5f3f7d7b8bf5cddc0bcb0,8cda5fd98865bccfe8601ace6f9a27d5a835513e,baseline_error_kg,-13.117499513200983,kg
detectors,S4_step_fault,rls,2,10.0,True,S4_step_fault__rls__seed2__detect_all4,adc80992e5ad2b0074c2ccb5fd189429c3fd11d2d51d242aa1caec078b0db1d2,6c765cc69f3e4bb20e44be0e55caf8daf8c407d7d1c06515349b9d17ec1fddce,8cda5fd98865bccfe8601ace6f9a27d5a835513e,baseline_error_kg,-13.117499513200983,kg
detectors,S4_step_fault,rls,3,10.0,True,S4_step_fault__rls__seed3__detect_cusum,755a0aa70d2f3fe05534c8cb137d5df18ed16325d4692fc840c3daee2c8a8c92,f148dc11752161354c3021f05b1fe526c43baf276ba3893e2b36806f990aaf93,8cda5fd98865bccfe8601ace6f9a27d5a835513e,baseline_error_kg,22.60282979994679,kg
detectors,S4_step_fault,rls,3,10.0,True,S4_step_fault__rls__seed3__detect_ph,755a0aa70d2f3fe05534c8cb137d5df18ed16325d4692fc840c3daee2c8a8c92,e5360505f8c49a15eebb5ef47f7d7477818e9b19f26155854e4ff574f74f5811,8cda5fd98865bccfe8601ace6f9a27d5a835513e,baseline_error_kg,22.60282979994679,kg
detectors,S4_step_fault,rls,3,10.0,True,S4_step_fault__rls__seed3__detect_adwin,755a0aa70d2f3fe05534c8cb137d5df18ed16325d4692fc840c3daee2c8a8c92,ba90eb10e4e1f7500a344f9b4e5e676713fa49fa355f420971a75285e0b9c298,8cda5fd98865bccfe8601ace6f9a27d5a835513e,baseline_error_kg,22.60282979994679,kg
detectors,S4_step_fault,rls,3,10.0,True,S4_step_fault__rls__seed3__detect_ks,755a0aa70d2f3fe05534c8cb137d5df18ed16325d4692fc840c3daee2c8a8c92,e68694c868384201c53bdaf13449887c7b05c2ad9ef5f3f7d7b8bf5cddc0bcb0,8cda5fd98865bccfe8601ace6f9a27d5a835513e,baseline_error_kg,22.60282979994679,kg
detectors,S4_step_fault,rls,3,10.0,True,S4_step_fault__rls__seed3__detect_all4,755a0aa70d2f3fe05534c8cb137d5df18ed16325d4692fc840c3daee2c8a8c92,6c765cc69f3e4bb20e44be0e55caf8daf8c407d7d1c06515349b9d17ec1fddce,8cda5fd98865bccfe8601ace6f9a27d5a835513e,baseline_error_kg,22.60282979994679,kg
detectors,S4_step_fault,rls,4,10.0,True,S4_step_fault__rls__seed4__detect_cusum,57d0146db86c059173927b479ffa5908a6e01f3cdeb9f10b63e58e983cd88fb2,f148dc11752161354c3021f05b1fe526c43baf276ba3893e2b36806f990aaf93,8cda5fd98865bccfe8601ace6f9a27d5a835513e,baseline_error_kg,10.280534106833898,kg
detectors,S4_step_fault,rls,4,10.0,True,S4_step_fault__rls__seed4__detect_ph,57d0146db86c059173927b479ffa5908a6e01f3cdeb9f10b63e58e983cd88fb2,e5360505f8c49a15eebb5ef47f7d7477818e9b19f26155854e4ff574f74f5811,8cda5fd98865bccfe8601ace6f9a27d5a835513e,baseline_error_kg,10.280534106833898,kg
detectors,S4_step_fault,rls,4,10.0,True,S4_step_fault__rls__seed4__detect_adwin,57d0146db86c059173927b479ffa5908a6e01f3cdeb9f10b63e58e983cd88fb2,ba90eb10e4e1f7500a344f9b4e5e676713fa49fa355f420971a75285e0b9c298,8cda5fd98865bccfe8601ace6f9a27d5a835513e,baseline_error_kg,10.280534106833898,kg
detectors,S4_step_fault,rls,4,10.0,True,S4_step_fault__rls__seed4__detect_ks,57d0146db86c059173927b479ffa5908a6e01f3cdeb9f10b63e58e983cd88fb2,e68694c868384201c53bdaf13449887c7b05c2ad9ef5f3f7d7b8bf5cddc0bcb0,8cda5fd98865bccfe8601ace6f9a27d5a835513e,baseline_error_kg,10.280534106833898,kg
detectors,S4_step_fault,rls,4,10.0,True,S4_step_fault__rls__seed4__detect_all4,57d0146db86c059173927b479ffa5908a6e01f3cdeb9f10b63e58e983cd88fb2,6c765cc69f3e4bb20e44be0e55caf8daf8c407d7d1c06515349b9d17ec1fddce,8cda5fd98865bccfe8601ace6f9a27d5a835513e,baseline_error_kg,10.280534106833898,kg
detectors,S4_step_fault,rls,5,10.0,True,S4_step_fault__rls__seed5__detect_cusum,1efe02364dacd47e4d9a937957614582b8530ef56f2b525678988666500727b7,f148dc11752161354c3021f05b1fe526c43baf276ba3893e2b36806f990aaf93,8cda5fd98865bccfe8601ace6f9a27d5a835513e,baseline_error_kg,-5.5702299470037815,kg
detectors,S4_step_fault,rls,5,10.0,True,S4_step_fault__rls__seed5__detect_ph,1efe02364dacd47e4d9a937957614582b8530ef56f2b525678988666500727b7,e5360505f8c49a15eebb5ef47f7d7477818e9b19f26155854e4ff574f74f5811,8cda5fd98865bccfe8601ace6f9a27d5a835513e,baseline_error_kg,-5.5702299470037815,kg
detectors,S4_step_fault,rls,5,10.0,True,S4_step_fault__rls__seed5__detect_adwin,1efe02364dacd47e4d9a937957614582b8530ef56f2b525678988666500727b7,ba90eb10e4e1f7500a344f9b4e5e676713fa49fa355f420971a75285e0b9c298,8cda5fd98865bccfe8601ace6f9a27d5a835513e,baseline_error_kg,-5.5702299470037815,kg
detectors,S4_step_fault,rls,5,10.0,True,S4_step_fault__rls__seed5__detect_ks,1efe02364dacd47e4d9a937957614582b8530ef56f2b525678988666500727b7,e68694c868384201c53bdaf13449887c7b05c2ad9ef5f3f7d7b8bf5cddc0bcb0,8cda5fd98865bccfe8601ace6f9a27d5a835513e,baseline_error_kg,-5.5702299470037815,kg
detectors,S4_step_fault,rls,5,10.0,True,S4_step_fault__rls__seed5__detect_all4,1efe02364dacd47e4d9a937957614582b8530ef56f2b525678988666500727b7,6c765cc69f3e4bb20e44be0e55caf8daf8c407d7d1c06515349b9d17ec1fddce,8cda5fd98865bccfe8601ace6f9a27d5a835513e,baseline_error_kg,-5.5702299470037815,kg
detectors,S4_step_fault,rls,6,10.0,True,S4_step_fault__rls__seed6__detect_cusum,edb8fb013b7aeb64e877b749783afa62d6864702f69cf9e7c539d6cd9df4f86d,f148dc11752161354c3021f05b1fe526c43baf276ba3893e2b36806f990aaf93,8cda5fd98865bccfe8601ace6f9a27d5a835513e,baseline_error_kg,-38.24621194136864,kg
detectors,S4_step_fault,rls,6,10.0,True,S4_step_fault__rls__seed6__detect_ph,edb8fb013b7aeb64e877b749783afa62d6864702f69cf9e7c539d6cd9df4f86d,e5360505f8c49a15eebb5ef47f7d7477818e9b19f26155854e4ff574f74f5811,8cda5fd98865bccfe8601ace6f9a27d5a835513e,baseline_error_kg,-38.24621194136864,kg
detectors,S4_step_fault,rls,6,10.0,True,S4_step_fault__rls__seed6__detect_adwin,edb8fb013b7aeb64e877b749783afa62d6864702f69cf9e7c539d6cd9df4f86d,ba90eb10e4e1f7500a344f9b4e5e676713fa49fa355f420971a75285e0b9c298,8cda5fd98865bccfe8601ace6f9a27d5a835513e,baseline_error_kg,-38.24621194136864,kg
detectors,S4_step_fault,rls,6,10.0,True,S4_step_fault__rls__seed6__detect_ks,edb8fb013b7aeb64e877b749783afa62d6864702f69cf9e7c539d6cd9df4f86d,e68694c868384201c53bdaf13449887c7b05c2ad9ef5f3f7d7b8bf5cddc0bcb0,8cda5fd98865bccfe8601ace6f9a27d5a835513e,baseline_error_kg,-38.24621194136864,kg
detectors,S4_step_fault,rls,6,10.0,True,S4_step_fault__rls__seed6__detect_all4,edb8fb013b7aeb64e877b749783afa62d6864702f69cf9e7c539d6cd9df4f86d,6c765cc69f3e4bb20e44be0e55caf8daf8c407d7d1c06515349b9d17ec1fddce,8cda5fd98865bccfe8601ace6f9a27d5a835513e,baseline_error_kg,-38.24621194136864,kg
detectors,S4_step_fault,rls,7,10.0,True,S4_step_fault__rls__seed7__detect_cusum,5cf17843f3bfe6e9f5ce0f88df6e9f0fa19691e7d0781a28d2e0071debfacd13,f148dc11752161354c3021f05b1fe526c43baf276ba3893e2b36806f990aaf93,8cda5fd98865bccfe8601ace6f9a27d5a835513e,baseline_error_kg,16.315906832666542,kg
detectors,S4_step_fault,rls,7,10.0,True,S4_step_fault__rls__seed7__detect_ph,5cf17843f3bfe6e9f5ce0f88df6e9f0fa19691e7d0781a28d2e0071debfacd13,e5360505f8c49a15eebb5ef47f7d7477818e9b19f26155854e4ff574f74f5811,8cda5fd98865bccfe8601ace6f9a27d5a835513e,baseline_error_kg,16.315906832666542,kg
detectors,S4_step_fault,rls,7,10.0,True,S4_step_fault__rls__seed7__detect_adwin,5cf17843f3bfe6e9f5ce0f88df6e9f0fa19691e7d0781a28d2e0071debfacd13,ba90eb10e4e1f7500a344f9b4e5e676713fa49fa355f420971a75285e0b9c298,8cda5fd98865bccfe8601ace6f9a27d5a835513e,baseline_error_kg,16.315906832666542,kg
detectors,S4_step_fault,rls,7,10.0,True,S4_step_fault__rls__seed7__detect_ks,5cf17843f3bfe6e9f5ce0f88df6e9f0fa19691e7d0781a28d2e0071debfacd13,e68694c868384201c53bdaf13449887c7b05c2ad9ef5f3f7d7b8bf5cddc0bcb0,8cda5fd98865bccfe8601ace6f9a27d5a835513e,baseline_error_kg,16.315906832666542,kg
detectors,S4_step_fault,rls,7,10.0,True,S4_step_fault__rls__seed7__detect_all4,5cf17843f3bfe6e9f5ce0f88df6e9f0fa19691e7d0781a28d2e0071debfacd13,6c765cc69f3e4bb20e44be0e55caf8daf8c407d7d1c06515349b9d17ec1fddce,8cda5fd98865bccfe8601ace6f9a27d5a835513e,baseline_error_kg,16.315906832666542,kg
detectors,S4_step_fault,rls,8,10.0,True,S4_step_fault__rls__seed8__detect_cusum,4471998ed306e877216c6c1b12b8ba9d62e309093746866fb7f4d683dd3b0138,f148dc11752161354c3021f05b1fe526c43baf276ba3893e2b36806f990aaf93,8cda5fd98865bccfe8601ace6f9a27d5a835513e,baseline_error_kg,7.212942109268056,kg
detectors,S4_step_fault,rls,8,10.0,True,S4_step_fault__rls__seed8__detect_ph,4471998ed306e877216c6c1b12b8ba9d62e309093746866fb7f4d683dd3b0138,e5360505f8c49a15eebb5ef47f7d7477818e9b19f26155854e4ff574f74f5811,8cda5fd98865bccfe8601ace6f9a27d5a835513e,baseline_error_kg,7.212942109268056,kg
detectors,S4_step_fault,rls,8,10.0,True,S4_step_fault__rls__seed8__detect_adwin,4471998ed306e877216c6c1b12b8ba9d62e309093746866fb7f4d683dd3b0138,ba90eb10e4e1f7500a344f9b4e5e676713fa49fa355f420971a75285e0b9c298,8cda5fd98865bccfe8601ace6f9a27d5a835513e,baseline_error_kg,7.212942109268056,kg
detectors,S4_step_fault,rls,8,10.0,True,S4_step_fault__rls__seed8__detect_ks,4471998ed306e877216c6c1b12b8ba9d62e309093746866fb7f4d683dd3b0138,e68694c868384201c53bdaf13449887c7b05c2ad9ef5f3f7d7b8bf5cddc0bcb0,8cda5fd98865bccfe8601ace6f9a27d5a835513e,baseline_error_kg,7.212942109268056,kg
detectors,S4_step_fault,rls,8,10.0,True,S4_step_fault__rls__seed8__detect_all4,4471998ed306e877216c6c1b12b8ba9d62e309093746866fb7f4d683dd3b0138,6c765cc69f3e4bb20e44be0e55caf8daf8c407d7d1c06515349b9d17ec1fddce,8cda5fd98865bccfe8601ace6f9a27d5a835513e,baseline_error_kg,7.212942109268056,kg
detectors,S4_step_fault,rls,9,10.0,True,S4_step_fault__rls__seed9__detect_cusum,af86278540fa1654a3e5819e52691400963a2f43bbaf4be0dd151148c2836411,f148dc11752161354c3021f05b1fe526c43baf276ba3893e2b36806f990aaf93,8cda5fd98865bccfe8601ace6f9a27d5a835513e,baseline_error_kg,13.856759226249892,kg
detectors,S4_step_fault,rls,9,10.0,True,S4_step_fault__rls__seed9__detect_ph,af86278540fa1654a3e5819e52691400963a2f43bbaf4be0dd151148c2836411,e5360505f8c49a15eebb5ef47f7d7477818e9b19f26155854e4ff574f74f5811,8cda5fd98865bccfe8601ace6f9a27d5a835513e,baseline_error_kg,13.856759226249892,kg
detectors,S4_step_fault,rls,9,10.0,True,S4_step_fault__rls__seed9__detect_adwin,af86278540fa1654a3e5819e52691400963a2f43bbaf4be0dd151148c2836411,ba90eb10e4e1f7500a344f9b4e5e676713fa49fa355f420971a75285e0b9c298,8cda5fd98865bccfe8601ace6f9a27d5a835513e,baseline_error_kg,13.856759226249892,kg
detectors,S4_step_fault,rls,9,10.0,True,S4_step_fault__rls__seed9__detect_ks,af86278540fa1654a3e5819e52691400963a2f43bbaf4be0dd151148c2836411,e68694c868384201c53bdaf13449887c7b05c2ad9ef5f3f7d7b8bf5cddc0bcb0,8cda5fd98865bccfe8601ace6f9a27d5a835513e,baseline_error_kg,13.856759226249892,kg
detectors,S4_step_fault,rls,9,10.0,True,S4_step_fault__rls__seed9__detect_all4,af86278540fa1654a3e5819e52691400963a2f43bbaf4be0dd151148c2836411,6c765cc69f3e4bb20e44be0e55caf8daf8c407d7d1c06515349b9d17ec1fddce,8cda5fd98865bccfe8601ace6f9a27d5a835513e,baseline_error_kg,13.856759226249892,kg
detectors,S4_step_fault,rls,10,10.0,True,S4_step_fault__rls__seed10__detect_cusum,b97f4fa67d55b0a4900a4dc84b9f38b152ab85aa07d9118de95bac234f41360d,f148dc11752161354c3021f05b1fe526c43baf276ba3893e2b36806f990aaf93,8cda5fd98865bccfe8601ace6f9a27d5a835513e,baseline_error_kg,22.18229333446459,kg
detectors,S4_step_fault,rls,10,10.0,True,S4_step_fault__rls__seed10__detect_ph,b97f4fa67d55b0a4900a4dc84b9f38b152ab85aa07d9118de95bac234f41360d,e5360505f8c49a15eebb5ef47f7d7477818e9b19f26155854e4ff574f74f5811,8cda5fd98865bccfe8601ace6f9a27d5a835513e,baseline_error_kg,22.18229333446459,kg
detectors,S4_step_fault,rls,10,10.0,True,S4_step_fault__rls__seed10__detect_adwin,b97f4fa67d55b0a4900a4dc84b9f38b152ab85aa07d9118de95bac234f41360d,ba90eb10e4e1f7500a344f9b4e5e676713fa49fa355f420971a75285e0b9c298,8cda5fd98865bccfe8601ace6f9a27d5a835513e,baseline_error_kg,22.18229333446459,kg
detectors,S4_step_fault,rls,10,10.0,True,S4_step_fault__rls__seed10__detect_ks,b97f4fa67d55b0a4900a4dc84b9f38b152ab85aa07d9118de95bac234f41360d,e68694c868384201c53bdaf13449887c7b05c2ad9ef5f3f7d7b8bf5cddc0bcb0,8cda5fd98865bccfe8601ace6f9a27d5a835513e,baseline_error_kg,22.18229333446459,kg
detectors,S4_step_fault,rls,10,10.0,True,S4_step_fault__rls__seed10__detect_all4,b97f4fa67d55b0a4900a4dc84b9f38b152ab85aa07d9118de95bac234f41360d,6c765cc69f3e4bb20e44be0e55caf8daf8c407d7d1c06515349b9d17ec1fddce,8cda5fd98865bccfe8601ace6f9a27d5a835513e,baseline_error_kg,22.18229333446459,kg
detectors,S6_combined,rls,1,10.0,True,S6_combined__rls__seed1__detect_cusum,b3cf8d14b3aed8b1d65ab4497dcbfb879dbda2ce1da03bb07f6401c9b4b9bd4a,f148dc11752161354c3021f05b1fe526c43baf276ba3893e2b36806f990aaf93,8cda5fd98865bccfe8601ace6f9a27d5a835513e,baseline_error_kg,26.105167171353287,kg
detectors,S6_combined,rls,1,10.0,True,S6_combined__rls__seed1__detect_ph,b3cf8d14b3aed8b1d65ab4497dcbfb879dbda2ce1da03bb07f6401c9b4b9bd4a,e5360505f8c49a15eebb5ef47f7d7477818e9b19f26155854e4ff574f74f5811,8cda5fd98865bccfe8601ace6f9a27d5a835513e,baseline_error_kg,26.105167171353287,kg
detectors,S6_combined,rls,1,10.0,True,S6_combined__rls__seed1__detect_adwin,b3cf8d14b3aed8b1d65ab4497dcbfb879dbda2ce1da03bb07f6401c9b4b9bd4a,ba90eb10e4e1f7500a344f9b4e5e676713fa49fa355f420971a75285e0b9c298,8cda5fd98865bccfe8601ace6f9a27d5a835513e,baseline_error_kg,26.105167171353287,kg
detectors,S6_combined,rls,1,10.0,True,S6_combined__rls__seed1__detect_ks,b3cf8d14b3aed8b1d65ab4497dcbfb879dbda2ce1da03bb07f6401c9b4b9bd4a,e68694c868384201c53bdaf13449887c7b05c2ad9ef5f3f7d7b8bf5cddc0bcb0,8cda5fd98865bccfe8601ace6f9a27d5a835513e,baseline_error_kg,26.105167171353287,kg
detectors,S6_combined,rls,1,10.0,True,S6_combined__rls__seed1__detect_all4,b3cf8d14b3aed8b1d65ab4497dcbfb879dbda2ce1da03bb07f6401c9b4b9bd4a,6c765cc69f3e4bb20e44be0e55caf8daf8c407d7d1c06515349b9d17ec1fddce,8cda5fd98865bccfe8601ace6f9a27d5a835513e,baseline_error_kg,26.105167171353287,kg
detectors,S6_combined,rls,2,10.0,True,S6_combined__rls__seed2__detect_cusum,e4f7ab87faf6982be139dc8af97757bff8d540d357c41e3d06ec298e4dd75854,f148dc11752161354c3021f05b1fe526c43baf276ba3893e2b36806f990aaf93,8cda5fd98865bccfe8601ace6f9a27d5a835513e,baseline_error_kg,-6.065247330428633,kg
detectors,S6_combined,rls,2,10.0,True,S6_combined__rls__seed2__detect_ph,e4f7ab87faf6982be139dc8af97757bff8d540d357c41e3d06ec298e4dd75854,e5360505f8c49a15eebb5ef47f7d7477818e9b19f26155854e4ff574f74f5811,8cda5fd98865bccfe8601ace6f9a27d5a835513e,baseline_error_kg,-6.065247330428633,kg
detectors,S6_combined,rls,2,10.0,True,S6_combined__rls__seed2__detect_adwin,e4f7ab87faf6982be139dc8af97757bff8d540d357c41e3d06ec298e4dd75854,ba90eb10e4e1f7500a344f9b4e5e676713fa49fa355f420971a75285e0b9c298,8cda5fd98865bccfe8601ace6f9a27d5a835513e,baseline_error_kg,-6.065247330428633,kg
detectors,S6_combined,rls,2,10.0,True,S6_combined__rls__seed2__detect_ks,e4f7ab87faf6982be139dc8af97757bff8d540d357c41e3d06ec298e4dd75854,e68694c868384201c53bdaf13449887c7b05c2ad9ef5f3f7d7b8bf5cddc0bcb0,8cda5fd98865bccfe8601ace6f9a27d5a835513e,baseline_error_kg,-6.065247330428633,kg
detectors,S6_combined,rls,2,10.0,True,S6_combined__rls__seed2__detect_all4,e4f7ab87faf6982be139dc8af97757bff8d540d357c41e3d06ec298e4dd75854,6c765cc69f3e4bb20e44be0e55caf8daf8c407d7d1c06515349b9d17ec1fddce,8cda5fd98865bccfe8601ace6f9a27d5a835513e,baseline_error_kg,-6.065247330428633,kg
detectors,S6_combined,rls,3,10.0,True,S6_combined__rls__seed3__detect_cusum,c371bfebbbdb510b204e19fcaedea3c47a4e8b6d77499f04ee6ac55d13fed988,f148dc11752161354c3021f05b1fe526c43baf276ba3893e2b36806f990aaf93,8cda5fd98865bccfe8601ace6f9a27d5a835513e,baseline_error_kg,23.044722383523094,kg
detectors,S6_combined,rls,3,10.0,True,S6_combined__rls__seed3__detect_ph,c371bfebbbdb510b204e19fcaedea3c47a4e8b6d77499f04ee6ac55d13fed988,e5360505f8c49a15eebb5ef47f7d7477818e9b19f26155854e4ff574f74f5811,8cda5fd98865bccfe8601ace6f9a27d5a835513e,baseline_error_kg,23.044722383523094,kg
detectors,S6_combined,rls,3,10.0,True,S6_combined__rls__seed3__detect_adwin,c371bfebbbdb510b204e19fcaedea3c47a4e8b6d77499f04ee6ac55d13fed988,ba90eb10e4e1f7500a344f9b4e5e676713fa49fa355f420971a75285e0b9c298,8cda5fd98865bccfe8601ace6f9a27d5a835513e,baseline_error_kg,23.044722383523094,kg
detectors,S6_combined,rls,3,10.0,True,S6_combined__rls__seed3__detect_ks,c371bfebbbdb510b204e19fcaedea3c47a4e8b6d77499f04ee6ac55d13fed988,e68694c868384201c53bdaf13449887c7b05c2ad9ef5f3f7d7b8bf5cddc0bcb0,8cda5fd98865bccfe8601ace6f9a27d5a835513e,baseline_error_kg,23.044722383523094,kg
detectors,S6_combined,rls,3,10.0,True,S6_combined__rls__seed3__detect_all4,c371bfebbbdb510b204e19fcaedea3c47a4e8b6d77499f04ee6ac55d13fed988,6c765cc69f3e4bb20e44be0e55caf8daf8c407d7d1c06515349b9d17ec1fddce,8cda5fd98865bccfe8601ace6f9a27d5a835513e,baseline_error_kg,23.044722383523094,kg
detectors,S6_combined,rls,4,10.0,True,S6_combined__rls__seed4__detect_cusum,091893e2b20fe4f1f4ec71b10a24db6c43dabefaa37c7ef75c67f5a78f00f2b7,f148dc11752161354c3021f05b1fe526c43baf276ba3893e2b36806f990aaf93,8cda5fd98865bccfe8601ace6f9a27d5a835513e,baseline_error_kg,-12.69318571251165,kg
detectors,S6_combined,rls,4,10.0,True,S6_combined__rls__seed4__detect_ph,091893e2b20fe4f1f4ec71b10a24db6c43dabefaa37c7ef75c67f5a78f00f2b7,e5360505f8c49a15eebb5ef47f7d7477818e9b19f26155854e4ff574f74f5811,8cda5fd98865bccfe8601ace6f9a27d5a835513e,baseline_error_kg,-12.69318571251165,kg
detectors,S6_combined,rls,4,10.0,True,S6_combined__rls__seed4__detect_adwin,091893e2b20fe4f1f4ec71b10a24db6c43dabefaa37c7ef75c67f5a78f00f2b7,ba90eb10e4e1f7500a344f9b4e5e676713fa49fa355f420971a75285e0b9c298,8cda5fd98865bccfe8601ace6f9a27d5a835513e,baseline_error_kg,-12.69318571251165,kg
detectors,S6_combined,rls,4,10.0,True,S6_combined__rls__seed4__detect_ks,091893e2b20fe4f1f4ec71b10a24db6c43dabefaa37c7ef75c67f5a78f00f2b7,e68694c868384201c53bdaf13449887c7b05c2ad9ef5f3f7d7b8bf5cddc0bcb0,8cda5fd98865bccfe8601ace6f9a27d5a835513e,baseline_error_kg,-12.69318571251165,kg
detectors,S6_combined,rls,4,10.0,True,S6_combined__rls__seed4__detect_all4,091893e2b20fe4f1f4ec71b10a24db6c43dabefaa37c7ef75c67f5a78f00f2b7,6c765cc69f3e4bb20e44be0e55caf8daf8c407d7d1c06515349b9d17ec1fddce,8cda5fd98865bccfe8601ace6f9a27d5a835513e,baseline_error_kg,-12.69318571251165,kg
detectors,S6_combined,rls,5,10.0,True,S6_combined__rls__seed5__detect_cusum,c1d9d4a7d46d9a42ad59de704b5ae8b21c9bf2f17d4576d9bfa6e10e6c6f4b13,f148dc11752161354c3021f05b1fe526c43baf276ba3893e2b36806f990aaf93,8cda5fd98865bccfe8601ace6f9a27d5a835513e,baseline_error_kg,20.614374031974876,kg
detectors,S6_combined,rls,5,10.0,True,S6_combined__rls__seed5__detect_ph,c1d9d4a7d46d9a42ad59de704b5ae8b21c9bf2f17d4576d9bfa6e10e6c6f4b13,e5360505f8c49a15eebb5ef47f7d7477818e9b19f26155854e4ff574f74f5811,8cda5fd98865bccfe8601ace6f9a27d5a835513e,baseline_error_kg,20.614374031974876,kg
detectors,S6_combined,rls,5,10.0,True,S6_combined__rls__seed5__detect_adwin,c1d9d4a7d46d9a42ad59de704b5ae8b21c9bf2f17d4576d9bfa6e10e6c6f4b13,ba90eb10e4e1f7500a344f9b4e5e676713fa49fa355f420971a75285e0b9c298,8cda5fd98865bccfe8601ace6f9a27d5a835513e,baseline_error_kg,20.614374031974876,kg
detectors,S6_combined,rls,5,10.0,True,S6_combined__rls__seed5__detect_ks,c1d9d4a7d46d9a42ad59de704b5ae8b21c9bf2f17d4576d9bfa6e10e6c6f4b13,e68694c868384201c53bdaf13449887c7b05c2ad9ef5f3f7d7b8bf5cddc0bcb0,8cda5fd98865bccfe8601ace6f9a27d5a835513e,baseline_error_kg,20.614374031974876,kg
detectors,S6_combined,rls,5,10.0,True,S6_combined__rls__seed5__detect_all4,c1d9d4a7d46d9a42ad59de704b5ae8b21c9bf2f17d4576d9bfa6e10e6c6f4b13,6c765cc69f3e4bb20e44be0e55caf8daf8c407d7d1c06515349b9d17ec1fddce,8cda5fd98865bccfe8601ace6f9a27d5a835513e,baseline_error_kg,20.614374031974876,kg
detectors,S6_combined,rls,6,10.0,True,S6_combined__rls__seed6__detect_cusum,8fbcb1374a66e26dea4a0e8dbcf64db42ebcd88dd11b5cd3bb5d44e8d4b0665a,f148dc11752161354c3021f05b1fe526c43baf276ba3893e2b36806f990aaf93,8cda5fd98865bccfe8601ace6f9a27d5a835513e,baseline_error_kg,21.390709270358002,kg
detectors,S6_combined,rls,6,10.0,True,S6_combined__rls__seed6__detect_ph,8fbcb1374a66e26dea4a0e8dbcf64db42ebcd88dd11b5cd3bb5d44e8d4b0665a,e5360505f8c49a15eebb5ef47f7d7477818e9b19f26155854e4ff574f74f5811,8cda5fd98865bccfe8601ace6f9a27d5a835513e,baseline_error_kg,21.390709270358002,kg
detectors,S6_combined,rls,6,10.0,True,S6_combined__rls__seed6__detect_adwin,8fbcb1374a66e26dea4a0e8dbcf64db42ebcd88dd11b5cd3bb5d44e8d4b0665a,ba90eb10e4e1f7500a344f9b4e5e676713fa49fa355f420971a75285e0b9c298,8cda5fd98865bccfe8601ace6f9a27d5a835513e,baseline_error_kg,21.390709270358002,kg
detectors,S6_combined,rls,6,10.0,True,S6_combined__rls__seed6__detect_ks,8fbcb1374a66e26dea4a0e8dbcf64db42ebcd88dd11b5cd3bb5d44e8d4b0665a,e68694c868384201c53bdaf13449887c7b05c2ad9ef5f3f7d7b8bf5cddc0bcb0,8cda5fd98865bccfe8601ace6f9a27d5a835513e,baseline_error_kg,21.390709270358002,kg
detectors,S6_combined,rls,6,10.0,True,S6_combined__rls__seed6__detect_all4,8fbcb1374a66e26dea4a0e8dbcf64db42ebcd88dd11b5cd3bb5d44e8d4b0665a,6c765cc69f3e4bb20e44be0e55caf8daf8c407d7d1c06515349b9d17ec1fddce,8cda5fd98865bccfe8601ace6f9a27d5a835513e,baseline_error_kg,21.390709270358002,kg
detectors,S6_combined,rls,7,10.0,True,S6_combined__rls__seed7__detect_cusum,eb12037c60287858e9925e83fcaf2aa6789246ee5a2aa0c936402930de58eb1c,f148dc11752161354c3021f05b1fe526c43baf276ba3893e2b36806f990aaf93,8cda5fd98865bccfe8601ace6f9a27d5a835513e,baseline_error_kg,10.621116286095344,kg
detectors,S6_combined,rls,7,10.0,True,S6_combined__rls__seed7__detect_ph,eb12037c60287858e9925e83fcaf2aa6789246ee5a2aa0c936402930de58eb1c,e5360505f8c49a15eebb5ef47f7d7477818e9b19f26155854e4ff574f74f5811,8cda5fd98865bccfe8601ace6f9a27d5a835513e,baseline_error_kg,10.621116286095344,kg
detectors,S6_combined,rls,7,10.0,True,S6_combined__rls__seed7__detect_adwin,eb12037c60287858e9925e83fcaf2aa6789246ee5a2aa0c936402930de58eb1c,ba90eb10e4e1f7500a344f9b4e5e676713fa49fa355f420971a75285e0b9c298,8cda5fd98865bccfe8601ace6f9a27d5a835513e,baseline_error_kg,10.621116286095344,kg
detectors,S6_combined,rls,7,10.0,True,S6_combined__rls__seed7__detect_ks,eb12037c60287858e9925e83fcaf2aa6789246ee5a2aa0c936402930de58eb1c,e68694c868384201c53bdaf13449887c7b05c2ad9ef5f3f7d7b8bf5cddc0bcb0,8cda5fd98865bccfe8601ace6f9a27d5a835513e,baseline_error_kg,10.621116286095344,kg
detectors,S6_combined,rls,7,10.0,True,S6_combined__rls__seed7__detect_all4,eb12037c60287858e9925e83fcaf2aa6789246ee5a2aa0c936402930de58eb1c,6c765cc69f3e4bb20e44be0e55caf8daf8c407d7d1c06515349b9d17ec1fddce,8cda5fd98865bccfe8601ace6f9a27d5a835513e,baseline_error_kg,10.621116286095344,kg
detectors,S6_combined,rls,8,10.0,True,S6_combined__rls__seed8__detect_cusum,da4740837e6cf85b5c7d22d84cf556133cbff181edcbfd4d107db823d7c1f164,f148dc11752161354c3021f05b1fe526c43baf276ba3893e2b36806f990aaf93,8cda5fd98865bccfe8601ace6f9a27d5a835513e,baseline_error_kg,0.06107749592069922,kg
detectors,S6_combined,rls,8,10.0,True,S6_combined__rls__seed8__detect_ph,da4740837e6cf85b5c7d22d84cf556133cbff181edcbfd4d107db823d7c1f164,e5360505f8c49a15eebb5ef47f7d7477818e9b19f26155854e4ff574f74f5811,8cda5fd98865bccfe8601ace6f9a27d5a835513e,baseline_error_kg,0.06107749592069922,kg
detectors,S6_combined,rls,8,10.0,True,S6_combined__rls__seed8__detect_adwin,da4740837e6cf85b5c7d22d84cf556133cbff181edcbfd4d107db823d7c1f164,ba90eb10e4e1f7500a344f9b4e5e676713fa49fa355f420971a75285e0b9c298,8cda5fd98865bccfe8601ace6f9a27d5a835513e,baseline_error_kg,0.06107749592069922,kg
detectors,S6_combined,rls,8,10.0,True,S6_combined__rls__seed8__detect_ks,da4740837e6cf85b5c7d22d84cf556133cbff181edcbfd4d107db823d7c1f164,e68694c868384201c53bdaf13449887c7b05c2ad9ef5f3f7d7b8bf5cddc0bcb0,8cda5fd98865bccfe8601ace6f9a27d5a835513e,baseline_error_kg,0.06107749592069922,kg
detectors,S6_combined,rls,8,10.0,True,S6_combined__rls__seed8__detect_all4,da4740837e6cf85b5c7d22d84cf556133cbff181edcbfd4d107db823d7c1f164,6c765cc69f3e4bb20e44be0e55caf8daf8c407d7d1c06515349b9d17ec1fddce,8cda5fd98865bccfe8601ace6f9a27d5a835513e,baseline_error_kg,0.06107749592069922,kg
detectors,S6_combined,rls,9,10.0,True,S6_combined__rls__seed9__detect_cusum,29718e114c21c01b04a983f185bbf01430cfac8dd9e8b5808281b0434dac26fc,f148dc11752161354c3021f05b1fe526c43baf276ba3893e2b36806f990aaf93,8cda5fd98865bccfe8601ace6f9a27d5a835513e,baseline_error_kg,-2.11219713545006,kg
detectors,S6_combined,rls,9,10.0,True,S6_combined__rls__seed9__detect_ph,29718e114c21c01b04a983f185bbf01430cfac8dd9e8b5808281b0434dac26fc,e5360505f8c49a15eebb5ef47f7d7477818e9b19f26155854e4ff574f74f5811,8cda5fd98865bccfe8601ace6f9a27d5a835513e,baseline_error_kg,-2.11219713545006,kg
detectors,S6_combined,rls,9,10.0,True,S6_combined__rls__seed9__detect_adwin,29718e114c21c01b04a983f185bbf01430cfac8dd9e8b5808281b0434dac26fc,ba90eb10e4e1f7500a344f9b4e5e676713fa49fa355f420971a75285e0b9c298,8cda5fd98865bccfe8601ace6f9a27d5a835513e,baseline_error_kg,-2.11219713545006,kg
detectors,S6_combined,rls,9,10.0,True,S6_combined__rls__seed9__detect_ks,29718e114c21c01b04a983f185bbf01430cfac8dd9e8b5808281b0434dac26fc,e68694c868384201c53bdaf13449887c7b05c2ad9ef5f3f7d7b8bf5cddc0bcb0,8cda5fd98865bccfe8601ace6f9a27d5a835513e,baseline_error_kg,-2.11219713545006,kg
detectors,S6_combined,rls,9,10.0,True,S6_combined__rls__seed9__detect_all4,29718e114c21c01b04a983f185bbf01430cfac8dd9e8b5808281b0434dac26fc,6c765cc69f3e4bb20e44be0e55caf8daf8c407d7d1c06515349b9d17ec1fddce,8cda5fd98865bccfe8601ace6f9a27d5a835513e,baseline_error_kg,-2.11219713545006,kg
detectors,S6_combined,rls,10,10.0,True,S6_combined__rls__seed10__detect_cusum,4054ab96937dfc6eef3c9c4f46347db001fd4eea59432509f786c95b51d12234,f148dc11752161354c3021f05b1fe526c43baf276ba3893e2b36806f990aaf93,8cda5fd98865bccfe8601ace6f9a27d5a835513e,baseline_error_kg,-21.75347088166393,kg
detectors,S6_combined,rls,10,10.0,True,S6_combined__rls__seed10__detect_ph,4054ab96937dfc6eef3c9c4f46347db001fd4eea59432509f786c95b51d12234,e5360505f8c49a15eebb5ef47f7d7477818e9b19f26155854e4ff574f74f5811,8cda5fd98865bccfe8601ace6f9a27d5a835513e,baseline_error_kg,-21.75347088166393,kg
detectors,S6_combined,rls,10,10.0,True,S6_combined__rls__seed10__detect_adwin,4054ab96937dfc6eef3c9c4f46347db001fd4eea59432509f786c95b51d12234,ba90eb10e4e1f7500a344f9b4e5e676713fa49fa355f420971a75285e0b9c298,8cda5fd98865bccfe8601ace6f9a27d5a835513e,baseline_error_kg,-21.75347088166393,kg
detectors,S6_combined,rls,10,10.0,True,S6_combined__rls__seed10__detect_ks,4054ab96937dfc6eef3c9c4f46347db001fd4eea59432509f786c95b51d12234,e68694c868384201c53bdaf13449887c7b05c2ad9ef5f3f7d7b8bf5cddc0bcb0,8cda5fd98865bccfe8601ace6f9a27d5a835513e,baseline_error_kg,-21.75347088166393,kg
detectors,S6_combined,rls,10,10.0,True,S6_combined__rls__seed10__detect_all4,4054ab96937dfc6eef3c9c4f46347db001fd4eea59432509f786c95b51d12234,6c765cc69f3e4bb20e44be0e55caf8daf8c407d7d1c06515349b9d17ec1fddce,8cda5fd98865bccfe8601ace6f9a27d5a835513e,baseline_error_kg,-21.75347088166393,kg
detectors,S4_step_fault,rls,1,10.0,True,S4_step_fault__rls__seed1__detect_cusum,7d29a6d7dca932314e512c265e0e559ec6cc02e548aa25349a95d1f29dbf9ef1,f148dc11752161354c3021f05b1fe526c43baf276ba3893e2b36806f990aaf93,8cda5fd98865bccfe8601ace6f9a27d5a835513e,final_error_kg,31.27958618345906,kg
detectors,S4_step_fault,rls,1,10.0,True,S4_step_fault__rls__seed1__detect_ph,7d29a6d7dca932314e512c265e0e559ec6cc02e548aa25349a95d1f29dbf9ef1,e5360505f8c49a15eebb5ef47f7d7477818e9b19f26155854e4ff574f74f5811,8cda5fd98865bccfe8601ace6f9a27d5a835513e,final_error_kg,29.511163151271376,kg
detectors,S4_step_fault,rls,1,10.0,True,S4_step_fault__rls__seed1__detect_adwin,7d29a6d7dca932314e512c265e0e559ec6cc02e548aa25349a95d1f29dbf9ef1,ba90eb10e4e1f7500a344f9b4e5e676713fa49fa355f420971a75285e0b9c298,8cda5fd98865bccfe8601ace6f9a27d5a835513e,final_error_kg,29.511163151271376,kg
detectors,S4_step_fault,rls,1,10.0,True,S4_step_fault__rls__seed1__detect_ks,7d29a6d7dca932314e512c265e0e559ec6cc02e548aa25349a95d1f29dbf9ef1,e68694c868384201c53bdaf13449887c7b05c2ad9ef5f3f7d7b8bf5cddc0bcb0,8cda5fd98865bccfe8601ace6f9a27d5a835513e,final_error_kg,29.511163151271376,kg
detectors,S4_step_fault,rls,1,10.0,True,S4_step_fault__rls__seed1__detect_all4,7d29a6d7dca932314e512c265e0e559ec6cc02e548aa25349a95d1f29dbf9ef1,6c765cc69f3e4bb20e44be0e55caf8daf8c407d7d1c06515349b9d17ec1fddce,8cda5fd98865bccfe8601ace6f9a27d5a835513e,final_error_kg,31.27958618345906,kg
detectors,S4_step_fault,rls,2,10.0,True,S4_step_fault__rls__seed2__detect_cusum,adc80992e5ad2b0074c2ccb5fd189429c3fd11d2d51d242aa1caec078b0db1d2,f148dc11752161354c3021f05b1fe526c43baf276ba3893e2b36806f990aaf93,8cda5fd98865bccfe8601ace6f9a27d5a835513e,final_error_kg,20.795274289032363,kg
detectors,S4_step_fault,rls,2,10.0,True,S4_step_fault__rls__seed2__detect_ph,adc80992e5ad2b0074c2ccb5fd189429c3fd11d2d51d242aa1caec078b0db1d2,e5360505f8c49a15eebb5ef47f7d7477818e9b19f26155854e4ff574f74f5811,8cda5fd98865bccfe8601ace6f9a27d5a835513e,final_error_kg,16.488078651242063,kg
detectors,S4_step_fault,rls,2,10.0,True,S4_step_fault__rls__seed2__detect_adwin,adc80992e5ad2b0074c2ccb5fd189429c3fd11d2d51d242aa1caec078b0db1d2,ba90eb10e4e1f7500a344f9b4e5e676713fa49fa355f420971a75285e0b9c298,8cda5fd98865bccfe8601ace6f9a27d5a835513e,final_error_kg,16.488078651242063,kg
detectors,S4_step_fault,rls,2,10.0,True,S4_step_fault__rls__seed2__detect_ks,adc80992e5ad2b0074c2ccb5fd189429c3fd11d2d51d242aa1caec078b0db1d2,e68694c868384201c53bdaf13449887c7b05c2ad9ef5f3f7d7b8bf5cddc0bcb0,8cda5fd98865bccfe8601ace6f9a27d5a835513e,final_error_kg,16.488078651242063,kg
detectors,S4_step_fault,rls,2,10.0,True,S4_step_fault__rls__seed2__detect_all4,adc80992e5ad2b0074c2ccb5fd189429c3fd11d2d51d242aa1caec078b0db1d2,6c765cc69f3e4bb20e44be0e55caf8daf8c407d7d1c06515349b9d17ec1fddce,8cda5fd98865bccfe8601ace6f9a27d5a835513e,final_error_kg,20.795274289032363,kg
detectors,S4_step_fault,rls,3,10.0,True,S4_step_fault__rls__seed3__detect_cusum,755a0aa70d2f3fe05534c8cb137d5df18ed16325d4692fc840c3daee2c8a8c92,f148dc11752161354c3021f05b1fe526c43baf276ba3893e2b36806f990aaf93,8cda5fd98865bccfe8601ace6f9a27d5a835513e,final_error_kg,37.25942709430831,kg
detectors,S4_step_fault,rls,3,10.0,True,S4_step_fault__rls__seed3__detect_ph,755a0aa70d2f3fe05534c8cb137d5df18ed16325d4692fc840c3daee2c8a8c92,e5360505f8c49a15eebb5ef47f7d7477818e9b19f26155854e4ff574f74f5811,8cda5fd98865bccfe8601ace6f9a27d5a835513e,final_error_kg,37.25942709430831,kg
detectors,S4_step_fault,rls,3,10.0,True,S4_step_fault__rls__seed3__detect_adwin,755a0aa70d2f3fe05534c8cb137d5df18ed16325d4692fc840c3daee2c8a8c92,ba90eb10e4e1f7500a344f9b4e5e676713fa49fa355f420971a75285e0b9c298,8cda5fd98865bccfe8601ace6f9a27d5a835513e,final_error_kg,37.25942709430831,kg
detectors,S4_step_fault,rls,3,10.0,True,S4_step_fault__rls__seed3__detect_ks,755a0aa70d2f3fe05534c8cb137d5df18ed16325d4692fc840c3daee2c8a8c92,e68694c868384201c53bdaf13449887c7b05c2ad9ef5f3f7d7b8bf5cddc0bcb0,8cda5fd98865bccfe8601ace6f9a27d5a835513e,final_error_kg,37.25942709430831,kg
detectors,S4_step_fault,rls,3,10.0,True,S4_step_fault__rls__seed3__detect_all4,755a0aa70d2f3fe05534c8cb137d5df18ed16325d4692fc840c3daee2c8a8c92,6c765cc69f3e4bb20e44be0e55caf8daf8c407d7d1c06515349b9d17ec1fddce,8cda5fd98865bccfe8601ace6f9a27d5a835513e,final_error_kg,37.25942709430831,kg
detectors,S4_step_fault,rls,4,10.0,True,S4_step_fault__rls__seed4__detect_cusum,57d0146db86c059173927b479ffa5908a6e01f3cdeb9f10b63e58e983cd88fb2,f148dc11752161354c3021f05b1fe526c43baf276ba3893e2b36806f990aaf93,8cda5fd98865bccfe8601ace6f9a27d5a835513e,final_error_kg,33.752260443701516,kg
detectors,S4_step_fault,rls,4,10.0,True,S4_step_fault__rls__seed4__detect_ph,57d0146db86c059173927b479ffa5908a6e01f3cdeb9f10b63e58e983cd88fb2,e5360505f8c49a15eebb5ef47f7d7477818e9b19f26155854e4ff574f74f5811,8cda5fd98865bccfe8601ace6f9a27d5a835513e,final_error_kg,32.53520865340897,kg
detectors,S4_step_fault,rls,4,10.0,True,S4_step_fault__rls__seed4__detect_adwin,57d0146db86c059173927b479ffa5908a6e01f3cdeb9f10b63e58e983cd88fb2,ba90eb10e4e1f7500a344f9b4e5e676713fa49fa355f420971a75285e0b9c298,8cda5fd98865bccfe8601ace6f9a27d5a835513e,final_error_kg,32.53520865340897,kg
detectors,S4_step_fault,rls,4,10.0,True,S4_step_fault__rls__seed4__detect_ks,57d0146db86c059173927b479ffa5908a6e01f3cdeb9f10b63e58e983cd88fb2,e68694c868384201c53bdaf13449887c7b05c2ad9ef5f3f7d7b8bf5cddc0bcb0,8cda5fd98865bccfe8601ace6f9a27d5a835513e,final_error_kg,32.53520865340897,kg
detectors,S4_step_fault,rls,4,10.0,True,S4_step_fault__rls__seed4__detect_all4,57d0146db86c059173927b479ffa5908a6e01f3cdeb9f10b63e58e983cd88fb2,6c765cc69f3e4bb20e44be0e55caf8daf8c407d7d1c06515349b9d17ec1fddce,8cda5fd98865bccfe8601ace6f9a27d5a835513e,final_error_kg,33.752260443701516,kg
detectors,S4_step_fault,rls,5,10.0,True,S4_step_fault__rls__seed5__detect_cusum,1efe02364dacd47e4d9a937957614582b8530ef56f2b525678988666500727b7,f148dc11752161354c3021f05b1fe526c43baf276ba3893e2b36806f990aaf93,8cda5fd98865bccfe8601ace6f9a27d5a835513e,final_error_kg,46.42388294935756,kg
detectors,S4_step_fault,rls,5,10.0,True,S4_step_fault__rls__seed5__detect_ph,1efe02364dacd47e4d9a937957614582b8530ef56f2b525678988666500727b7,e5360505f8c49a15eebb5ef47f7d7477818e9b19f26155854e4ff574f74f5811,8cda5fd98865bccfe8601ace6f9a27d5a835513e,final_error_kg,46.42388294935756,kg
detectors,S4_step_fault,rls,5,10.0,True,S4_step_fault__rls__seed5__detect_adwin,1efe02364dacd47e4d9a937957614582b8530ef56f2b525678988666500727b7,ba90eb10e4e1f7500a344f9b4e5e676713fa49fa355f420971a75285e0b9c298,8cda5fd98865bccfe8601ace6f9a27d5a835513e,final_error_kg,46.42388294935756,kg
detectors,S4_step_fault,rls,5,10.0,True,S4_step_fault__rls__seed5__detect_ks,1efe02364dacd47e4d9a937957614582b8530ef56f2b525678988666500727b7,e68694c868384201c53bdaf13449887c7b05c2ad9ef5f3f7d7b8bf5cddc0bcb0,8cda5fd98865bccfe8601ace6f9a27d5a835513e,final_error_kg,46.42388294935756,kg
detectors,S4_step_fault,rls,5,10.0,True,S4_step_fault__rls__seed5__detect_all4,1efe02364dacd47e4d9a937957614582b8530ef56f2b525678988666500727b7,6c765cc69f3e4bb20e44be0e55caf8daf8c407d7d1c06515349b9d17ec1fddce,8cda5fd98865bccfe8601ace6f9a27d5a835513e,final_error_kg,46.42388294935756,kg
detectors,S4_step_fault,rls,6,10.0,True,S4_step_fault__rls__seed6__detect_cusum,edb8fb013b7aeb64e877b749783afa62d6864702f69cf9e7c539d6cd9df4f86d,f148dc11752161354c3021f05b1fe526c43baf276ba3893e2b36806f990aaf93,8cda5fd98865bccfe8601ace6f9a27d5a835513e,final_error_kg,27.65778236773599,kg
detectors,S4_step_fault,rls,6,10.0,True,S4_step_fault__rls__seed6__detect_ph,edb8fb013b7aeb64e877b749783afa62d6864702f69cf9e7c539d6cd9df4f86d,e5360505f8c49a15eebb5ef47f7d7477818e9b19f26155854e4ff574f74f5811,8cda5fd98865bccfe8601ace6f9a27d5a835513e,final_error_kg,27.65778236773599,kg
detectors,S4_step_fault,rls,6,10.0,True,S4_step_fault__rls__seed6__detect_adwin,edb8fb013b7aeb64e877b749783afa62d6864702f69cf9e7c539d6cd9df4f86d,ba90eb10e4e1f7500a344f9b4e5e676713fa49fa355f420971a75285e0b9c298,8cda5fd98865bccfe8601ace6f9a27d5a835513e,final_error_kg,31.41769269733902,kg
detectors,S4_step_fault,rls,6,10.0,True,S4_step_fault__rls__seed6__detect_ks,edb8fb013b7aeb64e877b749783afa62d6864702f69cf9e7c539d6cd9df4f86d,e68694c868384201c53bdaf13449887c7b05c2ad9ef5f3f7d7b8bf5cddc0bcb0,8cda5fd98865bccfe8601ace6f9a27d5a835513e,final_error_kg,27.65778236773599,kg
detectors,S4_step_fault,rls,6,10.0,True,S4_step_fault__rls__seed6__detect_all4,edb8fb013b7aeb64e877b749783afa62d6864702f69cf9e7c539d6cd9df4f86d,6c765cc69f3e4bb20e44be0e55caf8daf8c407d7d1c06515349b9d17ec1fddce,8cda5fd98865bccfe8601ace6f9a27d5a835513e,final_error_kg,27.65778236773599,kg
detectors,S4_step_fault,rls,7,10.0,True,S4_step_fault__rls__seed7__detect_cusum,5cf17843f3bfe6e9f5ce0f88df6e9f0fa19691e7d0781a28d2e0071debfacd13,f148dc11752161354c3021f05b1fe526c43baf276ba3893e2b36806f990aaf93,8cda5fd98865bccfe8601ace6f9a27d5a835513e,final_error_kg,9.041038239209342,kg
detectors,S4_step_fault,rls,7,10.0,True,S4_step_fault__rls__seed7__detect_ph,5cf17843f3bfe6e9f5ce0f88df6e9f0fa19691e7d0781a28d2e0071debfacd13,e5360505f8c49a15eebb5ef47f7d7477818e9b19f26155854e4ff574f74f5811,8cda5fd98865bccfe8601ace6f9a27d5a835513e,final_error_kg,9.041038239209342,kg
detectors,S4_step_fault,rls,7,10.0,True,S4_step_fault__rls__seed7__detect_adwin,5cf17843f3bfe6e9f5ce0f88df6e9f0fa19691e7d0781a28d2e0071debfacd13,ba90eb10e4e1f7500a344f9b4e5e676713fa49fa355f420971a75285e0b9c298,8cda5fd98865bccfe8601ace6f9a27d5a835513e,final_error_kg,9.041038239209342,kg
detectors,S4_step_fault,rls,7,10.0,True,S4_step_fault__rls__seed7__detect_ks,5cf17843f3bfe6e9f5ce0f88df6e9f0fa19691e7d0781a28d2e0071debfacd13,e68694c868384201c53bdaf13449887c7b05c2ad9ef5f3f7d7b8bf5cddc0bcb0,8cda5fd98865bccfe8601ace6f9a27d5a835513e,final_error_kg,9.041038239209342,kg
detectors,S4_step_fault,rls,7,10.0,True,S4_step_fault__rls__seed7__detect_all4,5cf17843f3bfe6e9f5ce0f88df6e9f0fa19691e7d0781a28d2e0071debfacd13,6c765cc69f3e4bb20e44be0e55caf8daf8c407d7d1c06515349b9d17ec1fddce,8cda5fd98865bccfe8601ace6f9a27d5a835513e,final_error_kg,9.041038239209342,kg
detectors,S4_step_fault,rls,8,10.0,True,S4_step_fault__rls__seed8__detect_cusum,4471998ed306e877216c6c1b12b8ba9d62e309093746866fb7f4d683dd3b0138,f148dc11752161354c3021f05b1fe526c43baf276ba3893e2b36806f990aaf93,8cda5fd98865bccfe8601ace6f9a27d5a835513e,final_error_kg,17.935806670605075,kg
detectors,S4_step_fault,rls,8,10.0,True,S4_step_fault__rls__seed8__detect_ph,4471998ed306e877216c6c1b12b8ba9d62e309093746866fb7f4d683dd3b0138,e5360505f8c49a15eebb5ef47f7d7477818e9b19f26155854e4ff574f74f5811,8cda5fd98865bccfe8601ace6f9a27d5a835513e,final_error_kg,17.935806670605075,kg
detectors,S4_step_fault,rls,8,10.0,True,S4_step_fault__rls__seed8__detect_adwin,4471998ed306e877216c6c1b12b8ba9d62e309093746866fb7f4d683dd3b0138,ba90eb10e4e1f7500a344f9b4e5e676713fa49fa355f420971a75285e0b9c298,8cda5fd98865bccfe8601ace6f9a27d5a835513e,final_error_kg,17.935806670605075,kg
detectors,S4_step_fault,rls,8,10.0,True,S4_step_fault__rls__seed8__detect_ks,4471998ed306e877216c6c1b12b8ba9d62e309093746866fb7f4d683dd3b0138,e68694c868384201c53bdaf13449887c7b05c2ad9ef5f3f7d7b8bf5cddc0bcb0,8cda5fd98865bccfe8601ace6f9a27d5a835513e,final_error_kg,17.935806670605075,kg
detectors,S4_step_fault,rls,8,10.0,True,S4_step_fault__rls__seed8__detect_all4,4471998ed306e877216c6c1b12b8ba9d62e309093746866fb7f4d683dd3b0138,6c765cc69f3e4bb20e44be0e55caf8daf8c407d7d1c06515349b9d17ec1fddce,8cda5fd98865bccfe8601ace6f9a27d5a835513e,final_error_kg,17.935806670605075,kg
detectors,S4_step_fault,rls,9,10.0,True,S4_step_fault__rls__seed9__detect_cusum,af86278540fa1654a3e5819e52691400963a2f43bbaf4be0dd151148c2836411,f148dc11752161354c3021f05b1fe526c43baf276ba3893e2b36806f990aaf93,8cda5fd98865bccfe8601ace6f9a27d5a835513e,final_error_kg,12.693922920611158,kg
detectors,S4_step_fault,rls,9,10.0,True,S4_step_fault__rls__seed9__detect_ph,af86278540fa1654a3e5819e52691400963a2f43bbaf4be0dd151148c2836411,e5360505f8c49a15eebb5ef47f7d7477818e9b19f26155854e4ff574f74f5811,8cda5fd98865bccfe8601ace6f9a27d5a835513e,final_error_kg,12.693922920611158,kg
detectors,S4_step_fault,rls,9,10.0,True,S4_step_fault__rls__seed9__detect_adwin,af86278540fa1654a3e5819e52691400963a2f43bbaf4be0dd151148c2836411,ba90eb10e4e1f7500a344f9b4e5e676713fa49fa355f420971a75285e0b9c298,8cda5fd98865bccfe8601ace6f9a27d5a835513e,final_error_kg,11.454115101893763,kg
detectors,S4_step_fault,rls,9,10.0,True,S4_step_fault__rls__seed9__detect_ks,af86278540fa1654a3e5819e52691400963a2f43bbaf4be0dd151148c2836411,e68694c868384201c53bdaf13449887c7b05c2ad9ef5f3f7d7b8bf5cddc0bcb0,8cda5fd98865bccfe8601ace6f9a27d5a835513e,final_error_kg,9.068233167992844,kg
detectors,S4_step_fault,rls,9,10.0,True,S4_step_fault__rls__seed9__detect_all4,af86278540fa1654a3e5819e52691400963a2f43bbaf4be0dd151148c2836411,6c765cc69f3e4bb20e44be0e55caf8daf8c407d7d1c06515349b9d17ec1fddce,8cda5fd98865bccfe8601ace6f9a27d5a835513e,final_error_kg,12.693922920611158,kg
detectors,S4_step_fault,rls,10,10.0,True,S4_step_fault__rls__seed10__detect_cusum,b97f4fa67d55b0a4900a4dc84b9f38b152ab85aa07d9118de95bac234f41360d,f148dc11752161354c3021f05b1fe526c43baf276ba3893e2b36806f990aaf93,8cda5fd98865bccfe8601ace6f9a27d5a835513e,final_error_kg,39.527117912820245,kg
detectors,S4_step_fault,rls,10,10.0,True,S4_step_fault__rls__seed10__detect_ph,b97f4fa67d55b0a4900a4dc84b9f38b152ab85aa07d9118de95bac234f41360d,e5360505f8c49a15eebb5ef47f7d7477818e9b19f26155854e4ff574f74f5811,8cda5fd98865bccfe8601ace6f9a27d5a835513e,final_error_kg,38.63109903326642,kg
detectors,S4_step_fault,rls,10,10.0,True,S4_step_fault__rls__seed10__detect_adwin,b97f4fa67d55b0a4900a4dc84b9f38b152ab85aa07d9118de95bac234f41360d,ba90eb10e4e1f7500a344f9b4e5e676713fa49fa355f420971a75285e0b9c298,8cda5fd98865bccfe8601ace6f9a27d5a835513e,final_error_kg,39.00134049550161,kg
detectors,S4_step_fault,rls,10,10.0,True,S4_step_fault__rls__seed10__detect_ks,b97f4fa67d55b0a4900a4dc84b9f38b152ab85aa07d9118de95bac234f41360d,e68694c868384201c53bdaf13449887c7b05c2ad9ef5f3f7d7b8bf5cddc0bcb0,8cda5fd98865bccfe8601ace6f9a27d5a835513e,final_error_kg,31.37981009497844,kg
detectors,S4_step_fault,rls,10,10.0,True,S4_step_fault__rls__seed10__detect_all4,b97f4fa67d55b0a4900a4dc84b9f38b152ab85aa07d9118de95bac234f41360d,6c765cc69f3e4bb20e44be0e55caf8daf8c407d7d1c06515349b9d17ec1fddce,8cda5fd98865bccfe8601ace6f9a27d5a835513e,final_error_kg,39.527117912820245,kg
detectors,S6_combined,rls,1,10.0,True,S6_combined__rls__seed1__detect_cusum,b3cf8d14b3aed8b1d65ab4497dcbfb879dbda2ce1da03bb07f6401c9b4b9bd4a,f148dc11752161354c3021f05b1fe526c43baf276ba3893e2b36806f990aaf93,8cda5fd98865bccfe8601ace6f9a27d5a835513e,final_error_kg,555.4928149451399,kg
detectors,S6_combined,rls,1,10.0,True,S6_combined__rls__seed1__detect_ph,b3cf8d14b3aed8b1d65ab4497dcbfb879dbda2ce1da03bb07f6401c9b4b9bd4a,e5360505f8c49a15eebb5ef47f7d7477818e9b19f26155854e4ff574f74f5811,8cda5fd98865bccfe8601ace6f9a27d5a835513e,final_error_kg,555.4928149451399,kg
detectors,S6_combined,rls,1,10.0,True,S6_combined__rls__seed1__detect_adwin,b3cf8d14b3aed8b1d65ab4497dcbfb879dbda2ce1da03bb07f6401c9b4b9bd4a,ba90eb10e4e1f7500a344f9b4e5e676713fa49fa355f420971a75285e0b9c298,8cda5fd98865bccfe8601ace6f9a27d5a835513e,final_error_kg,555.4928149451399,kg
detectors,S6_combined,rls,1,10.0,True,S6_combined__rls__seed1__detect_ks,b3cf8d14b3aed8b1d65ab4497dcbfb879dbda2ce1da03bb07f6401c9b4b9bd4a,e68694c868384201c53bdaf13449887c7b05c2ad9ef5f3f7d7b8bf5cddc0bcb0,8cda5fd98865bccfe8601ace6f9a27d5a835513e,final_error_kg,555.4928149451399,kg
detectors,S6_combined,rls,1,10.0,True,S6_combined__rls__seed1__detect_all4,b3cf8d14b3aed8b1d65ab4497dcbfb879dbda2ce1da03bb07f6401c9b4b9bd4a,6c765cc69f3e4bb20e44be0e55caf8daf8c407d7d1c06515349b9d17ec1fddce,8cda5fd98865bccfe8601ace6f9a27d5a835513e,final_error_kg,555.4928149451399,kg
detectors,S6_combined,rls,2,10.0,True,S6_combined__rls__seed2__detect_cusum,e4f7ab87faf6982be139dc8af97757bff8d540d357c41e3d06ec298e4dd75854,f148dc11752161354c3021f05b1fe526c43baf276ba3893e2b36806f990aaf93,8cda5fd98865bccfe8601ace6f9a27d5a835513e,final_error_kg,-1205.8846051703465,kg
detectors,S6_combined,rls,2,10.0,True,S6_combined__rls__seed2__detect_ph,e4f7ab87faf6982be139dc8af97757bff8d540d357c41e3d06ec298e4dd75854,e5360505f8c49a15eebb5ef47f7d7477818e9b19f26155854e4ff574f74f5811,8cda5fd98865bccfe8601ace6f9a27d5a835513e,final_error_kg,-1205.8846051703465,kg
detectors,S6_combined,rls,2,10.0,True,S6_combined__rls__seed2__detect_adwin,e4f7ab87faf6982be139dc8af97757bff8d540d357c41e3d06ec298e4dd75854,ba90eb10e4e1f7500a344f9b4e5e676713fa49fa355f420971a75285e0b9c298,8cda5fd98865bccfe8601ace6f9a27d5a835513e,final_error_kg,-1205.8846051703465,kg
detectors,S6_combined,rls,2,10.0,True,S6_combined__rls__seed2__detect_ks,e4f7ab87faf6982be139dc8af97757bff8d540d357c41e3d06ec298e4dd75854,e68694c868384201c53bdaf13449887c7b05c2ad9ef5f3f7d7b8bf5cddc0bcb0,8cda5fd98865bccfe8601ace6f9a27d5a835513e,final_error_kg,-1205.8846051703465,kg
detectors,S6_combined,rls,2,10.0,True,S6_combined__rls__seed2__detect_all4,e4f7ab87faf6982be139dc8af97757bff8d540d357c41e3d06ec298e4dd75854,6c765cc69f3e4bb20e44be0e55caf8daf8c407d7d1c06515349b9d17ec1fddce,8cda5fd98865bccfe8601ace6f9a27d5a835513e,final_error_kg,-1205.8846051703465,kg
detectors,S6_combined,rls,3,10.0,True,S6_combined__rls__seed3__detect_cusum,c371bfebbbdb510b204e19fcaedea3c47a4e8b6d77499f04ee6ac55d13fed988,f148dc11752161354c3021f05b1fe526c43baf276ba3893e2b36806f990aaf93,8cda5fd98865bccfe8601ace6f9a27d5a835513e,final_error_kg,1092.7308775608735,kg
detectors,S6_combined,rls,3,10.0,True,S6_combined__rls__seed3__detect_ph,c371bfebbbdb510b204e19fcaedea3c47a4e8b6d77499f04ee6ac55d13fed988,e5360505f8c49a15eebb5ef47f7d7477818e9b19f26155854e4ff574f74f5811,8cda5fd98865bccfe8601ace6f9a27d5a835513e,final_error_kg,1006.1240817765664,kg
detectors,S6_combined,rls,3,10.0,True,S6_combined__rls__seed3__detect_adwin,c371bfebbbdb510b204e19fcaedea3c47a4e8b6d77499f04ee6ac55d13fed988,ba90eb10e4e1f7500a344f9b4e5e676713fa49fa355f420971a75285e0b9c298,8cda5fd98865bccfe8601ace6f9a27d5a835513e,final_error_kg,1006.1240817765664,kg
detectors,S6_combined,rls,3,10.0,True,S6_combined__rls__seed3__detect_ks,c371bfebbbdb510b204e19fcaedea3c47a4e8b6d77499f04ee6ac55d13fed988,e68694c868384201c53bdaf13449887c7b05c2ad9ef5f3f7d7b8bf5cddc0bcb0,8cda5fd98865bccfe8601ace6f9a27d5a835513e,final_error_kg,1006.1240817765664,kg
detectors,S6_combined,rls,3,10.0,True,S6_combined__rls__seed3__detect_all4,c371bfebbbdb510b204e19fcaedea3c47a4e8b6d77499f04ee6ac55d13fed988,6c765cc69f3e4bb20e44be0e55caf8daf8c407d7d1c06515349b9d17ec1fddce,8cda5fd98865bccfe8601ace6f9a27d5a835513e,final_error_kg,1092.7308775608735,kg
detectors,S6_combined,rls,4,10.0,True,S6_combined__rls__seed4__detect_cusum,091893e2b20fe4f1f4ec71b10a24db6c43dabefaa37c7ef75c67f5a78f00f2b7,f148dc11752161354c3021f05b1fe526c43baf276ba3893e2b36806f990aaf93,8cda5fd98865bccfe8601ace6f9a27d5a835513e,final_error_kg,235.381511139316,kg
detectors,S6_combined,rls,4,10.0,True,S6_combined__rls__seed4__detect_ph,091893e2b20fe4f1f4ec71b10a24db6c43dabefaa37c7ef75c67f5a78f00f2b7,e5360505f8c49a15eebb5ef47f7d7477818e9b19f26155854e4ff574f74f5811,8cda5fd98865bccfe8601ace6f9a27d5a835513e,final_error_kg,235.381511139316,kg
detectors,S6_combined,rls,4,10.0,True,S6_combined__rls__seed4__detect_adwin,091893e2b20fe4f1f4ec71b10a24db6c43dabefaa37c7ef75c67f5a78f00f2b7,ba90eb10e4e1f7500a344f9b4e5e676713fa49fa355f420971a75285e0b9c298,8cda5fd98865bccfe8601ace6f9a27d5a835513e,final_error_kg,235.381511139316,kg
detectors,S6_combined,rls,4,10.0,True,S6_combined__rls__seed4__detect_ks,091893e2b20fe4f1f4ec71b10a24db6c43dabefaa37c7ef75c67f5a78f00f2b7,e68694c868384201c53bdaf13449887c7b05c2ad9ef5f3f7d7b8bf5cddc0bcb0,8cda5fd98865bccfe8601ace6f9a27d5a835513e,final_error_kg,235.381511139316,kg
detectors,S6_combined,rls,4,10.0,True,S6_combined__rls__seed4__detect_all4,091893e2b20fe4f1f4ec71b10a24db6c43dabefaa37c7ef75c67f5a78f00f2b7,6c765cc69f3e4bb20e44be0e55caf8daf8c407d7d1c06515349b9d17ec1fddce,8cda5fd98865bccfe8601ace6f9a27d5a835513e,final_error_kg,235.381511139316,kg
detectors,S6_combined,rls,5,10.0,True,S6_combined__rls__seed5__detect_cusum,c1d9d4a7d46d9a42ad59de704b5ae8b21c9bf2f17d4576d9bfa6e10e6c6f4b13,f148dc11752161354c3021f05b1fe526c43baf276ba3893e2b36806f990aaf93,8cda5fd98865bccfe8601ace6f9a27d5a835513e,final_error_kg,379.66155639781573,kg
detectors,S6_combined,rls,5,10.0,True,S6_combined__rls__seed5__detect_ph,c1d9d4a7d46d9a42ad59de704b5ae8b21c9bf2f17d4576d9bfa6e10e6c6f4b13,e5360505f8c49a15eebb5ef47f7d7477818e9b19f26155854e4ff574f74f5811,8cda5fd98865bccfe8601ace6f9a27d5a835513e,final_error_kg,379.66155639781573,kg
detectors,S6_combined,rls,5,10.0,True,S6_combined__rls__seed5__detect_adwin,c1d9d4a7d46d9a42ad59de704b5ae8b21c9bf2f17d4576d9bfa6e10e6c6f4b13,ba90eb10e4e1f7500a344f9b4e5e676713fa49fa355f420971a75285e0b9c298,8cda5fd98865bccfe8601ace6f9a27d5a835513e,final_error_kg,379.66155639781573,kg
detectors,S6_combined,rls,5,10.0,True,S6_combined__rls__seed5__detect_ks,c1d9d4a7d46d9a42ad59de704b5ae8b21c9bf2f17d4576d9bfa6e10e6c6f4b13,e68694c868384201c53bdaf13449887c7b05c2ad9ef5f3f7d7b8bf5cddc0bcb0,8cda5fd98865bccfe8601ace6f9a27d5a835513e,final_error_kg,379.66155639781573,kg
detectors,S6_combined,rls,5,10.0,True,S6_combined__rls__seed5__detect_all4,c1d9d4a7d46d9a42ad59de704b5ae8b21c9bf2f17d4576d9bfa6e10e6c6f4b13,6c765cc69f3e4bb20e44be0e55caf8daf8c407d7d1c06515349b9d17ec1fddce,8cda5fd98865bccfe8601ace6f9a27d5a835513e,final_error_kg,379.66155639781573,kg
detectors,S6_combined,rls,6,10.0,True,S6_combined__rls__seed6__detect_cusum,8fbcb1374a66e26dea4a0e8dbcf64db42ebcd88dd11b5cd3bb5d44e8d4b0665a,f148dc11752161354c3021f05b1fe526c43baf276ba3893e2b36806f990aaf93,8cda5fd98865bccfe8601ace6f9a27d5a835513e,final_error_kg,1237.9992072800655,kg
detectors,S6_combined,rls,6,10.0,True,S6_combined__rls__seed6__detect_ph,8fbcb1374a66e26dea4a0e8dbcf64db42ebcd88dd11b5cd3bb5d44e8d4b0665a,e5360505f8c49a15eebb5ef47f7d7477818e9b19f26155854e4ff574f74f5811,8cda5fd98865bccfe8601ace6f9a27d5a835513e,final_error_kg,1237.9992072800655,kg
detectors,S6_combined,rls,6,10.0,True,S6_combined__rls__seed6__detect_adwin,8fbcb1374a66e26dea4a0e8dbcf64db42ebcd88dd11b5cd3bb5d44e8d4b0665a,ba90eb10e4e1f7500a344f9b4e5e676713fa49fa355f420971a75285e0b9c298,8cda5fd98865bccfe8601ace6f9a27d5a835513e,final_error_kg,1241.9848530934578,kg
detectors,S6_combined,rls,6,10.0,True,S6_combined__rls__seed6__detect_ks,8fbcb1374a66e26dea4a0e8dbcf64db42ebcd88dd11b5cd3bb5d44e8d4b0665a,e68694c868384201c53bdaf13449887c7b05c2ad9ef5f3f7d7b8bf5cddc0bcb0,8cda5fd98865bccfe8601ace6f9a27d5a835513e,final_error_kg,1125.5205014385695,kg
detectors,S6_combined,rls,6,10.0,True,S6_combined__rls__seed6__detect_all4,8fbcb1374a66e26dea4a0e8dbcf64db42ebcd88dd11b5cd3bb5d44e8d4b0665a,6c765cc69f3e4bb20e44be0e55caf8daf8c407d7d1c06515349b9d17ec1fddce,8cda5fd98865bccfe8601ace6f9a27d5a835513e,final_error_kg,1237.9992072800655,kg
detectors,S6_combined,rls,7,10.0,True,S6_combined__rls__seed7__detect_cusum,eb12037c60287858e9925e83fcaf2aa6789246ee5a2aa0c936402930de58eb1c,f148dc11752161354c3021f05b1fe526c43baf276ba3893e2b36806f990aaf93,8cda5fd98865bccfe8601ace6f9a27d5a835513e,final_error_kg,508.86613161541413,kg
detectors,S6_combined,rls,7,10.0,True,S6_combined__rls__seed7__detect_ph,eb12037c60287858e9925e83fcaf2aa6789246ee5a2aa0c936402930de58eb1c,e5360505f8c49a15eebb5ef47f7d7477818e9b19f26155854e4ff574f74f5811,8cda5fd98865bccfe8601ace6f9a27d5a835513e,final_error_kg,509.8258079930614,kg
detectors,S6_combined,rls,7,10.0,True,S6_combined__rls__seed7__detect_adwin,eb12037c60287858e9925e83fcaf2aa6789246ee5a2aa0c936402930de58eb1c,ba90eb10e4e1f7500a344f9b4e5e676713fa49fa355f420971a75285e0b9c298,8cda5fd98865bccfe8601ace6f9a27d5a835513e,final_error_kg,508.6808192775743,kg
detectors,S6_combined,rls,7,10.0,True,S6_combined__rls__seed7__detect_ks,eb12037c60287858e9925e83fcaf2aa6789246ee5a2aa0c936402930de58eb1c,e68694c868384201c53bdaf13449887c7b05c2ad9ef5f3f7d7b8bf5cddc0bcb0,8cda5fd98865bccfe8601ace6f9a27d5a835513e,final_error_kg,470.38929696145703,kg
detectors,S6_combined,rls,7,10.0,True,S6_combined__rls__seed7__detect_all4,eb12037c60287858e9925e83fcaf2aa6789246ee5a2aa0c936402930de58eb1c,6c765cc69f3e4bb20e44be0e55caf8daf8c407d7d1c06515349b9d17ec1fddce,8cda5fd98865bccfe8601ace6f9a27d5a835513e,final_error_kg,508.86613161541413,kg
detectors,S6_combined,rls,8,10.0,True,S6_combined__rls__seed8__detect_cusum,da4740837e6cf85b5c7d22d84cf556133cbff181edcbfd4d107db823d7c1f164,f148dc11752161354c3021f05b1fe526c43baf276ba3893e2b36806f990aaf93,8cda5fd98865bccfe8601ace6f9a27d5a835513e,final_error_kg,910.458595036457,kg
detectors,S6_combined,rls,8,10.0,True,S6_combined__rls__seed8__detect_ph,da4740837e6cf85b5c7d22d84cf556133cbff181edcbfd4d107db823d7c1f164,e5360505f8c49a15eebb5ef47f7d7477818e9b19f26155854e4ff574f74f5811,8cda5fd98865bccfe8601ace6f9a27d5a835513e,final_error_kg,985.1596260509162,kg
detectors,S6_combined,rls,8,10.0,True,S6_combined__rls__seed8__detect_adwin,da4740837e6cf85b5c7d22d84cf556133cbff181edcbfd4d107db823d7c1f164,ba90eb10e4e1f7500a344f9b4e5e676713fa49fa355f420971a75285e0b9c298,8cda5fd98865bccfe8601ace6f9a27d5a835513e,final_error_kg,985.1596260509162,kg
detectors,S6_combined,rls,8,10.0,True,S6_combined__rls__seed8__detect_ks,da4740837e6cf85b5c7d22d84cf556133cbff181edcbfd4d107db823d7c1f164,e68694c868384201c53bdaf13449887c7b05c2ad9ef5f3f7d7b8bf5cddc0bcb0,8cda5fd98865bccfe8601ace6f9a27d5a835513e,final_error_kg,910.458595036457,kg
detectors,S6_combined,rls,8,10.0,True,S6_combined__rls__seed8__detect_all4,da4740837e6cf85b5c7d22d84cf556133cbff181edcbfd4d107db823d7c1f164,6c765cc69f3e4bb20e44be0e55caf8daf8c407d7d1c06515349b9d17ec1fddce,8cda5fd98865bccfe8601ace6f9a27d5a835513e,final_error_kg,985.1596260509162,kg
detectors,S6_combined,rls,9,10.0,True,S6_combined__rls__seed9__detect_cusum,29718e114c21c01b04a983f185bbf01430cfac8dd9e8b5808281b0434dac26fc,f148dc11752161354c3021f05b1fe526c43baf276ba3893e2b36806f990aaf93,8cda5fd98865bccfe8601ace6f9a27d5a835513e,final_error_kg,713.1429003788833,kg
detectors,S6_combined,rls,9,10.0,True,S6_combined__rls__seed9__detect_ph,29718e114c21c01b04a983f185bbf01430cfac8dd9e8b5808281b0434dac26fc,e5360505f8c49a15eebb5ef47f7d7477818e9b19f26155854e4ff574f74f5811,8cda5fd98865bccfe8601ace6f9a27d5a835513e,final_error_kg,714.6109989152555,kg
detectors,S6_combined,rls,9,10.0,True,S6_combined__rls__seed9__detect_adwin,29718e114c21c01b04a983f185bbf01430cfac8dd9e8b5808281b0434dac26fc,ba90eb10e4e1f7500a344f9b4e5e676713fa49fa355f420971a75285e0b9c298,8cda5fd98865bccfe8601ace6f9a27d5a835513e,final_error_kg,714.6129490965782,kg
detectors,S6_combined,rls,9,10.0,True,S6_combined__rls__seed9__detect_ks,29718e114c21c01b04a983f185bbf01430cfac8dd9e8b5808281b0434dac26fc,e68694c868384201c53bdaf13449887c7b05c2ad9ef5f3f7d7b8bf5cddc0bcb0,8cda5fd98865bccfe8601ace6f9a27d5a835513e,final_error_kg,648.187583181531,kg
detectors,S6_combined,rls,9,10.0,True,S6_combined__rls__seed9__detect_all4,29718e114c21c01b04a983f185bbf01430cfac8dd9e8b5808281b0434dac26fc,6c765cc69f3e4bb20e44be0e55caf8daf8c407d7d1c06515349b9d17ec1fddce,8cda5fd98865bccfe8601ace6f9a27d5a835513e,final_error_kg,713.1429003788833,kg
detectors,S6_combined,rls,10,10.0,True,S6_combined__rls__seed10__detect_cusum,4054ab96937dfc6eef3c9c4f46347db001fd4eea59432509f786c95b51d12234,f148dc11752161354c3021f05b1fe526c43baf276ba3893e2b36806f990aaf93,8cda5fd98865bccfe8601ace6f9a27d5a835513e,final_error_kg,-262.40869448952367,kg
detectors,S6_combined,rls,10,10.0,True,S6_combined__rls__seed10__detect_ph,4054ab96937dfc6eef3c9c4f46347db001fd4eea59432509f786c95b51d12234,e5360505f8c49a15eebb5ef47f7d7477818e9b19f26155854e4ff574f74f5811,8cda5fd98865bccfe8601ace6f9a27d5a835513e,final_error_kg,-262.40869448952367,kg
detectors,S6_combined,rls,10,10.0,True,S6_combined__rls__seed10__detect_adwin,4054ab96937dfc6eef3c9c4f46347db001fd4eea59432509f786c95b51d12234,ba90eb10e4e1f7500a344f9b4e5e676713fa49fa355f420971a75285e0b9c298,8cda5fd98865bccfe8601ace6f9a27d5a835513e,final_error_kg,-262.40869448952367,kg
detectors,S6_combined,rls,10,10.0,True,S6_combined__rls__seed10__detect_ks,4054ab96937dfc6eef3c9c4f46347db001fd4eea59432509f786c95b51d12234,e68694c868384201c53bdaf13449887c7b05c2ad9ef5f3f7d7b8bf5cddc0bcb0,8cda5fd98865bccfe8601ace6f9a27d5a835513e,final_error_kg,-262.40869448952367,kg
detectors,S6_combined,rls,10,10.0,True,S6_combined__rls__seed10__detect_all4,4054ab96937dfc6eef3c9c4f46347db001fd4eea59432509f786c95b51d12234,6c765cc69f3e4bb20e44be0e55caf8daf8c407d7d1c06515349b9d17ec1fddce,8cda5fd98865bccfe8601ace6f9a27d5a835513e,final_error_kg,-262.40869448952367,kg
detectors,S4_step_fault,rls,1,10.0,True,S4_step_fault__rls__seed1__detect_cusum,7d29a6d7dca932314e512c265e0e559ec6cc02e548aa25349a95d1f29dbf9ef1,f148dc11752161354c3021f05b1fe526c43baf276ba3893e2b36806f990aaf93,8cda5fd98865bccfe8601ace6f9a27d5a835513e,mape,0.03146314649243968,fraction
detectors,S4_step_fault,rls,1,10.0,True,S4_step_fault__rls__seed1__detect_ph,7d29a6d7dca932314e512c265e0e559ec6cc02e548aa25349a95d1f29dbf9ef1,e5360505f8c49a15eebb5ef47f7d7477818e9b19f26155854e4ff574f74f5811,8cda5fd98865bccfe8601ace6f9a27d5a835513e,mape,0.031080094095237227,fraction
detectors,S4_step_fault,rls,1,10.0,True,S4_step_fault__rls__seed1__detect_adwin,7d29a6d7dca932314e512c265e0e559ec6cc02e548aa25349a95d1f29dbf9ef1,ba90eb10e4e1f7500a344f9b4e5e676713fa49fa355f420971a75285e0b9c298,8cda5fd98865bccfe8601ace6f9a27d5a835513e,mape,0.031080094095237227,fraction
detectors,S4_step_fault,rls,1,10.0,True,S4_step_fault__rls__seed1__detect_ks,7d29a6d7dca932314e512c265e0e559ec6cc02e548aa25349a95d1f29dbf9ef1,e68694c868384201c53bdaf13449887c7b05c2ad9ef5f3f7d7b8bf5cddc0bcb0,8cda5fd98865bccfe8601ace6f9a27d5a835513e,mape,0.031080094095237227,fraction
detectors,S4_step_fault,rls,1,10.0,True,S4_step_fault__rls__seed1__detect_all4,7d29a6d7dca932314e512c265e0e559ec6cc02e548aa25349a95d1f29dbf9ef1,6c765cc69f3e4bb20e44be0e55caf8daf8c407d7d1c06515349b9d17ec1fddce,8cda5fd98865bccfe8601ace6f9a27d5a835513e,mape,0.03146314649243968,fraction
detectors,S4_step_fault,rls,2,10.0,True,S4_step_fault__rls__seed2__detect_cusum,adc80992e5ad2b0074c2ccb5fd189429c3fd11d2d51d242aa1caec078b0db1d2,f148dc11752161354c3021f05b1fe526c43baf276ba3893e2b36806f990aaf93,8cda5fd98865bccfe8601ace6f9a27d5a835513e,mape,0.03180918288760678,fraction
detectors,S4_step_fault,rls,2,10.0,True,S4_step_fault__rls__seed2__detect_ph,adc80992e5ad2b0074c2ccb5fd189429c3fd11d2d51d242aa1caec078b0db1d2,e5360505f8c49a15eebb5ef47f7d7477818e9b19f26155854e4ff574f74f5811,8cda5fd98865bccfe8601ace6f9a27d5a835513e,mape,0.031410481430511984,fraction
detectors,S4_step_fault,rls,2,10.0,True,S4_step_fault__rls__seed2__detect_adwin,adc80992e5ad2b0074c2ccb5fd189429c3fd11d2d51d242aa1caec078b0db1d2,ba90eb10e4e1f7500a344f9b4e5e676713fa49fa355f420971a75285e0b9c298,8cda5fd98865bccfe8601ace6f9a27d5a835513e,mape,0.031410481430511984,fraction
detectors,S4_step_fault,rls,2,10.0,True,S4_step_fault__rls__seed2__detect_ks,adc80992e5ad2b0074c2ccb5fd189429c3fd11d2d51d242aa1caec078b0db1d2,e68694c868384201c53bdaf13449887c7b05c2ad9ef5f3f7d7b8bf5cddc0bcb0,8cda5fd98865bccfe8601ace6f9a27d5a835513e,mape,0.031410481430511984,fraction
detectors,S4_step_fault,rls,2,10.0,True,S4_step_fault__rls__seed2__detect_all4,adc80992e5ad2b0074c2ccb5fd189429c3fd11d2d51d242aa1caec078b0db1d2,6c765cc69f3e4bb20e44be0e55caf8daf8c407d7d1c06515349b9d17ec1fddce,8cda5fd98865bccfe8601ace6f9a27d5a835513e,mape,0.03180918288760678,fraction
detectors,S4_step_fault,rls,3,10.0,True,S4_step_fault__rls__seed3__detect_cusum,755a0aa70d2f3fe05534c8cb137d5df18ed16325d4692fc840c3daee2c8a8c92,f148dc11752161354c3021f05b1fe526c43baf276ba3893e2b36806f990aaf93,8cda5fd98865bccfe8601ace6f9a27d5a835513e,mape,0.03135974228071277,fraction
detectors,S4_step_fault,rls,3,10.0,True,S4_step_fault__rls__seed3__detect_ph,755a0aa70d2f3fe05534c8cb137d5df18ed16325d4692fc840c3daee2c8a8c92,e5360505f8c49a15eebb5ef47f7d7477818e9b19f26155854e4ff574f74f5811,8cda5fd98865bccfe8601ace6f9a27d5a835513e,mape,0.03135974228071277,fraction
detectors,S4_step_fault,rls,3,10.0,True,S4_step_fault__rls__seed3__detect_adwin,755a0aa70d2f3fe05534c8cb137d5df18ed16325d4692fc840c3daee2c8a8c92,ba90eb10e4e1f7500a344f9b4e5e676713fa49fa355f420971a75285e0b9c298,8cda5fd98865bccfe8601ace6f9a27d5a835513e,mape,0.03135974228071277,fraction
detectors,S4_step_fault,rls,3,10.0,True,S4_step_fault__rls__seed3__detect_ks,755a0aa70d2f3fe05534c8cb137d5df18ed16325d4692fc840c3daee2c8a8c92,e68694c868384201c53bdaf13449887c7b05c2ad9ef5f3f7d7b8bf5cddc0bcb0,8cda5fd98865bccfe8601ace6f9a27d5a835513e,mape,0.03135974228071277,fraction
detectors,S4_step_fault,rls,3,10.0,True,S4_step_fault__rls__seed3__detect_all4,755a0aa70d2f3fe05534c8cb137d5df18ed16325d4692fc840c3daee2c8a8c92,6c765cc69f3e4bb20e44be0e55caf8daf8c407d7d1c06515349b9d17ec1fddce,8cda5fd98865bccfe8601ace6f9a27d5a835513e,mape,0.03135974228071277,fraction
detectors,S4_step_fault,rls,4,10.0,True,S4_step_fault__rls__seed4__detect_cusum,57d0146db86c059173927b479ffa5908a6e01f3cdeb9f10b63e58e983cd88fb2,f148dc11752161354c3021f05b1fe526c43baf276ba3893e2b36806f990aaf93,8cda5fd98865bccfe8601ace6f9a27d5a835513e,mape,0.03136160789162766,fraction
detectors,S4_step_fault,rls,4,10.0,True,S4_step_fault__rls__seed4__detect_ph,57d0146db86c059173927b479ffa5908a6e01f3cdeb9f10b63e58e983cd88fb2,e5360505f8c49a15eebb5ef47f7d7477818e9b19f26155854e4ff574f74f5811,8cda5fd98865bccfe8601ace6f9a27d5a835513e,mape,0.03137109560235629,fraction
detectors,S4_step_fault,rls,4,10.0,True,S4_step_fault__rls__seed4__detect_adwin,57d0146db86c059173927b479ffa5908a6e01f3cdeb9f10b63e58e983cd88fb2,ba90eb10e4e1f7500a344f9b4e5e676713fa49fa355f420971a75285e0b9c298,8cda5fd98865bccfe8601ace6f9a27d5a835513e,mape,0.03137109560235629,fraction
detectors,S4_step_fault,rls,4,10.0,True,S4_step_fault__rls__seed4__detect_ks,57d0146db86c059173927b479ffa5908a6e01f3cdeb9f10b63e58e983cd88fb2,e68694c868384201c53bdaf13449887c7b05c2ad9ef5f3f7d7b8bf5cddc0bcb0,8cda5fd98865bccfe8601ace6f9a27d5a835513e,mape,0.03137109560235629,fraction
detectors,S4_step_fault,rls,4,10.0,True,S4_step_fault__rls__seed4__detect_all4,57d0146db86c059173927b479ffa5908a6e01f3cdeb9f10b63e58e983cd88fb2,6c765cc69f3e4bb20e44be0e55caf8daf8c407d7d1c06515349b9d17ec1fddce,8cda5fd98865bccfe8601ace6f9a27d5a835513e,mape,0.03136160789162766,fraction
detectors,S4_step_fault,rls,5,10.0,True,S4_step_fault__rls__seed5__detect_cusum,1efe02364dacd47e4d9a937957614582b8530ef56f2b525678988666500727b7,f148dc11752161354c3021f05b1fe526c43baf276ba3893e2b36806f990aaf93,8cda5fd98865bccfe8601ace6f9a27d5a835513e,mape,0.03114817462395057,fraction
detectors,S4_step_fault,rls,5,10.0,True,S4_step_fault__rls__seed5__detect_ph,1efe02364dacd47e4d9a937957614582b8530ef56f2b525678988666500727b7,e5360505f8c49a15eebb5ef47f7d7477818e9b19f26155854e4ff574f74f5811,8cda5fd98865bccfe8601ace6f9a27d5a835513e,mape,0.03114817462395057,fraction
detectors,S4_step_fault,rls,5,10.0,True,S4_step_fault__rls__seed5__detect_adwin,1efe02364dacd47e4d9a937957614582b8530ef56f2b525678988666500727b7,ba90eb10e4e1f7500a344f9b4e5e676713fa49fa355f420971a75285e0b9c298,8cda5fd98865bccfe8601ace6f9a27d5a835513e,mape,0.03114817462395057,fraction
detectors,S4_step_fault,rls,5,10.0,True,S4_step_fault__rls__seed5__detect_ks,1efe02364dacd47e4d9a937957614582b8530ef56f2b525678988666500727b7,e68694c868384201c53bdaf13449887c7b05c2ad9ef5f3f7d7b8bf5cddc0bcb0,8cda5fd98865bccfe8601ace6f9a27d5a835513e,mape,0.03114817462395057,fraction
detectors,S4_step_fault,rls,5,10.0,True,S4_step_fault__rls__seed5__detect_all4,1efe02364dacd47e4d9a937957614582b8530ef56f2b525678988666500727b7,6c765cc69f3e4bb20e44be0e55caf8daf8c407d7d1c06515349b9d17ec1fddce,8cda5fd98865bccfe8601ace6f9a27d5a835513e,mape,0.03114817462395057,fraction
detectors,S4_step_fault,rls,6,10.0,True,S4_step_fault__rls__seed6__detect_cusum,edb8fb013b7aeb64e877b749783afa62d6864702f69cf9e7c539d6cd9df4f86d,f148dc11752161354c3021f05b1fe526c43baf276ba3893e2b36806f990aaf93,8cda5fd98865bccfe8601ace6f9a27d5a835513e,mape,0.03128720218361869,fraction
detectors,S4_step_fault,rls,6,10.0,True,S4_step_fault__rls__seed6__detect_ph,edb8fb013b7aeb64e877b749783afa62d6864702f69cf9e7c539d6cd9df4f86d,e5360505f8c49a15eebb5ef47f7d7477818e9b19f26155854e4ff574f74f5811,8cda5fd98865bccfe8601ace6f9a27d5a835513e,mape,0.03128720218361869,fraction
detectors,S4_step_fault,rls,6,10.0,True,S4_step_fault__rls__seed6__detect_adwin,edb8fb013b7aeb64e877b749783afa62d6864702f69cf9e7c539d6cd9df4f86d,ba90eb10e4e1f7500a344f9b4e5e676713fa49fa355f420971a75285e0b9c298,8cda5fd98865bccfe8601ace6f9a27d5a835513e,mape,0.03190408800200417,fraction
detectors,S4_step_fault,rls,6,10.0,True,S4_step_fault__rls__seed6__detect_ks,edb8fb013b7aeb64e877b749783afa62d6864702f69cf9e7c539d6cd9df4f86d,e68694c868384201c53bdaf13449887c7b05c2ad9ef5f3f7d7b8bf5cddc0bcb0,8cda5fd98865bccfe8601ace6f9a27d5a835513e,mape,0.03128720218361869,fraction
detectors,S4_step_fault,rls,6,10.0,True,S4_step_fault__rls__seed6__detect_all4,edb8fb013b7aeb64e877b749783afa62d6864702f69cf9e7c539d6cd9df4f86d,6c765cc69f3e4bb20e44be0e55caf8daf8c407d7d1c06515349b9d17ec1fddce,8cda5fd98865bccfe8601ace6f9a27d5a835513e,mape,0.03128720218361869,fraction
detectors,S4_step_fault,rls,7,10.0,True,S4_step_fault__rls__seed7__detect_cusum,5cf17843f3bfe6e9f5ce0f88df6e9f0fa19691e7d0781a28d2e0071debfacd13,f148dc11752161354c3021f05b1fe526c43baf276ba3893e2b36806f990aaf93,8cda5fd98865bccfe8601ace6f9a27d5a835513e,mape,0.03052827999568582,fraction
detectors,S4_step_fault,rls,7,10.0,True,S4_step_fault__rls__seed7__detect_ph,5cf17843f3bfe6e9f5ce0f88df6e9f0fa19691e7d0781a28d2e0071debfacd13,e5360505f8c49a15eebb5ef47f7d7477818e9b19f26155854e4ff574f74f5811,8cda5fd98865bccfe8601ace6f9a27d5a835513e,mape,0.03052827999568582,fraction
detectors,S4_step_fault,rls,7,10.0,True,S4_step_fault__rls__seed7__detect_adwin,5cf17843f3bfe6e9f5ce0f88df6e9f0fa19691e7d0781a28d2e0071debfacd13,ba90eb10e4e1f7500a344f9b4e5e676713fa49fa355f420971a75285e0b9c298,8cda5fd98865bccfe8601ace6f9a27d5a835513e,mape,0.03052827999568582,fraction
detectors,S4_step_fault,rls,7,10.0,True,S4_step_fault__rls__seed7__detect_ks,5cf17843f3bfe6e9f5ce0f88df6e9f0fa19691e7d0781a28d2e0071debfacd13,e68694c868384201c53bdaf13449887c7b05c2ad9ef5f3f7d7b8bf5cddc0bcb0,8cda5fd98865bccfe8601ace6f9a27d5a835513e,mape,0.03052827999568582,fraction
detectors,S4_step_fault,rls,7,10.0,True,S4_step_fault__rls__seed7__detect_all4,5cf17843f3bfe6e9f5ce0f88df6e9f0fa19691e7d0781a28d2e0071debfacd13,6c765cc69f3e4bb20e44be0e55caf8daf8c407d7d1c06515349b9d17ec1fddce,8cda5fd98865bccfe8601ace6f9a27d5a835513e,mape,0.03052827999568582,fraction
detectors,S4_step_fault,rls,8,10.0,True,S4_step_fault__rls__seed8__detect_cusum,4471998ed306e877216c6c1b12b8ba9d62e309093746866fb7f4d683dd3b0138,f148dc11752161354c3021f05b1fe526c43baf276ba3893e2b36806f990aaf93,8cda5fd98865bccfe8601ace6f9a27d5a835513e,mape,0.031020384776174963,fraction
detectors,S4_step_fault,rls,8,10.0,True,S4_step_fault__rls__seed8__detect_ph,4471998ed306e877216c6c1b12b8ba9d62e309093746866fb7f4d683dd3b0138,e5360505f8c49a15eebb5ef47f7d7477818e9b19f26155854e4ff574f74f5811,8cda5fd98865bccfe8601ace6f9a27d5a835513e,mape,0.031020384776174963,fraction
detectors,S4_step_fault,rls,8,10.0,True,S4_step_fault__rls__seed8__detect_adwin,4471998ed306e877216c6c1b12b8ba9d62e309093746866fb7f4d683dd3b0138,ba90eb10e4e1f7500a344f9b4e5e676713fa49fa355f420971a75285e0b9c298,8cda5fd98865bccfe8601ace6f9a27d5a835513e,mape,0.031020384776174963,fraction
detectors,S4_step_fault,rls,8,10.0,True,S4_step_fault__rls__seed8__detect_ks,4471998ed306e877216c6c1b12b8ba9d62e309093746866fb7f4d683dd3b0138,e68694c868384201c53bdaf13449887c7b05c2ad9ef5f3f7d7b8bf5cddc0bcb0,8cda5fd98865bccfe8601ace6f9a27d5a835513e,mape,0.031020384776174963,fraction
detectors,S4_step_fault,rls,8,10.0,True,S4_step_fault__rls__seed8__detect_all4,4471998ed306e877216c6c1b12b8ba9d62e309093746866fb7f4d683dd3b0138,6c765cc69f3e4bb20e44be0e55caf8daf8c407d7d1c06515349b9d17ec1fddce,8cda5fd98865bccfe8601ace6f9a27d5a835513e,mape,0.031020384776174963,fraction
detectors,S4_step_fault,rls,9,10.0,True,S4_step_fault__rls__seed9__detect_cusum,af86278540fa1654a3e5819e52691400963a2f43bbaf4be0dd151148c2836411,f148dc11752161354c3021f05b1fe526c43baf276ba3893e2b36806f990aaf93,8cda5fd98865bccfe8601ace6f9a27d5a835513e,mape,0.03118084823696592,fraction
detectors,S4_step_fault,rls,9,10.0,True,S4_step_fault__rls__seed9__detect_ph,af86278540fa1654a3e5819e52691400963a2f43bbaf4be0dd151148c2836411,e5360505f8c49a15eebb5ef47f7d7477818e9b19f26155854e4ff574f74f5811,8cda5fd98865bccfe8601ace6f9a27d5a835513e,mape,0.03118084823696592,fraction
detectors,S4_step_fault,rls,9,10.0,True,S4_step_fault__rls__seed9__detect_adwin,af86278540fa1654a3e5819e52691400963a2f43bbaf4be0dd151148c2836411,ba90eb10e4e1f7500a344f9b4e5e676713fa49fa355f420971a75285e0b9c298,8cda5fd98865bccfe8601ace6f9a27d5a835513e,mape,0.030901829247051087,fraction
detectors,S4_step_fault,rls,9,10.0,True,S4_step_fault__rls__seed9__detect_ks,af86278540fa1654a3e5819e52691400963a2f43bbaf4be0dd151148c2836411,e68694c868384201c53bdaf13449887c7b05c2ad9ef5f3f7d7b8bf5cddc0bcb0,8cda5fd98865bccfe8601ace6f9a27d5a835513e,mape,0.03035262060555065,fraction
detectors,S4_step_fault,rls,9,10.0,True,S4_step_fault__rls__seed9__detect_all4,af86278540fa1654a3e5819e52691400963a2f43bbaf4be0dd151148c2836411,6c765cc69f3e4bb20e44be0e55caf8daf8c407d7d1c06515349b9d17ec1fddce,8cda5fd98865bccfe8601ace6f9a27d5a835513e,mape,0.03118084823696592,fraction
detectors,S4_step_fault,rls,10,10.0,True,S4_step_fault__rls__seed10__detect_cusum,b97f4fa67d55b0a4900a4dc84b9f38b152ab85aa07d9118de95bac234f41360d,f148dc11752161354c3021f05b1fe526c43baf276ba3893e2b36806f990aaf93,8cda5fd98865bccfe8601ace6f9a27d5a835513e,mape,0.0319533860051681,fraction
detectors,S4_step_fault,rls,10,10.0,True,S4_step_fault__rls__seed10__detect_ph,b97f4fa67d55b0a4900a4dc84b9f38b152ab85aa07d9118de95bac234f41360d,e5360505f8c49a15eebb5ef47f7d7477818e9b19f26155854e4ff574f74f5811,8cda5fd98865bccfe8601ace6f9a27d5a835513e,mape,0.031903363480727344,fraction
detectors,S4_step_fault,rls,10,10.0,True,S4_step_fault__rls__seed10__detect_adwin,b97f4fa67d55b0a4900a4dc84b9f38b152ab85aa07d9118de95bac234f41360d,ba90eb10e4e1f7500a344f9b4e5e676713fa49fa355f420971a75285e0b9c298,8cda5fd98865bccfe8601ace6f9a27d5a835513e,mape,0.03179782283645306,fraction
detectors,S4_step_fault,rls,10,10.0,True,S4_step_fault__rls__seed10__detect_ks,b97f4fa67d55b0a4900a4dc84b9f38b152ab85aa07d9118de95bac234f41360d,e68694c868384201c53bdaf13449887c7b05c2ad9ef5f3f7d7b8bf5cddc0bcb0,8cda5fd98865bccfe8601ace6f9a27d5a835513e,mape,0.031042560110411784,fraction
detectors,S4_step_fault,rls,10,10.0,True,S4_step_fault__rls__seed10__detect_all4,b97f4fa67d55b0a4900a4dc84b9f38b152ab85aa07d9118de95bac234f41360d,6c765cc69f3e4bb20e44be0e55caf8daf8c407d7d1c06515349b9d17ec1fddce,8cda5fd98865bccfe8601ace6f9a27d5a835513e,mape,0.0319533860051681,fraction
detectors,S6_combined,rls,1,10.0,True,S6_combined__rls__seed1__detect_cusum,b3cf8d14b3aed8b1d65ab4497dcbfb879dbda2ce1da03bb07f6401c9b4b9bd4a,f148dc11752161354c3021f05b1fe526c43baf276ba3893e2b36806f990aaf93,8cda5fd98865bccfe8601ace6f9a27d5a835513e,mape,0.21607150134838496,fraction
detectors,S6_combined,rls,1,10.0,True,S6_combined__rls__seed1__detect_ph,b3cf8d14b3aed8b1d65ab4497dcbfb879dbda2ce1da03bb07f6401c9b4b9bd4a,e5360505f8c49a15eebb5ef47f7d7477818e9b19f26155854e4ff574f74f5811,8cda5fd98865bccfe8601ace6f9a27d5a835513e,mape,0.21607150134838496,fraction
detectors,S6_combined,rls,1,10.0,True,S6_combined__rls__seed1__detect_adwin,b3cf8d14b3aed8b1d65ab4497dcbfb879dbda2ce1da03bb07f6401c9b4b9bd4a,ba90eb10e4e1f7500a344f9b4e5e676713fa49fa355f420971a75285e0b9c298,8cda5fd98865bccfe8601ace6f9a27d5a835513e,mape,0.21607150134838496,fraction
detectors,S6_combined,rls,1,10.0,True,S6_combined__rls__seed1__detect_ks,b3cf8d14b3aed8b1d65ab4497dcbfb879dbda2ce1da03bb07f6401c9b4b9bd4a,e68694c868384201c53bdaf13449887c7b05c2ad9ef5f3f7d7b8bf5cddc0bcb0,8cda5fd98865bccfe8601ace6f9a27d5a835513e,mape,0.21607150134838496,fraction
detectors,S6_combined,rls,1,10.0,True,S6_combined__rls__seed1__detect_all4,b3cf8d14b3aed8b1d65ab4497dcbfb879dbda2ce1da03bb07f6401c9b4b9bd4a,6c765cc69f3e4bb20e44be0e55caf8daf8c407d7d1c06515349b9d17ec1fddce,8cda5fd98865bccfe8601ace6f9a27d5a835513e,mape,0.21607150134838496,fraction
detectors,S6_combined,rls,2,10.0,True,S6_combined__rls__seed2__detect_cusum,e4f7ab87faf6982be139dc8af97757bff8d540d357c41e3d06ec298e4dd75854,f148dc11752161354c3021f05b1fe526c43baf276ba3893e2b36806f990aaf93,8cda5fd98865bccfe8601ace6f9a27d5a835513e,mape,0.18061469892944093,fraction
detectors,S6_combined,rls,2,10.0,True,S6_combined__rls__seed2__detect_ph,e4f7ab87faf6982be139dc8af97757bff8d540d357c41e3d06ec298e4dd75854,e5360505f8c49a15eebb5ef47f7d7477818e9b19f26155854e4ff574f74f5811,8cda5fd98865bccfe8601ace6f9a27d5a835513e,mape,0.18061469892944093,fraction
detectors,S6_combined,rls,2,10.0,True,S6_combined__rls__seed2__detect_adwin,e4f7ab87faf6982be139dc8af97757bff8d540d357c41e3d06ec298e4dd75854,ba90eb10e4e1f7500a344f9b4e5e676713fa49fa355f420971a75285e0b9c298,8cda5fd98865bccfe8601ace6f9a27d5a835513e,mape,0.18061469892944093,fraction
detectors,S6_combined,rls,2,10.0,True,S6_combined__rls__seed2__detect_ks,e4f7ab87faf6982be139dc8af97757bff8d540d357c41e3d06ec298e4dd75854,e68694c868384201c53bdaf13449887c7b05c2ad9ef5f3f7d7b8bf5cddc0bcb0,8cda5fd98865bccfe8601ace6f9a27d5a835513e,mape,0.18061469892944093,fraction
detectors,S6_combined,rls,2,10.0,True,S6_combined__rls__seed2__detect_all4,e4f7ab87faf6982be139dc8af97757bff8d540d357c41e3d06ec298e4dd75854,6c765cc69f3e4bb20e44be0e55caf8daf8c407d7d1c06515349b9d17ec1fddce,8cda5fd98865bccfe8601ace6f9a27d5a835513e,mape,0.18061469892944093,fraction
detectors,S6_combined,rls,3,10.0,True,S6_combined__rls__seed3__detect_cusum,c371bfebbbdb510b204e19fcaedea3c47a4e8b6d77499f04ee6ac55d13fed988,f148dc11752161354c3021f05b1fe526c43baf276ba3893e2b36806f990aaf93,8cda5fd98865bccfe8601ace6f9a27d5a835513e,mape,0.2002998913546432,fraction
detectors,S6_combined,rls,3,10.0,True,S6_combined__rls__seed3__detect_ph,c371bfebbbdb510b204e19fcaedea3c47a4e8b6d77499f04ee6ac55d13fed988,e5360505f8c49a15eebb5ef47f7d7477818e9b19f26155854e4ff574f74f5811,8cda5fd98865bccfe8601ace6f9a27d5a835513e,mape,0.19852672699694052,fraction
detectors,S6_combined,rls,3,10.0,True,S6_combined__rls__seed3__detect_adwin,c371bfebbbdb510b204e19fcaedea3c47a4e8b6d77499f04ee6ac55d13fed988,ba90eb10e4e1f7500a344f9b4e5e676713fa49fa355f420971a75285e0b9c298,8cda5fd98865bccfe8601ace6f9a27d5a835513e,mape,0.19852672699694052,fraction
detectors,S6_combined,rls,3,10.0,True,S6_combined__rls__seed3__detect_ks,c371bfebbbdb510b204e19fcaedea3c47a4e8b6d77499f04ee6ac55d13fed988,e68694c868384201c53bdaf13449887c7b05c2ad9ef5f3f7d7b8bf5cddc0bcb0,8cda5fd98865bccfe8601ace6f9a27d5a835513e,mape,0.19852672699694052,fraction
detectors,S6_combined,rls,3,10.0,True,S6_combined__rls__seed3__detect_all4,c371bfebbbdb510b204e19fcaedea3c47a4e8b6d77499f04ee6ac55d13fed988,6c765cc69f3e4bb20e44be0e55caf8daf8c407d7d1c06515349b9d17ec1fddce,8cda5fd98865bccfe8601ace6f9a27d5a835513e,mape,0.2002998913546432,fraction
detectors,S6_combined,rls,4,10.0,True,S6_combined__rls__seed4__detect_cusum,091893e2b20fe4f1f4ec71b10a24db6c43dabefaa37c7ef75c67f5a78f00f2b7,f148dc11752161354c3021f05b1fe526c43baf276ba3893e2b36806f990aaf93,8cda5fd98865bccfe8601ace6f9a27d5a835513e,mape,0.17753380153517204,fraction
detectors,S6_combined,rls,4,10.0,True,S6_combined__rls__seed4__detect_ph,091893e2b20fe4f1f4ec71b10a24db6c43dabefaa37c7ef75c67f5a78f00f2b7,e5360505f8c49a15eebb5ef47f7d7477818e9b19f26155854e4ff574f74f5811,8cda5fd98865bccfe8601ace6f9a27d5a835513e,mape,0.17753380153517204,fraction
detectors,S6_combined,rls,4,10.0,True,S6_combined__rls__seed4__detect_adwin,091893e2b20fe4f1f4ec71b10a24db6c43dabefaa37c7ef75c67f5a78f00f2b7,ba90eb10e4e1f7500a344f9b4e5e676713fa49fa355f420971a75285e0b9c298,8cda5fd98865bccfe8601ace6f9a27d5a835513e,mape,0.17753380153517204,fraction
detectors,S6_combined,rls,4,10.0,True,S6_combined__rls__seed4__detect_ks,091893e2b20fe4f1f4ec71b10a24db6c43dabefaa37c7ef75c67f5a78f00f2b7,e68694c868384201c53bdaf13449887c7b05c2ad9ef5f3f7d7b8bf5cddc0bcb0,8cda5fd98865bccfe8601ace6f9a27d5a835513e,mape,0.17753380153517204,fraction
detectors,S6_combined,rls,4,10.0,True,S6_combined__rls__seed4__detect_all4,091893e2b20fe4f1f4ec71b10a24db6c43dabefaa37c7ef75c67f5a78f00f2b7,6c765cc69f3e4bb20e44be0e55caf8daf8c407d7d1c06515349b9d17ec1fddce,8cda5fd98865bccfe8601ace6f9a27d5a835513e,mape,0.17753380153517204,fraction
detectors,S6_combined,rls,5,10.0,True,S6_combined__rls__seed5__detect_cusum,c1d9d4a7d46d9a42ad59de704b5ae8b21c9bf2f17d4576d9bfa6e10e6c6f4b13,f148dc11752161354c3021f05b1fe526c43baf276ba3893e2b36806f990aaf93,8cda5fd98865bccfe8601ace6f9a27d5a835513e,mape,0.21513239899718492,fraction
detectors,S6_combined,rls,5,10.0,True,S6_combined__rls__seed5__detect_ph,c1d9d4a7d46d9a42ad59de704b5ae8b21c9bf2f17d4576d9bfa6e10e6c6f4b13,e5360505f8c49a15eebb5ef47f7d7477818e9b19f26155854e4ff574f74f5811,8cda5fd98865bccfe8601ace6f9a27d5a835513e,mape,0.21513239899718492,fraction
detectors,S6_combined,rls,5,10.0,True,S6_combined__rls__seed5__detect_adwin,c1d9d4a7d46d9a42ad59de704b5ae8b21c9bf2f17d4576d9bfa6e10e6c6f4b13,ba90eb10e4e1f7500a344f9b4e5e676713fa49fa355f420971a75285e0b9c298,8cda5fd98865bccfe8601ace6f9a27d5a835513e,mape,0.21513239899718492,fraction
detectors,S6_combined,rls,5,10.0,True,S6_combined__rls__seed5__detect_ks,c1d9d4a7d46d9a42ad59de704b5ae8b21c9bf2f17d4576d9bfa6e10e6c6f4b13,e68694c868384201c53bdaf13449887c7b05c2ad9ef5f3f7d7b8bf5cddc0bcb0,8cda5fd98865bccfe8601ace6f9a27d5a835513e,mape,0.21513239899718492,fraction
detectors,S6_combined,rls,5,10.0,True,S6_combined__rls__seed5__detect_all4,c1d9d4a7d46d9a42ad59de704b5ae8b21c9bf2f17d4576d9bfa6e10e6c6f4b13,6c765cc69f3e4bb20e44be0e55caf8daf8c407d7d1c06515349b9d17ec1fddce,8cda5fd98865bccfe8601ace6f9a27d5a835513e,mape,0.21513239899718492,fraction
detectors,S6_combined,rls,6,10.0,True,S6_combined__rls__seed6__detect_cusum,8fbcb1374a66e26dea4a0e8dbcf64db42ebcd88dd11b5cd3bb5d44e8d4b0665a,f148dc11752161354c3021f05b1fe526c43baf276ba3893e2b36806f990aaf93,8cda5fd98865bccfe8601ace6f9a27d5a835513e,mape,0.1795867643631763,fraction
detectors,S6_combined,rls,6,10.0,True,S6_combined__rls__seed6__detect_ph,8fbcb1374a66e26dea4a0e8dbcf64db42ebcd88dd11b5cd3bb5d44e8d4b0665a,e5360505f8c49a15eebb5ef47f7d7477818e9b19f26155854e4ff574f74f5811,8cda5fd98865bccfe8601ace6f9a27d5a835513e,mape,0.1795867643631763,fraction
detectors,S6_combined,rls,6,10.0,True,S6_combined__rls__seed6__detect_adwin,8fbcb1374a66e26dea4a0e8dbcf64db42ebcd88dd11b5cd3bb5d44e8d4b0665a,ba90eb10e4e1f7500a344f9b4e5e676713fa49fa355f420971a75285e0b9c298,8cda5fd98865bccfe8601ace6f9a27d5a835513e,mape,0.17934832448546137,fraction
detectors,S6_combined,rls,6,10.0,True,S6_combined__rls__seed6__detect_ks,8fbcb1374a66e26dea4a0e8dbcf64db42ebcd88dd11b5cd3bb5d44e8d4b0665a,e68694c868384201c53bdaf13449887c7b05c2ad9ef5f3f7d7b8bf5cddc0bcb0,8cda5fd98865bccfe8601ace6f9a27d5a835513e,mape,0.17790996111326632,fraction
detectors,S6_combined,rls,6,10.0,True,S6_combined__rls__seed6__detect_all4,8fbcb1374a66e26dea4a0e8dbcf64db42ebcd88dd11b5cd3bb5d44e8d4b0665a,6c765cc69f3e4bb20e44be0e55caf8daf8c407d7d1c06515349b9d17ec1fddce,8cda5fd98865bccfe8601ace6f9a27d5a835513e,mape,0.1795867643631763,fraction
detectors,S6_combined,rls,7,10.0,True,S6_combined__rls__seed7__detect_cusum,eb12037c60287858e9925e83fcaf2aa6789246ee5a2aa0c936402930de58eb1c,f148dc11752161354c3021f05b1fe526c43baf276ba3893e2b36806f990aaf93,8cda5fd98865bccfe8601ace6f9a27d5a835513e,mape,0.1840559771643625,fraction
detectors,S6_combined,rls,7,10.0,True,S6_combined__rls__seed7__detect_ph,eb12037c60287858e9925e83fcaf2aa6789246ee5a2aa0c936402930de58eb1c,e5360505f8c49a15eebb5ef47f7d7477818e9b19f26155854e4ff574f74f5811,8cda5fd98865bccfe8601ace6f9a27d5a835513e,mape,0.18390452570119337,fraction
detectors,S6_combined,rls,7,10.0,True,S6_combined__rls__seed7__detect_adwin,eb12037c60287858e9925e83fcaf2aa6789246ee5a2aa0c936402930de58eb1c,ba90eb10e4e1f7500a344f9b4e5e676713fa49fa355f420971a75285e0b9c298,8cda5fd98865bccfe8601ace6f9a27d5a835513e,mape,0.1840794247283472,fraction
detectors,S6_combined,rls,7,10.0,True,S6_combined__rls__seed7__detect_ks,eb12037c60287858e9925e83fcaf2aa6789246ee5a2aa0c936402930de58eb1c,e68694c868384201c53bdaf13449887c7b05c2ad9ef5f3f7d7b8bf5cddc0bcb0,8cda5fd98865bccfe8601ace6f9a27d5a835513e,mape,0.18279967399864885,fraction
detectors,S6_combined,rls,7,10.0,True,S6_combined__rls__seed7__detect_all4,eb12037c60287858e9925e83fcaf2aa6789246ee5a2aa0c936402930de58eb1c,6c765cc69f3e4bb20e44be0e55caf8daf8c407d7d1c06515349b9d17ec1fddce,8cda5fd98865bccfe8601ace6f9a27d5a835513e,mape,0.1840559771643625,fraction
detectors,S6_combined,rls,8,10.0,True,S6_combined__rls__seed8__detect_cusum,da4740837e6cf85b5c7d22d84cf556133cbff181edcbfd4d107db823d7c1f164,f148dc11752161354c3021f05b1fe526c43baf276ba3893e2b36806f990aaf93,8cda5fd98865bccfe8601ace6f9a27d5a835513e,mape,0.19760262494256575,fraction
detectors,S6_combined,rls,8,10.0,True,S6_combined__rls__seed8__detect_ph,da4740837e6cf85b5c7d22d84cf556133cbff181edcbfd4d107db823d7c1f164,e5360505f8c49a15eebb5ef47f7d7477818e9b19f26155854e4ff574f74f5811,8cda5fd98865bccfe8601ace6f9a27d5a835513e,mape,0.19877511423255878,fraction
detectors,S6_combined,rls,8,10.0,True,S6_combined__rls__seed8__detect_adwin,da4740837e6cf85b5c7d22d84cf556133cbff181edcbfd4d107db823d7c1f164,ba90eb10e4e1f7500a344f9b4e5e676713fa49fa355f420971a75285e0b9c298,8cda5fd98865bccfe8601ace6f9a27d5a835513e,mape,0.19877511423255878,fraction
detectors,S6_combined,rls,8,10.0,True,S6_combined__rls__seed8__detect_ks,da4740837e6cf85b5c7d22d84cf556133cbff181edcbfd4d107db823d7c1f164,e68694c868384201c53bdaf13449887c7b05c2ad9ef5f3f7d7b8bf5cddc0bcb0,8cda5fd98865bccfe8601ace6f9a27d5a835513e,mape,0.19760262494256575,fraction
detectors,S6_combined,rls,8,10.0,True,S6_combined__rls__seed8__detect_all4,da4740837e6cf85b5c7d22d84cf556133cbff181edcbfd4d107db823d7c1f164,6c765cc69f3e4bb20e44be0e55caf8daf8c407d7d1c06515349b9d17ec1fddce,8cda5fd98865bccfe8601ace6f9a27d5a835513e,mape,0.19877511423255878,fraction
detectors,S6_combined,rls,9,10.0,True,S6_combined__rls__seed9__detect_cusum,29718e114c21c01b04a983f185bbf01430cfac8dd9e8b5808281b0434dac26fc,f148dc11752161354c3021f05b1fe526c43baf276ba3893e2b36806f990aaf93,8cda5fd98865bccfe8601ace6f9a27d5a835513e,mape,0.23946036288286948,fraction
detectors,S6_combined,rls,9,10.0,True,S6_combined__rls__seed9__detect_ph,29718e114c21c01b04a983f185bbf01430cfac8dd9e8b5808281b0434dac26fc,e5360505f8c49a15eebb5ef47f7d7477818e9b19f26155854e4ff574f74f5811,8cda5fd98865bccfe8601ace6f9a27d5a835513e,mape,0.2395438148245089,fraction
detectors,S6_combined,rls,9,10.0,True,S6_combined__rls__seed9__detect_adwin,29718e114c21c01b04a983f185bbf01430cfac8dd9e8b5808281b0434dac26fc,ba90eb10e4e1f7500a344f9b4e5e676713fa49fa355f420971a75285e0b9c298,8cda5fd98865bccfe8601ace6f9a27d5a835513e,mape,0.23938173541586377,fraction
detectors,S6_combined,rls,9,10.0,True,S6_combined__rls__seed9__detect_ks,29718e114c21c01b04a983f185bbf01430cfac8dd9e8b5808281b0434dac26fc,e68694c868384201c53bdaf13449887c7b05c2ad9ef5f3f7d7b8bf5cddc0bcb0,8cda5fd98865bccfe8601ace6f9a27d5a835513e,mape,0.23895092054277087,fraction
detectors,S6_combined,rls,9,10.0,True,S6_combined__rls__seed9__detect_all4,29718e114c21c01b04a983f185bbf01430cfac8dd9e8b5808281b0434dac26fc,6c765cc69f3e4bb20e44be0e55caf8daf8c407d7d1c06515349b9d17ec1fddce,8cda5fd98865bccfe8601ace6f9a27d5a835513e,mape,0.23946036288286948,fraction
detectors,S6_combined,rls,10,10.0,True,S6_combined__rls__seed10__detect_cusum,4054ab96937dfc6eef3c9c4f46347db001fd4eea59432509f786c95b51d12234,f148dc11752161354c3021f05b1fe526c43baf276ba3893e2b36806f990aaf93,8cda5fd98865bccfe8601ace6f9a27d5a835513e,mape,0.1976686510154275,fraction
detectors,S6_combined,rls,10,10.0,True,S6_combined__rls__seed10__detect_ph,4054ab96937dfc6eef3c9c4f46347db001fd4eea59432509f786c95b51d12234,e5360505f8c49a15eebb5ef47f7d7477818e9b19f26155854e4ff574f74f5811,8cda5fd98865bccfe8601ace6f9a27d5a835513e,mape,0.1976686510154275,fraction
detectors,S6_combined,rls,10,10.0,True,S6_combined__rls__seed10__detect_adwin,4054ab96937dfc6eef3c9c4f46347db001fd4eea59432509f786c95b51d12234,ba90eb10e4e1f7500a344f9b4e5e676713fa49fa355f420971a75285e0b9c298,8cda5fd98865bccfe8601ace6f9a27d5a835513e,mape,0.1976686510154275,fraction
detectors,S6_combined,rls,10,10.0,True,S6_combined__rls__seed10__detect_ks,4054ab96937dfc6eef3c9c4f46347db001fd4eea59432509f786c95b51d12234,e68694c868384201c53bdaf13449887c7b05c2ad9ef5f3f7d7b8bf5cddc0bcb0,8cda5fd98865bccfe8601ace6f9a27d5a835513e,mape,0.1976686510154275,fraction
detectors,S6_combined,rls,10,10.0,True,S6_combined__rls__seed10__detect_all4,4054ab96937dfc6eef3c9c4f46347db001fd4eea59432509f786c95b51d12234,6c765cc69f3e4bb20e44be0e55caf8daf8c407d7d1c06515349b9d17ec1fddce,8cda5fd98865bccfe8601ace6f9a27d5a835513e,mape,0.1976686510154275,fraction
detectors,S4_step_fault,rls,1,10.0,True,S4_step_fault__rls__seed1__detect_cusum,7d29a6d7dca932314e512c265e0e559ec6cc02e548aa25349a95d1f29dbf9ef1,f148dc11752161354c3021f05b1fe526c43baf276ba3893e2b36806f990aaf93,8cda5fd98865bccfe8601ace6f9a27d5a835513e,coverage,0.9142099056603774,fraction
detectors,S4_step_fault,rls,1,10.0,True,S4_step_fault__rls__seed1__detect_ph,7d29a6d7dca932314e512c265e0e559ec6cc02e548aa25349a95d1f29dbf9ef1,e5360505f8c49a15eebb5ef47f7d7477818e9b19f26155854e4ff574f74f5811,8cda5fd98865bccfe8601ace6f9a27d5a835513e,coverage,0.9436910377358491,fraction
detectors,S4_step_fault,rls,1,10.0,True,S4_step_fault__rls__seed1__detect_adwin,7d29a6d7dca932314e512c265e0e559ec6cc02e548aa25349a95d1f29dbf9ef1,ba90eb10e4e1f7500a344f9b4e5e676713fa49fa355f420971a75285e0b9c298,8cda5fd98865bccfe8601ace6f9a27d5a835513e,coverage,0.9436910377358491,fraction
detectors,S4_step_fault,rls,1,10.0,True,S4_step_fault__rls__seed1__detect_ks,7d29a6d7dca932314e512c265e0e559ec6cc02e548aa25349a95d1f29dbf9ef1,e68694c868384201c53bdaf13449887c7b05c2ad9ef5f3f7d7b8bf5cddc0bcb0,8cda5fd98865bccfe8601ace6f9a27d5a835513e,coverage,0.9436910377358491,fraction
detectors,S4_step_fault,rls,1,10.0,True,S4_step_fault__rls__seed1__detect_all4,7d29a6d7dca932314e512c265e0e559ec6cc02e548aa25349a95d1f29dbf9ef1,6c765cc69f3e4bb20e44be0e55caf8daf8c407d7d1c06515349b9d17ec1fddce,8cda5fd98865bccfe8601ace6f9a27d5a835513e,coverage,0.9142099056603774,fraction
detectors,S4_step_fault,rls,2,10.0,True,S4_step_fault__rls__seed2__detect_cusum,adc80992e5ad2b0074c2ccb5fd189429c3fd11d2d51d242aa1caec078b0db1d2,f148dc11752161354c3021f05b1fe526c43baf276ba3893e2b36806f990aaf93,8cda5fd98865bccfe8601ace6f9a27d5a835513e,coverage,0.9517795637198623,fraction
detectors,S4_step_fault,rls,2,10.0,True,S4_step_fault__rls__seed2__detect_ph,adc80992e5ad2b0074c2ccb5fd189429c3fd11d2d51d242aa1caec078b0db1d2,e5360505f8c49a15eebb5ef47f7d7477818e9b19f26155854e4ff574f74f5811,8cda5fd98865bccfe8601ace6f9a27d5a835513e,coverage,0.9718714121699197,fraction
detectors,S4_step_fault,rls,2,10.0,True,S4_step_fault__rls__seed2__detect_adwin,adc80992e5ad2b0074c2ccb5fd189429c3fd11d2d51d242aa1caec078b0db1d2,ba90eb10e4e1f7500a344f9b4e5e676713fa49fa355f420971a75285e0b9c298,8cda5fd98865bccfe8601ace6f9a27d5a835513e,coverage,0.9718714121699197,fraction
detectors,S4_step_fault,rls,2,10.0,True,S4_step_fault__rls__seed2__detect_ks,adc80992e5ad2b0074c2ccb5fd189429c3fd11d2d51d242aa1caec078b0db1d2,e68694c868384201c53bdaf13449887c7b05c2ad9ef5f3f7d7b8bf5cddc0bcb0,8cda5fd98865bccfe8601ace6f9a27d5a835513e,coverage,0.9718714121699197,fraction
detectors,S4_step_fault,rls,2,10.0,True,S4_step_fault__rls__seed2__detect_all4,adc80992e5ad2b0074c2ccb5fd189429c3fd11d2d51d242aa1caec078b0db1d2,6c765cc69f3e4bb20e44be0e55caf8daf8c407d7d1c06515349b9d17ec1fddce,8cda5fd98865bccfe8601ace6f9a27d5a835513e,coverage,0.9517795637198623,fraction
detectors,S4_step_fault,rls,3,10.0,True,S4_step_fault__rls__seed3__detect_cusum,755a0aa70d2f3fe05534c8cb137d5df18ed16325d4692fc840c3daee2c8a8c92,f148dc11752161354c3021f05b1fe526c43baf276ba3893e2b36806f990aaf93,8cda5fd98865bccfe8601ace6f9a27d5a835513e,coverage,0.9514204545454545,fraction
detectors,S4_step_fault,rls,3,10.0,True,S4_step_fault__rls__seed3__detect_ph,755a0aa70d2f3fe05534c8cb137d5df18ed16325d4692fc840c3daee2c8a8c92,e5360505f8c49a15eebb5ef47f7d7477818e9b19f26155854e4ff574f74f5811,8cda5fd98865bccfe8601ace6f9a27d5a835513e,coverage,0.9514204545454545,fraction
detectors,S4_step_fault,rls,3,10.0,True,S4_step_fault__rls__seed3__detect_adwin,755a0aa70d2f3fe05534c8cb137d5df18ed16325d4692fc840c3daee2c8a8c92,ba90eb10e4e1f7500a344f9b4e5e676713fa49fa355f420971a75285e0b9c298,8cda5fd98865bccfe8601ace6f9a27d5a835513e,coverage,0.9514204545454545,fraction
detectors,S4_step_fault,rls,3,10.0,True,S4_step_fault__rls__seed3__detect_ks,755a0aa70d2f3fe05534c8cb137d5df18ed16325d4692fc840c3daee2c8a8c92,e68694c868384201c53bdaf13449887c7b05c2ad9ef5f3f7d7b8bf5cddc0bcb0,8cda5fd98865bccfe8601ace6f9a27d5a835513e,coverage,0.9514204545454545,fraction
detectors,S4_step_fault,rls,3,10.0,True,S4_step_fault__rls__seed3__detect_all4,755a0aa70d2f3fe05534c8cb137d5df18ed16325d4692fc840c3daee2c8a8c92,6c765cc69f3e4bb20e44be0e55caf8daf8c407d7d1c06515349b9d17ec1fddce,8cda5fd98865bccfe8601ace6f9a27d5a835513e,coverage,0.9514204545454545,fraction
detectors,S4_step_fault,rls,4,10.0,True,S4_step_fault__rls__seed4__detect_cusum,57d0146db86c059173927b479ffa5908a6e01f3cdeb9f10b63e58e983cd88fb2,f148dc11752161354c3021f05b1fe526c43baf276ba3893e2b36806f990aaf93,8cda5fd98865bccfe8601ace6f9a27d5a835513e,coverage,0.9259048161869479,fraction
detectors,S4_step_fault,rls,4,10.0,True,S4_step_fault__rls__seed4__detect_ph,57d0146db86c059173927b479ffa5908a6e01f3cdeb9f10b63e58e983cd88fb2,e5360505f8c49a15eebb5ef47f7d7477818e9b19f26155854e4ff574f74f5811,8cda5fd98865bccfe8601ace6f9a27d5a835513e,coverage,0.9350242234254773,fraction
detectors,S4_step_fault,rls,4,10.0,True,S4_step_fault__rls__seed4__detect_adwin,57d0146db86c059173927b479ffa5908a6e01f3cdeb9f10b63e58e983cd88fb2,ba90eb10e4e1f7500a344f9b4e5e676713fa49fa355f420971a75285e0b9c298,8cda5fd98865bccfe8601ace6f9a27d5a835513e,coverage,0.9350242234254773,fraction
detectors,S4_step_fault,rls,4,10.0,True,S4_step_fault__rls__seed4__detect_ks,57d0146db86c059173927b479ffa5908a6e01f3cdeb9f10b63e58e983cd88fb2,e68694c868384201c53bdaf13449887c7b05c2ad9ef5f3f7d7b8bf5cddc0bcb0,8cda5fd98865bccfe8601ace6f9a27d5a835513e,coverage,0.9350242234254773,fraction
detectors,S4_step_fault,rls,4,10.0,True,S4_step_fault__rls__seed4__detect_all4,57d0146db86c059173927b479ffa5908a6e01f3cdeb9f10b63e58e983cd88fb2,6c765cc69f3e4bb20e44be0e55caf8daf8c407d7d1c06515349b9d17ec1fddce,8cda5fd98865bccfe8601ace6f9a27d5a835513e,coverage,0.9259048161869479,fraction
detectors,S4_step_fault,rls,5,10.0,True,S4_step_fault__rls__seed5__detect_cusum,1efe02364dacd47e4d9a937957614582b8530ef56f2b525678988666500727b7,f148dc11752161354c3021f05b1fe526c43baf276ba3893e2b36806f990aaf93,8cda5fd98865bccfe8601ace6f9a27d5a835513e,coverage,0.9619129438717068,fraction
detectors,S4_step_fault,rls,5,10.0,True,S4_step_fault__rls__seed5__detect_ph,1efe02364dacd47e4d9a937957614582b8530ef56f2b525678988666500727b7,e5360505f8c49a15eebb5ef47f7d7477818e9b19f26155854e4ff574f74f5811,8cda5fd98865bccfe8601ace6f9a27d5a835513e,coverage,0.9619129438717068,fraction
detectors,S4_step_fault,rls,5,10.0,True,S4_step_fault__rls__seed5__detect_adwin,1efe02364dacd47e4d9a937957614582b8530ef56f2b525678988666500727b7,ba90eb10e4e1f7500a344f9b4e5e676713fa49fa355f420971a75285e0b9c298,8cda5fd98865bccfe8601ace6f9a27d5a835513e,coverage,0.9619129438717068,fraction
detectors,S4_step_fault,rls,5,10.0,True,S4_step_fault__rls__seed5__detect_ks,1efe02364dacd47e4d9a937957614582b8530ef56f2b525678988666500727b7,e68694c868384201c53bdaf13449887c7b05c2ad9ef5f3f7d7b8bf5cddc0bcb0,8cda5fd98865bccfe8601ace6f9a27d5a835513e,coverage,0.9619129438717068,fraction
detectors,S4_step_fault,rls,5,10.0,True,S4_step_fault__rls__seed5__detect_all4,1efe02364dacd47e4d9a937957614582b8530ef56f2b525678988666500727b7,6c765cc69f3e4bb20e44be0e55caf8daf8c407d7d1c06515349b9d17ec1fddce,8cda5fd98865bccfe8601ace6f9a27d5a835513e,coverage,0.9619129438717068,fraction
detectors,S4_step_fault,rls,6,10.0,True,S4_step_fault__rls__seed6__detect_cusum,edb8fb013b7aeb64e877b749783afa62d6864702f69cf9e7c539d6cd9df4f86d,f148dc11752161354c3021f05b1fe526c43baf276ba3893e2b36806f990aaf93,8cda5fd98865bccfe8601ace6f9a27d5a835513e,coverage,0.9545322907616566,fraction
detectors,S4_step_fault,rls,6,10.0,True,S4_step_fault__rls__seed6__detect_ph,edb8fb013b7aeb64e877b749783afa62d6864702f69cf9e7c539d6cd9df4f86d,e5360505f8c49a15eebb5ef47f7d7477818e9b19f26155854e4ff574f74f5811,8cda5fd98865bccfe8601ace6f9a27d5a835513e,coverage,0.9545322907616566,fraction
detectors,S4_step_fault,rls,6,10.0,True,S4_step_fault__rls__seed6__detect_adwin,edb8fb013b7aeb64e877b749783afa62d6864702f69cf9e7c539d6cd9df4f86d,ba90eb10e4e1f7500a344f9b4e5e676713fa49fa355f420971a75285e0b9c298,8cda5fd98865bccfe8601ace6f9a27d5a835513e,coverage,0.9426585577758471,fraction
detectors,S4_step_fault,rls,6,10.0,True,S4_step_fault__rls__seed6__detect_ks,edb8fb013b7aeb64e877b749783afa62d6864702f69cf9e7c539d6cd9df4f86d,e68694c868384201c53bdaf13449887c7b05c2ad9ef5f3f7d7b8bf5cddc0bcb0,8cda5fd98865bccfe8601ace6f9a27d5a835513e,coverage,0.9545322907616566,fraction
detectors,S4_step_fault,rls,6,10.0,True,S4_step_fault__rls__seed6__detect_all4,edb8fb013b7aeb64e877b749783afa62d6864702f69cf9e7c539d6cd9df4f86d,6c765cc69f3e4bb20e44be0e55caf8daf8c407d7d1c06515349b9d17ec1fddce,8cda5fd98865bccfe8601ace6f9a27d5a835513e,coverage,0.9545322907616566,fraction
detectors,S4_step_fault,rls,7,10.0,True,S4_step_fault__rls__seed7__detect_cusum,5cf17843f3bfe6e9f5ce0f88df6e9f0fa19691e7d0781a28d2e0071debfacd13,f148dc11752161354c3021f05b1fe526c43baf276ba3893e2b36806f990aaf93,8cda5fd98865bccfe8601ace6f9a27d5a835513e,coverage,0.9608192341941229,fraction
detectors,S4_step_fault,rls,7,10.0,True,S4_step_fault__rls__seed7__detect_ph,5cf17843f3bfe6e9f5ce0f88df6e9f0fa19691e7d0781a28d2e0071debfacd13,e5360505f8c49a15eebb5ef47f7d7477818e9b19f26155854e4ff574f74f5811,8cda5fd98865bccfe8601ace6f9a27d5a835513e,coverage,0.9608192341941229,fraction
detectors,S4_step_fault,rls,7,10.0,True,S4_step_fault__rls__seed7__detect_adwin,5cf17843f3bfe6e9f5ce0f88df6e9f0fa19691e7d0781a28d2e0071debfacd13,ba90eb10e4e1f7500a344f9b4e5e676713fa49fa355f420971a75285e0b9c298,8cda5fd98865bccfe8601ace6f9a27d5a835513e,coverage,0.9608192341941229,fraction
detectors,S4_step_fault,rls,7,10.0,True,S4_step_fault__rls__seed7__detect_ks,5cf17843f3bfe6e9f5ce0f88df6e9f0fa19691e7d0781a28d2e0071debfacd13,e68694c868384201c53bdaf13449887c7b05c2ad9ef5f3f7d7b8bf5cddc0bcb0,8cda5fd98865bccfe8601ace6f9a27d5a835513e,coverage,0.9608192341941229,fraction
detectors,S4_step_fault,rls,7,10.0,True,S4_step_fault__rls__seed7__detect_all4,5cf17843f3bfe6e9f5ce0f88df6e9f0fa19691e7d0781a28d2e0071debfacd13,6c765cc69f3e4bb20e44be0e55caf8daf8c407d7d1c06515349b9d17ec1fddce,8cda5fd98865bccfe8601ace6f9a27d5a835513e,coverage,0.9608192341941229,fraction
detectors,S4_step_fault,rls,8,10.0,True,S4_step_fault__rls__seed8__detect_cusum,4471998ed306e877216c6c1b12b8ba9d62e309093746866fb7f4d683dd3b0138,f148dc11752161354c3021f05b1fe526c43baf276ba3893e2b36806f990aaf93,8cda5fd98865bccfe8601ace6f9a27d5a835513e,coverage,0.953260242354299,fraction
detectors,S4_step_fault,rls,8,10.0,True,S4_step_fault__rls__seed8__detect_ph,4471998ed306e877216c6c1b12b8ba9d62e309093746866fb7f4d683dd3b0138,e5360505f8c49a15eebb5ef47f7d7477818e9b19f26155854e4ff574f74f5811,8cda5fd98865bccfe8601ace6f9a27d5a835513e,coverage,0.953260242354299,fraction
detectors,S4_step_fault,rls,8,10.0,True,S4_step_fault__rls__seed8__detect_adwin,4471998ed306e877216c6c1b12b8ba9d62e309093746866fb7f4d683dd3b0138,ba90eb10e4e1f7500a344f9b4e5e676713fa49fa355f420971a75285e0b9c298,8cda5fd98865bccfe8601ace6f9a27d5a835513e,coverage,0.953260242354299,fraction
detectors,S4_step_fault,rls,8,10.0,True,S4_step_fault__rls__seed8__detect_ks,4471998ed306e877216c6c1b12b8ba9d62e309093746866fb7f4d683dd3b0138,e68694c868384201c53bdaf13449887c7b05c2ad9ef5f3f7d7b8bf5cddc0bcb0,8cda5fd98865bccfe8601ace6f9a27d5a835513e,coverage,0.953260242354299,fraction
detectors,S4_step_fault,rls,8,10.0,True,S4_step_fault__rls__seed8__detect_all4,4471998ed306e877216c6c1b12b8ba9d62e309093746866fb7f4d683dd3b0138,6c765cc69f3e4bb20e44be0e55caf8daf8c407d7d1c06515349b9d17ec1fddce,8cda5fd98865bccfe8601ace6f9a27d5a835513e,coverage,0.953260242354299,fraction
detectors,S4_step_fault,rls,9,10.0,True,S4_step_fault__rls__seed9__detect_cusum,af86278540fa1654a3e5819e52691400963a2f43bbaf4be0dd151148c2836411,f148dc11752161354c3021f05b1fe526c43baf276ba3893e2b36806f990aaf93,8cda5fd98865bccfe8601ace6f9a27d5a835513e,coverage,0.9411245216367383,fraction
detectors,S4_step_fault,rls,9,10.0,True,S4_step_fault__rls__seed9__detect_ph,af86278540fa1654a3e5819e52691400963a2f43bbaf4be0dd151148c2836411,e5360505f8c49a15eebb5ef47f7d7477818e9b19f26155854e4ff574f74f5811,8cda5fd98865bccfe8601ace6f9a27d5a835513e,coverage,0.9411245216367383,fraction
detectors,S4_step_fault,rls,9,10.0,True,S4_step_fault__rls__seed9__detect_adwin,af86278540fa1654a3e5819e52691400963a2f43bbaf4be0dd151148c2836411,ba90eb10e4e1f7500a344f9b4e5e676713fa49fa355f420971a75285e0b9c298,8cda5fd98865bccfe8601ace6f9a27d5a835513e,coverage,0.940830144244922,fraction
detectors,S4_step_fault,rls,9,10.0,True,S4_step_fault__rls__seed9__detect_ks,af86278540fa1654a3e5819e52691400963a2f43bbaf4be0dd151148c2836411,e68694c868384201c53bdaf13449887c7b05c2ad9ef5f3f7d7b8bf5cddc0bcb0,8cda5fd98865bccfe8601ace6f9a27d5a835513e,coverage,0.9587871651457168,fraction
detectors,S4_step_fault,rls,9,10.0,True,S4_step_fault__rls__seed9__detect_all4,af86278540fa1654a3e5819e52691400963a2f43bbaf4be0dd151148c2836411,6c765cc69f3e4bb20e44be0e55caf8daf8c407d7d1c06515349b9d17ec1fddce,8cda5fd98865bccfe8601ace6f9a27d5a835513e,coverage,0.9411245216367383,fraction
detectors,S4_step_fault,rls,10,10.0,True,S4_step_fault__rls__seed10__detect_cusum,b97f4fa67d55b0a4900a4dc84b9f38b152ab85aa07d9118de95bac234f41360d,f148dc11752161354c3021f05b1fe526c43baf276ba3893e2b36806f990aaf93,8cda5fd98865bccfe8601ace6f9a27d5a835513e,coverage,0.9609101516919487,fraction
detectors,S4_step_fault,rls,10,10.0,True,S4_step_fault__rls__seed10__detect_ph,b97f4fa67d55b0a4900a4dc84b9f38b152ab85aa07d9118de95bac234f41360d,e5360505f8c49a15eebb5ef47f7d7477818e9b19f26155854e4ff574f74f5811,8cda5fd98865bccfe8601ace6f9a27d5a835513e,coverage,0.9585764294049008,fraction
detectors,S4_step_fault,rls,10,10.0,True,S4_step_fault__rls__seed10__detect_adwin,b97f4fa67d55b0a4900a4dc84b9f38b152ab85aa07d9118de95bac234f41360d,ba90eb10e4e1f7500a344f9b4e5e676713fa49fa355f420971a75285e0b9c298,8cda5fd98865bccfe8601ace6f9a27d5a835513e,coverage,0.9571178529754959,fraction
detectors,S4_step_fault,rls,10,10.0,True,S4_step_fault__rls__seed10__detect_ks,b97f4fa67d55b0a4900a4dc84b9f38b152ab85aa07d9118de95bac234f41360d,e68694c868384201c53bdaf13449887c7b05c2ad9ef5f3f7d7b8bf5cddc0bcb0,8cda5fd98865bccfe8601ace6f9a27d5a835513e,coverage,0.9734539089848308,fraction
detectors,S4_step_fault,rls,10,10.0,True,S4_step_fault__rls__seed10__detect_all4,b97f4fa67d55b0a4900a4dc84b9f38b152ab85aa07d9118de95bac234f41360d,6c765cc69f3e4bb20e44be0e55caf8daf8c407d7d1c06515349b9d17ec1fddce,8cda5fd98865bccfe8601ace6f9a27d5a835513e,coverage,0.9609101516919487,fraction
detectors,S6_combined,rls,1,10.0,True,S6_combined__rls__seed1__detect_cusum,b3cf8d14b3aed8b1d65ab4497dcbfb879dbda2ce1da03bb07f6401c9b4b9bd4a,f148dc11752161354c3021f05b1fe526c43baf276ba3893e2b36806f990aaf93,8cda5fd98865bccfe8601ace6f9a27d5a835513e,coverage,0.9068372650939625,fraction
detectors,S6_combined,rls,1,10.0,True,S6_combined__rls__seed1__detect_ph,b3cf8d14b3aed8b1d65ab4497dcbfb879dbda2ce1da03bb07f6401c9b4b9bd4a,e5360505f8c49a15eebb5ef47f7d7477818e9b19f26155854e4ff574f74f5811,8cda5fd98865bccfe8601ace6f9a27d5a835513e,coverage,0.9068372650939625,fraction
detectors,S6_combined,rls,1,10.0,True,S6_combined__rls__seed1__detect_adwin,b3cf8d14b3aed8b1d65ab4497dcbfb879dbda2ce1da03bb07f6401c9b4b9bd4a,ba90eb10e4e1f7500a344f9b4e5e676713fa49fa355f420971a75285e0b9c298,8cda5fd98865bccfe8601ace6f9a27d5a835513e,coverage,0.9068372650939625,fraction
detectors,S6_combined,rls,1,10.0,True,S6_combined__rls__seed1__detect_ks,b3cf8d14b3aed8b1d65ab4497dcbfb879dbda2ce1da03bb07f6401c9b4b9bd4a,e68694c868384201c53bdaf13449887c7b05c2ad9ef5f3f7d7b8bf5cddc0bcb0,8cda5fd98865bccfe8601ace6f9a27d5a835513e,coverage,0.9068372650939625,fraction
detectors,S6_combined,rls,1,10.0,True,S6_combined__rls__seed1__detect_all4,b3cf8d14b3aed8b1d65ab4497dcbfb879dbda2ce1da03bb07f6401c9b4b9bd4a,6c765cc69f3e4bb20e44be0e55caf8daf8c407d7d1c06515349b9d17ec1fddce,8cda5fd98865bccfe8601ace6f9a27d5a835513e,coverage,0.9068372650939625,fraction
detectors,S6_combined,rls,2,10.0,True,S6_combined__rls__seed2__detect_cusum,e4f7ab87faf6982be139dc8af97757bff8d540d357c41e3d06ec298e4dd75854,f148dc11752161354c3021f05b1fe526c43baf276ba3893e2b36806f990aaf93,8cda5fd98865bccfe8601ace6f9a27d5a835513e,coverage,0.9114048934490924,fraction
detectors,S6_combined,rls,2,10.0,True,S6_combined__rls__seed2__detect_ph,e4f7ab87faf6982be139dc8af97757bff8d540d357c41e3d06ec298e4dd75854,e5360505f8c49a15eebb5ef47f7d7477818e9b19f26155854e4ff574f74f5811,8cda5fd98865bccfe8601ace6f9a27d5a835513e,coverage,0.9114048934490924,fraction
detectors,S6_combined,rls,2,10.0,True,S6_combined__rls__seed2__detect_adwin,e4f7ab87faf6982be139dc8af97757bff8d540d357c41e3d06ec298e4dd75854,ba90eb10e4e1f7500a344f9b4e5e676713fa49fa355f420971a75285e0b9c298,8cda5fd98865bccfe8601ace6f9a27d5a835513e,coverage,0.9114048934490924,fraction
detectors,S6_combined,rls,2,10.0,True,S6_combined__rls__seed2__detect_ks,e4f7ab87faf6982be139dc8af97757bff8d540d357c41e3d06ec298e4dd75854,e68694c868384201c53bdaf13449887c7b05c2ad9ef5f3f7d7b8bf5cddc0bcb0,8cda5fd98865bccfe8601ace6f9a27d5a835513e,coverage,0.9114048934490924,fraction
detectors,S6_combined,rls,2,10.0,True,S6_combined__rls__seed2__detect_all4,e4f7ab87faf6982be139dc8af97757bff8d540d357c41e3d06ec298e4dd75854,6c765cc69f3e4bb20e44be0e55caf8daf8c407d7d1c06515349b9d17ec1fddce,8cda5fd98865bccfe8601ace6f9a27d5a835513e,coverage,0.9114048934490924,fraction
detectors,S6_combined,rls,3,10.0,True,S6_combined__rls__seed3__detect_cusum,c371bfebbbdb510b204e19fcaedea3c47a4e8b6d77499f04ee6ac55d13fed988,f148dc11752161354c3021f05b1fe526c43baf276ba3893e2b36806f990aaf93,8cda5fd98865bccfe8601ace6f9a27d5a835513e,coverage,0.9230312623664424,fraction
detectors,S6_combined,rls,3,10.0,True,S6_combined__rls__seed3__detect_ph,c371bfebbbdb510b204e19fcaedea3c47a4e8b6d77499f04ee6ac55d13fed988,e5360505f8c49a15eebb5ef47f7d7477818e9b19f26155854e4ff574f74f5811,8cda5fd98865bccfe8601ace6f9a27d5a835513e,coverage,0.9127423822714681,fraction
detectors,S6_combined,rls,3,10.0,True,S6_combined__rls__seed3__detect_adwin,c371bfebbbdb510b204e19fcaedea3c47a4e8b6d77499f04ee6ac55d13fed988,ba90eb10e4e1f7500a344f9b4e5e676713fa49fa355f420971a75285e0b9c298,8cda5fd98865bccfe8601ace6f9a27d5a835513e,coverage,0.9127423822714681,fraction
detectors,S6_combined,rls,3,10.0,True,S6_combined__rls__seed3__detect_ks,c371bfebbbdb510b204e19fcaedea3c47a4e8b6d77499f04ee6ac55d13fed988,e68694c868384201c53bdaf13449887c7b05c2ad9ef5f3f7d7b8bf5cddc0bcb0,8cda5fd98865bccfe8601ace6f9a27d5a835513e,coverage,0.9127423822714681,fraction
detectors,S6_combined,rls,3,10.0,True,S6_combined__rls__seed3__detect_all4,c371bfebbbdb510b204e19fcaedea3c47a4e8b6d77499f04ee6ac55d13fed988,6c765cc69f3e4bb20e44be0e55caf8daf8c407d7d1c06515349b9d17ec1fddce,8cda5fd98865bccfe8601ace6f9a27d5a835513e,coverage,0.9230312623664424,fraction
detectors,S6_combined,rls,4,10.0,True,S6_combined__rls__seed4__detect_cusum,091893e2b20fe4f1f4ec71b10a24db6c43dabefaa37c7ef75c67f5a78f00f2b7,f148dc11752161354c3021f05b1fe526c43baf276ba3893e2b36806f990aaf93,8cda5fd98865bccfe8601ace6f9a27d5a835513e,coverage,0.9143984220907297,fraction
detectors,S6_combined,rls,4,10.0,True,S6_combined__rls__seed4__detect_ph,091893e2b20fe4f1f4ec71b10a24db6c43dabefaa37c7ef75c67f5a78f00f2b7,e5360505f8c49a15eebb5ef47f7d7477818e9b19f26155854e4ff574f74f5811,8cda5fd98865bccfe8601ace6f9a27d5a835513e,coverage,0.9143984220907297,fraction
detectors,S6_combined,rls,4,10.0,True,S6_combined__rls__seed4__detect_adwin,091893e2b20fe4f1f4ec71b10a24db6c43dabefaa37c7ef75c67f5a78f00f2b7,ba90eb10e4e1f7500a344f9b4e5e676713fa49fa355f420971a75285e0b9c298,8cda5fd98865bccfe8601ace6f9a27d5a835513e,coverage,0.9143984220907297,fraction
detectors,S6_combined,rls,4,10.0,True,S6_combined__rls__seed4__detect_ks,091893e2b20fe4f1f4ec71b10a24db6c43dabefaa37c7ef75c67f5a78f00f2b7,e68694c868384201c53bdaf13449887c7b05c2ad9ef5f3f7d7b8bf5cddc0bcb0,8cda5fd98865bccfe8601ace6f9a27d5a835513e,coverage,0.9143984220907297,fraction
detectors,S6_combined,rls,4,10.0,True,S6_combined__rls__seed4__detect_all4,091893e2b20fe4f1f4ec71b10a24db6c43dabefaa37c7ef75c67f5a78f00f2b7,6c765cc69f3e4bb20e44be0e55caf8daf8c407d7d1c06515349b9d17ec1fddce,8cda5fd98865bccfe8601ace6f9a27d5a835513e,coverage,0.9143984220907297,fraction
detectors,S6_combined,rls,5,10.0,True,S6_combined__rls__seed5__detect_cusum,c1d9d4a7d46d9a42ad59de704b5ae8b21c9bf2f17d4576d9bfa6e10e6c6f4b13,f148dc11752161354c3021f05b1fe526c43baf276ba3893e2b36806f990aaf93,8cda5fd98865bccfe8601ace6f9a27d5a835513e,coverage,0.8962507439000198,fraction
detectors,S6_combined,rls,5,10.0,True,S6_combined__rls__seed5__detect_ph,c1d9d4a7d46d9a42ad59de704b5ae8b21c9bf2f17d4576d9bfa6e10e6c6f4b13,e5360505f8c49a15eebb5ef47f7d7477818e9b19f26155854e4ff574f74f5811,8cda5fd98865bccfe8601ace6f9a27d5a835513e,coverage,0.8962507439000198,fraction
detectors,S6_combined,rls,5,10.0,True,S6_combined__rls__seed5__detect_adwin,c1d9d4a7d46d9a42ad59de704b5ae8b21c9bf2f17d4576d9bfa6e10e6c6f4b13,ba90eb10e4e1f7500a344f9b4e5e676713fa49fa355f420971a75285e0b9c298,8cda5fd98865bccfe8601ace6f9a27d5a835513e,coverage,0.8962507439000198,fraction
detectors,S6_combined,rls,5,10.0,True,S6_combined__rls__seed5__detect_ks,c1d9d4a7d46d9a42ad59de704b5ae8b21c9bf2f17d4576d9bfa6e10e6c6f4b13,e68694c868384201c53bdaf13449887c7b05c2ad9ef5f3f7d7b8bf5cddc0bcb0,8cda5fd98865bccfe8601ace6f9a27d5a835513e,coverage,0.8962507439000198,fraction
detectors,S6_combined,rls,5,10.0,True,S6_combined__rls__seed5__detect_all4,c1d9d4a7d46d9a42ad59de704b5ae8b21c9bf2f17d4576d9bfa6e10e6c6f4b13,6c765cc69f3e4bb20e44be0e55caf8daf8c407d7d1c06515349b9d17ec1fddce,8cda5fd98865bccfe8601ace6f9a27d5a835513e,coverage,0.8962507439000198,fraction
detectors,S6_combined,rls,6,10.0,True,S6_combined__rls__seed6__detect_cusum,8fbcb1374a66e26dea4a0e8dbcf64db42ebcd88dd11b5cd3bb5d44e8d4b0665a,f148dc11752161354c3021f05b1fe526c43baf276ba3893e2b36806f990aaf93,8cda5fd98865bccfe8601ace6f9a27d5a835513e,coverage,0.9102254428341385,fraction
detectors,S6_combined,rls,6,10.0,True,S6_combined__rls__seed6__detect_ph,8fbcb1374a66e26dea4a0e8dbcf64db42ebcd88dd11b5cd3bb5d44e8d4b0665a,e5360505f8c49a15eebb5ef47f7d7477818e9b19f26155854e4ff574f74f5811,8cda5fd98865bccfe8601ace6f9a27d5a835513e,coverage,0.9102254428341385,fraction
detectors,S6_combined,rls,6,10.0,True,S6_combined__rls__seed6__detect_adwin,8fbcb1374a66e26dea4a0e8dbcf64db42ebcd88dd11b5cd3bb5d44e8d4b0665a,ba90eb10e4e1f7500a344f9b4e5e676713fa49fa355f420971a75285e0b9c298,8cda5fd98865bccfe8601ace6f9a27d5a835513e,coverage,0.910426731078905,fraction
detectors,S6_combined,rls,6,10.0,True,S6_combined__rls__seed6__detect_ks,8fbcb1374a66e26dea4a0e8dbcf64db42ebcd88dd11b5cd3bb5d44e8d4b0665a,e68694c868384201c53bdaf13449887c7b05c2ad9ef5f3f7d7b8bf5cddc0bcb0,8cda5fd98865bccfe8601ace6f9a27d5a835513e,coverage,0.9158615136876006,fraction
detectors,S6_combined,rls,6,10.0,True,S6_combined__rls__seed6__detect_all4,8fbcb1374a66e26dea4a0e8dbcf64db42ebcd88dd11b5cd3bb5d44e8d4b0665a,6c765cc69f3e4bb20e44be0e55caf8daf8c407d7d1c06515349b9d17ec1fddce,8cda5fd98865bccfe8601ace6f9a27d5a835513e,coverage,0.9102254428341385,fraction
detectors,S6_combined,rls,7,10.0,True,S6_combined__rls__seed7__detect_cusum,eb12037c60287858e9925e83fcaf2aa6789246ee5a2aa0c936402930de58eb1c,f148dc11752161354c3021f05b1fe526c43baf276ba3893e2b36806f990aaf93,8cda5fd98865bccfe8601ace6f9a27d5a835513e,coverage,0.9202691680261011,fraction
detectors,S6_combined,rls,7,10.0,True,S6_combined__rls__seed7__detect_ph,eb12037c60287858e9925e83fcaf2aa6789246ee5a2aa0c936402930de58eb1c,e5360505f8c49a15eebb5ef47f7d7477818e9b19f26155854e4ff574f74f5811,8cda5fd98865bccfe8601ace6f9a27d5a835513e,coverage,0.9188417618270799,fraction
detectors,S6_combined,rls,7,10.0,True,S6_combined__rls__seed7__detect_adwin,eb12037c60287858e9925e83fcaf2aa6789246ee5a2aa0c936402930de58eb1c,ba90eb10e4e1f7500a344f9b4e5e676713fa49fa355f420971a75285e0b9c298,8cda5fd98865bccfe8601ace6f9a27d5a835513e,coverage,0.9200652528548124,fraction
detectors,S6_combined,rls,7,10.0,True,S6_combined__rls__seed7__detect_ks,eb12037c60287858e9925e83fcaf2aa6789246ee5a2aa0c936402930de58eb1c,e68694c868384201c53bdaf13449887c7b05c2ad9ef5f3f7d7b8bf5cddc0bcb0,8cda5fd98865bccfe8601ace6f9a27d5a835513e,coverage,0.9176182707993474,fraction
detectors,S6_combined,rls,7,10.0,True,S6_combined__rls__seed7__detect_all4,eb12037c60287858e9925e83fcaf2aa6789246ee5a2aa0c936402930de58eb1c,6c765cc69f3e4bb20e44be0e55caf8daf8c407d7d1c06515349b9d17ec1fddce,8cda5fd98865bccfe8601ace6f9a27d5a835513e,coverage,0.9202691680261011,fraction
detectors,S6_combined,rls,8,10.0,True,S6_combined__rls__seed8__detect_cusum,da4740837e6cf85b5c7d22d84cf556133cbff181edcbfd4d107db823d7c1f164,f148dc11752161354c3021f05b1fe526c43baf276ba3893e2b36806f990aaf93,8cda5fd98865bccfe8601ace6f9a27d5a835513e,coverage,0.916583912611718,fraction
detectors,S6_combined,rls,8,10.0,True,S6_combined__rls__seed8__detect_ph,da4740837e6cf85b5c7d22d84cf556133cbff181edcbfd4d107db823d7c1f164,e5360505f8c49a15eebb5ef47f7d7477818e9b19f26155854e4ff574f74f5811,8cda5fd98865bccfe8601ace6f9a27d5a835513e,coverage,0.9189672293942404,fraction
detectors,S6_combined,rls,8,10.0,True,S6_combined__rls__seed8__detect_adwin,da4740837e6cf85b5c7d22d84cf556133cbff181edcbfd4d107db823d7c1f164,ba90eb10e4e1f7500a344f9b4e5e676713fa49fa355f420971a75285e0b9c298,8cda5fd98865bccfe8601ace6f9a27d5a835513e,coverage,0.9189672293942404,fraction
detectors,S6_combined,rls,8,10.0,True,S6_combined__rls__seed8__detect_ks,da4740837e6cf85b5c7d22d84cf556133cbff181edcbfd4d107db823d7c1f164,e68694c868384201c53bdaf13449887c7b05c2ad9ef5f3f7d7b8bf5cddc0bcb0,8cda5fd98865bccfe8601ace6f9a27d5a835513e,coverage,0.916583912611718,fraction
detectors,S6_combined,rls,8,10.0,True,S6_combined__rls__seed8__detect_all4,da4740837e6cf85b5c7d22d84cf556133cbff181edcbfd4d107db823d7c1f164,6c765cc69f3e4bb20e44be0e55caf8daf8c407d7d1c06515349b9d17ec1fddce,8cda5fd98865bccfe8601ace6f9a27d5a835513e,coverage,0.9189672293942404,fraction
detectors,S6_combined,rls,9,10.0,True,S6_combined__rls__seed9__detect_cusum,29718e114c21c01b04a983f185bbf01430cfac8dd9e8b5808281b0434dac26fc,f148dc11752161354c3021f05b1fe526c43baf276ba3893e2b36806f990aaf93,8cda5fd98865bccfe8601ace6f9a27d5a835513e,coverage,0.8928935043779271,fraction
detectors,S6_combined,rls,9,10.0,True,S6_combined__rls__seed9__detect_ph,29718e114c21c01b04a983f185bbf01430cfac8dd9e8b5808281b0434dac26fc,e5360505f8c49a15eebb5ef47f7d7477818e9b19f26155854e4ff574f74f5811,8cda5fd98865bccfe8601ace6f9a27d5a835513e,coverage,0.8963551211565872,fraction
detectors,S6_combined,rls,9,10.0,True,S6_combined__rls__seed9__detect_adwin,29718e114c21c01b04a983f185bbf01430cfac8dd9e8b5808281b0434dac26fc,ba90eb10e4e1f7500a344f9b4e5e676713fa49fa355f420971a75285e0b9c298,8cda5fd98865bccfe8601ace6f9a27d5a835513e,coverage,0.896558745672979,fraction
detectors,S6_combined,rls,9,10.0,True,S6_combined__rls__seed9__detect_ks,29718e114c21c01b04a983f185bbf01430cfac8dd9e8b5808281b0434dac26fc,e68694c868384201c53bdaf13449887c7b05c2ad9ef5f3f7d7b8bf5cddc0bcb0,8cda5fd98865bccfe8601ace6f9a27d5a835513e,coverage,0.8916717572795765,fraction
detectors,S6_combined,rls,9,10.0,True,S6_combined__rls__seed9__detect_all4,29718e114c21c01b04a983f185bbf01430cfac8dd9e8b5808281b0434dac26fc,6c765cc69f3e4bb20e44be0e55caf8daf8c407d7d1c06515349b9d17ec1fddce,8cda5fd98865bccfe8601ace6f9a27d5a835513e,coverage,0.8928935043779271,fraction
detectors,S6_combined,rls,10,10.0,True,S6_combined__rls__seed10__detect_cusum,4054ab96937dfc6eef3c9c4f46347db001fd4eea59432509f786c95b51d12234,f148dc11752161354c3021f05b1fe526c43baf276ba3893e2b36806f990aaf93,8cda5fd98865bccfe8601ace6f9a27d5a835513e,coverage,0.9118236472945892,fraction
detectors,S6_combined,rls,10,10.0,True,S6_combined__rls__seed10__detect_ph,4054ab96937dfc6eef3c9c4f46347db001fd4eea59432509f786c95b51d12234,e5360505f8c49a15eebb5ef47f7d7477818e9b19f26155854e4ff574f74f5811,8cda5fd98865bccfe8601ace6f9a27d5a835513e,coverage,0.9118236472945892,fraction
detectors,S6_combined,rls,10,10.0,True,S6_combined__rls__seed10__detect_adwin,4054ab96937dfc6eef3c9c4f46347db001fd4eea59432509f786c95b51d12234,ba90eb10e4e1f7500a344f9b4e5e676713fa49fa355f420971a75285e0b9c298,8cda5fd98865bccfe8601ace6f9a27d5a835513e,coverage,0.9118236472945892,fraction
detectors,S6_combined,rls,10,10.0,True,S6_combined__rls__seed10__detect_ks,4054ab96937dfc6eef3c9c4f46347db001fd4eea59432509f786c95b51d12234,e68694c868384201c53bdaf13449887c7b05c2ad9ef5f3f7d7b8bf5cddc0bcb0,8cda5fd98865bccfe8601ace6f9a27d5a835513e,coverage,0.9118236472945892,fraction
detectors,S6_combined,rls,10,10.0,True,S6_combined__rls__seed10__detect_all4,4054ab96937dfc6eef3c9c4f46347db001fd4eea59432509f786c95b51d12234,6c765cc69f3e4bb20e44be0e55caf8daf8c407d7d1c06515349b9d17ec1fddce,8cda5fd98865bccfe8601ace6f9a27d5a835513e,coverage,0.9118236472945892,fraction
detectors,S4_step_fault,rls,1,10.0,True,S4_step_fault__rls__seed1__detect_cusum,7d29a6d7dca932314e512c265e0e559ec6cc02e548aa25349a95d1f29dbf9ef1,f148dc11752161354c3021f05b1fe526c43baf276ba3893e2b36806f990aaf93,8cda5fd98865bccfe8601ace6f9a27d5a835513e,coverage_expected,0.9149626744563454,fraction
detectors,S4_step_fault,rls,1,10.0,True,S4_step_fault__rls__seed1__detect_ph,7d29a6d7dca932314e512c265e0e559ec6cc02e548aa25349a95d1f29dbf9ef1,e5360505f8c49a15eebb5ef47f7d7477818e9b19f26155854e4ff574f74f5811,8cda5fd98865bccfe8601ace6f9a27d5a835513e,coverage_expected,0.9452766738000612,fraction
detectors,S4_step_fault,rls,1,10.0,True,S4_step_fault__rls__seed1__detect_adwin,7d29a6d7dca932314e512c265e0e559ec6cc02e548aa25349a95d1f29dbf9ef1,ba90eb10e4e1f7500a344f9b4e5e676713fa49fa355f420971a75285e0b9c298,8cda5fd98865bccfe8601ace6f9a27d5a835513e,coverage_expected,0.9452766738000612,fraction
detectors,S4_step_fault,rls,1,10.0,True,S4_step_fault__rls__seed1__detect_ks,7d29a6d7dca932314e512c265e0e559ec6cc02e548aa25349a95d1f29dbf9ef1,e68694c868384201c53bdaf13449887c7b05c2ad9ef5f3f7d7b8bf5cddc0bcb0,8cda5fd98865bccfe8601ace6f9a27d5a835513e,coverage_expected,0.9452766738000612,fraction
detectors,S4_step_fault,rls,1,10.0,True,S4_step_fault__rls__seed1__detect_all4,7d29a6d7dca932314e512c265e0e559ec6cc02e548aa25349a95d1f29dbf9ef1,6c765cc69f3e4bb20e44be0e55caf8daf8c407d7d1c06515349b9d17ec1fddce,8cda5fd98865bccfe8601ace6f9a27d5a835513e,coverage_expected,0.9149626744563454,fraction
detectors,S4_step_fault,rls,2,10.0,True,S4_step_fault__rls__seed2__detect_cusum,adc80992e5ad2b0074c2ccb5fd189429c3fd11d2d51d242aa1caec078b0db1d2,f148dc11752161354c3021f05b1fe526c43baf276ba3893e2b36806f990aaf93,8cda5fd98865bccfe8601ace6f9a27d5a835513e,coverage_expected,0.9568231957138355,fraction
detectors,S4_step_fault,rls,2,10.0,True,S4_step_fault__rls__seed2__detect_ph,adc80992e5ad2b0074c2ccb5fd189429c3fd11d2d51d242aa1caec078b0db1d2,e5360505f8c49a15eebb5ef47f7d7477818e9b19f26155854e4ff574f74f5811,8cda5fd98865bccfe8601ace6f9a27d5a835513e,coverage_expected,0.9729408266428784,fraction
detectors,S4_step_fault,rls,2,10.0,True,S4_step_fault__rls__seed2__detect_adwin,adc80992e5ad2b0074c2ccb5fd189429c3fd11d2d51d242aa1caec078b0db1d2,ba90eb10e4e1f7500a344f9b4e5e676713fa49fa355f420971a75285e0b9c298,8cda5fd98865bccfe8601ace6f9a27d5a835513e,coverage_expected,0.9729408266428784,fraction
detectors,S4_step_fault,rls,2,10.0,True,S4_step_fault__rls__seed2__detect_ks,adc80992e5ad2b0074c2ccb5fd189429c3fd11d2d51d242aa1caec078b0db1d2,e68694c868384201c53bdaf13449887c7b05c2ad9ef5f3f7d7b8bf5cddc0bcb0,8cda5fd98865bccfe8601ace6f9a27d5a835513e,coverage_expected,0.9729408266428784,fraction
detectors,S4_step_fault,rls,2,10.0,True,S4_step_fault__rls__seed2__detect_all4,adc80992e5ad2b0074c2ccb5fd189429c3fd11d2d51d242aa1caec078b0db1d2,6c765cc69f3e4bb20e44be0e55caf8daf8c407d7d1c06515349b9d17ec1fddce,8cda5fd98865bccfe8601ace6f9a27d5a835513e,coverage_expected,0.9568231957138355,fraction
detectors,S4_step_fault,rls,3,10.0,True,S4_step_fault__rls__seed3__detect_cusum,755a0aa70d2f3fe05534c8cb137d5df18ed16325d4692fc840c3daee2c8a8c92,f148dc11752161354c3021f05b1fe526c43baf276ba3893e2b36806f990aaf93,8cda5fd98865bccfe8601ace6f9a27d5a835513e,coverage_expected,0.9514563106796117,fraction
detectors,S4_step_fault,rls,3,10.0,True,S4_step_fault__rls__seed3__detect_ph,755a0aa70d2f3fe05534c8cb137d5df18ed16325d4692fc840c3daee2c8a8c92,e5360505f8c49a15eebb5ef47f7d7477818e9b19f26155854e4ff574f74f5811,8cda5fd98865bccfe8601ace6f9a27d5a835513e,coverage_expected,0.9514563106796117,fraction
detectors,S4_step_fault,rls,3,10.0,True,S4_step_fault__rls__seed3__detect_adwin,755a0aa70d2f3fe05534c8cb137d5df18ed16325d4692fc840c3daee2c8a8c92,ba90eb10e4e1f7500a344f9b4e5e676713fa49fa355f420971a75285e0b9c298,8cda5fd98865bccfe8601ace6f9a27d5a835513e,coverage_expected,0.9514563106796117,fraction
detectors,S4_step_fault,rls,3,10.0,True,S4_step_fault__rls__seed3__detect_ks,755a0aa70d2f3fe05534c8cb137d5df18ed16325d4692fc840c3daee2c8a8c92,e68694c868384201c53bdaf13449887c7b05c2ad9ef5f3f7d7b8bf5cddc0bcb0,8cda5fd98865bccfe8601ace6f9a27d5a835513e,coverage_expected,0.9514563106796117,fraction
detectors,S4_step_fault,rls,3,10.0,True,S4_step_fault__rls__seed3__detect_all4,755a0aa70d2f3fe05534c8cb137d5df18ed16325d4692fc840c3daee2c8a8c92,6c765cc69f3e4bb20e44be0e55caf8daf8c407d7d1c06515349b9d17ec1fddce,8cda5fd98865bccfe8601ace6f9a27d5a835513e,coverage_expected,0.9514563106796117,fraction
detectors,S4_step_fault,rls,4,10.0,True,S4_step_fault__rls__seed4__detect_cusum,57d0146db86c059173927b479ffa5908a6e01f3cdeb9f10b63e58e983cd88fb2,f148dc11752161354c3021f05b1fe526c43baf276ba3893e2b36806f990aaf93,8cda5fd98865bccfe8601ace6f9a27d5a835513e,coverage_expected,0.9233896185115698,fraction
detectors,S4_step_fault,rls,4,10.0,True,S4_step_fault__rls__seed4__detect_ph,57d0146db86c059173927b479ffa5908a6e01f3cdeb9f10b63e58e983cd88fb2,e5360505f8c49a15eebb5ef47f7d7477818e9b19f26155854e4ff574f74f5811,8cda5fd98865bccfe8601ace6f9a27d5a835513e,coverage_expected,0.9344746162927982,fraction
detectors,S4_step_fault,rls,4,10.0,True,S4_step_fault__rls__seed4__detect_adwin,57d0146db86c059173927b479ffa5908a6e01f3cdeb9f10b63e58e983cd88fb2,ba90eb10e4e1f7500a344f9b4e5e676713fa49fa355f420971a75285e0b9c298,8cda5fd98865bccfe8601ace6f9a27d5a835513e,coverage_expected,0.9344746162927982,fraction
detectors,S4_step_fault,rls,4,10.0,True,S4_step_fault__rls__seed4__detect_ks,57d0146db86c059173927b479ffa5908a6e01f3cdeb9f10b63e58e983cd88fb2,e68694c868384201c53bdaf13449887c7b05c2ad9ef5f3f7d7b8bf5cddc0bcb0,8cda5fd98865bccfe8601ace6f9a27d5a835513e,coverage_expected,0.9344746162927982,fraction
detectors,S4_step_fault,rls,4,10.0,True,S4_step_fault__rls__seed4__detect_all4,57d0146db86c059173927b479ffa5908a6e01f3cdeb9f10b63e58e983cd88fb2,6c765cc69f3e4bb20e44be0e55caf8daf8c407d7d1c06515349b9d17ec1fddce,8cda5fd98865bccfe8601ace6f9a27d5a835513e,coverage_expected,0.9233896185115698,fraction
detectors,S4_step_fault,rls,5,10.0,True,S4_step_fault__rls__seed5__detect_cusum,1efe02364dacd47e4d9a937957614582b8530ef56f2b525678988666500727b7,f148dc11752161354c3021f05b1fe526c43baf276ba3893e2b36806f990aaf93,8cda5fd98865bccfe8601ace6f9a27d5a835513e,coverage_expected,0.9614357757342035,fraction
detectors,S4_step_fault,rls,5,10.0,True,S4_step_fault__rls__seed5__detect_ph,1efe02364dacd47e4d9a937957614582b8530ef56f2b525678988666500727b7,e5360505f8c49a15eebb5ef47f7d7477818e9b19f26155854e4ff574f74f5811,8cda5fd98865bccfe8601ace6f9a27d5a835513e,coverage_expected,0.9614357757342035,fraction
detectors,S4_step_fault,rls,5,10.0,True,S4_step_fault__rls__seed5__detect_adwin,1efe02364dacd47e4d9a937957614582b8530ef56f2b525678988666500727b7,ba90eb10e4e1f7500a344f9b4e5e676713fa49fa355f420971a75285e0b9c298,8cda5fd98865bccfe8601ace6f9a27d5a835513e,coverage_expected,0.9614357757342035,fraction
detectors,S4_step_fault,rls,5,10.0,True,S4_step_fault__rls__seed5__detect_ks,1efe02364dacd47e4d9a937957614582b8530ef56f2b525678988666500727b7,e68694c868384201c53bdaf13449887c7b05c2ad9ef5f3f7d7b8bf5cddc0bcb0,8cda5fd98865bccfe8601ace6f9a27d5a835513e,coverage_expected,0.9614357757342035,fraction
detectors,S4_step_fault,rls,5,10.0,True,S4_step_fault__rls__seed5__detect_all4,1efe02364dacd47e4d9a937957614582b8530ef56f2b525678988666500727b7,6c765cc69f3e4bb20e44be0e55caf8daf8c407d7d1c06515349b9d17ec1fddce,8cda5fd98865bccfe8601ace6f9a27d5a835513e,coverage_expected,0.9614357757342035,fraction
detectors,S4_step_fault,rls,6,10.0,True,S4_step_fault__rls__seed6__detect_cusum,edb8fb013b7aeb64e877b749783afa62d6864702f69cf9e7c539d6cd9df4f86d,f148dc11752161354c3021f05b1fe526c43baf276ba3893e2b36806f990aaf93,8cda5fd98865bccfe8601ace6f9a27d5a835513e,coverage_expected,0.9564825930372148,fraction
detectors,S4_step_fault,rls,6,10.0,True,S4_step_fault__rls__seed6__detect_ph,edb8fb013b7aeb64e877b749783afa62d6864702f69cf9e7c539d6cd9df4f86d,e5360505f8c49a15eebb5ef47f7d7477818e9b19f26155854e4ff574f74f5811,8cda5fd98865bccfe8601ace6f9a27d5a835513e,coverage_expected,0.9564825930372148,fraction
detectors,S4_step_fault,rls,6,10.0,True,S4_step_fault__rls__seed6__detect_adwin,edb8fb013b7aeb64e877b749783afa62d6864702f69cf9e7c539d6cd9df4f86d,ba90eb10e4e1f7500a344f9b4e5e676713fa49fa355f420971a75285e0b9c298,8cda5fd98865bccfe8601ace6f9a27d5a835513e,coverage_expected,0.9474856779121579,fraction
detectors,S4_step_fault,rls,6,10.0,True,S4_step_fault__rls__seed6__detect_ks,edb8fb013b7aeb64e877b749783afa62d6864702f69cf9e7c539d6cd9df4f86d,e68694c868384201c53bdaf13449887c7b05c2ad9ef5f3f7d7b8bf5cddc0bcb0,8cda5fd98865bccfe8601ace6f9a27d5a835513e,coverage_expected,0.9564825930372148,fraction
detectors,S4_step_fault,rls,6,10.0,True,S4_step_fault__rls__seed6__detect_all4,edb8fb013b7aeb64e877b749783afa62d6864702f69cf9e7c539d6cd9df4f86d,6c765cc69f3e4bb20e44be0e55caf8daf8c407d7d1c06515349b9d17ec1fddce,8cda5fd98865bccfe8601ace6f9a27d5a835513e,coverage_expected,0.9564825930372148,fraction
detectors,S4_step_fault,rls,7,10.0,True,S4_step_fault__rls__seed7__detect_cusum,5cf17843f3bfe6e9f5ce0f88df6e9f0fa19691e7d0781a28d2e0071debfacd13,f148dc11752161354c3021f05b1fe526c43baf276ba3893e2b36806f990aaf93,8cda5fd98865bccfe8601ace6f9a27d5a835513e,coverage_expected,0.9615147783251231,fraction
detectors,S4_step_fault,rls,7,10.0,True,S4_step_fault__rls__seed7__detect_ph,5cf17843f3bfe6e9f5ce0f88df6e9f0fa19691e7d0781a28d2e0071debfacd13,e5360505f8c49a15eebb5ef47f7d7477818e9b19f26155854e4ff574f74f5811,8cda5fd98865bccfe8601ace6f9a27d5a835513e,coverage_expected,0.9615147783251231,fraction
detectors,S4_step_fault,rls,7,10.0,True,S4_step_fault__rls__seed7__detect_adwin,5cf17843f3bfe6e9f5ce0f88df6e9f0fa19691e7d0781a28d2e0071debfacd13,ba90eb10e4e1f7500a344f9b4e5e676713fa49fa355f420971a75285e0b9c298,8cda5fd98865bccfe8601ace6f9a27d5a835513e,coverage_expected,0.9615147783251231,fraction
detectors,S4_step_fault,rls,7,10.0,True,S4_step_fault__rls__seed7__detect_ks,5cf17843f3bfe6e9f5ce0f88df6e9f0fa19691e7d0781a28d2e0071debfacd13,e68694c868384201c53bdaf13449887c7b05c2ad9ef5f3f7d7b8bf5cddc0bcb0,8cda5fd98865bccfe8601ace6f9a27d5a835513e,coverage_expected,0.9615147783251231,fraction
detectors,S4_step_fault,rls,7,10.0,True,S4_step_fault__rls__seed7__detect_all4,5cf17843f3bfe6e9f5ce0f88df6e9f0fa19691e7d0781a28d2e0071debfacd13,6c765cc69f3e4bb20e44be0e55caf8daf8c407d7d1c06515349b9d17ec1fddce,8cda5fd98865bccfe8601ace6f9a27d5a835513e,coverage_expected,0.9615147783251231,fraction
detectors,S4_step_fault,rls,8,10.0,True,S4_step_fault__rls__seed8__detect_cusum,4471998ed306e877216c6c1b12b8ba9d62e309093746866fb7f4d683dd3b0138,f148dc11752161354c3021f05b1fe526c43baf276ba3893e2b36806f990aaf93,8cda5fd98865bccfe8601ace6f9a27d5a835513e,coverage_expected,0.9533632286995516,fraction
detectors,S4_step_fault,rls,8,10.0,True,S4_step_fault__rls__seed8__detect_ph,4471998ed306e877216c6c1b12b8ba9d62e309093746866fb7f4d683dd3b0138,e5360505f8c49a15eebb5ef47f7d7477818e9b19f26155854e4ff574f74f5811,8cda5fd98865bccfe8601ace6f9a27d5a835513e,coverage_expected,0.9533632286995516,fraction
detectors,S4_step_fault,rls,8,10.0,True,S4_step_fault__rls__seed8__detect_adwin,4471998ed306e877216c6c1b12b8ba9d62e309093746866fb7f4d683dd3b0138,ba90eb10e4e1f7500a344f9b4e5e676713fa49fa355f420971a75285e0b9c298,8cda5fd98865bccfe8601ace6f9a27d5a835513e,coverage_expected,0.9533632286995516,fraction
detectors,S4_step_fault,rls,8,10.0,True,S4_step_fault__rls__seed8__detect_ks,4471998ed306e877216c6c1b12b8ba9d62e309093746866fb7f4d683dd3b0138,e68694c868384201c53bdaf13449887c7b05c2ad9ef5f3f7d7b8bf5cddc0bcb0,8cda5fd98865bccfe8601ace6f9a27d5a835513e,coverage_expected,0.9533632286995516,fraction
detectors,S4_step_fault,rls,8,10.0,True,S4_step_fault__rls__seed8__detect_all4,4471998ed306e877216c6c1b12b8ba9d62e309093746866fb7f4d683dd3b0138,6c765cc69f3e4bb20e44be0e55caf8daf8c407d7d1c06515349b9d17ec1fddce,8cda5fd98865bccfe8601ace6f9a27d5a835513e,coverage_expected,0.9533632286995516,fraction
detectors,S4_step_fault,rls,9,10.0,True,S4_step_fault__rls__seed9__detect_cusum,af86278540fa1654a3e5819e52691400963a2f43bbaf4be0dd151148c2836411,f148dc11752161354c3021f05b1fe526c43baf276ba3893e2b36806f990aaf93,8cda5fd98865bccfe8601ace6f9a27d5a835513e,coverage_expected,0.9462086843810759,fraction
detectors,S4_step_fault,rls,9,10.0,True,S4_step_fault__rls__seed9__detect_ph,af86278540fa1654a3e5819e52691400963a2f43bbaf4be0dd151148c2836411,e5360505f8c49a15eebb5ef47f7d7477818e9b19f26155854e4ff574f74f5811,8cda5fd98865bccfe8601ace6f9a27d5a835513e,coverage_expected,0.9462086843810759,fraction
detectors,S4_step_fault,rls,9,10.0,True,S4_step_fault__rls__seed9__detect_adwin,af86278540fa1654a3e5819e52691400963a2f43bbaf4be0dd151148c2836411,ba90eb10e4e1f7500a344f9b4e5e676713fa49fa355f420971a75285e0b9c298,8cda5fd98865bccfe8601ace6f9a27d5a835513e,coverage_expected,0.9455605962410888,fraction
detectors,S4_step_fault,rls,9,10.0,True,S4_step_fault__rls__seed9__detect_ks,af86278540fa1654a3e5819e52691400963a2f43bbaf4be0dd151148c2836411,e68694c868384201c53bdaf13449887c7b05c2ad9ef5f3f7d7b8bf5cddc0bcb0,8cda5fd98865bccfe8601ace6f9a27d5a835513e,coverage_expected,0.9618437118437119,fraction
detectors,S4_step_fault,rls,9,10.0,True,S4_step_fault__rls__seed9__detect_all4,af86278540fa1654a3e5819e52691400963a2f43bbaf4be0dd151148c2836411,6c765cc69f3e4bb20e44be0e55caf8daf8c407d7d1c06515349b9d17ec1fddce,8cda5fd98865bccfe8601ace6f9a27d5a835513e,coverage_expected,0.9462086843810759,fraction
detectors,S4_step_fault,rls,10,10.0,True,S4_step_fault__rls__seed10__detect_cusum,b97f4fa67d55b0a4900a4dc84b9f38b152ab85aa07d9118de95bac234f41360d,f148dc11752161354c3021f05b1fe526c43baf276ba3893e2b36806f990aaf93,8cda5fd98865bccfe8601ace6f9a27d5a835513e,coverage_expected,0.9624188588998975,fraction
detectors,S4_step_fault,rls,10,10.0,True,S4_step_fault__rls__seed10__detect_ph,b97f4fa67d55b0a4900a4dc84b9f38b152ab85aa07d9118de95bac234f41360d,e5360505f8c49a15eebb5ef47f7d7477818e9b19f26155854e4ff574f74f5811,8cda5fd98865bccfe8601ace6f9a27d5a835513e,coverage_expected,0.9607106252135292,fraction
detectors,S4_step_fault,rls,10,10.0,True,S4_step_fault__rls__seed10__detect_adwin,b97f4fa67d55b0a4900a4dc84b9f38b152ab85aa07d9118de95bac234f41360d,ba90eb10e4e1f7500a344f9b4e5e676713fa49fa355f420971a75285e0b9c298,8cda5fd98865bccfe8601ace6f9a27d5a835513e,coverage_expected,0.9583190980526136,fraction
detectors,S4_step_fault,rls,10,10.0,True,S4_step_fault__rls__seed10__detect_ks,b97f4fa67d55b0a4900a4dc84b9f38b152ab85aa07d9118de95bac234f41360d,e68694c868384201c53bdaf13449887c7b05c2ad9ef5f3f7d7b8bf5cddc0bcb0,8cda5fd98865bccfe8601ace6f9a27d5a835513e,coverage_expected,0.9749017236165709,fraction
detectors,S4_step_fault,rls,10,10.0,True,S4_step_fault__rls__seed10__detect_all4,b97f4fa67d55b0a4900a4dc84b9f38b152ab85aa07d9118de95bac234f41360d,6c765cc69f3e4bb20e44be0e55caf8daf8c407d7d1c06515349b9d17ec1fddce,8cda5fd98865bccfe8601ace6f9a27d5a835513e,coverage_expected,0.9624188588998975,fraction
detectors,S6_combined,rls,1,10.0,True,S6_combined__rls__seed1__detect_cusum,b3cf8d14b3aed8b1d65ab4497dcbfb879dbda2ce1da03bb07f6401c9b4b9bd4a,f148dc11752161354c3021f05b1fe526c43baf276ba3893e2b36806f990aaf93,8cda5fd98865bccfe8601ace6f9a27d5a835513e,coverage_expected,0.9067813972546609,fraction
detectors,S6_combined,rls,1,10.0,True,S6_combined__rls__seed1__detect_ph,b3cf8d14b3aed8b1d65ab4497dcbfb879dbda2ce1da03bb07f6401c9b4b9bd4a,e5360505f8c49a15eebb5ef47f7d7477818e9b19f26155854e4ff574f74f5811,8cda5fd98865bccfe8601ace6f9a27d5a835513e,coverage_expected,0.9067813972546609,fraction
detectors,S6_combined,rls,1,10.0,True,S6_combined__rls__seed1__detect_adwin,b3cf8d14b3aed8b1d65ab4497dcbfb879dbda2ce1da03bb07f6401c9b4b9bd4a,ba90eb10e4e1f7500a344f9b4e5e676713fa49fa355f420971a75285e0b9c298,8cda5fd98865bccfe8601ace6f9a27d5a835513e,coverage_expected,0.9067813972546609,fraction
detectors,S6_combined,rls,1,10.0,True,S6_combined__rls__seed1__detect_ks,b3cf8d14b3aed8b1d65ab4497dcbfb879dbda2ce1da03bb07f6401c9b4b9bd4a,e68694c868384201c53bdaf13449887c7b05c2ad9ef5f3f7d7b8bf5cddc0bcb0,8cda5fd98865bccfe8601ace6f9a27d5a835513e,coverage_expected,0.9067813972546609,fraction
detectors,S6_combined,rls,1,10.0,True,S6_combined__rls__seed1__detect_all4,b3cf8d14b3aed8b1d65ab4497dcbfb879dbda2ce1da03bb07f6401c9b4b9bd4a,6c765cc69f3e4bb20e44be0e55caf8daf8c407d7d1c06515349b9d17ec1fddce,8cda5fd98865bccfe8601ace6f9a27d5a835513e,coverage_expected,0.9067813972546609,fraction
detectors,S6_combined,rls,2,10.0,True,S6_combined__rls__seed2__detect_cusum,e4f7ab87faf6982be139dc8af97757bff8d540d357c41e3d06ec298e4dd75854,f148dc11752161354c3021f05b1fe526c43baf276ba3893e2b36806f990aaf93,8cda5fd98865bccfe8601ace6f9a27d5a835513e,coverage_expected,0.9108550636749545,fraction
detectors,S6_combined,rls,2,10.0,True,S6_combined__rls__seed2__detect_ph,e4f7ab87faf6982be139dc8af97757bff8d540d357c41e3d06ec298e4dd75854,e5360505f8c49a15eebb5ef47f7d7477818e9b19f26155854e4ff574f74f5811,8cda5fd98865bccfe8601ace6f9a27d5a835513e,coverage_expected,0.9108550636749545,fraction
detectors,S6_combined,rls,2,10.0,True,S6_combined__rls__seed2__detect_adwin,e4f7ab87faf6982be139dc8af97757bff8d540d357c41e3d06ec298e4dd75854,ba90eb10e4e1f7500a344f9b4e5e676713fa49fa355f420971a75285e0b9c298,8cda5fd98865bccfe8601ace6f9a27d5a835513e,coverage_expected,0.9108550636749545,fraction
detectors,S6_combined,rls,2,10.0,True,S6_combined__rls__seed2__detect_ks,e4f7ab87faf6982be139dc8af97757bff8d540d357c41e3d06ec298e4dd75854,e68694c868384201c53bdaf13449887c7b05c2ad9ef5f3f7d7b8bf5cddc0bcb0,8cda5fd98865bccfe8601ace6f9a27d5a835513e,coverage_expected,0.9108550636749545,fraction
detectors,S6_combined,rls,2,10.0,True,S6_combined__rls__seed2__detect_all4,e4f7ab87faf6982be139dc8af97757bff8d540d357c41e3d06ec298e4dd75854,6c765cc69f3e4bb20e44be0e55caf8daf8c407d7d1c06515349b9d17ec1fddce,8cda5fd98865bccfe8601ace6f9a27d5a835513e,coverage_expected,0.9108550636749545,fraction
detectors,S6_combined,rls,3,10.0,True,S6_combined__rls__seed3__detect_cusum,c371bfebbbdb510b204e19fcaedea3c47a4e8b6d77499f04ee6ac55d13fed988,f148dc11752161354c3021f05b1fe526c43baf276ba3893e2b36806f990aaf93,8cda5fd98865bccfe8601ace6f9a27d5a835513e,coverage_expected,0.9209803507289246,fraction
detectors,S6_combined,rls,3,10.0,True,S6_combined__rls__seed3__detect_ph,c371bfebbbdb510b204e19fcaedea3c47a4e8b6d77499f04ee6ac55d13fed988,e5360505f8c49a15eebb5ef47f7d7477818e9b19f26155854e4ff574f74f5811,8cda5fd98865bccfe8601ace6f9a27d5a835513e,coverage_expected,0.9116392443631932,fraction
detectors,S6_combined,rls,3,10.0,True,S6_combined__rls__seed3__detect_adwin,c371bfebbbdb510b204e19fcaedea3c47a4e8b6d77499f04ee6ac55d13fed988,ba90eb10e4e1f7500a344f9b4e5e676713fa49fa355f420971a75285e0b9c298,8cda5fd98865bccfe8601ace6f9a27d5a835513e,coverage_expected,0.9116392443631932,fraction
detectors,S6_combined,rls,3,10.0,True,S6_combined__rls__seed3__detect_ks,c371bfebbbdb510b204e19fcaedea3c47a4e8b6d77499f04ee6ac55d13fed988,e68694c868384201c53bdaf13449887c7b05c2ad9ef5f3f7d7b8bf5cddc0bcb0,8cda5fd98865bccfe8601ace6f9a27d5a835513e,coverage_expected,0.9116392443631932,fraction
detectors,S6_combined,rls,3,10.0,True,S6_combined__rls__seed3__detect_all4,c371bfebbbdb510b204e19fcaedea3c47a4e8b6d77499f04ee6ac55d13fed988,6c765cc69f3e4bb20e44be0e55caf8daf8c407d7d1c06515349b9d17ec1fddce,8cda5fd98865bccfe8601ace6f9a27d5a835513e,coverage_expected,0.9209803507289246,fraction
detectors,S6_combined,rls,4,10.0,True,S6_combined__rls__seed4__detect_cusum,091893e2b20fe4f1f4ec71b10a24db6c43dabefaa37c7ef75c67f5a78f00f2b7,f148dc11752161354c3021f05b1fe526c43baf276ba3893e2b36806f990aaf93,8cda5fd98865bccfe8601ace6f9a27d5a835513e,coverage_expected,0.9137199434229137,fraction
detectors,S6_combined,rls,4,10.0,True,S6_combined__rls__seed4__detect_ph,091893e2b20fe4f1f4ec71b10a24db6c43dabefaa37c7ef75c67f5a78f00f2b7,e5360505f8c49a15eebb5ef47f7d7477818e9b19f26155854e4ff574f74f5811,8cda5fd98865bccfe8601ace6f9a27d5a835513e,coverage_expected,0.9137199434229137,fraction
detectors,S6_combined,rls,4,10.0,True,S6_combined__rls__seed4__detect_adwin,091893e2b20fe4f1f4ec71b10a24db6c43dabefaa37c7ef75c67f5a78f00f2b7,ba90eb10e4e1f7500a344f9b4e5e676713fa49fa355f420971a75285e0b9c298,8cda5fd98865bccfe8601ace6f9a27d5a835513e,coverage_expected,0.9137199434229137,fraction
detectors,S6_combined,rls,4,10.0,True,S6_combined__rls__seed4__detect_ks,091893e2b20fe4f1f4ec71b10a24db6c43dabefaa37c7ef75c67f5a78f00f2b7,e68694c868384201c53bdaf13449887c7b05c2ad9ef5f3f7d7b8bf5cddc0bcb0,8cda5fd98865bccfe8601ace6f9a27d5a835513e,coverage_expected,0.9137199434229137,fraction
detectors,S6_combined,rls,4,10.0,True,S6_combined__rls__seed4__detect_all4,091893e2b20fe4f1f4ec71b10a24db6c43dabefaa37c7ef75c67f5a78f00f2b7,6c765cc69f3e4bb20e44be0e55caf8daf8c407d7d1c06515349b9d17ec1fddce,8cda5fd98865bccfe8601ace6f9a27d5a835513e,coverage_expected,0.9137199434229137,fraction
detectors,S6_combined,rls,5,10.0,True,S6_combined__rls__seed5__detect_cusum,c1d9d4a7d46d9a42ad59de704b5ae8b21c9bf2f17d4576d9bfa6e10e6c6f4b13,f148dc11752161354c3021f05b1fe526c43baf276ba3893e2b36806f990aaf93,8cda5fd98865bccfe8601ace6f9a27d5a835513e,coverage_expected,0.8943089430894309,fraction
detectors,S6_combined,rls,5,10.0,True,S6_combined__rls__seed5__detect_ph,c1d9d4a7d46d9a42ad59de704b5ae8b21c9bf2f17d4576d9bfa6e10e6c6f4b13,e5360505f8c49a15eebb5ef47f7d7477818e9b19f26155854e4ff574f74f5811,8cda5fd98865bccfe8601ace6f9a27d5a835513e,coverage_expected,0.8943089430894309,fraction
detectors,S6_combined,rls,5,10.0,True,S6_combined__rls__seed5__detect_adwin,c1d9d4a7d46d9a42ad59de704b5ae8b21c9bf2f17d4576d9bfa6e10e6c6f4b13,ba90eb10e4e1f7500a344f9b4e5e676713fa49fa355f420971a75285e0b9c298,8cda5fd98865bccfe8601ace6f9a27d5a835513e,coverage_expected,0.8943089430894309,fraction
detectors,S6_combined,rls,5,10.0,True,S6_combined__rls__seed5__detect_ks,c1d9d4a7d46d9a42ad59de704b5ae8b21c9bf2f17d4576d9bfa6e10e6c6f4b13,e68694c868384201c53bdaf13449887c7b05c2ad9ef5f3f7d7b8bf5cddc0bcb0,8cda5fd98865bccfe8601ace6f9a27d5a835513e,coverage_expected,0.8943089430894309,fraction
detectors,S6_combined,rls,5,10.0,True,S6_combined__rls__seed5__detect_all4,c1d9d4a7d46d9a42ad59de704b5ae8b21c9bf2f17d4576d9bfa6e10e6c6f4b13,6c765cc69f3e4bb20e44be0e55caf8daf8c407d7d1c06515349b9d17ec1fddce,8cda5fd98865bccfe8601ace6f9a27d5a835513e,coverage_expected,0.8943089430894309,fraction
detectors,S6_combined,rls,6,10.0,True,S6_combined__rls__seed6__detect_cusum,8fbcb1374a66e26dea4a0e8dbcf64db42ebcd88dd11b5cd3bb5d44e8d4b0665a,f148dc11752161354c3021f05b1fe526c43baf276ba3893e2b36806f990aaf93,8cda5fd98865bccfe8601ace6f9a27d5a835513e,coverage_expected,0.9098131844535109,fraction
detectors,S6_combined,rls,6,10.0,True,S6_combined__rls__seed6__detect_ph,8fbcb1374a66e26dea4a0e8dbcf64db42ebcd88dd11b5cd3bb5d44e8d4b0665a,e5360505f8c49a15eebb5ef47f7d7477818e9b19f26155854e4ff574f74f5811,8cda5fd98865bccfe8601ace6f9a27d5a835513e,coverage_expected,0.9098131844535109,fraction
detectors,S6_combined,rls,6,10.0,True,S6_combined__rls__seed6__detect_adwin,8fbcb1374a66e26dea4a0e8dbcf64db42ebcd88dd11b5cd3bb5d44e8d4b0665a,ba90eb10e4e1f7500a344f9b4e5e676713fa49fa355f420971a75285e0b9c298,8cda5fd98865bccfe8601ace6f9a27d5a835513e,coverage_expected,0.9100279149667168,fraction
detectors,S6_combined,rls,6,10.0,True,S6_combined__rls__seed6__detect_ks,8fbcb1374a66e26dea4a0e8dbcf64db42ebcd88dd11b5cd3bb5d44e8d4b0665a,e68694c868384201c53bdaf13449887c7b05c2ad9ef5f3f7d7b8bf5cddc0bcb0,8cda5fd98865bccfe8601ace6f9a27d5a835513e,coverage_expected,0.9166494739013823,fraction
detectors,S6_combined,rls,6,10.0,True,S6_combined__rls__seed6__detect_all4,8fbcb1374a66e26dea4a0e8dbcf64db42ebcd88dd11b5cd3bb5d44e8d4b0665a,6c765cc69f3e4bb20e44be0e55caf8daf8c407d7d1c06515349b9d17ec1fddce,8cda5fd98865bccfe8601ace6f9a27d5a835513e,coverage_expected,0.9098131844535109,fraction
detectors,S6_combined,rls,7,10.0,True,S6_combined__rls__seed7__detect_cusum,eb12037c60287858e9925e83fcaf2aa6789246ee5a2aa0c936402930de58eb1c,f148dc11752161354c3021f05b1fe526c43baf276ba3893e2b36806f990aaf93,8cda5fd98865bccfe8601ace6f9a27d5a835513e,coverage_expected,0.9190071848465056,fraction
detectors,S6_combined,rls,7,10.0,True,S6_combined__rls__seed7__detect_ph,eb12037c60287858e9925e83fcaf2aa6789246ee5a2aa0c936402930de58eb1c,e5360505f8c49a15eebb5ef47f7d7477818e9b19f26155854e4ff574f74f5811,8cda5fd98865bccfe8601ace6f9a27d5a835513e,coverage_expected,0.9166122360113216,fraction
detectors,S6_combined,rls,7,10.0,True,S6_combined__rls__seed7__detect_adwin,eb12037c60287858e9925e83fcaf2aa6789246ee5a2aa0c936402930de58eb1c,ba90eb10e4e1f7500a344f9b4e5e676713fa49fa355f420971a75285e0b9c298,8cda5fd98865bccfe8601ace6f9a27d5a835513e,coverage_expected,0.9187894622251251,fraction
detectors,S6_combined,rls,7,10.0,True,S6_combined__rls__seed7__detect_ks,eb12037c60287858e9925e83fcaf2aa6789246ee5a2aa0c936402930de58eb1c,e68694c868384201c53bdaf13449887c7b05c2ad9ef5f3f7d7b8bf5cddc0bcb0,8cda5fd98865bccfe8601ace6f9a27d5a835513e,coverage_expected,0.9169977001881664,fraction
detectors,S6_combined,rls,7,10.0,True,S6_combined__rls__seed7__detect_all4,eb12037c60287858e9925e83fcaf2aa6789246ee5a2aa0c936402930de58eb1c,6c765cc69f3e4bb20e44be0e55caf8daf8c407d7d1c06515349b9d17ec1fddce,8cda5fd98865bccfe8601ace6f9a27d5a835513e,coverage_expected,0.9190071848465056,fraction
detectors,S6_combined,rls,8,10.0,True,S6_combined__rls__seed8__detect_cusum,da4740837e6cf85b5c7d22d84cf556133cbff181edcbfd4d107db823d7c1f164,f148dc11752161354c3021f05b1fe526c43baf276ba3893e2b36806f990aaf93,8cda5fd98865bccfe8601ace6f9a27d5a835513e,coverage_expected,0.9165649165649166,fraction
detectors,S6_combined,rls,8,10.0,True,S6_combined__rls__seed8__detect_ph,da4740837e6cf85b5c7d22d84cf556133cbff181edcbfd4d107db823d7c1f164,e5360505f8c49a15eebb5ef47f7d7477818e9b19f26155854e4ff574f74f5811,8cda5fd98865bccfe8601ace6f9a27d5a835513e,coverage_expected,0.9195596951735817,fraction
detectors,S6_combined,rls,8,10.0,True,S6_combined__rls__seed8__detect_adwin,da4740837e6cf85b5c7d22d84cf556133cbff181edcbfd4d107db823d7c1f164,ba90eb10e4e1f7500a344f9b4e5e676713fa49fa355f420971a75285e0b9c298,8cda5fd98865bccfe8601ace6f9a27d5a835513e,coverage_expected,0.9195596951735817,fraction
detectors,S6_combined,rls,8,10.0,True,S6_combined__rls__seed8__detect_ks,da4740837e6cf85b5c7d22d84cf556133cbff181edcbfd4d107db823d7c1f164,e68694c868384201c53bdaf13449887c7b05c2ad9ef5f3f7d7b8bf5cddc0bcb0,8cda5fd98865bccfe8601ace6f9a27d5a835513e,coverage_expected,0.9165649165649166,fraction
detectors,S6_combined,rls,8,10.0,True,S6_combined__rls__seed8__detect_all4,da4740837e6cf85b5c7d22d84cf556133cbff181edcbfd4d107db823d7c1f164,6c765cc69f3e4bb20e44be0e55caf8daf8c407d7d1c06515349b9d17ec1fddce,8cda5fd98865bccfe8601ace6f9a27d5a835513e,coverage_expected,0.9195596951735817,fraction
detectors,S6_combined,rls,9,10.0,True,S6_combined__rls__seed9__detect_cusum,29718e114c21c01b04a983f185bbf01430cfac8dd9e8b5808281b0434dac26fc,f148dc11752161354c3021f05b1fe526c43baf276ba3893e2b36806f990aaf93,8cda5fd98865bccfe8601ace6f9a27d5a835513e,coverage_expected,0.8930434782608696,fraction
detectors,S6_combined,rls,9,10.0,True,S6_combined__rls__seed9__detect_ph,29718e114c21c01b04a983f185bbf01430cfac8dd9e8b5808281b0434dac26fc,e5360505f8c49a15eebb5ef47f7d7477818e9b19f26155854e4ff574f74f5811,8cda5fd98865bccfe8601ace6f9a27d5a835513e,coverage_expected,0.8963043478260869,fraction
detectors,S6_combined,rls,9,10.0,True,S6_combined__rls__seed9__detect_adwin,29718e114c21c01b04a983f185bbf01430cfac8dd9e8b5808281b0434dac26fc,ba90eb10e4e1f7500a344f9b4e5e676713fa49fa355f420971a75285e0b9c298,8cda5fd98865bccfe8601ace6f9a27d5a835513e,coverage_expected,0.8967391304347826,fraction
detectors,S6_combined,rls,9,10.0,True,S6_combined__rls__seed9__detect_ks,29718e114c21c01b04a983f185bbf01430cfac8dd9e8b5808281b0434dac26fc,e68694c868384201c53bdaf13449887c7b05c2ad9ef5f3f7d7b8bf5cddc0bcb0,8cda5fd98865bccfe8601ace6f9a27d5a835513e,coverage_expected,0.8922755741127348,fraction
detectors,S6_combined,rls,9,10.0,True,S6_combined__rls__seed9__detect_all4,29718e114c21c01b04a983f185bbf01430cfac8dd9e8b5808281b0434dac26fc,6c765cc69f3e4bb20e44be0e55caf8daf8c407d7d1c06515349b9d17ec1fddce,8cda5fd98865bccfe8601ace6f9a27d5a835513e,coverage_expected,0.8930434782608696,fraction
detectors,S6_combined,rls,10,10.0,True,S6_combined__rls__seed10__detect_cusum,4054ab96937dfc6eef3c9c4f46347db001fd4eea59432509f786c95b51d12234,f148dc11752161354c3021f05b1fe526c43baf276ba3893e2b36806f990aaf93,8cda5fd98865bccfe8601ace6f9a27d5a835513e,coverage_expected,0.9106592729513248,fraction
detectors,S6_combined,rls,10,10.0,True,S6_combined__rls__seed10__detect_ph,4054ab96937dfc6eef3c9c4f46347db001fd4eea59432509f786c95b51d12234,e5360505f8c49a15eebb5ef47f7d7477818e9b19f26155854e4ff574f74f5811,8cda5fd98865bccfe8601ace6f9a27d5a835513e,coverage_expected,0.9106592729513248,fraction
detectors,S6_combined,rls,10,10.0,True,S6_combined__rls__seed10__detect_adwin,4054ab96937dfc6eef3c9c4f46347db001fd4eea59432509f786c95b51d12234,ba90eb10e4e1f7500a344f9b4e5e676713fa49fa355f420971a75285e0b9c298,8cda5fd98865bccfe8601ace6f9a27d5a835513e,coverage_expected,0.9106592729513248,fraction
detectors,S6_combined,rls,10,10.0,True,S6_combined__rls__seed10__detect_ks,4054ab96937dfc6eef3c9c4f46347db001fd4eea59432509f786c95b51d12234,e68694c868384201c53bdaf13449887c7b05c2ad9ef5f3f7d7b8bf5cddc0bcb0,8cda5fd98865bccfe8601ace6f9a27d5a835513e,coverage_expected,0.9106592729513248,fraction
detectors,S6_combined,rls,10,10.0,True,S6_combined__rls__seed10__detect_all4,4054ab96937dfc6eef3c9c4f46347db001fd4eea59432509f786c95b51d12234,6c765cc69f3e4bb20e44be0e55caf8daf8c407d7d1c06515349b9d17ec1fddce,8cda5fd98865bccfe8601ace6f9a27d5a835513e,coverage_expected,0.9106592729513248,fraction
detectors,S4_step_fault,rls,1,10.0,True,S4_step_fault__rls__seed1__detect_cusum,7d29a6d7dca932314e512c265e0e559ec6cc02e548aa25349a95d1f29dbf9ef1,f148dc11752161354c3021f05b1fe526c43baf276ba3893e2b36806f990aaf93,8cda5fd98865bccfe8601ace6f9a27d5a835513e,recall,0.0,fraction
detectors,S4_step_fault,rls,1,10.0,True,S4_step_fault__rls__seed1__detect_ph,7d29a6d7dca932314e512c265e0e559ec6cc02e548aa25349a95d1f29dbf9ef1,e5360505f8c49a15eebb5ef47f7d7477818e9b19f26155854e4ff574f74f5811,8cda5fd98865bccfe8601ace6f9a27d5a835513e,recall,0.0,fraction
detectors,S4_step_fault,rls,1,10.0,True,S4_step_fault__rls__seed1__detect_adwin,7d29a6d7dca932314e512c265e0e559ec6cc02e548aa25349a95d1f29dbf9ef1,ba90eb10e4e1f7500a344f9b4e5e676713fa49fa355f420971a75285e0b9c298,8cda5fd98865bccfe8601ace6f9a27d5a835513e,recall,0.0,fraction
detectors,S4_step_fault,rls,1,10.0,True,S4_step_fault__rls__seed1__detect_ks,7d29a6d7dca932314e512c265e0e559ec6cc02e548aa25349a95d1f29dbf9ef1,e68694c868384201c53bdaf13449887c7b05c2ad9ef5f3f7d7b8bf5cddc0bcb0,8cda5fd98865bccfe8601ace6f9a27d5a835513e,recall,0.0,fraction
detectors,S4_step_fault,rls,1,10.0,True,S4_step_fault__rls__seed1__detect_all4,7d29a6d7dca932314e512c265e0e559ec6cc02e548aa25349a95d1f29dbf9ef1,6c765cc69f3e4bb20e44be0e55caf8daf8c407d7d1c06515349b9d17ec1fddce,8cda5fd98865bccfe8601ace6f9a27d5a835513e,recall,0.0,fraction
detectors,S4_step_fault,rls,2,10.0,True,S4_step_fault__rls__seed2__detect_cusum,adc80992e5ad2b0074c2ccb5fd189429c3fd11d2d51d242aa1caec078b0db1d2,f148dc11752161354c3021f05b1fe526c43baf276ba3893e2b36806f990aaf93,8cda5fd98865bccfe8601ace6f9a27d5a835513e,recall,0.0,fraction
detectors,S4_step_fault,rls,2,10.0,True,S4_step_fault__rls__seed2__detect_ph,adc80992e5ad2b0074c2ccb5fd189429c3fd11d2d51d242aa1caec078b0db1d2,e5360505f8c49a15eebb5ef47f7d7477818e9b19f26155854e4ff574f74f5811,8cda5fd98865bccfe8601ace6f9a27d5a835513e,recall,0.0,fraction
detectors,S4_step_fault,rls,2,10.0,True,S4_step_fault__rls__seed2__detect_adwin,adc80992e5ad2b0074c2ccb5fd189429c3fd11d2d51d242aa1caec078b0db1d2,ba90eb10e4e1f7500a344f9b4e5e676713fa49fa355f420971a75285e0b9c298,8cda5fd98865bccfe8601ace6f9a27d5a835513e,recall,0.0,fraction
detectors,S4_step_fault,rls,2,10.0,True,S4_step_fault__rls__seed2__detect_ks,adc80992e5ad2b0074c2ccb5fd189429c3fd11d2d51d242aa1caec078b0db1d2,e68694c868384201c53bdaf13449887c7b05c2ad9ef5f3f7d7b8bf5cddc0bcb0,8cda5fd98865bccfe8601ace6f9a27d5a835513e,recall,0.0,fraction
detectors,S4_step_fault,rls,2,10.0,True,S4_step_fault__rls__seed2__detect_all4,adc80992e5ad2b0074c2ccb5fd189429c3fd11d2d51d242aa1caec078b0db1d2,6c765cc69f3e4bb20e44be0e55caf8daf8c407d7d1c06515349b9d17ec1fddce,8cda5fd98865bccfe8601ace6f9a27d5a835513e,recall,0.0,fraction
detectors,S4_step_fault,rls,3,10.0,True,S4_step_fault__rls__seed3__detect_cusum,755a0aa70d2f3fe05534c8cb137d5df18ed16325d4692fc840c3daee2c8a8c92,f148dc11752161354c3021f05b1fe526c43baf276ba3893e2b36806f990aaf93,8cda5fd98865bccfe8601ace6f9a27d5a835513e,recall,0.5,fraction
detectors,S4_step_fault,rls,3,10.0,True,S4_step_fault__rls__seed3__detect_ph,755a0aa70d2f3fe05534c8cb137d5df18ed16325d4692fc840c3daee2c8a8c92,e5360505f8c49a15eebb5ef47f7d7477818e9b19f26155854e4ff574f74f5811,8cda5fd98865bccfe8601ace6f9a27d5a835513e,recall,0.0,fraction
detectors,S4_step_fault,rls,3,10.0,True,S4_step_fault__rls__seed3__detect_adwin,755a0aa70d2f3fe05534c8cb137d5df18ed16325d4692fc840c3daee2c8a8c92,ba90eb10e4e1f7500a344f9b4e5e676713fa49fa355f420971a75285e0b9c298,8cda5fd98865bccfe8601ace6f9a27d5a835513e,recall,0.0,fraction
detectors,S4_step_fault,rls,3,10.0,True,S4_step_fault__rls__seed3__detect_ks,755a0aa70d2f3fe05534c8cb137d5df18ed16325d4692fc840c3daee2c8a8c92,e68694c868384201c53bdaf13449887c7b05c2ad9ef5f3f7d7b8bf5cddc0bcb0,8cda5fd98865bccfe8601ace6f9a27d5a835513e,recall,0.0,fraction
detectors,S4_step_fault,rls,3,10.0,True,S4_step_fault__rls__seed3__detect_all4,755a0aa70d2f3fe05534c8cb137d5df18ed16325d4692fc840c3daee2c8a8c92,6c765cc69f3e4bb20e44be0e55caf8daf8c407d7d1c06515349b9d17ec1fddce,8cda5fd98865bccfe8601ace6f9a27d5a835513e,recall,0.5,fraction
detectors,S4_step_fault,rls,4,10.0,True,S4_step_fault__rls__seed4__detect_cusum,57d0146db86c059173927b479ffa5908a6e01f3cdeb9f10b63e58e983cd88fb2,f148dc11752161354c3021f05b1fe526c43baf276ba3893e2b36806f990aaf93,8cda5fd98865bccfe8601ace6f9a27d5a835513e,recall,0.0,fraction
detectors,S4_step_fault,rls,4,10.0,True,S4_step_fault__rls__seed4__detect_ph,57d0146db86c059173927b479ffa5908a6e01f3cdeb9f10b63e58e983cd88fb2,e5360505f8c49a15eebb5ef47f7d7477818e9b19f26155854e4ff574f74f5811,8cda5fd98865bccfe8601ace6f9a27d5a835513e,recall,0.0,fraction
detectors,S4_step_fault,rls,4,10.0,True,S4_step_fault__rls__seed4__detect_adwin,57d0146db86c059173927b479ffa5908a6e01f3cdeb9f10b63e58e983cd88fb2,ba90eb10e4e1f7500a344f9b4e5e676713fa49fa355f420971a75285e0b9c298,8cda5fd98865bccfe8601ace6f9a27d5a835513e,recall,0.0,fraction
detectors,S4_step_fault,rls,4,10.0,True,S4_step_fault__rls__seed4__detect_ks,57d0146db86c059173927b479ffa5908a6e01f3cdeb9f10b63e58e983cd88fb2,e68694c868384201c53bdaf13449887c7b05c2ad9ef5f3f7d7b8bf5cddc0bcb0,8cda5fd98865bccfe8601ace6f9a27d5a835513e,recall,0.0,fraction
detectors,S4_step_fault,rls,4,10.0,True,S4_step_fault__rls__seed4__detect_all4,57d0146db86c059173927b479ffa5908a6e01f3cdeb9f10b63e58e983cd88fb2,6c765cc69f3e4bb20e44be0e55caf8daf8c407d7d1c06515349b9d17ec1fddce,8cda5fd98865bccfe8601ace6f9a27d5a835513e,recall,0.0,fraction
detectors,S4_step_fault,rls,5,10.0,True,S4_step_fault__rls__seed5__detect_cusum,1efe02364dacd47e4d9a937957614582b8530ef56f2b525678988666500727b7,f148dc11752161354c3021f05b1fe526c43baf276ba3893e2b36806f990aaf93,8cda5fd98865bccfe8601ace6f9a27d5a835513e,recall,0.0,fraction
detectors,S4_step_fault,rls,5,10.0,True,S4_step_fault__rls__seed5__detect_ph,1efe02364dacd47e4d9a937957614582b8530ef56f2b525678988666500727b7,e5360505f8c49a15eebb5ef47f7d7477818e9b19f26155854e4ff574f74f5811,8cda5fd98865bccfe8601ace6f9a27d5a835513e,recall,0.0,fraction
detectors,S4_step_fault,rls,5,10.0,True,S4_step_fault__rls__seed5__detect_adwin,1efe02364dacd47e4d9a937957614582b8530ef56f2b525678988666500727b7,ba90eb10e4e1f7500a344f9b4e5e676713fa49fa355f420971a75285e0b9c298,8cda5fd98865bccfe8601ace6f9a27d5a835513e,recall,0.0,fraction
detectors,S4_step_fault,rls,5,10.0,True,S4_step_fault__rls__seed5__detect_ks,1efe02364dacd47e4d9a937957614582b8530ef56f2b525678988666500727b7,e68694c868384201c53bdaf13449887c7b05c2ad9ef5f3f7d7b8bf5cddc0bcb0,8cda5fd98865bccfe8601ace6f9a27d5a835513e,recall,0.0,fraction
detectors,S4_step_fault,rls,5,10.0,True,S4_step_fault__rls__seed5__detect_all4,1efe02364dacd47e4d9a937957614582b8530ef56f2b525678988666500727b7,6c765cc69f3e4bb20e44be0e55caf8daf8c407d7d1c06515349b9d17ec1fddce,8cda5fd98865bccfe8601ace6f9a27d5a835513e,recall,0.0,fraction
detectors,S4_step_fault,rls,6,10.0,True,S4_step_fault__rls__seed6__detect_cusum,edb8fb013b7aeb64e877b749783afa62d6864702f69cf9e7c539d6cd9df4f86d,f148dc11752161354c3021f05b1fe526c43baf276ba3893e2b36806f990aaf93,8cda5fd98865bccfe8601ace6f9a27d5a835513e,recall,0.5,fraction
detectors,S4_step_fault,rls,6,10.0,True,S4_step_fault__rls__seed6__detect_ph,edb8fb013b7aeb64e877b749783afa62d6864702f69cf9e7c539d6cd9df4f86d,e5360505f8c49a15eebb5ef47f7d7477818e9b19f26155854e4ff574f74f5811,8cda5fd98865bccfe8601ace6f9a27d5a835513e,recall,0.0,fraction
detectors,S4_step_fault,rls,6,10.0,True,S4_step_fault__rls__seed6__detect_adwin,edb8fb013b7aeb64e877b749783afa62d6864702f69cf9e7c539d6cd9df4f86d,ba90eb10e4e1f7500a344f9b4e5e676713fa49fa355f420971a75285e0b9c298,8cda5fd98865bccfe8601ace6f9a27d5a835513e,recall,0.0,fraction
detectors,S4_step_fault,rls,6,10.0,True,S4_step_fault__rls__seed6__detect_ks,edb8fb013b7aeb64e877b749783afa62d6864702f69cf9e7c539d6cd9df4f86d,e68694c868384201c53bdaf13449887c7b05c2ad9ef5f3f7d7b8bf5cddc0bcb0,8cda5fd98865bccfe8601ace6f9a27d5a835513e,recall,0.0,fraction
detectors,S4_step_fault,rls,6,10.0,True,S4_step_fault__rls__seed6__detect_all4,edb8fb013b7aeb64e877b749783afa62d6864702f69cf9e7c539d6cd9df4f86d,6c765cc69f3e4bb20e44be0e55caf8daf8c407d7d1c06515349b9d17ec1fddce,8cda5fd98865bccfe8601ace6f9a27d5a835513e,recall,0.5,fraction
detectors,S4_step_fault,rls,7,10.0,True,S4_step_fault__rls__seed7__detect_cusum,5cf17843f3bfe6e9f5ce0f88df6e9f0fa19691e7d0781a28d2e0071debfacd13,f148dc11752161354c3021f05b1fe526c43baf276ba3893e2b36806f990aaf93,8cda5fd98865bccfe8601ace6f9a27d5a835513e,recall,0.5,fraction
detectors,S4_step_fault,rls,7,10.0,True,S4_step_fault__rls__seed7__detect_ph,5cf17843f3bfe6e9f5ce0f88df6e9f0fa19691e7d0781a28d2e0071debfacd13,e5360505f8c49a15eebb5ef47f7d7477818e9b19f26155854e4ff574f74f5811,8cda5fd98865bccfe8601ace6f9a27d5a835513e,recall,0.5,fraction
detectors,S4_step_fault,rls,7,10.0,True,S4_step_fault__rls__seed7__detect_adwin,5cf17843f3bfe6e9f5ce0f88df6e9f0fa19691e7d0781a28d2e0071debfacd13,ba90eb10e4e1f7500a344f9b4e5e676713fa49fa355f420971a75285e0b9c298,8cda5fd98865bccfe8601ace6f9a27d5a835513e,recall,0.0,fraction
detectors,S4_step_fault,rls,7,10.0,True,S4_step_fault__rls__seed7__detect_ks,5cf17843f3bfe6e9f5ce0f88df6e9f0fa19691e7d0781a28d2e0071debfacd13,e68694c868384201c53bdaf13449887c7b05c2ad9ef5f3f7d7b8bf5cddc0bcb0,8cda5fd98865bccfe8601ace6f9a27d5a835513e,recall,0.0,fraction
detectors,S4_step_fault,rls,7,10.0,True,S4_step_fault__rls__seed7__detect_all4,5cf17843f3bfe6e9f5ce0f88df6e9f0fa19691e7d0781a28d2e0071debfacd13,6c765cc69f3e4bb20e44be0e55caf8daf8c407d7d1c06515349b9d17ec1fddce,8cda5fd98865bccfe8601ace6f9a27d5a835513e,recall,0.5,fraction
detectors,S4_step_fault,rls,8,10.0,True,S4_step_fault__rls__seed8__detect_cusum,4471998ed306e877216c6c1b12b8ba9d62e309093746866fb7f4d683dd3b0138,f148dc11752161354c3021f05b1fe526c43baf276ba3893e2b36806f990aaf93,8cda5fd98865bccfe8601ace6f9a27d5a835513e,recall,0.0,fraction
detectors,S4_step_fault,rls,8,10.0,True,S4_step_fault__rls__seed8__detect_ph,4471998ed306e877216c6c1b12b8ba9d62e309093746866fb7f4d683dd3b0138,e5360505f8c49a15eebb5ef47f7d7477818e9b19f26155854e4ff574f74f5811,8cda5fd98865bccfe8601ace6f9a27d5a835513e,recall,0.0,fraction
detectors,S4_step_fault,rls,8,10.0,True,S4_step_fault__rls__seed8__detect_adwin,4471998ed306e877216c6c1b12b8ba9d62e309093746866fb7f4d683dd3b0138,ba90eb10e4e1f7500a344f9b4e5e676713fa49fa355f420971a75285e0b9c298,8cda5fd98865bccfe8601ace6f9a27d5a835513e,recall,0.0,fraction
detectors,S4_step_fault,rls,8,10.0,True,S4_step_fault__rls__seed8__detect_ks,4471998ed306e877216c6c1b12b8ba9d62e309093746866fb7f4d683dd3b0138,e68694c868384201c53bdaf13449887c7b05c2ad9ef5f3f7d7b8bf5cddc0bcb0,8cda5fd98865bccfe8601ace6f9a27d5a835513e,recall,0.0,fraction
detectors,S4_step_fault,rls,8,10.0,True,S4_step_fault__rls__seed8__detect_all4,4471998ed306e877216c6c1b12b8ba9d62e309093746866fb7f4d683dd3b0138,6c765cc69f3e4bb20e44be0e55caf8daf8c407d7d1c06515349b9d17ec1fddce,8cda5fd98865bccfe8601ace6f9a27d5a835513e,recall,0.0,fraction
detectors,S4_step_fault,rls,9,10.0,True,S4_step_fault__rls__seed9__detect_cusum,af86278540fa1654a3e5819e52691400963a2f43bbaf4be0dd151148c2836411,f148dc11752161354c3021f05b1fe526c43baf276ba3893e2b36806f990aaf93,8cda5fd98865bccfe8601ace6f9a27d5a835513e,recall,0.0,fraction
detectors,S4_step_fault,rls,9,10.0,True,S4_step_fault__rls__seed9__detect_ph,af86278540fa1654a3e5819e52691400963a2f43bbaf4be0dd151148c2836411,e5360505f8c49a15eebb5ef47f7d7477818e9b19f26155854e4ff574f74f5811,8cda5fd98865bccfe8601ace6f9a27d5a835513e,recall,0.0,fraction
detectors,S4_step_fault,rls,9,10.0,True,S4_step_fault__rls__seed9__detect_adwin,af86278540fa1654a3e5819e52691400963a2f43bbaf4be0dd151148c2836411,ba90eb10e4e1f7500a344f9b4e5e676713fa49fa355f420971a75285e0b9c298,8cda5fd98865bccfe8601ace6f9a27d5a835513e,recall,0.0,fraction
detectors,S4_step_fault,rls,9,10.0,True,S4_step_fault__rls__seed9__detect_ks,af86278540fa1654a3e5819e52691400963a2f43bbaf4be0dd151148c2836411,e68694c868384201c53bdaf13449887c7b05c2ad9ef5f3f7d7b8bf5cddc0bcb0,8cda5fd98865bccfe8601ace6f9a27d5a835513e,recall,0.0,fraction
detectors,S4_step_fault,rls,9,10.0,True,S4_step_fault__rls__seed9__detect_all4,af86278540fa1654a3e5819e52691400963a2f43bbaf4be0dd151148c2836411,6c765cc69f3e4bb20e44be0e55caf8daf8c407d7d1c06515349b9d17ec1fddce,8cda5fd98865bccfe8601ace6f9a27d5a835513e,recall,0.0,fraction
detectors,S4_step_fault,rls,10,10.0,True,S4_step_fault__rls__seed10__detect_cusum,b97f4fa67d55b0a4900a4dc84b9f38b152ab85aa07d9118de95bac234f41360d,f148dc11752161354c3021f05b1fe526c43baf276ba3893e2b36806f990aaf93,8cda5fd98865bccfe8601ace6f9a27d5a835513e,recall,0.0,fraction
detectors,S4_step_fault,rls,10,10.0,True,S4_step_fault__rls__seed10__detect_ph,b97f4fa67d55b0a4900a4dc84b9f38b152ab85aa07d9118de95bac234f41360d,e5360505f8c49a15eebb5ef47f7d7477818e9b19f26155854e4ff574f74f5811,8cda5fd98865bccfe8601ace6f9a27d5a835513e,recall,0.0,fraction
detectors,S4_step_fault,rls,10,10.0,True,S4_step_fault__rls__seed10__detect_adwin,b97f4fa67d55b0a4900a4dc84b9f38b152ab85aa07d9118de95bac234f41360d,ba90eb10e4e1f7500a344f9b4e5e676713fa49fa355f420971a75285e0b9c298,8cda5fd98865bccfe8601ace6f9a27d5a835513e,recall,0.0,fraction
detectors,S4_step_fault,rls,10,10.0,True,S4_step_fault__rls__seed10__detect_ks,b97f4fa67d55b0a4900a4dc84b9f38b152ab85aa07d9118de95bac234f41360d,e68694c868384201c53bdaf13449887c7b05c2ad9ef5f3f7d7b8bf5cddc0bcb0,8cda5fd98865bccfe8601ace6f9a27d5a835513e,recall,0.0,fraction
detectors,S4_step_fault,rls,10,10.0,True,S4_step_fault__rls__seed10__detect_all4,b97f4fa67d55b0a4900a4dc84b9f38b152ab85aa07d9118de95bac234f41360d,6c765cc69f3e4bb20e44be0e55caf8daf8c407d7d1c06515349b9d17ec1fddce,8cda5fd98865bccfe8601ace6f9a27d5a835513e,recall,0.0,fraction
detectors,S6_combined,rls,1,10.0,True,S6_combined__rls__seed1__detect_cusum,b3cf8d14b3aed8b1d65ab4497dcbfb879dbda2ce1da03bb07f6401c9b4b9bd4a,f148dc11752161354c3021f05b1fe526c43baf276ba3893e2b36806f990aaf93,8cda5fd98865bccfe8601ace6f9a27d5a835513e,recall,0.0,fraction
detectors,S6_combined,rls,1,10.0,True,S6_combined__rls__seed1__detect_ph,b3cf8d14b3aed8b1d65ab4497dcbfb879dbda2ce1da03bb07f6401c9b4b9bd4a,e5360505f8c49a15eebb5ef47f7d7477818e9b19f26155854e4ff574f74f5811,8cda5fd98865bccfe8601ace6f9a27d5a835513e,recall,0.0,fraction
detectors,S6_combined,rls,1,10.0,True,S6_combined__rls__seed1__detect_adwin,b3cf8d14b3aed8b1d65ab4497dcbfb879dbda2ce1da03bb07f6401c9b4b9bd4a,ba90eb10e4e1f7500a344f9b4e5e676713fa49fa355f420971a75285e0b9c298,8cda5fd98865bccfe8601ace6f9a27d5a835513e,recall,0.0,fraction
detectors,S6_combined,rls,1,10.0,True,S6_combined__rls__seed1__detect_ks,b3cf8d14b3aed8b1d65ab4497dcbfb879dbda2ce1da03bb07f6401c9b4b9bd4a,e68694c868384201c53bdaf13449887c7b05c2ad9ef5f3f7d7b8bf5cddc0bcb0,8cda5fd98865bccfe8601ace6f9a27d5a835513e,recall,0.0,fraction
detectors,S6_combined,rls,1,10.0,True,S6_combined__rls__seed1__detect_all4,b3cf8d14b3aed8b1d65ab4497dcbfb879dbda2ce1da03bb07f6401c9b4b9bd4a,6c765cc69f3e4bb20e44be0e55caf8daf8c407d7d1c06515349b9d17ec1fddce,8cda5fd98865bccfe8601ace6f9a27d5a835513e,recall,0.0,fraction
detectors,S6_combined,rls,2,10.0,True,S6_combined__rls__seed2__detect_cusum,e4f7ab87faf6982be139dc8af97757bff8d540d357c41e3d06ec298e4dd75854,f148dc11752161354c3021f05b1fe526c43baf276ba3893e2b36806f990aaf93,8cda5fd98865bccfe8601ace6f9a27d5a835513e,recall,0.0,fraction
detectors,S6_combined,rls,2,10.0,True,S6_combined__rls__seed2__detect_ph,e4f7ab87faf6982be139dc8af97757bff8d540d357c41e3d06ec298e4dd75854,e5360505f8c49a15eebb5ef47f7d7477818e9b19f26155854e4ff574f74f5811,8cda5fd98865bccfe8601ace6f9a27d5a835513e,recall,0.0,fraction
detectors,S6_combined,rls,2,10.0,True,S6_combined__rls__seed2__detect_adwin,e4f7ab87faf6982be139dc8af97757bff8d540d357c41e3d06ec298e4dd75854,ba90eb10e4e1f7500a344f9b4e5e676713fa49fa355f420971a75285e0b9c298,8cda5fd98865bccfe8601ace6f9a27d5a835513e,recall,0.0,fraction
detectors,S6_combined,rls,2,10.0,True,S6_combined__rls__seed2__detect_ks,e4f7ab87faf6982be139dc8af97757bff8d540d357c41e3d06ec298e4dd75854,e68694c868384201c53bdaf13449887c7b05c2ad9ef5f3f7d7b8bf5cddc0bcb0,8cda5fd98865bccfe8601ace6f9a27d5a835513e,recall,0.0,fraction
detectors,S6_combined,rls,2,10.0,True,S6_combined__rls__seed2__detect_all4,e4f7ab87faf6982be139dc8af97757bff8d540d357c41e3d06ec298e4dd75854,6c765cc69f3e4bb20e44be0e55caf8daf8c407d7d1c06515349b9d17ec1fddce,8cda5fd98865bccfe8601ace6f9a27d5a835513e,recall,0.0,fraction
detectors,S6_combined,rls,3,10.0,True,S6_combined__rls__seed3__detect_cusum,c371bfebbbdb510b204e19fcaedea3c47a4e8b6d77499f04ee6ac55d13fed988,f148dc11752161354c3021f05b1fe526c43baf276ba3893e2b36806f990aaf93,8cda5fd98865bccfe8601ace6f9a27d5a835513e,recall,0.0,fraction
detectors,S6_combined,rls,3,10.0,True,S6_combined__rls__seed3__detect_ph,c371bfebbbdb510b204e19fcaedea3c47a4e8b6d77499f04ee6ac55d13fed988,e5360505f8c49a15eebb5ef47f7d7477818e9b19f26155854e4ff574f74f5811,8cda5fd98865bccfe8601ace6f9a27d5a835513e,recall,0.0,fraction
detectors,S6_combined,rls,3,10.0,True,S6_combined__rls__seed3__detect_adwin,c371bfebbbdb510b204e19fcaedea3c47a4e8b6d77499f04ee6ac55d13fed988,ba90eb10e4e1f7500a344f9b4e5e676713fa49fa355f420971a75285e0b9c298,8cda5fd98865bccfe8601ace6f9a27d5a835513e,recall,0.0,fraction
detectors,S6_combined,rls,3,10.0,True,S6_combined__rls__seed3__detect_ks,c371bfebbbdb510b204e19fcaedea3c47a4e8b6d77499f04ee6ac55d13fed988,e68694c868384201c53bdaf13449887c7b05c2ad9ef5f3f7d7b8bf5cddc0bcb0,8cda5fd98865bccfe8601ace6f9a27d5a835513e,recall,0.0,fraction
detectors,S6_combined,rls,3,10.0,True,S6_combined__rls__seed3__detect_all4,c371bfebbbdb510b204e19fcaedea3c47a4e8b6d77499f04ee6ac55d13fed988,6c765cc69f3e4bb20e44be0e55caf8daf8c407d7d1c06515349b9d17ec1fddce,8cda5fd98865bccfe8601ace6f9a27d5a835513e,recall,0.0,fraction
detectors,S6_combined,rls,4,10.0,True,S6_combined__rls__seed4__detect_cusum,091893e2b20fe4f1f4ec71b10a24db6c43dabefaa37c7ef75c67f5a78f00f2b7,f148dc11752161354c3021f05b1fe526c43baf276ba3893e2b36806f990aaf93,8cda5fd98865bccfe8601ace6f9a27d5a835513e,recall,0.0,fraction
detectors,S6_combined,rls,4,10.0,True,S6_combined__rls__seed4__detect_ph,091893e2b20fe4f1f4ec71b10a24db6c43dabefaa37c7ef75c67f5a78f00f2b7,e5360505f8c49a15eebb5ef47f7d7477818e9b19f26155854e4ff574f74f5811,8cda5fd98865bccfe8601ace6f9a27d5a835513e,recall,0.0,fraction
detectors,S6_combined,rls,4,10.0,True,S6_combined__rls__seed4__detect_adwin,091893e2b20fe4f1f4ec71b10a24db6c43dabefaa37c7ef75c67f5a78f00f2b7,ba90eb10e4e1f7500a344f9b4e5e676713fa49fa355f420971a75285e0b9c298,8cda5fd98865bccfe8601ace6f9a27d5a835513e,recall,0.0,fraction
detectors,S6_combined,rls,4,10.0,True,S6_combined__rls__seed4__detect_ks,091893e2b20fe4f1f4ec71b10a24db6c43dabefaa37c7ef75c67f5a78f00f2b7,e68694c868384201c53bdaf13449887c7b05c2ad9ef5f3f7d7b8bf5cddc0bcb0,8cda5fd98865bccfe8601ace6f9a27d5a835513e,recall,0.0,fraction
detectors,S6_combined,rls,4,10.0,True,S6_combined__rls__seed4__detect_all4,091893e2b20fe4f1f4ec71b10a24db6c43dabefaa37c7ef75c67f5a78f00f2b7,6c765cc69f3e4bb20e44be0e55caf8daf8c407d7d1c06515349b9d17ec1fddce,8cda5fd98865bccfe8601ace6f9a27d5a835513e,recall,0.0,fraction
detectors,S6_combined,rls,5,10.0,True,S6_combined__rls__seed5__detect_cusum,c1d9d4a7d46d9a42ad59de704b5ae8b21c9bf2f17d4576d9bfa6e10e6c6f4b13,f148dc11752161354c3021f05b1fe526c43baf276ba3893e2b36806f990aaf93,8cda5fd98865bccfe8601ace6f9a27d5a835513e,recall,0.0,fraction
detectors,S6_combined,rls,5,10.0,True,S6_combined__rls__seed5__detect_ph,c1d9d4a7d46d9a42ad59de704b5ae8b21c9bf2f17d4576d9bfa6e10e6c6f4b13,e5360505f8c49a15eebb5ef47f7d7477818e9b19f26155854e4ff574f74f5811,8cda5fd98865bccfe8601ace6f9a27d5a835513e,recall,0.0,fraction
detectors,S6_combined,rls,5,10.0,True,S6_combined__rls__seed5__detect_adwin,c1d9d4a7d46d9a42ad59de704b5ae8b21c9bf2f17d4576d9bfa6e10e6c6f4b13,ba90eb10e4e1f7500a344f9b4e5e676713fa49fa355f420971a75285e0b9c298,8cda5fd98865bccfe8601ace6f9a27d5a835513e,recall,0.0,fraction
detectors,S6_combined,rls,5,10.0,True,S6_combined__rls__seed5__detect_ks,c1d9d4a7d46d9a42ad59de704b5ae8b21c9bf2f17d4576d9bfa6e10e6c6f4b13,e68694c868384201c53bdaf13449887c7b05c2ad9ef5f3f7d7b8bf5cddc0bcb0,8cda5fd98865bccfe8601ace6f9a27d5a835513e,recall,0.0,fraction
detectors,S6_combined,rls,5,10.0,True,S6_combined__rls__seed5__detect_all4,c1d9d4a7d46d9a42ad59de704b5ae8b21c9bf2f17d4576d9bfa6e10e6c6f4b13,6c765cc69f3e4bb20e44be0e55caf8daf8c407d7d1c06515349b9d17ec1fddce,8cda5fd98865bccfe8601ace6f9a27d5a835513e,recall,0.0,fraction
detectors,S6_combined,rls,6,10.0,True,S6_combined__rls__seed6__detect_cusum,8fbcb1374a66e26dea4a0e8dbcf64db42ebcd88dd11b5cd3bb5d44e8d4b0665a,f148dc11752161354c3021f05b1fe526c43baf276ba3893e2b36806f990aaf93,8cda5fd98865bccfe8601ace6f9a27d5a835513e,recall,0.0,fraction
detectors,S6_combined,rls,6,10.0,True,S6_combined__rls__seed6__detect_ph,8fbcb1374a66e26dea4a0e8dbcf64db42ebcd88dd11b5cd3bb5d44e8d4b0665a,e5360505f8c49a15eebb5ef47f7d7477818e9b19f26155854e4ff574f74f5811,8cda5fd98865bccfe8601ace6f9a27d5a835513e,recall,0.0,fraction
detectors,S6_combined,rls,6,10.0,True,S6_combined__rls__seed6__detect_adwin,8fbcb1374a66e26dea4a0e8dbcf64db42ebcd88dd11b5cd3bb5d44e8d4b0665a,ba90eb10e4e1f7500a344f9b4e5e676713fa49fa355f420971a75285e0b9c298,8cda5fd98865bccfe8601ace6f9a27d5a835513e,recall,0.0,fraction
detectors,S6_combined,rls,6,10.0,True,S6_combined__rls__seed6__detect_ks,8fbcb1374a66e26dea4a0e8dbcf64db42ebcd88dd11b5cd3bb5d44e8d4b0665a,e68694c868384201c53bdaf13449887c7b05c2ad9ef5f3f7d7b8bf5cddc0bcb0,8cda5fd98865bccfe8601ace6f9a27d5a835513e,recall,0.0,fraction
detectors,S6_combined,rls,6,10.0,True,S6_combined__rls__seed6__detect_all4,8fbcb1374a66e26dea4a0e8dbcf64db42ebcd88dd11b5cd3bb5d44e8d4b0665a,6c765cc69f3e4bb20e44be0e55caf8daf8c407d7d1c06515349b9d17ec1fddce,8cda5fd98865bccfe8601ace6f9a27d5a835513e,recall,0.0,fraction
detectors,S6_combined,rls,7,10.0,True,S6_combined__rls__seed7__detect_cusum,eb12037c60287858e9925e83fcaf2aa6789246ee5a2aa0c936402930de58eb1c,f148dc11752161354c3021f05b1fe526c43baf276ba3893e2b36806f990aaf93,8cda5fd98865bccfe8601ace6f9a27d5a835513e,recall,0.0,fraction
detectors,S6_combined,rls,7,10.0,True,S6_combined__rls__seed7__detect_ph,eb12037c60287858e9925e83fcaf2aa6789246ee5a2aa0c936402930de58eb1c,e5360505f8c49a15eebb5ef47f7d7477818e9b19f26155854e4ff574f74f5811,8cda5fd98865bccfe8601ace6f9a27d5a835513e,recall,0.0,fraction
detectors,S6_combined,rls,7,10.0,True,S6_combined__rls__seed7__detect_adwin,eb12037c60287858e9925e83fcaf2aa6789246ee5a2aa0c936402930de58eb1c,ba90eb10e4e1f7500a344f9b4e5e676713fa49fa355f420971a75285e0b9c298,8cda5fd98865bccfe8601ace6f9a27d5a835513e,recall,0.0,fraction
detectors,S6_combined,rls,7,10.0,True,S6_combined__rls__seed7__detect_ks,eb12037c60287858e9925e83fcaf2aa6789246ee5a2aa0c936402930de58eb1c,e68694c868384201c53bdaf13449887c7b05c2ad9ef5f3f7d7b8bf5cddc0bcb0,8cda5fd98865bccfe8601ace6f9a27d5a835513e,recall,0.0,fraction
detectors,S6_combined,rls,7,10.0,True,S6_combined__rls__seed7__detect_all4,eb12037c60287858e9925e83fcaf2aa6789246ee5a2aa0c936402930de58eb1c,6c765cc69f3e4bb20e44be0e55caf8daf8c407d7d1c06515349b9d17ec1fddce,8cda5fd98865bccfe8601ace6f9a27d5a835513e,recall,0.0,fraction
detectors,S6_combined,rls,8,10.0,True,S6_combined__rls__seed8__detect_cusum,da4740837e6cf85b5c7d22d84cf556133cbff181edcbfd4d107db823d7c1f164,f148dc11752161354c3021f05b1fe526c43baf276ba3893e2b36806f990aaf93,8cda5fd98865bccfe8601ace6f9a27d5a835513e,recall,0.0,fraction
detectors,S6_combined,rls,8,10.0,True,S6_combined__rls__seed8__detect_ph,da4740837e6cf85b5c7d22d84cf556133cbff181edcbfd4d107db823d7c1f164,e5360505f8c49a15eebb5ef47f7d7477818e9b19f26155854e4ff574f74f5811,8cda5fd98865bccfe8601ace6f9a27d5a835513e,recall,0.0,fraction
detectors,S6_combined,rls,8,10.0,True,S6_combined__rls__seed8__detect_adwin,da4740837e6cf85b5c7d22d84cf556133cbff181edcbfd4d107db823d7c1f164,ba90eb10e4e1f7500a344f9b4e5e676713fa49fa355f420971a75285e0b9c298,8cda5fd98865bccfe8601ace6f9a27d5a835513e,recall,0.0,fraction
detectors,S6_combined,rls,8,10.0,True,S6_combined__rls__seed8__detect_ks,da4740837e6cf85b5c7d22d84cf556133cbff181edcbfd4d107db823d7c1f164,e68694c868384201c53bdaf13449887c7b05c2ad9ef5f3f7d7b8bf5cddc0bcb0,8cda5fd98865bccfe8601ace6f9a27d5a835513e,recall,0.0,fraction
detectors,S6_combined,rls,8,10.0,True,S6_combined__rls__seed8__detect_all4,da4740837e6cf85b5c7d22d84cf556133cbff181edcbfd4d107db823d7c1f164,6c765cc69f3e4bb20e44be0e55caf8daf8c407d7d1c06515349b9d17ec1fddce,8cda5fd98865bccfe8601ace6f9a27d5a835513e,recall,0.0,fraction
detectors,S6_combined,rls,9,10.0,True,S6_combined__rls__seed9__detect_cusum,29718e114c21c01b04a983f185bbf01430cfac8dd9e8b5808281b0434dac26fc,f148dc11752161354c3021f05b1fe526c43baf276ba3893e2b36806f990aaf93,8cda5fd98865bccfe8601ace6f9a27d5a835513e,recall,0.0,fraction
detectors,S6_combined,rls,9,10.0,True,S6_combined__rls__seed9__detect_ph,29718e114c21c01b04a983f185bbf01430cfac8dd9e8b5808281b0434dac26fc,e5360505f8c49a15eebb5ef47f7d7477818e9b19f26155854e4ff574f74f5811,8cda5fd98865bccfe8601ace6f9a27d5a835513e,recall,0.0,fraction
detectors,S6_combined,rls,9,10.0,True,S6_combined__rls__seed9__detect_adwin,29718e114c21c01b04a983f185bbf01430cfac8dd9e8b5808281b0434dac26fc,ba90eb10e4e1f7500a344f9b4e5e676713fa49fa355f420971a75285e0b9c298,8cda5fd98865bccfe8601ace6f9a27d5a835513e,recall,0.0,fraction
detectors,S6_combined,rls,9,10.0,True,S6_combined__rls__seed9__detect_ks,29718e114c21c01b04a983f185bbf01430cfac8dd9e8b5808281b0434dac26fc,e68694c868384201c53bdaf13449887c7b05c2ad9ef5f3f7d7b8bf5cddc0bcb0,8cda5fd98865bccfe8601ace6f9a27d5a835513e,recall,0.0,fraction
detectors,S6_combined,rls,9,10.0,True,S6_combined__rls__seed9__detect_all4,29718e114c21c01b04a983f185bbf01430cfac8dd9e8b5808281b0434dac26fc,6c765cc69f3e4bb20e44be0e55caf8daf8c407d7d1c06515349b9d17ec1fddce,8cda5fd98865bccfe8601ace6f9a27d5a835513e,recall,0.0,fraction
detectors,S6_combined,rls,10,10.0,True,S6_combined__rls__seed10__detect_cusum,4054ab96937dfc6eef3c9c4f46347db001fd4eea59432509f786c95b51d12234,f148dc11752161354c3021f05b1fe526c43baf276ba3893e2b36806f990aaf93,8cda5fd98865bccfe8601ace6f9a27d5a835513e,recall,0.0,fraction
detectors,S6_combined,rls,10,10.0,True,S6_combined__rls__seed10__detect_ph,4054ab96937dfc6eef3c9c4f46347db001fd4eea59432509f786c95b51d12234,e5360505f8c49a15eebb5ef47f7d7477818e9b19f26155854e4ff574f74f5811,8cda5fd98865bccfe8601ace6f9a27d5a835513e,recall,0.0,fraction
detectors,S6_combined,rls,10,10.0,True,S6_combined__rls__seed10__detect_adwin,4054ab96937dfc6eef3c9c4f46347db001fd4eea59432509f786c95b51d12234,ba90eb10e4e1f7500a344f9b4e5e676713fa49fa355f420971a75285e0b9c298,8cda5fd98865bccfe8601ace6f9a27d5a835513e,recall,0.0,fraction
detectors,S6_combined,rls,10,10.0,True,S6_combined__rls__seed10__detect_ks,4054ab96937dfc6eef3c9c4f46347db001fd4eea59432509f786c95b51d12234,e68694c868384201c53bdaf13449887c7b05c2ad9ef5f3f7d7b8bf5cddc0bcb0,8cda5fd98865bccfe8601ace6f9a27d5a835513e,recall,0.0,fraction
detectors,S6_combined,rls,10,10.0,True,S6_combined__rls__seed10__detect_all4,4054ab96937dfc6eef3c9c4f46347db001fd4eea59432509f786c95b51d12234,6c765cc69f3e4bb20e44be0e55caf8daf8c407d7d1c06515349b9d17ec1fddce,8cda5fd98865bccfe8601ace6f9a27d5a835513e,recall,0.0,fraction
detectors,S4_step_fault,rls,1,10.0,True,S4_step_fault__rls__seed1__detect_cusum,7d29a6d7dca932314e512c265e0e559ec6cc02e548aa25349a95d1f29dbf9ef1,f148dc11752161354c3021f05b1fe526c43baf276ba3893e2b36806f990aaf93,8cda5fd98865bccfe8601ace6f9a27d5a835513e,false_positive_rate,0.0,fraction
detectors,S4_step_fault,rls,1,10.0,True,S4_step_fault__rls__seed1__detect_ph,7d29a6d7dca932314e512c265e0e559ec6cc02e548aa25349a95d1f29dbf9ef1,e5360505f8c49a15eebb5ef47f7d7477818e9b19f26155854e4ff574f74f5811,8cda5fd98865bccfe8601ace6f9a27d5a835513e,false_positive_rate,0.0,fraction
detectors,S4_step_fault,rls,1,10.0,True,S4_step_fault__rls__seed1__detect_adwin,7d29a6d7dca932314e512c265e0e559ec6cc02e548aa25349a95d1f29dbf9ef1,ba90eb10e4e1f7500a344f9b4e5e676713fa49fa355f420971a75285e0b9c298,8cda5fd98865bccfe8601ace6f9a27d5a835513e,false_positive_rate,0.0,fraction
detectors,S4_step_fault,rls,1,10.0,True,S4_step_fault__rls__seed1__detect_ks,7d29a6d7dca932314e512c265e0e559ec6cc02e548aa25349a95d1f29dbf9ef1,e68694c868384201c53bdaf13449887c7b05c2ad9ef5f3f7d7b8bf5cddc0bcb0,8cda5fd98865bccfe8601ace6f9a27d5a835513e,false_positive_rate,0.0,fraction
detectors,S4_step_fault,rls,1,10.0,True,S4_step_fault__rls__seed1__detect_all4,7d29a6d7dca932314e512c265e0e559ec6cc02e548aa25349a95d1f29dbf9ef1,6c765cc69f3e4bb20e44be0e55caf8daf8c407d7d1c06515349b9d17ec1fddce,8cda5fd98865bccfe8601ace6f9a27d5a835513e,false_positive_rate,0.0,fraction
detectors,S4_step_fault,rls,2,10.0,True,S4_step_fault__rls__seed2__detect_cusum,adc80992e5ad2b0074c2ccb5fd189429c3fd11d2d51d242aa1caec078b0db1d2,f148dc11752161354c3021f05b1fe526c43baf276ba3893e2b36806f990aaf93,8cda5fd98865bccfe8601ace6f9a27d5a835513e,false_positive_rate,0.0,fraction
detectors,S4_step_fault,rls,2,10.0,True,S4_step_fault__rls__seed2__detect_ph,adc80992e5ad2b0074c2ccb5fd189429c3fd11d2d51d242aa1caec078b0db1d2,e5360505f8c49a15eebb5ef47f7d7477818e9b19f26155854e4ff574f74f5811,8cda5fd98865bccfe8601ace6f9a27d5a835513e,false_positive_rate,0.0,fraction
detectors,S4_step_fault,rls,2,10.0,True,S4_step_fault__rls__seed2__detect_adwin,adc80992e5ad2b0074c2ccb5fd189429c3fd11d2d51d242aa1caec078b0db1d2,ba90eb10e4e1f7500a344f9b4e5e676713fa49fa355f420971a75285e0b9c298,8cda5fd98865bccfe8601ace6f9a27d5a835513e,false_positive_rate,0.0,fraction
detectors,S4_step_fault,rls,2,10.0,True,S4_step_fault__rls__seed2__detect_ks,adc80992e5ad2b0074c2ccb5fd189429c3fd11d2d51d242aa1caec078b0db1d2,e68694c868384201c53bdaf13449887c7b05c2ad9ef5f3f7d7b8bf5cddc0bcb0,8cda5fd98865bccfe8601ace6f9a27d5a835513e,false_positive_rate,0.0,fraction
detectors,S4_step_fault,rls,2,10.0,True,S4_step_fault__rls__seed2__detect_all4,adc80992e5ad2b0074c2ccb5fd189429c3fd11d2d51d242aa1caec078b0db1d2,6c765cc69f3e4bb20e44be0e55caf8daf8c407d7d1c06515349b9d17ec1fddce,8cda5fd98865bccfe8601ace6f9a27d5a835513e,false_positive_rate,0.0,fraction
detectors,S4_step_fault,rls,3,10.0,True,S4_step_fault__rls__seed3__detect_cusum,755a0aa70d2f3fe05534c8cb137d5df18ed16325d4692fc840c3daee2c8a8c92,f148dc11752161354c3021f05b1fe526c43baf276ba3893e2b36806f990aaf93,8cda5fd98865bccfe8601ace6f9a27d5a835513e,false_positive_rate,0.0,fraction
detectors,S4_step_fault,rls,3,10.0,True,S4_step_fault__rls__seed3__detect_ph,755a0aa70d2f3fe05534c8cb137d5df18ed16325d4692fc840c3daee2c8a8c92,e5360505f8c49a15eebb5ef47f7d7477818e9b19f26155854e4ff574f74f5811,8cda5fd98865bccfe8601ace6f9a27d5a835513e,false_positive_rate,0.0,fraction
detectors,S4_step_fault,rls,3,10.0,True,S4_step_fault__rls__seed3__detect_adwin,755a0aa70d2f3fe05534c8cb137d5df18ed16325d4692fc840c3daee2c8a8c92,ba90eb10e4e1f7500a344f9b4e5e676713fa49fa355f420971a75285e0b9c298,8cda5fd98865bccfe8601ace6f9a27d5a835513e,false_positive_rate,0.0,fraction
detectors,S4_step_fault,rls,3,10.0,True,S4_step_fault__rls__seed3__detect_ks,755a0aa70d2f3fe05534c8cb137d5df18ed16325d4692fc840c3daee2c8a8c92,e68694c868384201c53bdaf13449887c7b05c2ad9ef5f3f7d7b8bf5cddc0bcb0,8cda5fd98865bccfe8601ace6f9a27d5a835513e,false_positive_rate,0.0,fraction
detectors,S4_step_fault,rls,3,10.0,True,S4_step_fault__rls__seed3__detect_all4,755a0aa70d2f3fe05534c8cb137d5df18ed16325d4692fc840c3daee2c8a8c92,6c765cc69f3e4bb20e44be0e55caf8daf8c407d7d1c06515349b9d17ec1fddce,8cda5fd98865bccfe8601ace6f9a27d5a835513e,false_positive_rate,0.0,fraction
detectors,S4_step_fault,rls,4,10.0,True,S4_step_fault__rls__seed4__detect_cusum,57d0146db86c059173927b479ffa5908a6e01f3cdeb9f10b63e58e983cd88fb2,f148dc11752161354c3021f05b1fe526c43baf276ba3893e2b36806f990aaf93,8cda5fd98865bccfe8601ace6f9a27d5a835513e,false_positive_rate,0.0,fraction
detectors,S4_step_fault,rls,4,10.0,True,S4_step_fault__rls__seed4__detect_ph,57d0146db86c059173927b479ffa5908a6e01f3cdeb9f10b63e58e983cd88fb2,e5360505f8c49a15eebb5ef47f7d7477818e9b19f26155854e4ff574f74f5811,8cda5fd98865bccfe8601ace6f9a27d5a835513e,false_positive_rate,0.0,fraction
detectors,S4_step_fault,rls,4,10.0,True,S4_step_fault__rls__seed4__detect_adwin,57d0146db86c059173927b479ffa5908a6e01f3cdeb9f10b63e58e983cd88fb2,ba90eb10e4e1f7500a344f9b4e5e676713fa49fa355f420971a75285e0b9c298,8cda5fd98865bccfe8601ace6f9a27d5a835513e,false_positive_rate,0.0,fraction
detectors,S4_step_fault,rls,4,10.0,True,S4_step_fault__rls__seed4__detect_ks,57d0146db86c059173927b479ffa5908a6e01f3cdeb9f10b63e58e983cd88fb2,e68694c868384201c53bdaf13449887c7b05c2ad9ef5f3f7d7b8bf5cddc0bcb0,8cda5fd98865bccfe8601ace6f9a27d5a835513e,false_positive_rate,0.0,fraction
detectors,S4_step_fault,rls,4,10.0,True,S4_step_fault__rls__seed4__detect_all4,57d0146db86c059173927b479ffa5908a6e01f3cdeb9f10b63e58e983cd88fb2,6c765cc69f3e4bb20e44be0e55caf8daf8c407d7d1c06515349b9d17ec1fddce,8cda5fd98865bccfe8601ace6f9a27d5a835513e,false_positive_rate,0.0,fraction
detectors,S4_step_fault,rls,5,10.0,True,S4_step_fault__rls__seed5__detect_cusum,1efe02364dacd47e4d9a937957614582b8530ef56f2b525678988666500727b7,f148dc11752161354c3021f05b1fe526c43baf276ba3893e2b36806f990aaf93,8cda5fd98865bccfe8601ace6f9a27d5a835513e,false_positive_rate,0.0,fraction
detectors,S4_step_fault,rls,5,10.0,True,S4_step_fault__rls__seed5__detect_ph,1efe02364dacd47e4d9a937957614582b8530ef56f2b525678988666500727b7,e5360505f8c49a15eebb5ef47f7d7477818e9b19f26155854e4ff574f74f5811,8cda5fd98865bccfe8601ace6f9a27d5a835513e,false_positive_rate,0.0,fraction
detectors,S4_step_fault,rls,5,10.0,True,S4_step_fault__rls__seed5__detect_adwin,1efe02364dacd47e4d9a937957614582b8530ef56f2b525678988666500727b7,ba90eb10e4e1f7500a344f9b4e5e676713fa49fa355f420971a75285e0b9c298,8cda5fd98865bccfe8601ace6f9a27d5a835513e,false_positive_rate,0.0,fraction
detectors,S4_step_fault,rls,5,10.0,True,S4_step_fault__rls__seed5__detect_ks,1efe02364dacd47e4d9a937957614582b8530ef56f2b525678988666500727b7,e68694c868384201c53bdaf13449887c7b05c2ad9ef5f3f7d7b8bf5cddc0bcb0,8cda5fd98865bccfe8601ace6f9a27d5a835513e,false_positive_rate,0.0,fraction
detectors,S4_step_fault,rls,5,10.0,True,S4_step_fault__rls__seed5__detect_all4,1efe02364dacd47e4d9a937957614582b8530ef56f2b525678988666500727b7,6c765cc69f3e4bb20e44be0e55caf8daf8c407d7d1c06515349b9d17ec1fddce,8cda5fd98865bccfe8601ace6f9a27d5a835513e,false_positive_rate,0.0,fraction
detectors,S4_step_fault,rls,6,10.0,True,S4_step_fault__rls__seed6__detect_cusum,edb8fb013b7aeb64e877b749783afa62d6864702f69cf9e7c539d6cd9df4f86d,f148dc11752161354c3021f05b1fe526c43baf276ba3893e2b36806f990aaf93,8cda5fd98865bccfe8601ace6f9a27d5a835513e,false_positive_rate,0.0,fraction
detectors,S4_step_fault,rls,6,10.0,True,S4_step_fault__rls__seed6__detect_ph,edb8fb013b7aeb64e877b749783afa62d6864702f69cf9e7c539d6cd9df4f86d,e5360505f8c49a15eebb5ef47f7d7477818e9b19f26155854e4ff574f74f5811,8cda5fd98865bccfe8601ace6f9a27d5a835513e,false_positive_rate,0.0,fraction
detectors,S4_step_fault,rls,6,10.0,True,S4_step_fault__rls__seed6__detect_adwin,edb8fb013b7aeb64e877b749783afa62d6864702f69cf9e7c539d6cd9df4f86d,ba90eb10e4e1f7500a344f9b4e5e676713fa49fa355f420971a75285e0b9c298,8cda5fd98865bccfe8601ace6f9a27d5a835513e,false_positive_rate,0.0,fraction
detectors,S4_step_fault,rls,6,10.0,True,S4_step_fault__rls__seed6__detect_ks,edb8fb013b7aeb64e877b749783afa62d6864702f69cf9e7c539d6cd9df4f86d,e68694c868384201c53bdaf13449887c7b05c2ad9ef5f3f7d7b8bf5cddc0bcb0,8cda5fd98865bccfe8601ace6f9a27d5a835513e,false_positive_rate,0.0,fraction
detectors,S4_step_fault,rls,6,10.0,True,S4_step_fault__rls__seed6__detect_all4,edb8fb013b7aeb64e877b749783afa62d6864702f69cf9e7c539d6cd9df4f86d,6c765cc69f3e4bb20e44be0e55caf8daf8c407d7d1c06515349b9d17ec1fddce,8cda5fd98865bccfe8601ace6f9a27d5a835513e,false_positive_rate,0.0,fraction
detectors,S4_step_fault,rls,7,10.0,True,S4_step_fault__rls__seed7__detect_cusum,5cf17843f3bfe6e9f5ce0f88df6e9f0fa19691e7d0781a28d2e0071debfacd13,f148dc11752161354c3021f05b1fe526c43baf276ba3893e2b36806f990aaf93,8cda5fd98865bccfe8601ace6f9a27d5a835513e,false_positive_rate,0.0,fraction
detectors,S4_step_fault,rls,7,10.0,True,S4_step_fault__rls__seed7__detect_ph,5cf17843f3bfe6e9f5ce0f88df6e9f0fa19691e7d0781a28d2e0071debfacd13,e5360505f8c49a15eebb5ef47f7d7477818e9b19f26155854e4ff574f74f5811,8cda5fd98865bccfe8601ace6f9a27d5a835513e,false_positive_rate,0.0,fraction
detectors,S4_step_fault,rls,7,10.0,True,S4_step_fault__rls__seed7__detect_adwin,5cf17843f3bfe6e9f5ce0f88df6e9f0fa19691e7d0781a28d2e0071debfacd13,ba90eb10e4e1f7500a344f9b4e5e676713fa49fa355f420971a75285e0b9c298,8cda5fd98865bccfe8601ace6f9a27d5a835513e,false_positive_rate,0.0,fraction
detectors,S4_step_fault,rls,7,10.0,True,S4_step_fault__rls__seed7__detect_ks,5cf17843f3bfe6e9f5ce0f88df6e9f0fa19691e7d0781a28d2e0071debfacd13,e68694c868384201c53bdaf13449887c7b05c2ad9ef5f3f7d7b8bf5cddc0bcb0,8cda5fd98865bccfe8601ace6f9a27d5a835513e,false_positive_rate,0.0,fraction
detectors,S4_step_fault,rls,7,10.0,True,S4_step_fault__rls__seed7__detect_all4,5cf17843f3bfe6e9f5ce0f88df6e9f0fa19691e7d0781a28d2e0071debfacd13,6c765cc69f3e4bb20e44be0e55caf8daf8c407d7d1c06515349b9d17ec1fddce,8cda5fd98865bccfe8601ace6f9a27d5a835513e,false_positive_rate,0.0,fraction
detectors,S4_step_fault,rls,8,10.0,True,S4_step_fault__rls__seed8__detect_cusum,4471998ed306e877216c6c1b12b8ba9d62e309093746866fb7f4d683dd3b0138,f148dc11752161354c3021f05b1fe526c43baf276ba3893e2b36806f990aaf93,8cda5fd98865bccfe8601ace6f9a27d5a835513e,false_positive_rate,0.0,fraction
detectors,S4_step_fault,rls,8,10.0,True,S4_step_fault__rls__seed8__detect_ph,4471998ed306e877216c6c1b12b8ba9d62e309093746866fb7f4d683dd3b0138,e5360505f8c49a15eebb5ef47f7d7477818e9b19f26155854e4ff574f74f5811,8cda5fd98865bccfe8601ace6f9a27d5a835513e,false_positive_rate,0.0,fraction
detectors,S4_step_fault,rls,8,10.0,True,S4_step_fault__rls__seed8__detect_adwin,4471998ed306e877216c6c1b12b8ba9d62e309093746866fb7f4d683dd3b0138,ba90eb10e4e1f7500a344f9b4e5e676713fa49fa355f420971a75285e0b9c298,8cda5fd98865bccfe8601ace6f9a27d5a835513e,false_positive_rate,0.0,fraction
detectors,S4_step_fault,rls,8,10.0,True,S4_step_fault__rls__seed8__detect_ks,4471998ed306e877216c6c1b12b8ba9d62e309093746866fb7f4d683dd3b0138,e68694c868384201c53bdaf13449887c7b05c2ad9ef5f3f7d7b8bf5cddc0bcb0,8cda5fd98865bccfe8601ace6f9a27d5a835513e,false_positive_rate,0.0,fraction
detectors,S4_step_fault,rls,8,10.0,True,S4_step_fault__rls__seed8__detect_all4,4471998ed306e877216c6c1b12b8ba9d62e309093746866fb7f4d683dd3b0138,6c765cc69f3e4bb20e44be0e55caf8daf8c407d7d1c06515349b9d17ec1fddce,8cda5fd98865bccfe8601ace6f9a27d5a835513e,false_positive_rate,0.0,fraction
detectors,S4_step_fault,rls,9,10.0,True,S4_step_fault__rls__seed9__detect_cusum,af86278540fa1654a3e5819e52691400963a2f43bbaf4be0dd151148c2836411,f148dc11752161354c3021f05b1fe526c43baf276ba3893e2b36806f990aaf93,8cda5fd98865bccfe8601ace6f9a27d5a835513e,false_positive_rate,0.0,fraction
detectors,S4_step_fault,rls,9,10.0,True,S4_step_fault__rls__seed9__detect_ph,af86278540fa1654a3e5819e52691400963a2f43bbaf4be0dd151148c2836411,e5360505f8c49a15eebb5ef47f7d7477818e9b19f26155854e4ff574f74f5811,8cda5fd98865bccfe8601ace6f9a27d5a835513e,false_positive_rate,0.0,fraction
detectors,S4_step_fault,rls,9,10.0,True,S4_step_fault__rls__seed9__detect_adwin,af86278540fa1654a3e5819e52691400963a2f43bbaf4be0dd151148c2836411,ba90eb10e4e1f7500a344f9b4e5e676713fa49fa355f420971a75285e0b9c298,8cda5fd98865bccfe8601ace6f9a27d5a835513e,false_positive_rate,0.0,fraction
detectors,S4_step_fault,rls,9,10.0,True,S4_step_fault__rls__seed9__detect_ks,af86278540fa1654a3e5819e52691400963a2f43bbaf4be0dd151148c2836411,e68694c868384201c53bdaf13449887c7b05c2ad9ef5f3f7d7b8bf5cddc0bcb0,8cda5fd98865bccfe8601ace6f9a27d5a835513e,false_positive_rate,0.0,fraction
detectors,S4_step_fault,rls,9,10.0,True,S4_step_fault__rls__seed9__detect_all4,af86278540fa1654a3e5819e52691400963a2f43bbaf4be0dd151148c2836411,6c765cc69f3e4bb20e44be0e55caf8daf8c407d7d1c06515349b9d17ec1fddce,8cda5fd98865bccfe8601ace6f9a27d5a835513e,false_positive_rate,0.0,fraction
detectors,S4_step_fault,rls,10,10.0,True,S4_step_fault__rls__seed10__detect_cusum,b97f4fa67d55b0a4900a4dc84b9f38b152ab85aa07d9118de95bac234f41360d,f148dc11752161354c3021f05b1fe526c43baf276ba3893e2b36806f990aaf93,8cda5fd98865bccfe8601ace6f9a27d5a835513e,false_positive_rate,0.0,fraction
detectors,S4_step_fault,rls,10,10.0,True,S4_step_fault__rls__seed10__detect_ph,b97f4fa67d55b0a4900a4dc84b9f38b152ab85aa07d9118de95bac234f41360d,e5360505f8c49a15eebb5ef47f7d7477818e9b19f26155854e4ff574f74f5811,8cda5fd98865bccfe8601ace6f9a27d5a835513e,false_positive_rate,0.0,fraction
detectors,S4_step_fault,rls,10,10.0,True,S4_step_fault__rls__seed10__detect_adwin,b97f4fa67d55b0a4900a4dc84b9f38b152ab85aa07d9118de95bac234f41360d,ba90eb10e4e1f7500a344f9b4e5e676713fa49fa355f420971a75285e0b9c298,8cda5fd98865bccfe8601ace6f9a27d5a835513e,false_positive_rate,0.0,fraction
detectors,S4_step_fault,rls,10,10.0,True,S4_step_fault__rls__seed10__detect_ks,b97f4fa67d55b0a4900a4dc84b9f38b152ab85aa07d9118de95bac234f41360d,e68694c868384201c53bdaf13449887c7b05c2ad9ef5f3f7d7b8bf5cddc0bcb0,8cda5fd98865bccfe8601ace6f9a27d5a835513e,false_positive_rate,0.0,fraction
detectors,S4_step_fault,rls,10,10.0,True,S4_step_fault__rls__seed10__detect_all4,b97f4fa67d55b0a4900a4dc84b9f38b152ab85aa07d9118de95bac234f41360d,6c765cc69f3e4bb20e44be0e55caf8daf8c407d7d1c06515349b9d17ec1fddce,8cda5fd98865bccfe8601ace6f9a27d5a835513e,false_positive_rate,0.0,fraction
detectors,S6_combined,rls,1,10.0,True,S6_combined__rls__seed1__detect_cusum,b3cf8d14b3aed8b1d65ab4497dcbfb879dbda2ce1da03bb07f6401c9b4b9bd4a,f148dc11752161354c3021f05b1fe526c43baf276ba3893e2b36806f990aaf93,8cda5fd98865bccfe8601ace6f9a27d5a835513e,false_positive_rate,0.47688768040158963,fraction
detectors,S6_combined,rls,1,10.0,True,S6_combined__rls__seed1__detect_ph,b3cf8d14b3aed8b1d65ab4497dcbfb879dbda2ce1da03bb07f6401c9b4b9bd4a,e5360505f8c49a15eebb5ef47f7d7477818e9b19f26155854e4ff574f74f5811,8cda5fd98865bccfe8601ace6f9a27d5a835513e,false_positive_rate,0.47688768040158963,fraction
detectors,S6_combined,rls,1,10.0,True,S6_combined__rls__seed1__detect_adwin,b3cf8d14b3aed8b1d65ab4497dcbfb879dbda2ce1da03bb07f6401c9b4b9bd4a,ba90eb10e4e1f7500a344f9b4e5e676713fa49fa355f420971a75285e0b9c298,8cda5fd98865bccfe8601ace6f9a27d5a835513e,false_positive_rate,0.47688768040158963,fraction
detectors,S6_combined,rls,1,10.0,True,S6_combined__rls__seed1__detect_ks,b3cf8d14b3aed8b1d65ab4497dcbfb879dbda2ce1da03bb07f6401c9b4b9bd4a,e68694c868384201c53bdaf13449887c7b05c2ad9ef5f3f7d7b8bf5cddc0bcb0,8cda5fd98865bccfe8601ace6f9a27d5a835513e,false_positive_rate,0.47688768040158963,fraction
detectors,S6_combined,rls,1,10.0,True,S6_combined__rls__seed1__detect_all4,b3cf8d14b3aed8b1d65ab4497dcbfb879dbda2ce1da03bb07f6401c9b4b9bd4a,6c765cc69f3e4bb20e44be0e55caf8daf8c407d7d1c06515349b9d17ec1fddce,8cda5fd98865bccfe8601ace6f9a27d5a835513e,false_positive_rate,0.47688768040158963,fraction
detectors,S6_combined,rls,2,10.0,True,S6_combined__rls__seed2__detect_cusum,e4f7ab87faf6982be139dc8af97757bff8d540d357c41e3d06ec298e4dd75854,f148dc11752161354c3021f05b1fe526c43baf276ba3893e2b36806f990aaf93,8cda5fd98865bccfe8601ace6f9a27d5a835513e,false_positive_rate,0.46859599454755163,fraction
detectors,S6_combined,rls,2,10.0,True,S6_combined__rls__seed2__detect_ph,e4f7ab87faf6982be139dc8af97757bff8d540d357c41e3d06ec298e4dd75854,e5360505f8c49a15eebb5ef47f7d7477818e9b19f26155854e4ff574f74f5811,8cda5fd98865bccfe8601ace6f9a27d5a835513e,false_positive_rate,0.46859599454755163,fraction
detectors,S6_combined,rls,2,10.0,True,S6_combined__rls__seed2__detect_adwin,e4f7ab87faf6982be139dc8af97757bff8d540d357c41e3d06ec298e4dd75854,ba90eb10e4e1f7500a344f9b4e5e676713fa49fa355f420971a75285e0b9c298,8cda5fd98865bccfe8601ace6f9a27d5a835513e,false_positive_rate,0.46859599454755163,fraction
detectors,S6_combined,rls,2,10.0,True,S6_combined__rls__seed2__detect_ks,e4f7ab87faf6982be139dc8af97757bff8d540d357c41e3d06ec298e4dd75854,e68694c868384201c53bdaf13449887c7b05c2ad9ef5f3f7d7b8bf5cddc0bcb0,8cda5fd98865bccfe8601ace6f9a27d5a835513e,false_positive_rate,0.46859599454755163,fraction
detectors,S6_combined,rls,2,10.0,True,S6_combined__rls__seed2__detect_all4,e4f7ab87faf6982be139dc8af97757bff8d540d357c41e3d06ec298e4dd75854,6c765cc69f3e4bb20e44be0e55caf8daf8c407d7d1c06515349b9d17ec1fddce,8cda5fd98865bccfe8601ace6f9a27d5a835513e,false_positive_rate,0.46859599454755163,fraction
detectors,S6_combined,rls,3,10.0,True,S6_combined__rls__seed3__detect_cusum,c371bfebbbdb510b204e19fcaedea3c47a4e8b6d77499f04ee6ac55d13fed988,f148dc11752161354c3021f05b1fe526c43baf276ba3893e2b36806f990aaf93,8cda5fd98865bccfe8601ace6f9a27d5a835513e,false_positive_rate,0.46766378765536126,fraction
detectors,S6_combined,rls,3,10.0,True,S6_combined__rls__seed3__detect_ph,c371bfebbbdb510b204e19fcaedea3c47a4e8b6d77499f04ee6ac55d13fed988,e5360505f8c49a15eebb5ef47f7d7477818e9b19f26155854e4ff574f74f5811,8cda5fd98865bccfe8601ace6f9a27d5a835513e,false_positive_rate,0.46766378765536126,fraction
detectors,S6_combined,rls,3,10.0,True,S6_combined__rls__seed3__detect_adwin,c371bfebbbdb510b204e19fcaedea3c47a4e8b6d77499f04ee6ac55d13fed988,ba90eb10e4e1f7500a344f9b4e5e676713fa49fa355f420971a75285e0b9c298,8cda5fd98865bccfe8601ace6f9a27d5a835513e,false_positive_rate,0.46766378765536126,fraction
detectors,S6_combined,rls,3,10.0,True,S6_combined__rls__seed3__detect_ks,c371bfebbbdb510b204e19fcaedea3c47a4e8b6d77499f04ee6ac55d13fed988,e68694c868384201c53bdaf13449887c7b05c2ad9ef5f3f7d7b8bf5cddc0bcb0,8cda5fd98865bccfe8601ace6f9a27d5a835513e,false_positive_rate,0.46766378765536126,fraction
detectors,S6_combined,rls,3,10.0,True,S6_combined__rls__seed3__detect_all4,c371bfebbbdb510b204e19fcaedea3c47a4e8b6d77499f04ee6ac55d13fed988,6c765cc69f3e4bb20e44be0e55caf8daf8c407d7d1c06515349b9d17ec1fddce,8cda5fd98865bccfe8601ace6f9a27d5a835513e,false_positive_rate,0.46766378765536126,fraction
detectors,S6_combined,rls,4,10.0,True,S6_combined__rls__seed4__detect_cusum,091893e2b20fe4f1f4ec71b10a24db6c43dabefaa37c7ef75c67f5a78f00f2b7,f148dc11752161354c3021f05b1fe526c43baf276ba3893e2b36806f990aaf93,8cda5fd98865bccfe8601ace6f9a27d5a835513e,false_positive_rate,0.46833053691275167,fraction
detectors,S6_combined,rls,4,10.0,True,S6_combined__rls__seed4__detect_ph,091893e2b20fe4f1f4ec71b10a24db6c43dabefaa37c7ef75c67f5a78f00f2b7,e5360505f8c49a15eebb5ef47f7d7477818e9b19f26155854e4ff574f74f5811,8cda5fd98865bccfe8601ace6f9a27d5a835513e,false_positive_rate,0.46833053691275167,fraction
detectors,S6_combined,rls,4,10.0,True,S6_combined__rls__seed4__detect_adwin,091893e2b20fe4f1f4ec71b10a24db6c43dabefaa37c7ef75c67f5a78f00f2b7,ba90eb10e4e1f7500a344f9b4e5e676713fa49fa355f420971a75285e0b9c298,8cda5fd98865bccfe8601ace6f9a27d5a835513e,false_positive_rate,0.46833053691275167,fraction
detectors,S6_combined,rls,4,10.0,True,S6_combined__rls__seed4__detect_ks,091893e2b20fe4f1f4ec71b10a24db6c43dabefaa37c7ef75c67f5a78f00f2b7,e68694c868384201c53bdaf13449887c7b05c2ad9ef5f3f7d7b8bf5cddc0bcb0,8cda5fd98865bccfe8601ace6f9a27d5a835513e,false_positive_rate,0.46833053691275167,fraction
detectors,S6_combined,rls,4,10.0,True,S6_combined__rls__seed4__detect_all4,091893e2b20fe4f1f4ec71b10a24db6c43dabefaa37c7ef75c67f5a78f00f2b7,6c765cc69f3e4bb20e44be0e55caf8daf8c407d7d1c06515349b9d17ec1fddce,8cda5fd98865bccfe8601ace6f9a27d5a835513e,false_positive_rate,0.46833053691275167,fraction
detectors,S6_combined,rls,5,10.0,True,S6_combined__rls__seed5__detect_cusum,c1d9d4a7d46d9a42ad59de704b5ae8b21c9bf2f17d4576d9bfa6e10e6c6f4b13,f148dc11752161354c3021f05b1fe526c43baf276ba3893e2b36806f990aaf93,8cda5fd98865bccfe8601ace6f9a27d5a835513e,false_positive_rate,0.473194691190302,fraction
detectors,S6_combined,rls,5,10.0,True,S6_combined__rls__seed5__detect_ph,c1d9d4a7d46d9a42ad59de704b5ae8b21c9bf2f17d4576d9bfa6e10e6c6f4b13,e5360505f8c49a15eebb5ef47f7d7477818e9b19f26155854e4ff574f74f5811,8cda5fd98865bccfe8601ace6f9a27d5a835513e,false_positive_rate,0.473194691190302,fraction
detectors,S6_combined,rls,5,10.0,True,S6_combined__rls__seed5__detect_adwin,c1d9d4a7d46d9a42ad59de704b5ae8b21c9bf2f17d4576d9bfa6e10e6c6f4b13,ba90eb10e4e1f7500a344f9b4e5e676713fa49fa355f420971a75285e0b9c298,8cda5fd98865bccfe8601ace6f9a27d5a835513e,false_positive_rate,0.473194691190302,fraction
detectors,S6_combined,rls,5,10.0,True,S6_combined__rls__seed5__detect_ks,c1d9d4a7d46d9a42ad59de704b5ae8b21c9bf2f17d4576d9bfa6e10e6c6f4b13,e68694c868384201c53bdaf13449887c7b05c2ad9ef5f3f7d7b8bf5cddc0bcb0,8cda5fd98865bccfe8601ace6f9a27d5a835513e,false_positive_rate,0.473194691190302,fraction
detectors,S6_combined,rls,5,10.0,True,S6_combined__rls__seed5__detect_all4,c1d9d4a7d46d9a42ad59de704b5ae8b21c9bf2f17d4576d9bfa6e10e6c6f4b13,6c765cc69f3e4bb20e44be0e55caf8daf8c407d7d1c06515349b9d17ec1fddce,8cda5fd98865bccfe8601ace6f9a27d5a835513e,false_positive_rate,0.473194691190302,fraction
detectors,S6_combined,rls,6,10.0,True,S6_combined__rls__seed6__detect_cusum,8fbcb1374a66e26dea4a0e8dbcf64db42ebcd88dd11b5cd3bb5d44e8d4b0665a,f148dc11752161354c3021f05b1fe526c43baf276ba3893e2b36806f990aaf93,8cda5fd98865bccfe8601ace6f9a27d5a835513e,false_positive_rate,0.47804160537928136,fraction
detectors,S6_combined,rls,6,10.0,True,S6_combined__rls__seed6__detect_ph,8fbcb1374a66e26dea4a0e8dbcf64db42ebcd88dd11b5cd3bb5d44e8d4b0665a,e5360505f8c49a15eebb5ef47f7d7477818e9b19f26155854e4ff574f74f5811,8cda5fd98865bccfe8601ace6f9a27d5a835513e,false_positive_rate,0.47804160537928136,fraction
detectors,S6_combined,rls,6,10.0,True,S6_combined__rls__seed6__detect_adwin,8fbcb1374a66e26dea4a0e8dbcf64db42ebcd88dd11b5cd3bb5d44e8d4b0665a,ba90eb10e4e1f7500a344f9b4e5e676713fa49fa355f420971a75285e0b9c298,8cda5fd98865bccfe8601ace6f9a27d5a835513e,false_positive_rate,0.47804160537928136,fraction
detectors,S6_combined,rls,6,10.0,True,S6_combined__rls__seed6__detect_ks,8fbcb1374a66e26dea4a0e8dbcf64db42ebcd88dd11b5cd3bb5d44e8d4b0665a,e68694c868384201c53bdaf13449887c7b05c2ad9ef5f3f7d7b8bf5cddc0bcb0,8cda5fd98865bccfe8601ace6f9a27d5a835513e,false_positive_rate,0.47804160537928136,fraction
detectors,S6_combined,rls,6,10.0,True,S6_combined__rls__seed6__detect_all4,8fbcb1374a66e26dea4a0e8dbcf64db42ebcd88dd11b5cd3bb5d44e8d4b0665a,6c765cc69f3e4bb20e44be0e55caf8daf8c407d7d1c06515349b9d17ec1fddce,8cda5fd98865bccfe8601ace6f9a27d5a835513e,false_positive_rate,0.47804160537928136,fraction
detectors,S6_combined,rls,7,10.0,True,S6_combined__rls__seed7__detect_cusum,eb12037c60287858e9925e83fcaf2aa6789246ee5a2aa0c936402930de58eb1c,f148dc11752161354c3021f05b1fe526c43baf276ba3893e2b36806f990aaf93,8cda5fd98865bccfe8601ace6f9a27d5a835513e,false_positive_rate,0.478630661280034,fraction
detectors,S6_combined,rls,7,10.0,True,S6_combined__rls__seed7__detect_ph,eb12037c60287858e9925e83fcaf2aa6789246ee5a2aa0c936402930de58eb1c,e5360505f8c49a15eebb5ef47f7d7477818e9b19f26155854e4ff574f74f5811,8cda5fd98865bccfe8601ace6f9a27d5a835513e,false_positive_rate,0.478630661280034,fraction
detectors,S6_combined,rls,7,10.0,True,S6_combined__rls__seed7__detect_adwin,eb12037c60287858e9925e83fcaf2aa6789246ee5a2aa0c936402930de58eb1c,ba90eb10e4e1f7500a344f9b4e5e676713fa49fa355f420971a75285e0b9c298,8cda5fd98865bccfe8601ace6f9a27d5a835513e,false_positive_rate,0.478630661280034,fraction
detectors,S6_combined,rls,7,10.0,True,S6_combined__rls__seed7__detect_ks,eb12037c60287858e9925e83fcaf2aa6789246ee5a2aa0c936402930de58eb1c,e68694c868384201c53bdaf13449887c7b05c2ad9ef5f3f7d7b8bf5cddc0bcb0,8cda5fd98865bccfe8601ace6f9a27d5a835513e,false_positive_rate,0.478630661280034,fraction
detectors,S6_combined,rls,7,10.0,True,S6_combined__rls__seed7__detect_all4,eb12037c60287858e9925e83fcaf2aa6789246ee5a2aa0c936402930de58eb1c,6c765cc69f3e4bb20e44be0e55caf8daf8c407d7d1c06515349b9d17ec1fddce,8cda5fd98865bccfe8601ace6f9a27d5a835513e,false_positive_rate,0.478630661280034,fraction
detectors,S6_combined,rls,8,10.0,True,S6_combined__rls__seed8__detect_cusum,da4740837e6cf85b5c7d22d84cf556133cbff181edcbfd4d107db823d7c1f164,f148dc11752161354c3021f05b1fe526c43baf276ba3893e2b36806f990aaf93,8cda5fd98865bccfe8601ace6f9a27d5a835513e,false_positive_rate,0.46944151738672285,fraction
detectors,S6_combined,rls,8,10.0,True,S6_combined__rls__seed8__detect_ph,da4740837e6cf85b5c7d22d84cf556133cbff181edcbfd4d107db823d7c1f164,e5360505f8c49a15eebb5ef47f7d7477818e9b19f26155854e4ff574f74f5811,8cda5fd98865bccfe8601ace6f9a27d5a835513e,false_positive_rate,0.46944151738672285,fraction
detectors,S6_combined,rls,8,10.0,True,S6_combined__rls__seed8__detect_adwin,da4740837e6cf85b5c7d22d84cf556133cbff181edcbfd4d107db823d7c1f164,ba90eb10e4e1f7500a344f9b4e5e676713fa49fa355f420971a75285e0b9c298,8cda5fd98865bccfe8601ace6f9a27d5a835513e,false_positive_rate,0.46944151738672285,fraction
detectors,S6_combined,rls,8,10.0,True,S6_combined__rls__seed8__detect_ks,da4740837e6cf85b5c7d22d84cf556133cbff181edcbfd4d107db823d7c1f164,e68694c868384201c53bdaf13449887c7b05c2ad9ef5f3f7d7b8bf5cddc0bcb0,8cda5fd98865bccfe8601ace6f9a27d5a835513e,false_positive_rate,0.46944151738672285,fraction
detectors,S6_combined,rls,8,10.0,True,S6_combined__rls__seed8__detect_all4,da4740837e6cf85b5c7d22d84cf556133cbff181edcbfd4d107db823d7c1f164,6c765cc69f3e4bb20e44be0e55caf8daf8c407d7d1c06515349b9d17ec1fddce,8cda5fd98865bccfe8601ace6f9a27d5a835513e,false_positive_rate,0.46944151738672285,fraction
detectors,S6_combined,rls,9,10.0,True,S6_combined__rls__seed9__detect_cusum,29718e114c21c01b04a983f185bbf01430cfac8dd9e8b5808281b0434dac26fc,f148dc11752161354c3021f05b1fe526c43baf276ba3893e2b36806f990aaf93,8cda5fd98865bccfe8601ace6f9a27d5a835513e,false_positive_rate,0.48103138539575185,fraction
detectors,S6_combined,rls,9,10.0,True,S6_combined__rls__seed9__detect_ph,29718e114c21c01b04a983f185bbf01430cfac8dd9e8b5808281b0434dac26fc,e5360505f8c49a15eebb5ef47f7d7477818e9b19f26155854e4ff574f74f5811,8cda5fd98865bccfe8601ace6f9a27d5a835513e,false_positive_rate,0.48103138539575185,fraction
detectors,S6_combined,rls,9,10.0,True,S6_combined__rls__seed9__detect_adwin,29718e114c21c01b04a983f185bbf01430cfac8dd9e8b5808281b0434dac26fc,ba90eb10e4e1f7500a344f9b4e5e676713fa49fa355f420971a75285e0b9c298,8cda5fd98865bccfe8601ace6f9a27d5a835513e,false_positive_rate,0.48103138539575185,fraction
detectors,S6_combined,rls,9,10.0,True,S6_combined__rls__seed9__detect_ks,29718e114c21c01b04a983f185bbf01430cfac8dd9e8b5808281b0434dac26fc,e68694c868384201c53bdaf13449887c7b05c2ad9ef5f3f7d7b8bf5cddc0bcb0,8cda5fd98865bccfe8601ace6f9a27d5a835513e,false_positive_rate,0.48103138539575185,fraction
detectors,S6_combined,rls,9,10.0,True,S6_combined__rls__seed9__detect_all4,29718e114c21c01b04a983f185bbf01430cfac8dd9e8b5808281b0434dac26fc,6c765cc69f3e4bb20e44be0e55caf8daf8c407d7d1c06515349b9d17ec1fddce,8cda5fd98865bccfe8601ace6f9a27d5a835513e,false_positive_rate,0.48103138539575185,fraction
detectors,S6_combined,rls,10,10.0,True,S6_combined__rls__seed10__detect_cusum,4054ab96937dfc6eef3c9c4f46347db001fd4eea59432509f786c95b51d12234,f148dc11752161354c3021f05b1fe526c43baf276ba3893e2b36806f990aaf93,8cda5fd98865bccfe8601ace6f9a27d5a835513e,false_positive_rate,0.47567510770200694,fraction
detectors,S6_combined,rls,10,10.0,True,S6_combined__rls__seed10__detect_ph,4054ab96937dfc6eef3c9c4f46347db001fd4eea59432509f786c95b51d12234,e5360505f8c49a15eebb5ef47f7d7477818e9b19f26155854e4ff574f74f5811,8cda5fd98865bccfe8601ace6f9a27d5a835513e,false_positive_rate,0.47567510770200694,fraction
detectors,S6_combined,rls,10,10.0,True,S6_combined__rls__seed10__detect_adwin,4054ab96937dfc6eef3c9c4f46347db001fd4eea59432509f786c95b51d12234,ba90eb10e4e1f7500a344f9b4e5e676713fa49fa355f420971a75285e0b9c298,8cda5fd98865bccfe8601ace6f9a27d5a835513e,false_positive_rate,0.47567510770200694,fraction
detectors,S6_combined,rls,10,10.0,True,S6_combined__rls__seed10__detect_ks,4054ab96937dfc6eef3c9c4f46347db001fd4eea59432509f786c95b51d12234,e68694c868384201c53bdaf13449887c7b05c2ad9ef5f3f7d7b8bf5cddc0bcb0,8cda5fd98865bccfe8601ace6f9a27d5a835513e,false_positive_rate,0.47567510770200694,fraction
detectors,S6_combined,rls,10,10.0,True,S6_combined__rls__seed10__detect_all4,4054ab96937dfc6eef3c9c4f46347db001fd4eea59432509f786c95b51d12234,6c765cc69f3e4bb20e44be0e55caf8daf8c407d7d1c06515349b9d17ec1fddce,8cda5fd98865bccfe8601ace6f9a27d5a835513e,false_positive_rate,0.47567510770200694,fraction
detectors,S4_step_fault,rls,1,10.0,True,S4_step_fault__rls__seed1__detect_cusum,7d29a6d7dca932314e512c265e0e559ec6cc02e548aa25349a95d1f29dbf9ef1,f148dc11752161354c3021f05b1fe526c43baf276ba3893e2b36806f990aaf93,8cda5fd98865bccfe8601ace6f9a27d5a835513e,axle_count_accuracy,1.0,fraction
detectors,S4_step_fault,rls,1,10.0,True,S4_step_fault__rls__seed1__detect_ph,7d29a6d7dca932314e512c265e0e559ec6cc02e548aa25349a95d1f29dbf9ef1,e5360505f8c49a15eebb5ef47f7d7477818e9b19f26155854e4ff574f74f5811,8cda5fd98865bccfe8601ace6f9a27d5a835513e,axle_count_accuracy,1.0,fraction
detectors,S4_step_fault,rls,1,10.0,True,S4_step_fault__rls__seed1__detect_adwin,7d29a6d7dca932314e512c265e0e559ec6cc02e548aa25349a95d1f29dbf9ef1,ba90eb10e4e1f7500a344f9b4e5e676713fa49fa355f420971a75285e0b9c298,8cda5fd98865bccfe8601ace6f9a27d5a835513e,axle_count_accuracy,1.0,fraction
detectors,S4_step_fault,rls,1,10.0,True,S4_step_fault__rls__seed1__detect_ks,7d29a6d7dca932314e512c265e0e559ec6cc02e548aa25349a95d1f29dbf9ef1,e68694c868384201c53bdaf13449887c7b05c2ad9ef5f3f7d7b8bf5cddc0bcb0,8cda5fd98865bccfe8601ace6f9a27d5a835513e,axle_count_accuracy,1.0,fraction
detectors,S4_step_fault,rls,1,10.0,True,S4_step_fault__rls__seed1__detect_all4,7d29a6d7dca932314e512c265e0e559ec6cc02e548aa25349a95d1f29dbf9ef1,6c765cc69f3e4bb20e44be0e55caf8daf8c407d7d1c06515349b9d17ec1fddce,8cda5fd98865bccfe8601ace6f9a27d5a835513e,axle_count_accuracy,1.0,fraction
detectors,S4_step_fault,rls,2,10.0,True,S4_step_fault__rls__seed2__detect_cusum,adc80992e5ad2b0074c2ccb5fd189429c3fd11d2d51d242aa1caec078b0db1d2,f148dc11752161354c3021f05b1fe526c43baf276ba3893e2b36806f990aaf93,8cda5fd98865bccfe8601ace6f9a27d5a835513e,axle_count_accuracy,1.0,fraction
detectors,S4_step_fault,rls,2,10.0,True,S4_step_fault__rls__seed2__detect_ph,adc80992e5ad2b0074c2ccb5fd189429c3fd11d2d51d242aa1caec078b0db1d2,e5360505f8c49a15eebb5ef47f7d7477818e9b19f26155854e4ff574f74f5811,8cda5fd98865bccfe8601ace6f9a27d5a835513e,axle_count_accuracy,1.0,fraction
detectors,S4_step_fault,rls,2,10.0,True,S4_step_fault__rls__seed2__detect_adwin,adc80992e5ad2b0074c2ccb5fd189429c3fd11d2d51d242aa1caec078b0db1d2,ba90eb10e4e1f7500a344f9b4e5e676713fa49fa355f420971a75285e0b9c298,8cda5fd98865bccfe8601ace6f9a27d5a835513e,axle_count_accuracy,1.0,fraction
detectors,S4_step_fault,rls,2,10.0,True,S4_step_fault__rls__seed2__detect_ks,adc80992e5ad2b0074c2ccb5fd189429c3fd11d2d51d242aa1caec078b0db1d2,e68694c868384201c53bdaf13449887c7b05c2ad9ef5f3f7d7b8bf5cddc0bcb0,8cda5fd98865bccfe8601ace6f9a27d5a835513e,axle_count_accuracy,1.0,fraction
detectors,S4_step_fault,rls,2,10.0,True,S4_step_fault__rls__seed2__detect_all4,adc80992e5ad2b0074c2ccb5fd189429c3fd11d2d51d242aa1caec078b0db1d2,6c765cc69f3e4bb20e44be0e55caf8daf8c407d7d1c06515349b9d17ec1fddce,8cda5fd98865bccfe8601ace6f9a27d5a835513e,axle_count_accuracy,1.0,fraction
detectors,S4_step_fault,rls,3,10.0,True,S4_step_fault__rls__seed3__detect_cusum,755a0aa70d2f3fe05534c8cb137d5df18ed16325d4692fc840c3daee2c8a8c92,f148dc11752161354c3021f05b1fe526c43baf276ba3893e2b36806f990aaf93,8cda5fd98865bccfe8601ace6f9a27d5a835513e,axle_count_accuracy,1.0,fraction
detectors,S4_step_fault,rls,3,10.0,True,S4_step_fault__rls__seed3__detect_ph,755a0aa70d2f3fe05534c8cb137d5df18ed16325d4692fc840c3daee2c8a8c92,e5360505f8c49a15eebb5ef47f7d7477818e9b19f26155854e4ff574f74f5811,8cda5fd98865bccfe8601ace6f9a27d5a835513e,axle_count_accuracy,1.0,fraction
detectors,S4_step_fault,rls,3,10.0,True,S4_step_fault__rls__seed3__detect_adwin,755a0aa70d2f3fe05534c8cb137d5df18ed16325d4692fc840c3daee2c8a8c92,ba90eb10e4e1f7500a344f9b4e5e676713fa49fa355f420971a75285e0b9c298,8cda5fd98865bccfe8601ace6f9a27d5a835513e,axle_count_accuracy,1.0,fraction
detectors,S4_step_fault,rls,3,10.0,True,S4_step_fault__rls__seed3__detect_ks,755a0aa70d2f3fe05534c8cb137d5df18ed16325d4692fc840c3daee2c8a8c92,e68694c868384201c53bdaf13449887c7b05c2ad9ef5f3f7d7b8bf5cddc0bcb0,8cda5fd98865bccfe8601ace6f9a27d5a835513e,axle_count_accuracy,1.0,fraction
detectors,S4_step_fault,rls,3,10.0,True,S4_step_fault__rls__seed3__detect_all4,755a0aa70d2f3fe05534c8cb137d5df18ed16325d4692fc840c3daee2c8a8c92,6c765cc69f3e4bb20e44be0e55caf8daf8c407d7d1c06515349b9d17ec1fddce,8cda5fd98865bccfe8601ace6f9a27d5a835513e,axle_count_accuracy,1.0,fraction
detectors,S4_step_fault,rls,4,10.0,True,S4_step_fault__rls__seed4__detect_cusum,57d0146db86c059173927b479ffa5908a6e01f3cdeb9f10b63e58e983cd88fb2,f148dc11752161354c3021f05b1fe526c43baf276ba3893e2b36806f990aaf93,8cda5fd98865bccfe8601ace6f9a27d5a835513e,axle_count_accuracy,1.0,fraction
detectors,S4_step_fault,rls,4,10.0,True,S4_step_fault__rls__seed4__detect_ph,57d0146db86c059173927b479ffa5908a6e01f3cdeb9f10b63e58e983cd88fb2,e5360505f8c49a15eebb5ef47f7d7477818e9b19f26155854e4ff574f74f5811,8cda5fd98865bccfe8601ace6f9a27d5a835513e,axle_count_accuracy,1.0,fraction
detectors,S4_step_fault,rls,4,10.0,True,S4_step_fault__rls__seed4__detect_adwin,57d0146db86c059173927b479ffa5908a6e01f3cdeb9f10b63e58e983cd88fb2,ba90eb10e4e1f7500a344f9b4e5e676713fa49fa355f420971a75285e0b9c298,8cda5fd98865bccfe8601ace6f9a27d5a835513e,axle_count_accuracy,1.0,fraction
detectors,S4_step_fault,rls,4,10.0,True,S4_step_fault__rls__seed4__detect_ks,57d0146db86c059173927b479ffa5908a6e01f3cdeb9f10b63e58e983cd88fb2,e68694c868384201c53bdaf13449887c7b05c2ad9ef5f3f7d7b8bf5cddc0bcb0,8cda5fd98865bccfe8601ace6f9a27d5a835513e,axle_count_accuracy,1.0,fraction
detectors,S4_step_fault,rls,4,10.0,True,S4_step_fault__rls__seed4__detect_all4,57d0146db86c059173927b479ffa5908a6e01f3cdeb9f10b63e58e983cd88fb2,6c765cc69f3e4bb20e44be0e55caf8daf8c407d7d1c06515349b9d17ec1fddce,8cda5fd98865bccfe8601ace6f9a27d5a835513e,axle_count_accuracy,1.0,fraction
detectors,S4_step_fault,rls,5,10.0,True,S4_step_fault__rls__seed5__detect_cusum,1efe02364dacd47e4d9a937957614582b8530ef56f2b525678988666500727b7,f148dc11752161354c3021f05b1fe526c43baf276ba3893e2b36806f990aaf93,8cda5fd98865bccfe8601ace6f9a27d5a835513e,axle_count_accuracy,1.0,fraction
detectors,S4_step_fault,rls,5,10.0,True,S4_step_fault__rls__seed5__detect_ph,1efe02364dacd47e4d9a937957614582b8530ef56f2b525678988666500727b7,e5360505f8c49a15eebb5ef47f7d7477818e9b19f26155854e4ff574f74f5811,8cda5fd98865bccfe8601ace6f9a27d5a835513e,axle_count_accuracy,1.0,fraction
detectors,S4_step_fault,rls,5,10.0,True,S4_step_fault__rls__seed5__detect_adwin,1efe02364dacd47e4d9a937957614582b8530ef56f2b525678988666500727b7,ba90eb10e4e1f7500a344f9b4e5e676713fa49fa355f420971a75285e0b9c298,8cda5fd98865bccfe8601ace6f9a27d5a835513e,axle_count_accuracy,1.0,fraction
detectors,S4_step_fault,rls,5,10.0,True,S4_step_fault__rls__seed5__detect_ks,1efe02364dacd47e4d9a937957614582b8530ef56f2b525678988666500727b7,e68694c868384201c53bdaf13449887c7b05c2ad9ef5f3f7d7b8bf5cddc0bcb0,8cda5fd98865bccfe8601ace6f9a27d5a835513e,axle_count_accuracy,1.0,fraction
detectors,S4_step_fault,rls,5,10.0,True,S4_step_fault__rls__seed5__detect_all4,1efe02364dacd47e4d9a937957614582b8530ef56f2b525678988666500727b7,6c765cc69f3e4bb20e44be0e55caf8daf8c407d7d1c06515349b9d17ec1fddce,8cda5fd98865bccfe8601ace6f9a27d5a835513e,axle_count_accuracy,1.0,fraction
detectors,S4_step_fault,rls,6,10.0,True,S4_step_fault__rls__seed6__detect_cusum,edb8fb013b7aeb64e877b749783afa62d6864702f69cf9e7c539d6cd9df4f86d,f148dc11752161354c3021f05b1fe526c43baf276ba3893e2b36806f990aaf93,8cda5fd98865bccfe8601ace6f9a27d5a835513e,axle_count_accuracy,1.0,fraction
detectors,S4_step_fault,rls,6,10.0,True,S4_step_fault__rls__seed6__detect_ph,edb8fb013b7aeb64e877b749783afa62d6864702f69cf9e7c539d6cd9df4f86d,e5360505f8c49a15eebb5ef47f7d7477818e9b19f26155854e4ff574f74f5811,8cda5fd98865bccfe8601ace6f9a27d5a835513e,axle_count_accuracy,1.0,fraction
detectors,S4_step_fault,rls,6,10.0,True,S4_step_fault__rls__seed6__detect_adwin,edb8fb013b7aeb64e877b749783afa62d6864702f69cf9e7c539d6cd9df4f86d,ba90eb10e4e1f7500a344f9b4e5e676713fa49fa355f420971a75285e0b9c298,8cda5fd98865bccfe8601ace6f9a27d5a835513e,axle_count_accuracy,1.0,fraction
detectors,S4_step_fault,rls,6,10.0,True,S4_step_fault__rls__seed6__detect_ks,edb8fb013b7aeb64e877b749783afa62d6864702f69cf9e7c539d6cd9df4f86d,e68694c868384201c53bdaf13449887c7b05c2ad9ef5f3f7d7b8bf5cddc0bcb0,8cda5fd98865bccfe8601ace6f9a27d5a835513e,axle_count_accuracy,1.0,fraction
detectors,S4_step_fault,rls,6,10.0,True,S4_step_fault__rls__seed6__detect_all4,edb8fb013b7aeb64e877b749783afa62d6864702f69cf9e7c539d6cd9df4f86d,6c765cc69f3e4bb20e44be0e55caf8daf8c407d7d1c06515349b9d17ec1fddce,8cda5fd98865bccfe8601ace6f9a27d5a835513e,axle_count_accuracy,1.0,fraction
detectors,S4_step_fault,rls,7,10.0,True,S4_step_fault__rls__seed7__detect_cusum,5cf17843f3bfe6e9f5ce0f88df6e9f0fa19691e7d0781a28d2e0071debfacd13,f148dc11752161354c3021f05b1fe526c43baf276ba3893e2b36806f990aaf93,8cda5fd98865bccfe8601ace6f9a27d5a835513e,axle_count_accuracy,1.0,fraction
detectors,S4_step_fault,rls,7,10.0,True,S4_step_fault__rls__seed7__detect_ph,5cf17843f3bfe6e9f5ce0f88df6e9f0fa19691e7d0781a28d2e0071debfacd13,e5360505f8c49a15eebb5ef47f7d7477818e9b19f26155854e4ff574f74f5811,8cda5fd98865bccfe8601ace6f9a27d5a835513e,axle_count_accuracy,1.0,fraction
detectors,S4_step_fault,rls,7,10.0,True,S4_step_fault__rls__seed7__detect_adwin,5cf17843f3bfe6e9f5ce0f88df6e9f0fa19691e7d0781a28d2e0071debfacd13,ba90eb10e4e1f7500a344f9b4e5e676713fa49fa355f420971a75285e0b9c298,8cda5fd98865bccfe8601ace6f9a27d5a835513e,axle_count_accuracy,1.0,fraction
detectors,S4_step_fault,rls,7,10.0,True,S4_step_fault__rls__seed7__detect_ks,5cf17843f3bfe6e9f5ce0f88df6e9f0fa19691e7d0781a28d2e0071debfacd13,e68694c868384201c53bdaf13449887c7b05c2ad9ef5f3f7d7b8bf5cddc0bcb0,8cda5fd98865bccfe8601ace6f9a27d5a835513e,axle_count_accuracy,1.0,fraction
detectors,S4_step_fault,rls,7,10.0,True,S4_step_fault__rls__seed7__detect_all4,5cf17843f3bfe6e9f5ce0f88df6e9f0fa19691e7d0781a28d2e0071debfacd13,6c765cc69f3e4bb20e44be0e55caf8daf8c407d7d1c06515349b9d17ec1fddce,8cda5fd98865bccfe8601ace6f9a27d5a835513e,axle_count_accuracy,1.0,fraction
detectors,S4_step_fault,rls,8,10.0,True,S4_step_fault__rls__seed8__detect_cusum,4471998ed306e877216c6c1b12b8ba9d62e309093746866fb7f4d683dd3b0138,f148dc11752161354c3021f05b1fe526c43baf276ba3893e2b36806f990aaf93,8cda5fd98865bccfe8601ace6f9a27d5a835513e,axle_count_accuracy,1.0,fraction
detectors,S4_step_fault,rls,8,10.0,True,S4_step_fault__rls__seed8__detect_ph,4471998ed306e877216c6c1b12b8ba9d62e309093746866fb7f4d683dd3b0138,e5360505f8c49a15eebb5ef47f7d7477818e9b19f26155854e4ff574f74f5811,8cda5fd98865bccfe8601ace6f9a27d5a835513e,axle_count_accuracy,1.0,fraction
detectors,S4_step_fault,rls,8,10.0,True,S4_step_fault__rls__seed8__detect_adwin,4471998ed306e877216c6c1b12b8ba9d62e309093746866fb7f4d683dd3b0138,ba90eb10e4e1f7500a344f9b4e5e676713fa49fa355f420971a75285e0b9c298,8cda5fd98865bccfe8601ace6f9a27d5a835513e,axle_count_accuracy,1.0,fraction
detectors,S4_step_fault,rls,8,10.0,True,S4_step_fault__rls__seed8__detect_ks,4471998ed306e877216c6c1b12b8ba9d62e309093746866fb7f4d683dd3b0138,e68694c868384201c53bdaf13449887c7b05c2ad9ef5f3f7d7b8bf5cddc0bcb0,8cda5fd98865bccfe8601ace6f9a27d5a835513e,axle_count_accuracy,1.0,fraction
detectors,S4_step_fault,rls,8,10.0,True,S4_step_fault__rls__seed8__detect_all4,4471998ed306e877216c6c1b12b8ba9d62e309093746866fb7f4d683dd3b0138,6c765cc69f3e4bb20e44be0e55caf8daf8c407d7d1c06515349b9d17ec1fddce,8cda5fd98865bccfe8601ace6f9a27d5a835513e,axle_count_accuracy,1.0,fraction
detectors,S4_step_fault,rls,9,10.0,True,S4_step_fault__rls__seed9__detect_cusum,af86278540fa1654a3e5819e52691400963a2f43bbaf4be0dd151148c2836411,f148dc11752161354c3021f05b1fe526c43baf276ba3893e2b36806f990aaf93,8cda5fd98865bccfe8601ace6f9a27d5a835513e,axle_count_accuracy,1.0,fraction
detectors,S4_step_fault,rls,9,10.0,True,S4_step_fault__rls__seed9__detect_ph,af86278540fa1654a3e5819e52691400963a2f43bbaf4be0dd151148c2836411,e5360505f8c49a15eebb5ef47f7d7477818e9b19f26155854e4ff574f74f5811,8cda5fd98865bccfe8601ace6f9a27d5a835513e,axle_count_accuracy,1.0,fraction
detectors,S4_step_fault,rls,9,10.0,True,S4_step_fault__rls__seed9__detect_adwin,af86278540fa1654a3e5819e52691400963a2f43bbaf4be0dd151148c2836411,ba90eb10e4e1f7500a344f9b4e5e676713fa49fa355f420971a75285e0b9c298,8cda5fd98865bccfe8601ace6f9a27d5a835513e,axle_count_accuracy,1.0,fraction
detectors,S4_step_fault,rls,9,10.0,True,S4_step_fault__rls__seed9__detect_ks,af86278540fa1654a3e5819e52691400963a2f43bbaf4be0dd151148c2836411,e68694c868384201c53bdaf13449887c7b05c2ad9ef5f3f7d7b8bf5cddc0bcb0,8cda5fd98865bccfe8601ace6f9a27d5a835513e,axle_count_accuracy,1.0,fraction
detectors,S4_step_fault,rls,9,10.0,True,S4_step_fault__rls__seed9__detect_all4,af86278540fa1654a3e5819e52691400963a2f43bbaf4be0dd151148c2836411,6c765cc69f3e4bb20e44be0e55caf8daf8c407d7d1c06515349b9d17ec1fddce,8cda5fd98865bccfe8601ace6f9a27d5a835513e,axle_count_accuracy,1.0,fraction
detectors,S4_step_fault,rls,10,10.0,True,S4_step_fault__rls__seed10__detect_cusum,b97f4fa67d55b0a4900a4dc84b9f38b152ab85aa07d9118de95bac234f41360d,f148dc11752161354c3021f05b1fe526c43baf276ba3893e2b36806f990aaf93,8cda5fd98865bccfe8601ace6f9a27d5a835513e,axle_count_accuracy,1.0,fraction
detectors,S4_step_fault,rls,10,10.0,True,S4_step_fault__rls__seed10__detect_ph,b97f4fa67d55b0a4900a4dc84b9f38b152ab85aa07d9118de95bac234f41360d,e5360505f8c49a15eebb5ef47f7d7477818e9b19f26155854e4ff574f74f5811,8cda5fd98865bccfe8601ace6f9a27d5a835513e,axle_count_accuracy,1.0,fraction
detectors,S4_step_fault,rls,10,10.0,True,S4_step_fault__rls__seed10__detect_adwin,b97f4fa67d55b0a4900a4dc84b9f38b152ab85aa07d9118de95bac234f41360d,ba90eb10e4e1f7500a344f9b4e5e676713fa49fa355f420971a75285e0b9c298,8cda5fd98865bccfe8601ace6f9a27d5a835513e,axle_count_accuracy,1.0,fraction
detectors,S4_step_fault,rls,10,10.0,True,S4_step_fault__rls__seed10__detect_ks,b97f4fa67d55b0a4900a4dc84b9f38b152ab85aa07d9118de95bac234f41360d,e68694c868384201c53bdaf13449887c7b05c2ad9ef5f3f7d7b8bf5cddc0bcb0,8cda5fd98865bccfe8601ace6f9a27d5a835513e,axle_count_accuracy,1.0,fraction
detectors,S4_step_fault,rls,10,10.0,True,S4_step_fault__rls__seed10__detect_all4,b97f4fa67d55b0a4900a4dc84b9f38b152ab85aa07d9118de95bac234f41360d,6c765cc69f3e4bb20e44be0e55caf8daf8c407d7d1c06515349b9d17ec1fddce,8cda5fd98865bccfe8601ace6f9a27d5a835513e,axle_count_accuracy,1.0,fraction
detectors,S6_combined,rls,1,10.0,True,S6_combined__rls__seed1__detect_cusum,b3cf8d14b3aed8b1d65ab4497dcbfb879dbda2ce1da03bb07f6401c9b4b9bd4a,f148dc11752161354c3021f05b1fe526c43baf276ba3893e2b36806f990aaf93,8cda5fd98865bccfe8601ace6f9a27d5a835513e,axle_count_accuracy,0.7930827668932428,fraction
detectors,S6_combined,rls,1,10.0,True,S6_combined__rls__seed1__detect_ph,b3cf8d14b3aed8b1d65ab4497dcbfb879dbda2ce1da03bb07f6401c9b4b9bd4a,e5360505f8c49a15eebb5ef47f7d7477818e9b19f26155854e4ff574f74f5811,8cda5fd98865bccfe8601ace6f9a27d5a835513e,axle_count_accuracy,0.7930827668932428,fraction
detectors,S6_combined,rls,1,10.0,True,S6_combined__rls__seed1__detect_adwin,b3cf8d14b3aed8b1d65ab4497dcbfb879dbda2ce1da03bb07f6401c9b4b9bd4a,ba90eb10e4e1f7500a344f9b4e5e676713fa49fa355f420971a75285e0b9c298,8cda5fd98865bccfe8601ace6f9a27d5a835513e,axle_count_accuracy,0.7930827668932428,fraction
detectors,S6_combined,rls,1,10.0,True,S6_combined__rls__seed1__detect_ks,b3cf8d14b3aed8b1d65ab4497dcbfb879dbda2ce1da03bb07f6401c9b4b9bd4a,e68694c868384201c53bdaf13449887c7b05c2ad9ef5f3f7d7b8bf5cddc0bcb0,8cda5fd98865bccfe8601ace6f9a27d5a835513e,axle_count_accuracy,0.7930827668932428,fraction
detectors,S6_combined,rls,1,10.0,True,S6_combined__rls__seed1__detect_all4,b3cf8d14b3aed8b1d65ab4497dcbfb879dbda2ce1da03bb07f6401c9b4b9bd4a,6c765cc69f3e4bb20e44be0e55caf8daf8c407d7d1c06515349b9d17ec1fddce,8cda5fd98865bccfe8601ace6f9a27d5a835513e,axle_count_accuracy,0.7930827668932428,fraction
detectors,S6_combined,rls,2,10.0,True,S6_combined__rls__seed2__detect_cusum,e4f7ab87faf6982be139dc8af97757bff8d540d357c41e3d06ec298e4dd75854,f148dc11752161354c3021f05b1fe526c43baf276ba3893e2b36806f990aaf93,8cda5fd98865bccfe8601ace6f9a27d5a835513e,axle_count_accuracy,0.8038674033149171,fraction
detectors,S6_combined,rls,2,10.0,True,S6_combined__rls__seed2__detect_ph,e4f7ab87faf6982be139dc8af97757bff8d540d357c41e3d06ec298e4dd75854,e5360505f8c49a15eebb5ef47f7d7477818e9b19f26155854e4ff574f74f5811,8cda5fd98865bccfe8601ace6f9a27d5a835513e,axle_count_accuracy,0.8038674033149171,fraction
detectors,S6_combined,rls,2,10.0,True,S6_combined__rls__seed2__detect_adwin,e4f7ab87faf6982be139dc8af97757bff8d540d357c41e3d06ec298e4dd75854,ba90eb10e4e1f7500a344f9b4e5e676713fa49fa355f420971a75285e0b9c298,8cda5fd98865bccfe8601ace6f9a27d5a835513e,axle_count_accuracy,0.8038674033149171,fraction
detectors,S6_combined,rls,2,10.0,True,S6_combined__rls__seed2__detect_ks,e4f7ab87faf6982be139dc8af97757bff8d540d357c41e3d06ec298e4dd75854,e68694c868384201c53bdaf13449887c7b05c2ad9ef5f3f7d7b8bf5cddc0bcb0,8cda5fd98865bccfe8601ace6f9a27d5a835513e,axle_count_accuracy,0.8038674033149171,fraction
detectors,S6_combined,rls,2,10.0,True,S6_combined__rls__seed2__detect_all4,e4f7ab87faf6982be139dc8af97757bff8d540d357c41e3d06ec298e4dd75854,6c765cc69f3e4bb20e44be0e55caf8daf8c407d7d1c06515349b9d17ec1fddce,8cda5fd98865bccfe8601ace6f9a27d5a835513e,axle_count_accuracy,0.8038674033149171,fraction
detectors,S6_combined,rls,3,10.0,True,S6_combined__rls__seed3__detect_cusum,c371bfebbbdb510b204e19fcaedea3c47a4e8b6d77499f04ee6ac55d13fed988,f148dc11752161354c3021f05b1fe526c43baf276ba3893e2b36806f990aaf93,8cda5fd98865bccfe8601ace6f9a27d5a835513e,axle_count_accuracy,0.8088642659279779,fraction
detectors,S6_combined,rls,3,10.0,True,S6_combined__rls__seed3__detect_ph,c371bfebbbdb510b204e19fcaedea3c47a4e8b6d77499f04ee6ac55d13fed988,e5360505f8c49a15eebb5ef47f7d7477818e9b19f26155854e4ff574f74f5811,8cda5fd98865bccfe8601ace6f9a27d5a835513e,axle_count_accuracy,0.8088642659279779,fraction
detectors,S6_combined,rls,3,10.0,True,S6_combined__rls__seed3__detect_adwin,c371bfebbbdb510b204e19fcaedea3c47a4e8b6d77499f04ee6ac55d13fed988,ba90eb10e4e1f7500a344f9b4e5e676713fa49fa355f420971a75285e0b9c298,8cda5fd98865bccfe8601ace6f9a27d5a835513e,axle_count_accuracy,0.8088642659279779,fraction
detectors,S6_combined,rls,3,10.0,True,S6_combined__rls__seed3__detect_ks,c371bfebbbdb510b204e19fcaedea3c47a4e8b6d77499f04ee6ac55d13fed988,e68694c868384201c53bdaf13449887c7b05c2ad9ef5f3f7d7b8bf5cddc0bcb0,8cda5fd98865bccfe8601ace6f9a27d5a835513e,axle_count_accuracy,0.8088642659279779,fraction
detectors,S6_combined,rls,3,10.0,True,S6_combined__rls__seed3__detect_all4,c371bfebbbdb510b204e19fcaedea3c47a4e8b6d77499f04ee6ac55d13fed988,6c765cc69f3e4bb20e44be0e55caf8daf8c407d7d1c06515349b9d17ec1fddce,8cda5fd98865bccfe8601ace6f9a27d5a835513e,axle_count_accuracy,0.8088642659279779,fraction
detectors,S6_combined,rls,4,10.0,True,S6_combined__rls__seed4__detect_cusum,091893e2b20fe4f1f4ec71b10a24db6c43dabefaa37c7ef75c67f5a78f00f2b7,f148dc11752161354c3021f05b1fe526c43baf276ba3893e2b36806f990aaf93,8cda5fd98865bccfe8601ace6f9a27d5a835513e,axle_count_accuracy,0.8053254437869822,fraction
detectors,S6_combined,rls,4,10.0,True,S6_combined__rls__seed4__detect_ph,091893e2b20fe4f1f4ec71b10a24db6c43dabefaa37c7ef75c67f5a78f00f2b7,e5360505f8c49a15eebb5ef47f7d7477818e9b19f26155854e4ff574f74f5811,8cda5fd98865bccfe8601ace6f9a27d5a835513e,axle_count_accuracy,0.8053254437869822,fraction
detectors,S6_combined,rls,4,10.0,True,S6_combined__rls__seed4__detect_adwin,091893e2b20fe4f1f4ec71b10a24db6c43dabefaa37c7ef75c67f5a78f00f2b7,ba90eb10e4e1f7500a344f9b4e5e676713fa49fa355f420971a75285e0b9c298,8cda5fd98865bccfe8601ace6f9a27d5a835513e,axle_count_accuracy,0.8053254437869822,fraction
detectors,S6_combined,rls,4,10.0,True,S6_combined__rls__seed4__detect_ks,091893e2b20fe4f1f4ec71b10a24db6c43dabefaa37c7ef75c67f5a78f00f2b7,e68694c868384201c53bdaf13449887c7b05c2ad9ef5f3f7d7b8bf5cddc0bcb0,8cda5fd98865bccfe8601ace6f9a27d5a835513e,axle_count_accuracy,0.8053254437869822,fraction
detectors,S6_combined,rls,4,10.0,True,S6_combined__rls__seed4__detect_all4,091893e2b20fe4f1f4ec71b10a24db6c43dabefaa37c7ef75c67f5a78f00f2b7,6c765cc69f3e4bb20e44be0e55caf8daf8c407d7d1c06515349b9d17ec1fddce,8cda5fd98865bccfe8601ace6f9a27d5a835513e,axle_count_accuracy,0.8053254437869822,fraction
detectors,S6_combined,rls,5,10.0,True,S6_combined__rls__seed5__detect_cusum,c1d9d4a7d46d9a42ad59de704b5ae8b21c9bf2f17d4576d9bfa6e10e6c6f4b13,f148dc11752161354c3021f05b1fe526c43baf276ba3893e2b36806f990aaf93,8cda5fd98865bccfe8601ace6f9a27d5a835513e,axle_count_accuracy,0.8008331680222178,fraction
detectors,S6_combined,rls,5,10.0,True,S6_combined__rls__seed5__detect_ph,c1d9d4a7d46d9a42ad59de704b5ae8b21c9bf2f17d4576d9bfa6e10e6c6f4b13,e5360505f8c49a15eebb5ef47f7d7477818e9b19f26155854e4ff574f74f5811,8cda5fd98865bccfe8601ace6f9a27d5a835513e,axle_count_accuracy,0.8008331680222178,fraction
detectors,S6_combined,rls,5,10.0,True,S6_combined__rls__seed5__detect_adwin,c1d9d4a7d46d9a42ad59de704b5ae8b21c9bf2f17d4576d9bfa6e10e6c6f4b13,ba90eb10e4e1f7500a344f9b4e5e676713fa49fa355f420971a75285e0b9c298,8cda5fd98865bccfe8601ace6f9a27d5a835513e,axle_count_accuracy,0.8008331680222178,fraction
detectors,S6_combined,rls,5,10.0,True,S6_combined__rls__seed5__detect_ks,c1d9d4a7d46d9a42ad59de704b5ae8b21c9bf2f17d4576d9bfa6e10e6c6f4b13,e68694c868384201c53bdaf13449887c7b05c2ad9ef5f3f7d7b8bf5cddc0bcb0,8cda5fd98865bccfe8601ace6f9a27d5a835513e,axle_count_accuracy,0.8008331680222178,fraction
detectors,S6_combined,rls,5,10.0,True,S6_combined__rls__seed5__detect_all4,c1d9d4a7d46d9a42ad59de704b5ae8b21c9bf2f17d4576d9bfa6e10e6c6f4b13,6c765cc69f3e4bb20e44be0e55caf8daf8c407d7d1c06515349b9d17ec1fddce,8cda5fd98865bccfe8601ace6f9a27d5a835513e,axle_count_accuracy,0.8008331680222178,fraction
detectors,S6_combined,rls,6,10.0,True,S6_combined__rls__seed6__detect_cusum,8fbcb1374a66e26dea4a0e8dbcf64db42ebcd88dd11b5cd3bb5d44e8d4b0665a,f148dc11752161354c3021f05b1fe526c43baf276ba3893e2b36806f990aaf93,8cda5fd98865bccfe8601ace6f9a27d5a835513e,axle_count_accuracy,0.7969001610305958,fraction
detectors,S6_combined,rls,6,10.0,True,S6_combined__rls__seed6__detect_ph,8fbcb1374a66e26dea4a0e8dbcf64db42ebcd88dd11b5cd3bb5d44e8d4b0665a,e5360505f8c49a15eebb5ef47f7d7477818e9b19f26155854e4ff574f74f5811,8cda5fd98865bccfe8601ace6f9a27d5a835513e,axle_count_accuracy,0.7969001610305958,fraction
detectors,S6_combined,rls,6,10.0,True,S6_combined__rls__seed6__detect_adwin,8fbcb1374a66e26dea4a0e8dbcf64db42ebcd88dd11b5cd3bb5d44e8d4b0665a,ba90eb10e4e1f7500a344f9b4e5e676713fa49fa355f420971a75285e0b9c298,8cda5fd98865bccfe8601ace6f9a27d5a835513e,axle_count_accuracy,0.7969001610305958,fraction
detectors,S6_combined,rls,6,10.0,True,S6_combined__rls__seed6__detect_ks,8fbcb1374a66e26dea4a0e8dbcf64db42ebcd88dd11b5cd3bb5d44e8d4b0665a,e68694c868384201c53bdaf13449887c7b05c2ad9ef5f3f7d7b8bf5cddc0bcb0,8cda5fd98865bccfe8601ace6f9a27d5a835513e,axle_count_accuracy,0.7969001610305958,fraction
detectors,S6_combined,rls,6,10.0,True,S6_combined__rls__seed6__detect_all4,8fbcb1374a66e26dea4a0e8dbcf64db42ebcd88dd11b5cd3bb5d44e8d4b0665a,6c765cc69f3e4bb20e44be0e55caf8daf8c407d7d1c06515349b9d17ec1fddce,8cda5fd98865bccfe8601ace6f9a27d5a835513e,axle_count_accuracy,0.7969001610305958,fraction
detectors,S6_combined,rls,7,10.0,True,S6_combined__rls__seed7__detect_cusum,eb12037c60287858e9925e83fcaf2aa6789246ee5a2aa0c936402930de58eb1c,f148dc11752161354c3021f05b1fe526c43baf276ba3893e2b36806f990aaf93,8cda5fd98865bccfe8601ace6f9a27d5a835513e,axle_count_accuracy,0.797716150081566,fraction
detectors,S6_combined,rls,7,10.0,True,S6_combined__rls__seed7__detect_ph,eb12037c60287858e9925e83fcaf2aa6789246ee5a2aa0c936402930de58eb1c,e5360505f8c49a15eebb5ef47f7d7477818e9b19f26155854e4ff574f74f5811,8cda5fd98865bccfe8601ace6f9a27d5a835513e,axle_count_accuracy,0.797716150081566,fraction
detectors,S6_combined,rls,7,10.0,True,S6_combined__rls__seed7__detect_adwin,eb12037c60287858e9925e83fcaf2aa6789246ee5a2aa0c936402930de58eb1c,ba90eb10e4e1f7500a344f9b4e5e676713fa49fa355f420971a75285e0b9c298,8cda5fd98865bccfe8601ace6f9a27d5a835513e,axle_count_accuracy,0.797716150081566,fraction
detectors,S6_combined,rls,7,10.0,True,S6_combined__rls__seed7__detect_ks,eb12037c60287858e9925e83fcaf2aa6789246ee5a2aa0c936402930de58eb1c,e68694c868384201c53bdaf13449887c7b05c2ad9ef5f3f7d7b8bf5cddc0bcb0,8cda5fd98865bccfe8601ace6f9a27d5a835513e,axle_count_accuracy,0.797716150081566,fraction
detectors,S6_combined,rls,7,10.0,True,S6_combined__rls__seed7__detect_all4,eb12037c60287858e9925e83fcaf2aa6789246ee5a2aa0c936402930de58eb1c,6c765cc69f3e4bb20e44be0e55caf8daf8c407d7d1c06515349b9d17ec1fddce,8cda5fd98865bccfe8601ace6f9a27d5a835513e,axle_count_accuracy,0.797716150081566,fraction
detectors,S6_combined,rls,8,10.0,True,S6_combined__rls__seed8__detect_cusum,da4740837e6cf85b5c7d22d84cf556133cbff181edcbfd4d107db823d7c1f164,f148dc11752161354c3021f05b1fe526c43baf276ba3893e2b36806f990aaf93,8cda5fd98865bccfe8601ace6f9a27d5a835513e,axle_count_accuracy,0.8061569016881828,fraction
detectors,S6_combined,rls,8,10.0,True,S6_combined__rls__seed8__detect_ph,da4740837e6cf85b5c7d22d84cf556133cbff181edcbfd4d107db823d7c1f164,e5360505f8c49a15eebb5ef47f7d7477818e9b19f26155854e4ff574f74f5811,8cda5fd98865bccfe8601ace6f9a27d5a835513e,axle_count_accuracy,0.8061569016881828,fraction
detectors,S6_combined,rls,8,10.0,True,S6_combined__rls__seed8__detect_adwin,da4740837e6cf85b5c7d22d84cf556133cbff181edcbfd4d107db823d7c1f164,ba90eb10e4e1f7500a344f9b4e5e676713fa49fa355f420971a75285e0b9c298,8cda5fd98865bccfe8601ace6f9a27d5a835513e,axle_count_accuracy,0.8061569016881828,fraction
detectors,S6_combined,rls,8,10.0,True,S6_combined__rls__seed8__detect_ks,da4740837e6cf85b5c7d22d84cf556133cbff181edcbfd4d107db823d7c1f164,e68694c868384201c53bdaf13449887c7b05c2ad9ef5f3f7d7b8bf5cddc0bcb0,8cda5fd98865bccfe8601ace6f9a27d5a835513e,axle_count_accuracy,0.8061569016881828,fraction
detectors,S6_combined,rls,8,10.0,True,S6_combined__rls__seed8__detect_all4,da4740837e6cf85b5c7d22d84cf556133cbff181edcbfd4d107db823d7c1f164,6c765cc69f3e4bb20e44be0e55caf8daf8c407d7d1c06515349b9d17ec1fddce,8cda5fd98865bccfe8601ace6f9a27d5a835513e,axle_count_accuracy,0.8061569016881828,fraction
detectors,S6_combined,rls,9,10.0,True,S6_combined__rls__seed9__detect_cusum,29718e114c21c01b04a983f185bbf01430cfac8dd9e8b5808281b0434dac26fc,f148dc11752161354c3021f05b1fe526c43baf276ba3893e2b36806f990aaf93,8cda5fd98865bccfe8601ace6f9a27d5a835513e,axle_count_accuracy,0.7984117287721442,fraction
detectors,S6_combined,rls,9,10.0,True,S6_combined__rls__seed9__detect_ph,29718e114c21c01b04a983f185bbf01430cfac8dd9e8b5808281b0434dac26fc,e5360505f8c49a15eebb5ef47f7d7477818e9b19f26155854e4ff574f74f5811,8cda5fd98865bccfe8601ace6f9a27d5a835513e,axle_count_accuracy,0.7984117287721442,fraction
detectors,S6_combined,rls,9,10.0,True,S6_combined__rls__seed9__detect_adwin,29718e114c21c01b04a983f185bbf01430cfac8dd9e8b5808281b0434dac26fc,ba90eb10e4e1f7500a344f9b4e5e676713fa49fa355f420971a75285e0b9c298,8cda5fd98865bccfe8601ace6f9a27d5a835513e,axle_count_accuracy,0.7984117287721442,fraction
detectors,S6_combined,rls,9,10.0,True,S6_combined__rls__seed9__detect_ks,29718e114c21c01b04a983f185bbf01430cfac8dd9e8b5808281b0434dac26fc,e68694c868384201c53bdaf13449887c7b05c2ad9ef5f3f7d7b8bf5cddc0bcb0,8cda5fd98865bccfe8601ace6f9a27d5a835513e,axle_count_accuracy,0.7984117287721442,fraction
detectors,S6_combined,rls,9,10.0,True,S6_combined__rls__seed9__detect_all4,29718e114c21c01b04a983f185bbf01430cfac8dd9e8b5808281b0434dac26fc,6c765cc69f3e4bb20e44be0e55caf8daf8c407d7d1c06515349b9d17ec1fddce,8cda5fd98865bccfe8601ace6f9a27d5a835513e,axle_count_accuracy,0.7984117287721442,fraction
detectors,S6_combined,rls,10,10.0,True,S6_combined__rls__seed10__detect_cusum,4054ab96937dfc6eef3c9c4f46347db001fd4eea59432509f786c95b51d12234,f148dc11752161354c3021f05b1fe526c43baf276ba3893e2b36806f990aaf93,8cda5fd98865bccfe8601ace6f9a27d5a835513e,axle_count_accuracy,0.787374749498998,fraction
detectors,S6_combined,rls,10,10.0,True,S6_combined__rls__seed10__detect_ph,4054ab96937dfc6eef3c9c4f46347db001fd4eea59432509f786c95b51d12234,e5360505f8c49a15eebb5ef47f7d7477818e9b19f26155854e4ff574f74f5811,8cda5fd98865bccfe8601ace6f9a27d5a835513e,axle_count_accuracy,0.787374749498998,fraction
detectors,S6_combined,rls,10,10.0,True,S6_combined__rls__seed10__detect_adwin,4054ab96937dfc6eef3c9c4f46347db001fd4eea59432509f786c95b51d12234,ba90eb10e4e1f7500a344f9b4e5e676713fa49fa355f420971a75285e0b9c298,8cda5fd98865bccfe8601ace6f9a27d5a835513e,axle_count_accuracy,0.787374749498998,fraction
detectors,S6_combined,rls,10,10.0,True,S6_combined__rls__seed10__detect_ks,4054ab96937dfc6eef3c9c4f46347db001fd4eea59432509f786c95b51d12234,e68694c868384201c53bdaf13449887c7b05c2ad9ef5f3f7d7b8bf5cddc0bcb0,8cda5fd98865bccfe8601ace6f9a27d5a835513e,axle_count_accuracy,0.787374749498998,fraction
detectors,S6_combined,rls,10,10.0,True,S6_combined__rls__seed10__detect_all4,4054ab96937dfc6eef3c9c4f46347db001fd4eea59432509f786c95b51d12234,6c765cc69f3e4bb20e44be0e55caf8daf8c407d7d1c06515349b9d17ec1fddce,8cda5fd98865bccfe8601ace6f9a27d5a835513e,axle_count_accuracy,0.787374749498998,fraction
detectors,S4_step_fault,rls,1,10.0,True,S4_step_fault__rls__seed1__detect_cusum,7d29a6d7dca932314e512c265e0e559ec6cc02e548aa25349a95d1f29dbf9ef1,f148dc11752161354c3021f05b1fe526c43baf276ba3893e2b36806f990aaf93,8cda5fd98865bccfe8601ace6f9a27d5a835513e,reconverge_s,3919.086226,s
detectors,S4_step_fault,rls,1,10.0,True,S4_step_fault__rls__seed1__detect_ph,7d29a6d7dca932314e512c265e0e559ec6cc02e548aa25349a95d1f29dbf9ef1,e5360505f8c49a15eebb5ef47f7d7477818e9b19f26155854e4ff574f74f5811,8cda5fd98865bccfe8601ace6f9a27d5a835513e,reconverge_s,3919.086226,s
detectors,S4_step_fault,rls,1,10.0,True,S4_step_fault__rls__seed1__detect_adwin,7d29a6d7dca932314e512c265e0e559ec6cc02e548aa25349a95d1f29dbf9ef1,ba90eb10e4e1f7500a344f9b4e5e676713fa49fa355f420971a75285e0b9c298,8cda5fd98865bccfe8601ace6f9a27d5a835513e,reconverge_s,3919.086226,s
detectors,S4_step_fault,rls,1,10.0,True,S4_step_fault__rls__seed1__detect_ks,7d29a6d7dca932314e512c265e0e559ec6cc02e548aa25349a95d1f29dbf9ef1,e68694c868384201c53bdaf13449887c7b05c2ad9ef5f3f7d7b8bf5cddc0bcb0,8cda5fd98865bccfe8601ace6f9a27d5a835513e,reconverge_s,3919.086226,s
detectors,S4_step_fault,rls,1,10.0,True,S4_step_fault__rls__seed1__detect_all4,7d29a6d7dca932314e512c265e0e559ec6cc02e548aa25349a95d1f29dbf9ef1,6c765cc69f3e4bb20e44be0e55caf8daf8c407d7d1c06515349b9d17ec1fddce,8cda5fd98865bccfe8601ace6f9a27d5a835513e,reconverge_s,3919.086226,s
detectors,S4_step_fault,rls,2,10.0,True,S4_step_fault__rls__seed2__detect_cusum,adc80992e5ad2b0074c2ccb5fd189429c3fd11d2d51d242aa1caec078b0db1d2,f148dc11752161354c3021f05b1fe526c43baf276ba3893e2b36806f990aaf93,8cda5fd98865bccfe8601ace6f9a27d5a835513e,reconverge_s,8650.715811,s
detectors,S4_step_fault,rls,2,10.0,True,S4_step_fault__rls__seed2__detect_ph,adc80992e5ad2b0074c2ccb5fd189429c3fd11d2d51d242aa1caec078b0db1d2,e5360505f8c49a15eebb5ef47f7d7477818e9b19f26155854e4ff574f74f5811,8cda5fd98865bccfe8601ace6f9a27d5a835513e,reconverge_s,8650.715811,s
detectors,S4_step_fault,rls,2,10.0,True,S4_step_fault__rls__seed2__detect_adwin,adc80992e5ad2b0074c2ccb5fd189429c3fd11d2d51d242aa1caec078b0db1d2,ba90eb10e4e1f7500a344f9b4e5e676713fa49fa355f420971a75285e0b9c298,8cda5fd98865bccfe8601ace6f9a27d5a835513e,reconverge_s,8650.715811,s
detectors,S4_step_fault,rls,2,10.0,True,S4_step_fault__rls__seed2__detect_ks,adc80992e5ad2b0074c2ccb5fd189429c3fd11d2d51d242aa1caec078b0db1d2,e68694c868384201c53bdaf13449887c7b05c2ad9ef5f3f7d7b8bf5cddc0bcb0,8cda5fd98865bccfe8601ace6f9a27d5a835513e,reconverge_s,8650.715811,s
detectors,S4_step_fault,rls,2,10.0,True,S4_step_fault__rls__seed2__detect_all4,adc80992e5ad2b0074c2ccb5fd189429c3fd11d2d51d242aa1caec078b0db1d2,6c765cc69f3e4bb20e44be0e55caf8daf8c407d7d1c06515349b9d17ec1fddce,8cda5fd98865bccfe8601ace6f9a27d5a835513e,reconverge_s,8650.715811,s
detectors,S4_step_fault,rls,3,10.0,True,S4_step_fault__rls__seed3__detect_cusum,755a0aa70d2f3fe05534c8cb137d5df18ed16325d4692fc840c3daee2c8a8c92,f148dc11752161354c3021f05b1fe526c43baf276ba3893e2b36806f990aaf93,8cda5fd98865bccfe8601ace6f9a27d5a835513e,reconverge_s,7923.443516,s
detectors,S4_step_fault,rls,3,10.0,True,S4_step_fault__rls__seed3__detect_ph,755a0aa70d2f3fe05534c8cb137d5df18ed16325d4692fc840c3daee2c8a8c92,e5360505f8c49a15eebb5ef47f7d7477818e9b19f26155854e4ff574f74f5811,8cda5fd98865bccfe8601ace6f9a27d5a835513e,reconverge_s,7923.443516,s
detectors,S4_step_fault,rls,3,10.0,True,S4_step_fault__rls__seed3__detect_adwin,755a0aa70d2f3fe05534c8cb137d5df18ed16325d4692fc840c3daee2c8a8c92,ba90eb10e4e1f7500a344f9b4e5e676713fa49fa355f420971a75285e0b9c298,8cda5fd98865bccfe8601ace6f9a27d5a835513e,reconverge_s,7923.443516,s
detectors,S4_step_fault,rls,3,10.0,True,S4_step_fault__rls__seed3__detect_ks,755a0aa70d2f3fe05534c8cb137d5df18ed16325d4692fc840c3daee2c8a8c92,e68694c868384201c53bdaf13449887c7b05c2ad9ef5f3f7d7b8bf5cddc0bcb0,8cda5fd98865bccfe8601ace6f9a27d5a835513e,reconverge_s,7923.443516,s
detectors,S4_step_fault,rls,3,10.0,True,S4_step_fault__rls__seed3__detect_all4,755a0aa70d2f3fe05534c8cb137d5df18ed16325d4692fc840c3daee2c8a8c92,6c765cc69f3e4bb20e44be0e55caf8daf8c407d7d1c06515349b9d17ec1fddce,8cda5fd98865bccfe8601ace6f9a27d5a835513e,reconverge_s,7923.443516,s
detectors,S4_step_fault,rls,4,10.0,True,S4_step_fault__rls__seed4__detect_cusum,57d0146db86c059173927b479ffa5908a6e01f3cdeb9f10b63e58e983cd88fb2,f148dc11752161354c3021f05b1fe526c43baf276ba3893e2b36806f990aaf93,8cda5fd98865bccfe8601ace6f9a27d5a835513e,reconverge_s,6251.916832,s
detectors,S4_step_fault,rls,4,10.0,True,S4_step_fault__rls__seed4__detect_ph,57d0146db86c059173927b479ffa5908a6e01f3cdeb9f10b63e58e983cd88fb2,e5360505f8c49a15eebb5ef47f7d7477818e9b19f26155854e4ff574f74f5811,8cda5fd98865bccfe8601ace6f9a27d5a835513e,reconverge_s,6251.916832,s
detectors,S4_step_fault,rls,4,10.0,True,S4_step_fault__rls__seed4__detect_adwin,57d0146db86c059173927b479ffa5908a6e01f3cdeb9f10b63e58e983cd88fb2,ba90eb10e4e1f7500a344f9b4e5e676713fa49fa355f420971a75285e0b9c298,8cda5fd98865bccfe8601ace6f9a27d5a835513e,reconverge_s,6251.916832,s
detectors,S4_step_fault,rls,4,10.0,True,S4_step_fault__rls__seed4__detect_ks,57d0146db86c059173927b479ffa5908a6e01f3cdeb9f10b63e58e983cd88fb2,e68694c868384201c53bdaf13449887c7b05c2ad9ef5f3f7d7b8bf5cddc0bcb0,8cda5fd98865bccfe8601ace6f9a27d5a835513e,reconverge_s,6251.916832,s
detectors,S4_step_fault,rls,4,10.0,True,S4_step_fault__rls__seed4__detect_all4,57d0146db86c059173927b479ffa5908a6e01f3cdeb9f10b63e58e983cd88fb2,6c765cc69f3e4bb20e44be0e55caf8daf8c407d7d1c06515349b9d17ec1fddce,8cda5fd98865bccfe8601ace6f9a27d5a835513e,reconverge_s,6251.916832,s
detectors,S4_step_fault,rls,5,10.0,True,S4_step_fault__rls__seed5__detect_cusum,1efe02364dacd47e4d9a937957614582b8530ef56f2b525678988666500727b7,f148dc11752161354c3021f05b1fe526c43baf276ba3893e2b36806f990aaf93,8cda5fd98865bccfe8601ace6f9a27d5a835513e,reconverge_s,5578.356788,s
detectors,S4_step_fault,rls,5,10.0,True,S4_step_fault__rls__seed5__detect_ph,1efe02364dacd47e4d9a937957614582b8530ef56f2b525678988666500727b7,e5360505f8c49a15eebb5ef47f7d7477818e9b19f26155854e4ff574f74f5811,8cda5fd98865bccfe8601ace6f9a27d5a835513e,reconverge_s,5578.356788,s
detectors,S4_step_fault,rls,5,10.0,True,S4_step_fault__rls__seed5__detect_adwin,1efe02364dacd47e4d9a937957614582b8530ef56f2b525678988666500727b7,ba90eb10e4e1f7500a344f9b4e5e676713fa49fa355f420971a75285e0b9c298,8cda5fd98865bccfe8601ace6f9a27d5a835513e,reconverge_s,5578.356788,s
detectors,S4_step_fault,rls,5,10.0,True,S4_step_fault__rls__seed5__detect_ks,1efe02364dacd47e4d9a937957614582b8530ef56f2b525678988666500727b7,e68694c868384201c53bdaf13449887c7b05c2ad9ef5f3f7d7b8bf5cddc0bcb0,8cda5fd98865bccfe8601ace6f9a27d5a835513e,reconverge_s,5578.356788,s
detectors,S4_step_fault,rls,5,10.0,True,S4_step_fault__rls__seed5__detect_all4,1efe02364dacd47e4d9a937957614582b8530ef56f2b525678988666500727b7,6c765cc69f3e4bb20e44be0e55caf8daf8c407d7d1c06515349b9d17ec1fddce,8cda5fd98865bccfe8601ace6f9a27d5a835513e,reconverge_s,5578.356788,s
detectors,S4_step_fault,rls,6,10.0,True,S4_step_fault__rls__seed6__detect_cusum,edb8fb013b7aeb64e877b749783afa62d6864702f69cf9e7c539d6cd9df4f86d,f148dc11752161354c3021f05b1fe526c43baf276ba3893e2b36806f990aaf93,8cda5fd98865bccfe8601ace6f9a27d5a835513e,reconverge_s,1846.06521,s
detectors,S4_step_fault,rls,6,10.0,True,S4_step_fault__rls__seed6__detect_ph,edb8fb013b7aeb64e877b749783afa62d6864702f69cf9e7c539d6cd9df4f86d,e5360505f8c49a15eebb5ef47f7d7477818e9b19f26155854e4ff574f74f5811,8cda5fd98865bccfe8601ace6f9a27d5a835513e,reconverge_s,1846.06521,s
detectors,S4_step_fault,rls,6,10.0,True,S4_step_fault__rls__seed6__detect_adwin,edb8fb013b7aeb64e877b749783afa62d6864702f69cf9e7c539d6cd9df4f86d,ba90eb10e4e1f7500a344f9b4e5e676713fa49fa355f420971a75285e0b9c298,8cda5fd98865bccfe8601ace6f9a27d5a835513e,reconverge_s,1846.06521,s
detectors,S4_step_fault,rls,6,10.0,True,S4_step_fault__rls__seed6__detect_ks,edb8fb013b7aeb64e877b749783afa62d6864702f69cf9e7c539d6cd9df4f86d,e68694c868384201c53bdaf13449887c7b05c2ad9ef5f3f7d7b8bf5cddc0bcb0,8cda5fd98865bccfe8601ace6f9a27d5a835513e,reconverge_s,1846.06521,s
detectors,S4_step_fault,rls,6,10.0,True,S4_step_fault__rls__seed6__detect_all4,edb8fb013b7aeb64e877b749783afa62d6864702f69cf9e7c539d6cd9df4f86d,6c765cc69f3e4bb20e44be0e55caf8daf8c407d7d1c06515349b9d17ec1fddce,8cda5fd98865bccfe8601ace6f9a27d5a835513e,reconverge_s,1846.06521,s
detectors,S4_step_fault,rls,7,10.0,True,S4_step_fault__rls__seed7__detect_cusum,5cf17843f3bfe6e9f5ce0f88df6e9f0fa19691e7d0781a28d2e0071debfacd13,f148dc11752161354c3021f05b1fe526c43baf276ba3893e2b36806f990aaf93,8cda5fd98865bccfe8601ace6f9a27d5a835513e,reconverge_s,4025.867063,s
detectors,S4_step_fault,rls,7,10.0,True,S4_step_fault__rls__seed7__detect_ph,5cf17843f3bfe6e9f5ce0f88df6e9f0fa19691e7d0781a28d2e0071debfacd13,e5360505f8c49a15eebb5ef47f7d7477818e9b19f26155854e4ff574f74f5811,8cda5fd98865bccfe8601ace6f9a27d5a835513e,reconverge_s,4025.867063,s
detectors,S4_step_fault,rls,7,10.0,True,S4_step_fault__rls__seed7__detect_adwin,5cf17843f3bfe6e9f5ce0f88df6e9f0fa19691e7d0781a28d2e0071debfacd13,ba90eb10e4e1f7500a344f9b4e5e676713fa49fa355f420971a75285e0b9c298,8cda5fd98865bccfe8601ace6f9a27d5a835513e,reconverge_s,4025.867063,s
detectors,S4_step_fault,rls,7,10.0,True,S4_step_fault__rls__seed7__detect_ks,5cf17843f3bfe6e9f5ce0f88df6e9f0fa19691e7d0781a28d2e0071debfacd13,e68694c868384201c53bdaf13449887c7b05c2ad9ef5f3f7d7b8bf5cddc0bcb0,8cda5fd98865bccfe8601ace6f9a27d5a835513e,reconverge_s,4025.867063,s
detectors,S4_step_fault,rls,7,10.0,True,S4_step_fault__rls__seed7__detect_all4,5cf17843f3bfe6e9f5ce0f88df6e9f0fa19691e7d0781a28d2e0071debfacd13,6c765cc69f3e4bb20e44be0e55caf8daf8c407d7d1c06515349b9d17ec1fddce,8cda5fd98865bccfe8601ace6f9a27d5a835513e,reconverge_s,4025.867063,s
detectors,S4_step_fault,rls,8,10.0,True,S4_step_fault__rls__seed8__detect_cusum,4471998ed306e877216c6c1b12b8ba9d62e309093746866fb7f4d683dd3b0138,f148dc11752161354c3021f05b1fe526c43baf276ba3893e2b36806f990aaf93,8cda5fd98865bccfe8601ace6f9a27d5a835513e,reconverge_s,3461.797691,s
detectors,S4_step_fault,rls,8,10.0,True,S4_step_fault__rls__seed8__detect_ph,4471998ed306e877216c6c1b12b8ba9d62e309093746866fb7f4d683dd3b0138,e5360505f8c49a15eebb5ef47f7d7477818e9b19f26155854e4ff574f74f5811,8cda5fd98865bccfe8601ace6f9a27d5a835513e,reconverge_s,3461.797691,s
detectors,S4_step_fault,rls,8,10.0,True,S4_step_fault__rls__seed8__detect_adwin,4471998ed306e877216c6c1b12b8ba9d62e309093746866fb7f4d683dd3b0138,ba90eb10e4e1f7500a344f9b4e5e676713fa49fa355f420971a75285e0b9c298,8cda5fd98865bccfe8601ace6f9a27d5a835513e,reconverge_s,3461.797691,s
detectors,S4_step_fault,rls,8,10.0,True,S4_step_fault__rls__seed8__detect_ks,4471998ed306e877216c6c1b12b8ba9d62e309093746866fb7f4d683dd3b0138,e68694c868384201c53bdaf13449887c7b05c2ad9ef5f3f7d7b8bf5cddc0bcb0,8cda5fd98865bccfe8601ace6f9a27d5a835513e,reconverge_s,3461.797691,s
detectors,S4_step_fault,rls,8,10.0,True,S4_step_fault__rls__seed8__detect_all4,4471998ed306e877216c6c1b12b8ba9d62e309093746866fb7f4d683dd3b0138,6c765cc69f3e4bb20e44be0e55caf8daf8c407d7d1c06515349b9d17ec1fddce,8cda5fd98865bccfe8601ace6f9a27d5a835513e,reconverge_s,3461.797691,s
detectors,S4_step_fault,rls,9,10.0,True,S4_step_fault__rls__seed9__detect_cusum,af86278540fa1654a3e5819e52691400963a2f43bbaf4be0dd151148c2836411,f148dc11752161354c3021f05b1fe526c43baf276ba3893e2b36806f990aaf93,8cda5fd98865bccfe8601ace6f9a27d5a835513e,reconverge_s,10174.414139,s
detectors,S4_step_fault,rls,9,10.0,True,S4_step_fault__rls__seed9__detect_ph,af86278540fa1654a3e5819e52691400963a2f43bbaf4be0dd151148c2836411,e5360505f8c49a15eebb5ef47f7d7477818e9b19f26155854e4ff574f74f5811,8cda5fd98865bccfe8601ace6f9a27d5a835513e,reconverge_s,10174.414139,s
detectors,S4_step_fault,rls,9,10.0,True,S4_step_fault__rls__seed9__detect_adwin,af86278540fa1654a3e5819e52691400963a2f43bbaf4be0dd151148c2836411,ba90eb10e4e1f7500a344f9b4e5e676713fa49fa355f420971a75285e0b9c298,8cda5fd98865bccfe8601ace6f9a27d5a835513e,reconverge_s,10174.414139,s
detectors,S4_step_fault,rls,9,10.0,True,S4_step_fault__rls__seed9__detect_ks,af86278540fa1654a3e5819e52691400963a2f43bbaf4be0dd151148c2836411,e68694c868384201c53bdaf13449887c7b05c2ad9ef5f3f7d7b8bf5cddc0bcb0,8cda5fd98865bccfe8601ace6f9a27d5a835513e,reconverge_s,10174.414139,s
detectors,S4_step_fault,rls,9,10.0,True,S4_step_fault__rls__seed9__detect_all4,af86278540fa1654a3e5819e52691400963a2f43bbaf4be0dd151148c2836411,6c765cc69f3e4bb20e44be0e55caf8daf8c407d7d1c06515349b9d17ec1fddce,8cda5fd98865bccfe8601ace6f9a27d5a835513e,reconverge_s,10174.414139,s
detectors,S4_step_fault,rls,10,10.0,True,S4_step_fault__rls__seed10__detect_cusum,b97f4fa67d55b0a4900a4dc84b9f38b152ab85aa07d9118de95bac234f41360d,f148dc11752161354c3021f05b1fe526c43baf276ba3893e2b36806f990aaf93,8cda5fd98865bccfe8601ace6f9a27d5a835513e,reconverge_s,12097.152037,s
detectors,S4_step_fault,rls,10,10.0,True,S4_step_fault__rls__seed10__detect_ph,b97f4fa67d55b0a4900a4dc84b9f38b152ab85aa07d9118de95bac234f41360d,e5360505f8c49a15eebb5ef47f7d7477818e9b19f26155854e4ff574f74f5811,8cda5fd98865bccfe8601ace6f9a27d5a835513e,reconverge_s,14412.828485,s
detectors,S4_step_fault,rls,10,10.0,True,S4_step_fault__rls__seed10__detect_adwin,b97f4fa67d55b0a4900a4dc84b9f38b152ab85aa07d9118de95bac234f41360d,ba90eb10e4e1f7500a344f9b4e5e676713fa49fa355f420971a75285e0b9c298,8cda5fd98865bccfe8601ace6f9a27d5a835513e,reconverge_s,13452.908388,s
detectors,S4_step_fault,rls,10,10.0,True,S4_step_fault__rls__seed10__detect_ks,b97f4fa67d55b0a4900a4dc84b9f38b152ab85aa07d9118de95bac234f41360d,e68694c868384201c53bdaf13449887c7b05c2ad9ef5f3f7d7b8bf5cddc0bcb0,8cda5fd98865bccfe8601ace6f9a27d5a835513e,reconverge_s,16489.432636,s
detectors,S4_step_fault,rls,10,10.0,True,S4_step_fault__rls__seed10__detect_all4,b97f4fa67d55b0a4900a4dc84b9f38b152ab85aa07d9118de95bac234f41360d,6c765cc69f3e4bb20e44be0e55caf8daf8c407d7d1c06515349b9d17ec1fddce,8cda5fd98865bccfe8601ace6f9a27d5a835513e,reconverge_s,12097.152037,s
detectors,S6_combined,rls,1,10.0,True,S6_combined__rls__seed1__detect_cusum,b3cf8d14b3aed8b1d65ab4497dcbfb879dbda2ce1da03bb07f6401c9b4b9bd4a,f148dc11752161354c3021f05b1fe526c43baf276ba3893e2b36806f990aaf93,8cda5fd98865bccfe8601ace6f9a27d5a835513e,reconverge_s,,s
detectors,S6_combined,rls,1,10.0,True,S6_combined__rls__seed1__detect_ph,b3cf8d14b3aed8b1d65ab4497dcbfb879dbda2ce1da03bb07f6401c9b4b9bd4a,e5360505f8c49a15eebb5ef47f7d7477818e9b19f26155854e4ff574f74f5811,8cda5fd98865bccfe8601ace6f9a27d5a835513e,reconverge_s,,s
detectors,S6_combined,rls,1,10.0,True,S6_combined__rls__seed1__detect_adwin,b3cf8d14b3aed8b1d65ab4497dcbfb879dbda2ce1da03bb07f6401c9b4b9bd4a,ba90eb10e4e1f7500a344f9b4e5e676713fa49fa355f420971a75285e0b9c298,8cda5fd98865bccfe8601ace6f9a27d5a835513e,reconverge_s,,s
detectors,S6_combined,rls,1,10.0,True,S6_combined__rls__seed1__detect_ks,b3cf8d14b3aed8b1d65ab4497dcbfb879dbda2ce1da03bb07f6401c9b4b9bd4a,e68694c868384201c53bdaf13449887c7b05c2ad9ef5f3f7d7b8bf5cddc0bcb0,8cda5fd98865bccfe8601ace6f9a27d5a835513e,reconverge_s,,s
detectors,S6_combined,rls,1,10.0,True,S6_combined__rls__seed1__detect_all4,b3cf8d14b3aed8b1d65ab4497dcbfb879dbda2ce1da03bb07f6401c9b4b9bd4a,6c765cc69f3e4bb20e44be0e55caf8daf8c407d7d1c06515349b9d17ec1fddce,8cda5fd98865bccfe8601ace6f9a27d5a835513e,reconverge_s,,s
detectors,S6_combined,rls,2,10.0,True,S6_combined__rls__seed2__detect_cusum,e4f7ab87faf6982be139dc8af97757bff8d540d357c41e3d06ec298e4dd75854,f148dc11752161354c3021f05b1fe526c43baf276ba3893e2b36806f990aaf93,8cda5fd98865bccfe8601ace6f9a27d5a835513e,reconverge_s,99407.796201,s
detectors,S6_combined,rls,2,10.0,True,S6_combined__rls__seed2__detect_ph,e4f7ab87faf6982be139dc8af97757bff8d540d357c41e3d06ec298e4dd75854,e5360505f8c49a15eebb5ef47f7d7477818e9b19f26155854e4ff574f74f5811,8cda5fd98865bccfe8601ace6f9a27d5a835513e,reconverge_s,99407.796201,s
detectors,S6_combined,rls,2,10.0,True,S6_combined__rls__seed2__detect_adwin,e4f7ab87faf6982be139dc8af97757bff8d540d357c41e3d06ec298e4dd75854,ba90eb10e4e1f7500a344f9b4e5e676713fa49fa355f420971a75285e0b9c298,8cda5fd98865bccfe8601ace6f9a27d5a835513e,reconverge_s,99407.796201,s
detectors,S6_combined,rls,2,10.0,True,S6_combined__rls__seed2__detect_ks,e4f7ab87faf6982be139dc8af97757bff8d540d357c41e3d06ec298e4dd75854,e68694c868384201c53bdaf13449887c7b05c2ad9ef5f3f7d7b8bf5cddc0bcb0,8cda5fd98865bccfe8601ace6f9a27d5a835513e,reconverge_s,99407.796201,s
detectors,S6_combined,rls,2,10.0,True,S6_combined__rls__seed2__detect_all4,e4f7ab87faf6982be139dc8af97757bff8d540d357c41e3d06ec298e4dd75854,6c765cc69f3e4bb20e44be0e55caf8daf8c407d7d1c06515349b9d17ec1fddce,8cda5fd98865bccfe8601ace6f9a27d5a835513e,reconverge_s,99407.796201,s
detectors,S6_combined,rls,3,10.0,True,S6_combined__rls__seed3__detect_cusum,c371bfebbbdb510b204e19fcaedea3c47a4e8b6d77499f04ee6ac55d13fed988,f148dc11752161354c3021f05b1fe526c43baf276ba3893e2b36806f990aaf93,8cda5fd98865bccfe8601ace6f9a27d5a835513e,reconverge_s,5916.793585,s
detectors,S6_combined,rls,3,10.0,True,S6_combined__rls__seed3__detect_ph,c371bfebbbdb510b204e19fcaedea3c47a4e8b6d77499f04ee6ac55d13fed988,e5360505f8c49a15eebb5ef47f7d7477818e9b19f26155854e4ff574f74f5811,8cda5fd98865bccfe8601ace6f9a27d5a835513e,reconverge_s,5916.793585,s
detectors,S6_combined,rls,3,10.0,True,S6_combined__rls__seed3__detect_adwin,c371bfebbbdb510b204e19fcaedea3c47a4e8b6d77499f04ee6ac55d13fed988,ba90eb10e4e1f7500a344f9b4e5e676713fa49fa355f420971a75285e0b9c298,8cda5fd98865bccfe8601ace6f9a27d5a835513e,reconverge_s,5916.793585,s
detectors,S6_combined,rls,3,10.0,True,S6_combined__rls__seed3__detect_ks,c371bfebbbdb510b204e19fcaedea3c47a4e8b6d77499f04ee6ac55d13fed988,e68694c868384201c53bdaf13449887c7b05c2ad9ef5f3f7d7b8bf5cddc0bcb0,8cda5fd98865bccfe8601ace6f9a27d5a835513e,reconverge_s,5916.793585,s
detectors,S6_combined,rls,3,10.0,True,S6_combined__rls__seed3__detect_all4,c371bfebbbdb510b204e19fcaedea3c47a4e8b6d77499f04ee6ac55d13fed988,6c765cc69f3e4bb20e44be0e55caf8daf8c407d7d1c06515349b9d17ec1fddce,8cda5fd98865bccfe8601ace6f9a27d5a835513e,reconverge_s,5916.793585,s
detectors,S6_combined,rls,4,10.0,True,S6_combined__rls__seed4__detect_cusum,091893e2b20fe4f1f4ec71b10a24db6c43dabefaa37c7ef75c67f5a78f00f2b7,f148dc11752161354c3021f05b1fe526c43baf276ba3893e2b36806f990aaf93,8cda5fd98865bccfe8601ace6f9a27d5a835513e,reconverge_s,,s
detectors,S6_combined,rls,4,10.0,True,S6_combined__rls__seed4__detect_ph,091893e2b20fe4f1f4ec71b10a24db6c43dabefaa37c7ef75c67f5a78f00f2b7,e5360505f8c49a15eebb5ef47f7d7477818e9b19f26155854e4ff574f74f5811,8cda5fd98865bccfe8601ace6f9a27d5a835513e,reconverge_s,,s
detectors,S6_combined,rls,4,10.0,True,S6_combined__rls__seed4__detect_adwin,091893e2b20fe4f1f4ec71b10a24db6c43dabefaa37c7ef75c67f5a78f00f2b7,ba90eb10e4e1f7500a344f9b4e5e676713fa49fa355f420971a75285e0b9c298,8cda5fd98865bccfe8601ace6f9a27d5a835513e,reconverge_s,,s
detectors,S6_combined,rls,4,10.0,True,S6_combined__rls__seed4__detect_ks,091893e2b20fe4f1f4ec71b10a24db6c43dabefaa37c7ef75c67f5a78f00f2b7,e68694c868384201c53bdaf13449887c7b05c2ad9ef5f3f7d7b8bf5cddc0bcb0,8cda5fd98865bccfe8601ace6f9a27d5a835513e,reconverge_s,,s
detectors,S6_combined,rls,4,10.0,True,S6_combined__rls__seed4__detect_all4,091893e2b20fe4f1f4ec71b10a24db6c43dabefaa37c7ef75c67f5a78f00f2b7,6c765cc69f3e4bb20e44be0e55caf8daf8c407d7d1c06515349b9d17ec1fddce,8cda5fd98865bccfe8601ace6f9a27d5a835513e,reconverge_s,,s
detectors,S6_combined,rls,5,10.0,True,S6_combined__rls__seed5__detect_cusum,c1d9d4a7d46d9a42ad59de704b5ae8b21c9bf2f17d4576d9bfa6e10e6c6f4b13,f148dc11752161354c3021f05b1fe526c43baf276ba3893e2b36806f990aaf93,8cda5fd98865bccfe8601ace6f9a27d5a835513e,reconverge_s,4301.491438,s
detectors,S6_combined,rls,5,10.0,True,S6_combined__rls__seed5__detect_ph,c1d9d4a7d46d9a42ad59de704b5ae8b21c9bf2f17d4576d9bfa6e10e6c6f4b13,e5360505f8c49a15eebb5ef47f7d7477818e9b19f26155854e4ff574f74f5811,8cda5fd98865bccfe8601ace6f9a27d5a835513e,reconverge_s,4301.491438,s
detectors,S6_combined,rls,5,10.0,True,S6_combined__rls__seed5__detect_adwin,c1d9d4a7d46d9a42ad59de704b5ae8b21c9bf2f17d4576d9bfa6e10e6c6f4b13,ba90eb10e4e1f7500a344f9b4e5e676713fa49fa355f420971a75285e0b9c298,8cda5fd98865bccfe8601ace6f9a27d5a835513e,reconverge_s,4301.491438,s
detectors,S6_combined,rls,5,10.0,True,S6_combined__rls__seed5__detect_ks,c1d9d4a7d46d9a42ad59de704b5ae8b21c9bf2f17d4576d9bfa6e10e6c6f4b13,e68694c868384201c53bdaf13449887c7b05c2ad9ef5f3f7d7b8bf5cddc0bcb0,8cda5fd98865bccfe8601ace6f9a27d5a835513e,reconverge_s,4301.491438,s
detectors,S6_combined,rls,5,10.0,True,S6_combined__rls__seed5__detect_all4,c1d9d4a7d46d9a42ad59de704b5ae8b21c9bf2f17d4576d9bfa6e10e6c6f4b13,6c765cc69f3e4bb20e44be0e55caf8daf8c407d7d1c06515349b9d17ec1fddce,8cda5fd98865bccfe8601ace6f9a27d5a835513e,reconverge_s,4301.491438,s
detectors,S6_combined,rls,6,10.0,True,S6_combined__rls__seed6__detect_cusum,8fbcb1374a66e26dea4a0e8dbcf64db42ebcd88dd11b5cd3bb5d44e8d4b0665a,f148dc11752161354c3021f05b1fe526c43baf276ba3893e2b36806f990aaf93,8cda5fd98865bccfe8601ace6f9a27d5a835513e,reconverge_s,13093.382626,s
detectors,S6_combined,rls,6,10.0,True,S6_combined__rls__seed6__detect_ph,8fbcb1374a66e26dea4a0e8dbcf64db42ebcd88dd11b5cd3bb5d44e8d4b0665a,e5360505f8c49a15eebb5ef47f7d7477818e9b19f26155854e4ff574f74f5811,8cda5fd98865bccfe8601ace6f9a27d5a835513e,reconverge_s,13093.382626,s
detectors,S6_combined,rls,6,10.0,True,S6_combined__rls__seed6__detect_adwin,8fbcb1374a66e26dea4a0e8dbcf64db42ebcd88dd11b5cd3bb5d44e8d4b0665a,ba90eb10e4e1f7500a344f9b4e5e676713fa49fa355f420971a75285e0b9c298,8cda5fd98865bccfe8601ace6f9a27d5a835513e,reconverge_s,13093.382626,s
detectors,S6_combined,rls,6,10.0,True,S6_combined__rls__seed6__detect_ks,8fbcb1374a66e26dea4a0e8dbcf64db42ebcd88dd11b5cd3bb5d44e8d4b0665a,e68694c868384201c53bdaf13449887c7b05c2ad9ef5f3f7d7b8bf5cddc0bcb0,8cda5fd98865bccfe8601ace6f9a27d5a835513e,reconverge_s,13093.382626,s
detectors,S6_combined,rls,6,10.0,True,S6_combined__rls__seed6__detect_all4,8fbcb1374a66e26dea4a0e8dbcf64db42ebcd88dd11b5cd3bb5d44e8d4b0665a,6c765cc69f3e4bb20e44be0e55caf8daf8c407d7d1c06515349b9d17ec1fddce,8cda5fd98865bccfe8601ace6f9a27d5a835513e,reconverge_s,13093.382626,s
detectors,S6_combined,rls,7,10.0,True,S6_combined__rls__seed7__detect_cusum,eb12037c60287858e9925e83fcaf2aa6789246ee5a2aa0c936402930de58eb1c,f148dc11752161354c3021f05b1fe526c43baf276ba3893e2b36806f990aaf93,8cda5fd98865bccfe8601ace6f9a27d5a835513e,reconverge_s,8215.052866,s
detectors,S6_combined,rls,7,10.0,True,S6_combined__rls__seed7__detect_ph,eb12037c60287858e9925e83fcaf2aa6789246ee5a2aa0c936402930de58eb1c,e5360505f8c49a15eebb5ef47f7d7477818e9b19f26155854e4ff574f74f5811,8cda5fd98865bccfe8601ace6f9a27d5a835513e,reconverge_s,8215.052866,s
detectors,S6_combined,rls,7,10.0,True,S6_combined__rls__seed7__detect_adwin,eb12037c60287858e9925e83fcaf2aa6789246ee5a2aa0c936402930de58eb1c,ba90eb10e4e1f7500a344f9b4e5e676713fa49fa355f420971a75285e0b9c298,8cda5fd98865bccfe8601ace6f9a27d5a835513e,reconverge_s,8215.052866,s
detectors,S6_combined,rls,7,10.0,True,S6_combined__rls__seed7__detect_ks,eb12037c60287858e9925e83fcaf2aa6789246ee5a2aa0c936402930de58eb1c,e68694c868384201c53bdaf13449887c7b05c2ad9ef5f3f7d7b8bf5cddc0bcb0,8cda5fd98865bccfe8601ace6f9a27d5a835513e,reconverge_s,8215.052866,s
detectors,S6_combined,rls,7,10.0,True,S6_combined__rls__seed7__detect_all4,eb12037c60287858e9925e83fcaf2aa6789246ee5a2aa0c936402930de58eb1c,6c765cc69f3e4bb20e44be0e55caf8daf8c407d7d1c06515349b9d17ec1fddce,8cda5fd98865bccfe8601ace6f9a27d5a835513e,reconverge_s,8215.052866,s
detectors,S6_combined,rls,8,10.0,True,S6_combined__rls__seed8__detect_cusum,da4740837e6cf85b5c7d22d84cf556133cbff181edcbfd4d107db823d7c1f164,f148dc11752161354c3021f05b1fe526c43baf276ba3893e2b36806f990aaf93,8cda5fd98865bccfe8601ace6f9a27d5a835513e,reconverge_s,3364.312118,s
detectors,S6_combined,rls,8,10.0,True,S6_combined__rls__seed8__detect_ph,da4740837e6cf85b5c7d22d84cf556133cbff181edcbfd4d107db823d7c1f164,e5360505f8c49a15eebb5ef47f7d7477818e9b19f26155854e4ff574f74f5811,8cda5fd98865bccfe8601ace6f9a27d5a835513e,reconverge_s,3364.312118,s
detectors,S6_combined,rls,8,10.0,True,S6_combined__rls__seed8__detect_adwin,da4740837e6cf85b5c7d22d84cf556133cbff181edcbfd4d107db823d7c1f164,ba90eb10e4e1f7500a344f9b4e5e676713fa49fa355f420971a75285e0b9c298,8cda5fd98865bccfe8601ace6f9a27d5a835513e,reconverge_s,3364.312118,s
detectors,S6_combined,rls,8,10.0,True,S6_combined__rls__seed8__detect_ks,da4740837e6cf85b5c7d22d84cf556133cbff181edcbfd4d107db823d7c1f164,e68694c868384201c53bdaf13449887c7b05c2ad9ef5f3f7d7b8bf5cddc0bcb0,8cda5fd98865bccfe8601ace6f9a27d5a835513e,reconverge_s,3364.312118,s
detectors,S6_combined,rls,8,10.0,True,S6_combined__rls__seed8__detect_all4,da4740837e6cf85b5c7d22d84cf556133cbff181edcbfd4d107db823d7c1f164,6c765cc69f3e4bb20e44be0e55caf8daf8c407d7d1c06515349b9d17ec1fddce,8cda5fd98865bccfe8601ace6f9a27d5a835513e,reconverge_s,3364.312118,s
detectors,S6_combined,rls,9,10.0,True,S6_combined__rls__seed9__detect_cusum,29718e114c21c01b04a983f185bbf01430cfac8dd9e8b5808281b0434dac26fc,f148dc11752161354c3021f05b1fe526c43baf276ba3893e2b36806f990aaf93,8cda5fd98865bccfe8601ace6f9a27d5a835513e,reconverge_s,99996.436773,s
detectors,S6_combined,rls,9,10.0,True,S6_combined__rls__seed9__detect_ph,29718e114c21c01b04a983f185bbf01430cfac8dd9e8b5808281b0434dac26fc,e5360505f8c49a15eebb5ef47f7d7477818e9b19f26155854e4ff574f74f5811,8cda5fd98865bccfe8601ace6f9a27d5a835513e,reconverge_s,99996.436773,s
detectors,S6_combined,rls,9,10.0,True,S6_combined__rls__seed9__detect_adwin,29718e114c21c01b04a983f185bbf01430cfac8dd9e8b5808281b0434dac26fc,ba90eb10e4e1f7500a344f9b4e5e676713fa49fa355f420971a75285e0b9c298,8cda5fd98865bccfe8601ace6f9a27d5a835513e,reconverge_s,99996.436773,s
detectors,S6_combined,rls,9,10.0,True,S6_combined__rls__seed9__detect_ks,29718e114c21c01b04a983f185bbf01430cfac8dd9e8b5808281b0434dac26fc,e68694c868384201c53bdaf13449887c7b05c2ad9ef5f3f7d7b8bf5cddc0bcb0,8cda5fd98865bccfe8601ace6f9a27d5a835513e,reconverge_s,99996.436773,s
detectors,S6_combined,rls,9,10.0,True,S6_combined__rls__seed9__detect_all4,29718e114c21c01b04a983f185bbf01430cfac8dd9e8b5808281b0434dac26fc,6c765cc69f3e4bb20e44be0e55caf8daf8c407d7d1c06515349b9d17ec1fddce,8cda5fd98865bccfe8601ace6f9a27d5a835513e,reconverge_s,99996.436773,s
detectors,S6_combined,rls,10,10.0,True,S6_combined__rls__seed10__detect_cusum,4054ab96937dfc6eef3c9c4f46347db001fd4eea59432509f786c95b51d12234,f148dc11752161354c3021f05b1fe526c43baf276ba3893e2b36806f990aaf93,8cda5fd98865bccfe8601ace6f9a27d5a835513e,reconverge_s,100447.939671,s
detectors,S6_combined,rls,10,10.0,True,S6_combined__rls__seed10__detect_ph,4054ab96937dfc6eef3c9c4f46347db001fd4eea59432509f786c95b51d12234,e5360505f8c49a15eebb5ef47f7d7477818e9b19f26155854e4ff574f74f5811,8cda5fd98865bccfe8601ace6f9a27d5a835513e,reconverge_s,100447.939671,s
detectors,S6_combined,rls,10,10.0,True,S6_combined__rls__seed10__detect_adwin,4054ab96937dfc6eef3c9c4f46347db001fd4eea59432509f786c95b51d12234,ba90eb10e4e1f7500a344f9b4e5e676713fa49fa355f420971a75285e0b9c298,8cda5fd98865bccfe8601ace6f9a27d5a835513e,reconverge_s,100447.939671,s
detectors,S6_combined,rls,10,10.0,True,S6_combined__rls__seed10__detect_ks,4054ab96937dfc6eef3c9c4f46347db001fd4eea59432509f786c95b51d12234,e68694c868384201c53bdaf13449887c7b05c2ad9ef5f3f7d7b8bf5cddc0bcb0,8cda5fd98865bccfe8601ace6f9a27d5a835513e,reconverge_s,100447.939671,s
detectors,S6_combined,rls,10,10.0,True,S6_combined__rls__seed10__detect_all4,4054ab96937dfc6eef3c9c4f46347db001fd4eea59432509f786c95b51d12234,6c765cc69f3e4bb20e44be0e55caf8daf8c407d7d1c06515349b9d17ec1fddce,8cda5fd98865bccfe8601ace6f9a27d5a835513e,reconverge_s,100447.939671,s
detectors,S4_step_fault,rls,1,10.0,True,S4_step_fault__rls__seed1__detect_cusum,7d29a6d7dca932314e512c265e0e559ec6cc02e548aa25349a95d1f29dbf9ef1,f148dc11752161354c3021f05b1fe526c43baf276ba3893e2b36806f990aaf93,8cda5fd98865bccfe8601ace6f9a27d5a835513e,mean_detection_delay_s,,s
detectors,S4_step_fault,rls,1,10.0,True,S4_step_fault__rls__seed1__detect_ph,7d29a6d7dca932314e512c265e0e559ec6cc02e548aa25349a95d1f29dbf9ef1,e5360505f8c49a15eebb5ef47f7d7477818e9b19f26155854e4ff574f74f5811,8cda5fd98865bccfe8601ace6f9a27d5a835513e,mean_detection_delay_s,,s
detectors,S4_step_fault,rls,1,10.0,True,S4_step_fault__rls__seed1__detect_adwin,7d29a6d7dca932314e512c265e0e559ec6cc02e548aa25349a95d1f29dbf9ef1,ba90eb10e4e1f7500a344f9b4e5e676713fa49fa355f420971a75285e0b9c298,8cda5fd98865bccfe8601ace6f9a27d5a835513e,mean_detection_delay_s,,s
detectors,S4_step_fault,rls,1,10.0,True,S4_step_fault__rls__seed1__detect_ks,7d29a6d7dca932314e512c265e0e559ec6cc02e548aa25349a95d1f29dbf9ef1,e68694c868384201c53bdaf13449887c7b05c2ad9ef5f3f7d7b8bf5cddc0bcb0,8cda5fd98865bccfe8601ace6f9a27d5a835513e,mean_detection_delay_s,,s
detectors,S4_step_fault,rls,1,10.0,True,S4_step_fault__rls__seed1__detect_all4,7d29a6d7dca932314e512c265e0e559ec6cc02e548aa25349a95d1f29dbf9ef1,6c765cc69f3e4bb20e44be0e55caf8daf8c407d7d1c06515349b9d17ec1fddce,8cda5fd98865bccfe8601ace6f9a27d5a835513e,mean_detection_delay_s,,s
detectors,S4_step_fault,rls,2,10.0,True,S4_step_fault__rls__seed2__detect_cusum,adc80992e5ad2b0074c2ccb5fd189429c3fd11d2d51d242aa1caec078b0db1d2,f148dc11752161354c3021f05b1fe526c43baf276ba3893e2b36806f990aaf93,8cda5fd98865bccfe8601ace6f9a27d5a835513e,mean_detection_delay_s,,s
detectors,S4_step_fault,rls,2,10.0,True,S4_step_fault__rls__seed2__detect_ph,adc80992e5ad2b0074c2ccb5fd189429c3fd11d2d51d242aa1caec078b0db1d2,e5360505f8c49a15eebb5ef47f7d7477818e9b19f26155854e4ff574f74f5811,8cda5fd98865bccfe8601ace6f9a27d5a835513e,mean_detection_delay_s,,s
detectors,S4_step_fault,rls,2,10.0,True,S4_step_fault__rls__seed2__detect_adwin,adc80992e5ad2b0074c2ccb5fd189429c3fd11d2d51d242aa1caec078b0db1d2,ba90eb10e4e1f7500a344f9b4e5e676713fa49fa355f420971a75285e0b9c298,8cda5fd98865bccfe8601ace6f9a27d5a835513e,mean_detection_delay_s,,s
detectors,S4_step_fault,rls,2,10.0,True,S4_step_fault__rls__seed2__detect_ks,adc80992e5ad2b0074c2ccb5fd189429c3fd11d2d51d242aa1caec078b0db1d2,e68694c868384201c53bdaf13449887c7b05c2ad9ef5f3f7d7b8bf5cddc0bcb0,8cda5fd98865bccfe8601ace6f9a27d5a835513e,mean_detection_delay_s,,s
detectors,S4_step_fault,rls,2,10.0,True,S4_step_fault__rls__seed2__detect_all4,adc80992e5ad2b0074c2ccb5fd189429c3fd11d2d51d242aa1caec078b0db1d2,6c765cc69f3e4bb20e44be0e55caf8daf8c407d7d1c06515349b9d17ec1fddce,8cda5fd98865bccfe8601ace6f9a27d5a835513e,mean_detection_delay_s,,s
detectors,S4_step_fault,rls,3,10.0,True,S4_step_fault__rls__seed3__detect_cusum,755a0aa70d2f3fe05534c8cb137d5df18ed16325d4692fc840c3daee2c8a8c92,f148dc11752161354c3021f05b1fe526c43baf276ba3893e2b36806f990aaf93,8cda5fd98865bccfe8601ace6f9a27d5a835513e,mean_detection_delay_s,1390.892524,s
detectors,S4_step_fault,rls,3,10.0,True,S4_step_fault__rls__seed3__detect_ph,755a0aa70d2f3fe05534c8cb137d5df18ed16325d4692fc840c3daee2c8a8c92,e5360505f8c49a15eebb5ef47f7d7477818e9b19f26155854e4ff574f74f5811,8cda5fd98865bccfe8601ace6f9a27d5a835513e,mean_detection_delay_s,,s
detectors,S4_step_fault,rls,3,10.0,True,S4_step_fault__rls__seed3__detect_adwin,755a0aa70d2f3fe05534c8cb137d5df18ed16325d4692fc840c3daee2c8a8c92,ba90eb10e4e1f7500a344f9b4e5e676713fa49fa355f420971a75285e0b9c298,8cda5fd98865bccfe8601ace6f9a27d5a835513e,mean_detection_delay_s,,s
detectors,S4_step_fault,rls,3,10.0,True,S4_step_fault__rls__seed3__detect_ks,755a0aa70d2f3fe05534c8cb137d5df18ed16325d4692fc840c3daee2c8a8c92,e68694c868384201c53bdaf13449887c7b05c2ad9ef5f3f7d7b8bf5cddc0bcb0,8cda5fd98865bccfe8601ace6f9a27d5a835513e,mean_detection_delay_s,,s
detectors,S4_step_fault,rls,3,10.0,True,S4_step_fault__rls__seed3__detect_all4,755a0aa70d2f3fe05534c8cb137d5df18ed16325d4692fc840c3daee2c8a8c92,6c765cc69f3e4bb20e44be0e55caf8daf8c407d7d1c06515349b9d17ec1fddce,8cda5fd98865bccfe8601ace6f9a27d5a835513e,mean_detection_delay_s,1390.892524,s
detectors,S4_step_fault,rls,4,10.0,True,S4_step_fault__rls__seed4__detect_cusum,57d0146db86c059173927b479ffa5908a6e01f3cdeb9f10b63e58e983cd88fb2,f148dc11752161354c3021f05b1fe526c43baf276ba3893e2b36806f990aaf93,8cda5fd98865bccfe8601ace6f9a27d5a835513e,mean_detection_delay_s,,s
detectors,S4_step_fault,rls,4,10.0,True,S4_step_fault__rls__seed4__detect_ph,57d0146db86c059173927b479ffa5908a6e01f3cdeb9f10b63e58e983cd88fb2,e5360505f8c49a15eebb5ef47f7d7477818e9b19f26155854e4ff574f74f5811,8cda5fd98865bccfe8601ace6f9a27d5a835513e,mean_detection_delay_s,,s
detectors,S4_step_fault,rls,4,10.0,True,S4_step_fault__rls__seed4__detect_adwin,57d0146db86c059173927b479ffa5908a6e01f3cdeb9f10b63e58e983cd88fb2,ba90eb10e4e1f7500a344f9b4e5e676713fa49fa355f420971a75285e0b9c298,8cda5fd98865bccfe8601ace6f9a27d5a835513e,mean_detection_delay_s,,s
detectors,S4_step_fault,rls,4,10.0,True,S4_step_fault__rls__seed4__detect_ks,57d0146db86c059173927b479ffa5908a6e01f3cdeb9f10b63e58e983cd88fb2,e68694c868384201c53bdaf13449887c7b05c2ad9ef5f3f7d7b8bf5cddc0bcb0,8cda5fd98865bccfe8601ace6f9a27d5a835513e,mean_detection_delay_s,,s
detectors,S4_step_fault,rls,4,10.0,True,S4_step_fault__rls__seed4__detect_all4,57d0146db86c059173927b479ffa5908a6e01f3cdeb9f10b63e58e983cd88fb2,6c765cc69f3e4bb20e44be0e55caf8daf8c407d7d1c06515349b9d17ec1fddce,8cda5fd98865bccfe8601ace6f9a27d5a835513e,mean_detection_delay_s,,s
detectors,S4_step_fault,rls,5,10.0,True,S4_step_fault__rls__seed5__detect_cusum,1efe02364dacd47e4d9a937957614582b8530ef56f2b525678988666500727b7,f148dc11752161354c3021f05b1fe526c43baf276ba3893e2b36806f990aaf93,8cda5fd98865bccfe8601ace6f9a27d5a835513e,mean_detection_delay_s,,s
detectors,S4_step_fault,rls,5,10.0,True,S4_step_fault__rls__seed5__detect_ph,1efe02364dacd47e4d9a937957614582b8530ef56f2b525678988666500727b7,e5360505f8c49a15eebb5ef47f7d7477818e9b19f26155854e4ff574f74f5811,8cda5fd98865bccfe8601ace6f9a27d5a835513e,mean_detection_delay_s,,s
detectors,S4_step_fault,rls,5,10.0,True,S4_step_fault__rls__seed5__detect_adwin,1efe02364dacd47e4d9a937957614582b8530ef56f2b525678988666500727b7,ba90eb10e4e1f7500a344f9b4e5e676713fa49fa355f420971a75285e0b9c298,8cda5fd98865bccfe8601ace6f9a27d5a835513e,mean_detection_delay_s,,s
detectors,S4_step_fault,rls,5,10.0,True,S4_step_fault__rls__seed5__detect_ks,1efe02364dacd47e4d9a937957614582b8530ef56f2b525678988666500727b7,e68694c868384201c53bdaf13449887c7b05c2ad9ef5f3f7d7b8bf5cddc0bcb0,8cda5fd98865bccfe8601ace6f9a27d5a835513e,mean_detection_delay_s,,s
detectors,S4_step_fault,rls,5,10.0,True,S4_step_fault__rls__seed5__detect_all4,1efe02364dacd47e4d9a937957614582b8530ef56f2b525678988666500727b7,6c765cc69f3e4bb20e44be0e55caf8daf8c407d7d1c06515349b9d17ec1fddce,8cda5fd98865bccfe8601ace6f9a27d5a835513e,mean_detection_delay_s,,s
detectors,S4_step_fault,rls,6,10.0,True,S4_step_fault__rls__seed6__detect_cusum,edb8fb013b7aeb64e877b749783afa62d6864702f69cf9e7c539d6cd9df4f86d,f148dc11752161354c3021f05b1fe526c43baf276ba3893e2b36806f990aaf93,8cda5fd98865bccfe8601ace6f9a27d5a835513e,mean_detection_delay_s,1712.541735,s
detectors,S4_step_fault,rls,6,10.0,True,S4_step_fault__rls__seed6__detect_ph,edb8fb013b7aeb64e877b749783afa62d6864702f69cf9e7c539d6cd9df4f86d,e5360505f8c49a15eebb5ef47f7d7477818e9b19f26155854e4ff574f74f5811,8cda5fd98865bccfe8601ace6f9a27d5a835513e,mean_detection_delay_s,,s
detectors,S4_step_fault,rls,6,10.0,True,S4_step_fault__rls__seed6__detect_adwin,edb8fb013b7aeb64e877b749783afa62d6864702f69cf9e7c539d6cd9df4f86d,ba90eb10e4e1f7500a344f9b4e5e676713fa49fa355f420971a75285e0b9c298,8cda5fd98865bccfe8601ace6f9a27d5a835513e,mean_detection_delay_s,,s
detectors,S4_step_fault,rls,6,10.0,True,S4_step_fault__rls__seed6__detect_ks,edb8fb013b7aeb64e877b749783afa62d6864702f69cf9e7c539d6cd9df4f86d,e68694c868384201c53bdaf13449887c7b05c2ad9ef5f3f7d7b8bf5cddc0bcb0,8cda5fd98865bccfe8601ace6f9a27d5a835513e,mean_detection_delay_s,,s
detectors,S4_step_fault,rls,6,10.0,True,S4_step_fault__rls__seed6__detect_all4,edb8fb013b7aeb64e877b749783afa62d6864702f69cf9e7c539d6cd9df4f86d,6c765cc69f3e4bb20e44be0e55caf8daf8c407d7d1c06515349b9d17ec1fddce,8cda5fd98865bccfe8601ace6f9a27d5a835513e,mean_detection_delay_s,1712.541735,s
detectors,S4_step_fault,rls,7,10.0,True,S4_step_fault__rls__seed7__detect_cusum,5cf17843f3bfe6e9f5ce0f88df6e9f0fa19691e7d0781a28d2e0071debfacd13,f148dc11752161354c3021f05b1fe526c43baf276ba3893e2b36806f990aaf93,8cda5fd98865bccfe8601ace6f9a27d5a835513e,mean_detection_delay_s,1559.433711,s
detectors,S4_step_fault,rls,7,10.0,True,S4_step_fault__rls__seed7__detect_ph,5cf17843f3bfe6e9f5ce0f88df6e9f0fa19691e7d0781a28d2e0071debfacd13,e5360505f8c49a15eebb5ef47f7d7477818e9b19f26155854e4ff574f74f5811,8cda5fd98865bccfe8601ace6f9a27d5a835513e,mean_detection_delay_s,1697.638609,s
detectors,S4_step_fault,rls,7,10.0,True,S4_step_fault__rls__seed7__detect_adwin,5cf17843f3bfe6e9f5ce0f88df6e9f0fa19691e7d0781a28d2e0071debfacd13,ba90eb10e4e1f7500a344f9b4e5e676713fa49fa355f420971a75285e0b9c298,8cda5fd98865bccfe8601ace6f9a27d5a835513e,mean_detection_delay_s,,s
detectors,S4_step_fault,rls,7,10.0,True,S4_step_fault__rls__seed7__detect_ks,5cf17843f3bfe6e9f5ce0f88df6e9f0fa19691e7d0781a28d2e0071debfacd13,e68694c868384201c53bdaf13449887c7b05c2ad9ef5f3f7d7b8bf5cddc0bcb0,8cda5fd98865bccfe8601ace6f9a27d5a835513e,mean_detection_delay_s,,s
detectors,S4_step_fault,rls,7,10.0,True,S4_step_fault__rls__seed7__detect_all4,5cf17843f3bfe6e9f5ce0f88df6e9f0fa19691e7d0781a28d2e0071debfacd13,6c765cc69f3e4bb20e44be0e55caf8daf8c407d7d1c06515349b9d17ec1fddce,8cda5fd98865bccfe8601ace6f9a27d5a835513e,mean_detection_delay_s,1559.433711,s
detectors,S4_step_fault,rls,8,10.0,True,S4_step_fault__rls__seed8__detect_cusum,4471998ed306e877216c6c1b12b8ba9d62e309093746866fb7f4d683dd3b0138,f148dc11752161354c3021f05b1fe526c43baf276ba3893e2b36806f990aaf93,8cda5fd98865bccfe8601ace6f9a27d5a835513e,mean_detection_delay_s,,s
detectors,S4_step_fault,rls,8,10.0,True,S4_step_fault__rls__seed8__detect_ph,4471998ed306e877216c6c1b12b8ba9d62e309093746866fb7f4d683dd3b0138,e5360505f8c49a15eebb5ef47f7d7477818e9b19f26155854e4ff574f74f5811,8cda5fd98865bccfe8601ace6f9a27d5a835513e,mean_detection_delay_s,,s
detectors,S4_step_fault,rls,8,10.0,True,S4_step_fault__rls__seed8__detect_adwin,4471998ed306e877216c6c1b12b8ba9d62e309093746866fb7f4d683dd3b0138,ba90eb10e4e1f7500a344f9b4e5e676713fa49fa355f420971a75285e0b9c298,8cda5fd98865bccfe8601ace6f9a27d5a835513e,mean_detection_delay_s,,s
detectors,S4_step_fault,rls,8,10.0,True,S4_step_fault__rls__seed8__detect_ks,4471998ed306e877216c6c1b12b8ba9d62e309093746866fb7f4d683dd3b0138,e68694c868384201c53bdaf13449887c7b05c2ad9ef5f3f7d7b8bf5cddc0bcb0,8cda5fd98865bccfe8601ace6f9a27d5a835513e,mean_detection_delay_s,,s
detectors,S4_step_fault,rls,8,10.0,True,S4_step_fault__rls__seed8__detect_all4,4471998ed306e877216c6c1b12b8ba9d62e309093746866fb7f4d683dd3b0138,6c765cc69f3e4bb20e44be0e55caf8daf8c407d7d1c06515349b9d17ec1fddce,8cda5fd98865bccfe8601ace6f9a27d5a835513e,mean_detection_delay_s,,s
detectors,S4_step_fault,rls,9,10.0,True,S4_step_fault__rls__seed9__detect_cusum,af86278540fa1654a3e5819e52691400963a2f43bbaf4be0dd151148c2836411,f148dc11752161354c3021f05b1fe526c43baf276ba3893e2b36806f990aaf93,8cda5fd98865bccfe8601ace6f9a27d5a835513e,mean_detection_delay_s,,s
detectors,S4_step_fault,rls,9,10.0,True,S4_step_fault__rls__seed9__detect_ph,af86278540fa1654a3e5819e52691400963a2f43bbaf4be0dd151148c2836411,e5360505f8c49a15eebb5ef47f7d7477818e9b19f26155854e4ff574f74f5811,8cda5fd98865bccfe8601ace6f9a27d5a835513e,mean_detection_delay_s,,s
detectors,S4_step_fault,rls,9,10.0,True,S4_step_fault__rls__seed9__detect_adwin,af86278540fa1654a3e5819e52691400963a2f43bbaf4be0dd151148c2836411,ba90eb10e4e1f7500a344f9b4e5e676713fa49fa355f420971a75285e0b9c298,8cda5fd98865bccfe8601ace6f9a27d5a835513e,mean_detection_delay_s,,s
detectors,S4_step_fault,rls,9,10.0,True,S4_step_fault__rls__seed9__detect_ks,af86278540fa1654a3e5819e52691400963a2f43bbaf4be0dd151148c2836411,e68694c868384201c53bdaf13449887c7b05c2ad9ef5f3f7d7b8bf5cddc0bcb0,8cda5fd98865bccfe8601ace6f9a27d5a835513e,mean_detection_delay_s,,s
detectors,S4_step_fault,rls,9,10.0,True,S4_step_fault__rls__seed9__detect_all4,af86278540fa1654a3e5819e52691400963a2f43bbaf4be0dd151148c2836411,6c765cc69f3e4bb20e44be0e55caf8daf8c407d7d1c06515349b9d17ec1fddce,8cda5fd98865bccfe8601ace6f9a27d5a835513e,mean_detection_delay_s,,s
detectors,S4_step_fault,rls,10,10.0,True,S4_step_fault__rls__seed10__detect_cusum,b97f4fa67d55b0a4900a4dc84b9f38b152ab85aa07d9118de95bac234f41360d,f148dc11752161354c3021f05b1fe526c43baf276ba3893e2b36806f990aaf93,8cda5fd98865bccfe8601ace6f9a27d5a835513e,mean_detection_delay_s,,s
detectors,S4_step_fault,rls,10,10.0,True,S4_step_fault__rls__seed10__detect_ph,b97f4fa67d55b0a4900a4dc84b9f38b152ab85aa07d9118de95bac234f41360d,e5360505f8c49a15eebb5ef47f7d7477818e9b19f26155854e4ff574f74f5811,8cda5fd98865bccfe8601ace6f9a27d5a835513e,mean_detection_delay_s,,s
detectors,S4_step_fault,rls,10,10.0,True,S4_step_fault__rls__seed10__detect_adwin,b97f4fa67d55b0a4900a4dc84b9f38b152ab85aa07d9118de95bac234f41360d,ba90eb10e4e1f7500a344f9b4e5e676713fa49fa355f420971a75285e0b9c298,8cda5fd98865bccfe8601ace6f9a27d5a835513e,mean_detection_delay_s,,s
detectors,S4_step_fault,rls,10,10.0,True,S4_step_fault__rls__seed10__detect_ks,b97f4fa67d55b0a4900a4dc84b9f38b152ab85aa07d9118de95bac234f41360d,e68694c868384201c53bdaf13449887c7b05c2ad9ef5f3f7d7b8bf5cddc0bcb0,8cda5fd98865bccfe8601ace6f9a27d5a835513e,mean_detection_delay_s,,s
detectors,S4_step_fault,rls,10,10.0,True,S4_step_fault__rls__seed10__detect_all4,b97f4fa67d55b0a4900a4dc84b9f38b152ab85aa07d9118de95bac234f41360d,6c765cc69f3e4bb20e44be0e55caf8daf8c407d7d1c06515349b9d17ec1fddce,8cda5fd98865bccfe8601ace6f9a27d5a835513e,mean_detection_delay_s,,s
detectors,S6_combined,rls,1,10.0,True,S6_combined__rls__seed1__detect_cusum,b3cf8d14b3aed8b1d65ab4497dcbfb879dbda2ce1da03bb07f6401c9b4b9bd4a,f148dc11752161354c3021f05b1fe526c43baf276ba3893e2b36806f990aaf93,8cda5fd98865bccfe8601ace6f9a27d5a835513e,mean_detection_delay_s,,s
detectors,S6_combined,rls,1,10.0,True,S6_combined__rls__seed1__detect_ph,b3cf8d14b3aed8b1d65ab4497dcbfb879dbda2ce1da03bb07f6401c9b4b9bd4a,e5360505f8c49a15eebb5ef47f7d7477818e9b19f26155854e4ff574f74f5811,8cda5fd98865bccfe8601ace6f9a27d5a835513e,mean_detection_delay_s,,s
detectors,S6_combined,rls,1,10.0,True,S6_combined__rls__seed1__detect_adwin,b3cf8d14b3aed8b1d65ab4497dcbfb879dbda2ce1da03bb07f6401c9b4b9bd4a,ba90eb10e4e1f7500a344f9b4e5e676713fa49fa355f420971a75285e0b9c298,8cda5fd98865bccfe8601ace6f9a27d5a835513e,mean_detection_delay_s,,s
detectors,S6_combined,rls,1,10.0,True,S6_combined__rls__seed1__detect_ks,b3cf8d14b3aed8b1d65ab4497dcbfb879dbda2ce1da03bb07f6401c9b4b9bd4a,e68694c868384201c53bdaf13449887c7b05c2ad9ef5f3f7d7b8bf5cddc0bcb0,8cda5fd98865bccfe8601ace6f9a27d5a835513e,mean_detection_delay_s,,s
detectors,S6_combined,rls,1,10.0,True,S6_combined__rls__seed1__detect_all4,b3cf8d14b3aed8b1d65ab4497dcbfb879dbda2ce1da03bb07f6401c9b4b9bd4a,6c765cc69f3e4bb20e44be0e55caf8daf8c407d7d1c06515349b9d17ec1fddce,8cda5fd98865bccfe8601ace6f9a27d5a835513e,mean_detection_delay_s,,s
detectors,S6_combined,rls,2,10.0,True,S6_combined__rls__seed2__detect_cusum,e4f7ab87faf6982be139dc8af97757bff8d540d357c41e3d06ec298e4dd75854,f148dc11752161354c3021f05b1fe526c43baf276ba3893e2b36806f990aaf93,8cda5fd98865bccfe8601ace6f9a27d5a835513e,mean_detection_delay_s,,s
detectors,S6_combined,rls,2,10.0,True,S6_combined__rls__seed2__detect_ph,e4f7ab87faf6982be139dc8af97757bff8d540d357c41e3d06ec298e4dd75854,e5360505f8c49a15eebb5ef47f7d7477818e9b19f26155854e4ff574f74f5811,8cda5fd98865bccfe8601ace6f9a27d5a835513e,mean_detection_delay_s,,s
detectors,S6_combined,rls,2,10.0,True,S6_combined__rls__seed2__detect_adwin,e4f7ab87faf6982be139dc8af97757bff8d540d357c41e3d06ec298e4dd75854,ba90eb10e4e1f7500a344f9b4e5e676713fa49fa355f420971a75285e0b9c298,8cda5fd98865bccfe8601ace6f9a27d5a835513e,mean_detection_delay_s,,s
detectors,S6_combined,rls,2,10.0,True,S6_combined__rls__seed2__detect_ks,e4f7ab87faf6982be139dc8af97757bff8d540d357c41e3d06ec298e4dd75854,e68694c868384201c53bdaf13449887c7b05c2ad9ef5f3f7d7b8bf5cddc0bcb0,8cda5fd98865bccfe8601ace6f9a27d5a835513e,mean_detection_delay_s,,s
detectors,S6_combined,rls,2,10.0,True,S6_combined__rls__seed2__detect_all4,e4f7ab87faf6982be139dc8af97757bff8d540d357c41e3d06ec298e4dd75854,6c765cc69f3e4bb20e44be0e55caf8daf8c407d7d1c06515349b9d17ec1fddce,8cda5fd98865bccfe8601ace6f9a27d5a835513e,mean_detection_delay_s,,s
detectors,S6_combined,rls,3,10.0,True,S6_combined__rls__seed3__detect_cusum,c371bfebbbdb510b204e19fcaedea3c47a4e8b6d77499f04ee6ac55d13fed988,f148dc11752161354c3021f05b1fe526c43baf276ba3893e2b36806f990aaf93,8cda5fd98865bccfe8601ace6f9a27d5a835513e,mean_detection_delay_s,,s
detectors,S6_combined,rls,3,10.0,True,S6_combined__rls__seed3__detect_ph,c371bfebbbdb510b204e19fcaedea3c47a4e8b6d77499f04ee6ac55d13fed988,e5360505f8c49a15eebb5ef47f7d7477818e9b19f26155854e4ff574f74f5811,8cda5fd98865bccfe8601ace6f9a27d5a835513e,mean_detection_delay_s,,s
detectors,S6_combined,rls,3,10.0,True,S6_combined__rls__seed3__detect_adwin,c371bfebbbdb510b204e19fcaedea3c47a4e8b6d77499f04ee6ac55d13fed988,ba90eb10e4e1f7500a344f9b4e5e676713fa49fa355f420971a75285e0b9c298,8cda5fd98865bccfe8601ace6f9a27d5a835513e,mean_detection_delay_s,,s
detectors,S6_combined,rls,3,10.0,True,S6_combined__rls__seed3__detect_ks,c371bfebbbdb510b204e19fcaedea3c47a4e8b6d77499f04ee6ac55d13fed988,e68694c868384201c53bdaf13449887c7b05c2ad9ef5f3f7d7b8bf5cddc0bcb0,8cda5fd98865bccfe8601ace6f9a27d5a835513e,mean_detection_delay_s,,s
detectors,S6_combined,rls,3,10.0,True,S6_combined__rls__seed3__detect_all4,c371bfebbbdb510b204e19fcaedea3c47a4e8b6d77499f04ee6ac55d13fed988,6c765cc69f3e4bb20e44be0e55caf8daf8c407d7d1c06515349b9d17ec1fddce,8cda5fd98865bccfe8601ace6f9a27d5a835513e,mean_detection_delay_s,,s
detectors,S6_combined,rls,4,10.0,True,S6_combined__rls__seed4__detect_cusum,091893e2b20fe4f1f4ec71b10a24db6c43dabefaa37c7ef75c67f5a78f00f2b7,f148dc11752161354c3021f05b1fe526c43baf276ba3893e2b36806f990aaf93,8cda5fd98865bccfe8601ace6f9a27d5a835513e,mean_detection_delay_s,,s
detectors,S6_combined,rls,4,10.0,True,S6_combined__rls__seed4__detect_ph,091893e2b20fe4f1f4ec71b10a24db6c43dabefaa37c7ef75c67f5a78f00f2b7,e5360505f8c49a15eebb5ef47f7d7477818e9b19f26155854e4ff574f74f5811,8cda5fd98865bccfe8601ace6f9a27d5a835513e,mean_detection_delay_s,,s
detectors,S6_combined,rls,4,10.0,True,S6_combined__rls__seed4__detect_adwin,091893e2b20fe4f1f4ec71b10a24db6c43dabefaa37c7ef75c67f5a78f00f2b7,ba90eb10e4e1f7500a344f9b4e5e676713fa49fa355f420971a75285e0b9c298,8cda5fd98865bccfe8601ace6f9a27d5a835513e,mean_detection_delay_s,,s
detectors,S6_combined,rls,4,10.0,True,S6_combined__rls__seed4__detect_ks,091893e2b20fe4f1f4ec71b10a24db6c43dabefaa37c7ef75c67f5a78f00f2b7,e68694c868384201c53bdaf13449887c7b05c2ad9ef5f3f7d7b8bf5cddc0bcb0,8cda5fd98865bccfe8601ace6f9a27d5a835513e,mean_detection_delay_s,,s
detectors,S6_combined,rls,4,10.0,True,S6_combined__rls__seed4__detect_all4,091893e2b20fe4f1f4ec71b10a24db6c43dabefaa37c7ef75c67f5a78f00f2b7,6c765cc69f3e4bb20e44be0e55caf8daf8c407d7d1c06515349b9d17ec1fddce,8cda5fd98865bccfe8601ace6f9a27d5a835513e,mean_detection_delay_s,,s
detectors,S6_combined,rls,5,10.0,True,S6_combined__rls__seed5__detect_cusum,c1d9d4a7d46d9a42ad59de704b5ae8b21c9bf2f17d4576d9bfa6e10e6c6f4b13,f148dc11752161354c3021f05b1fe526c43baf276ba3893e2b36806f990aaf93,8cda5fd98865bccfe8601ace6f9a27d5a835513e,mean_detection_delay_s,,s
detectors,S6_combined,rls,5,10.0,True,S6_combined__rls__seed5__detect_ph,c1d9d4a7d46d9a42ad59de704b5ae8b21c9bf2f17d4576d9bfa6e10e6c6f4b13,e5360505f8c49a15eebb5ef47f7d7477818e9b19f26155854e4ff574f74f5811,8cda5fd98865bccfe8601ace6f9a27d5a835513e,mean_detection_delay_s,,s
detectors,S6_combined,rls,5,10.0,True,S6_combined__rls__seed5__detect_adwin,c1d9d4a7d46d9a42ad59de704b5ae8b21c9bf2f17d4576d9bfa6e10e6c6f4b13,ba90eb10e4e1f7500a344f9b4e5e676713fa49fa355f420971a75285e0b9c298,8cda5fd98865bccfe8601ace6f9a27d5a835513e,mean_detection_delay_s,,s
detectors,S6_combined,rls,5,10.0,True,S6_combined__rls__seed5__detect_ks,c1d9d4a7d46d9a42ad59de704b5ae8b21c9bf2f17d4576d9bfa6e10e6c6f4b13,e68694c868384201c53bdaf13449887c7b05c2ad9ef5f3f7d7b8bf5cddc0bcb0,8cda5fd98865bccfe8601ace6f9a27d5a835513e,mean_detection_delay_s,,s
detectors,S6_combined,rls,5,10.0,True,S6_combined__rls__seed5__detect_all4,c1d9d4a7d46d9a42ad59de704b5ae8b21c9bf2f17d4576d9bfa6e10e6c6f4b13,6c765cc69f3e4bb20e44be0e55caf8daf8c407d7d1c06515349b9d17ec1fddce,8cda5fd98865bccfe8601ace6f9a27d5a835513e,mean_detection_delay_s,,s
detectors,S6_combined,rls,6,10.0,True,S6_combined__rls__seed6__detect_cusum,8fbcb1374a66e26dea4a0e8dbcf64db42ebcd88dd11b5cd3bb5d44e8d4b0665a,f148dc11752161354c3021f05b1fe526c43baf276ba3893e2b36806f990aaf93,8cda5fd98865bccfe8601ace6f9a27d5a835513e,mean_detection_delay_s,,s
detectors,S6_combined,rls,6,10.0,True,S6_combined__rls__seed6__detect_ph,8fbcb1374a66e26dea4a0e8dbcf64db42ebcd88dd11b5cd3bb5d44e8d4b0665a,e5360505f8c49a15eebb5ef47f7d7477818e9b19f26155854e4ff574f74f5811,8cda5fd98865bccfe8601ace6f9a27d5a835513e,mean_detection_delay_s,,s
detectors,S6_combined,rls,6,10.0,True,S6_combined__rls__seed6__detect_adwin,8fbcb1374a66e26dea4a0e8dbcf64db42ebcd88dd11b5cd3bb5d44e8d4b0665a,ba90eb10e4e1f7500a344f9b4e5e676713fa49fa355f420971a75285e0b9c298,8cda5fd98865bccfe8601ace6f9a27d5a835513e,mean_detection_delay_s,,s
detectors,S6_combined,rls,6,10.0,True,S6_combined__rls__seed6__detect_ks,8fbcb1374a66e26dea4a0e8dbcf64db42ebcd88dd11b5cd3bb5d44e8d4b0665a,e68694c868384201c53bdaf13449887c7b05c2ad9ef5f3f7d7b8bf5cddc0bcb0,8cda5fd98865bccfe8601ace6f9a27d5a835513e,mean_detection_delay_s,,s
detectors,S6_combined,rls,6,10.0,True,S6_combined__rls__seed6__detect_all4,8fbcb1374a66e26dea4a0e8dbcf64db42ebcd88dd11b5cd3bb5d44e8d4b0665a,6c765cc69f3e4bb20e44be0e55caf8daf8c407d7d1c06515349b9d17ec1fddce,8cda5fd98865bccfe8601ace6f9a27d5a835513e,mean_detection_delay_s,,s
detectors,S6_combined,rls,7,10.0,True,S6_combined__rls__seed7__detect_cusum,eb12037c60287858e9925e83fcaf2aa6789246ee5a2aa0c936402930de58eb1c,f148dc11752161354c3021f05b1fe526c43baf276ba3893e2b36806f990aaf93,8cda5fd98865bccfe8601ace6f9a27d5a835513e,mean_detection_delay_s,,s
detectors,S6_combined,rls,7,10.0,True,S6_combined__rls__seed7__detect_ph,eb12037c60287858e9925e83fcaf2aa6789246ee5a2aa0c936402930de58eb1c,e5360505f8c49a15eebb5ef47f7d7477818e9b19f26155854e4ff574f74f5811,8cda5fd98865bccfe8601ace6f9a27d5a835513e,mean_detection_delay_s,,s
detectors,S6_combined,rls,7,10.0,True,S6_combined__rls__seed7__detect_adwin,eb12037c60287858e9925e83fcaf2aa6789246ee5a2aa0c936402930de58eb1c,ba90eb10e4e1f7500a344f9b4e5e676713fa49fa355f420971a75285e0b9c298,8cda5fd98865bccfe8601ace6f9a27d5a835513e,mean_detection_delay_s,,s
detectors,S6_combined,rls,7,10.0,True,S6_combined__rls__seed7__detect_ks,eb12037c60287858e9925e83fcaf2aa6789246ee5a2aa0c936402930de58eb1c,e68694c868384201c53bdaf13449887c7b05c2ad9ef5f3f7d7b8bf5cddc0bcb0,8cda5fd98865bccfe8601ace6f9a27d5a835513e,mean_detection_delay_s,,s
detectors,S6_combined,rls,7,10.0,True,S6_combined__rls__seed7__detect_all4,eb12037c60287858e9925e83fcaf2aa6789246ee5a2aa0c936402930de58eb1c,6c765cc69f3e4bb20e44be0e55caf8daf8c407d7d1c06515349b9d17ec1fddce,8cda5fd98865bccfe8601ace6f9a27d5a835513e,mean_detection_delay_s,,s
detectors,S6_combined,rls,8,10.0,True,S6_combined__rls__seed8__detect_cusum,da4740837e6cf85b5c7d22d84cf556133cbff181edcbfd4d107db823d7c1f164,f148dc11752161354c3021f05b1fe526c43baf276ba3893e2b36806f990aaf93,8cda5fd98865bccfe8601ace6f9a27d5a835513e,mean_detection_delay_s,,s
detectors,S6_combined,rls,8,10.0,True,S6_combined__rls__seed8__detect_ph,da4740837e6cf85b5c7d22d84cf556133cbff181edcbfd4d107db823d7c1f164,e5360505f8c49a15eebb5ef47f7d7477818e9b19f26155854e4ff574f74f5811,8cda5fd98865bccfe8601ace6f9a27d5a835513e,mean_detection_delay_s,,s
detectors,S6_combined,rls,8,10.0,True,S6_combined__rls__seed8__detect_adwin,da4740837e6cf85b5c7d22d84cf556133cbff181edcbfd4d107db823d7c1f164,ba90eb10e4e1f7500a344f9b4e5e676713fa49fa355f420971a75285e0b9c298,8cda5fd98865bccfe8601ace6f9a27d5a835513e,mean_detection_delay_s,,s
detectors,S6_combined,rls,8,10.0,True,S6_combined__rls__seed8__detect_ks,da4740837e6cf85b5c7d22d84cf556133cbff181edcbfd4d107db823d7c1f164,e68694c868384201c53bdaf13449887c7b05c2ad9ef5f3f7d7b8bf5cddc0bcb0,8cda5fd98865bccfe8601ace6f9a27d5a835513e,mean_detection_delay_s,,s
detectors,S6_combined,rls,8,10.0,True,S6_combined__rls__seed8__detect_all4,da4740837e6cf85b5c7d22d84cf556133cbff181edcbfd4d107db823d7c1f164,6c765cc69f3e4bb20e44be0e55caf8daf8c407d7d1c06515349b9d17ec1fddce,8cda5fd98865bccfe8601ace6f9a27d5a835513e,mean_detection_delay_s,,s
detectors,S6_combined,rls,9,10.0,True,S6_combined__rls__seed9__detect_cusum,29718e114c21c01b04a983f185bbf01430cfac8dd9e8b5808281b0434dac26fc,f148dc11752161354c3021f05b1fe526c43baf276ba3893e2b36806f990aaf93,8cda5fd98865bccfe8601ace6f9a27d5a835513e,mean_detection_delay_s,,s
detectors,S6_combined,rls,9,10.0,True,S6_combined__rls__seed9__detect_ph,29718e114c21c01b04a983f185bbf01430cfac8dd9e8b5808281b0434dac26fc,e5360505f8c49a15eebb5ef47f7d7477818e9b19f26155854e4ff574f74f5811,8cda5fd98865bccfe8601ace6f9a27d5a835513e,mean_detection_delay_s,,s
detectors,S6_combined,rls,9,10.0,True,S6_combined__rls__seed9__detect_adwin,29718e114c21c01b04a983f185bbf01430cfac8dd9e8b5808281b0434dac26fc,ba90eb10e4e1f7500a344f9b4e5e676713fa49fa355f420971a75285e0b9c298,8cda5fd98865bccfe8601ace6f9a27d5a835513e,mean_detection_delay_s,,s
detectors,S6_combined,rls,9,10.0,True,S6_combined__rls__seed9__detect_ks,29718e114c21c01b04a983f185bbf01430cfac8dd9e8b5808281b0434dac26fc,e68694c868384201c53bdaf13449887c7b05c2ad9ef5f3f7d7b8bf5cddc0bcb0,8cda5fd98865bccfe8601ace6f9a27d5a835513e,mean_detection_delay_s,,s
detectors,S6_combined,rls,9,10.0,True,S6_combined__rls__seed9__detect_all4,29718e114c21c01b04a983f185bbf01430cfac8dd9e8b5808281b0434dac26fc,6c765cc69f3e4bb20e44be0e55caf8daf8c407d7d1c06515349b9d17ec1fddce,8cda5fd98865bccfe8601ace6f9a27d5a835513e,mean_detection_delay_s,,s
detectors,S6_combined,rls,10,10.0,True,S6_combined__rls__seed10__detect_cusum,4054ab96937dfc6eef3c9c4f46347db001fd4eea59432509f786c95b51d12234,f148dc11752161354c3021f05b1fe526c43baf276ba3893e2b36806f990aaf93,8cda5fd98865bccfe8601ace6f9a27d5a835513e,mean_detection_delay_s,,s
detectors,S6_combined,rls,10,10.0,True,S6_combined__rls__seed10__detect_ph,4054ab96937dfc6eef3c9c4f46347db001fd4eea59432509f786c95b51d12234,e5360505f8c49a15eebb5ef47f7d7477818e9b19f26155854e4ff574f74f5811,8cda5fd98865bccfe8601ace6f9a27d5a835513e,mean_detection_delay_s,,s
detectors,S6_combined,rls,10,10.0,True,S6_combined__rls__seed10__detect_adwin,4054ab96937dfc6eef3c9c4f46347db001fd4eea59432509f786c95b51d12234,ba90eb10e4e1f7500a344f9b4e5e676713fa49fa355f420971a75285e0b9c298,8cda5fd98865bccfe8601ace6f9a27d5a835513e,mean_detection_delay_s,,s
detectors,S6_combined,rls,10,10.0,True,S6_combined__rls__seed10__detect_ks,4054ab96937dfc6eef3c9c4f46347db001fd4eea59432509f786c95b51d12234,e68694c868384201c53bdaf13449887c7b05c2ad9ef5f3f7d7b8bf5cddc0bcb0,8cda5fd98865bccfe8601ace6f9a27d5a835513e,mean_detection_delay_s,,s
detectors,S6_combined,rls,10,10.0,True,S6_combined__rls__seed10__detect_all4,4054ab96937dfc6eef3c9c4f46347db001fd4eea59432509f786c95b51d12234,6c765cc69f3e4bb20e44be0e55caf8daf8c407d7d1c06515349b9d17ec1fddce,8cda5fd98865bccfe8601ace6f9a27d5a835513e,mean_detection_delay_s,,s
detectors,S4_step_fault,rls,1,10.0,True,S4_step_fault__rls__seed1__detect_cusum,7d29a6d7dca932314e512c265e0e559ec6cc02e548aa25349a95d1f29dbf9ef1,f148dc11752161354c3021f05b1fe526c43baf276ba3893e2b36806f990aaf93,8cda5fd98865bccfe8601ace6f9a27d5a835513e,duration_s,57600.0,s
detectors,S4_step_fault,rls,1,10.0,True,S4_step_fault__rls__seed1__detect_ph,7d29a6d7dca932314e512c265e0e559ec6cc02e548aa25349a95d1f29dbf9ef1,e5360505f8c49a15eebb5ef47f7d7477818e9b19f26155854e4ff574f74f5811,8cda5fd98865bccfe8601ace6f9a27d5a835513e,duration_s,57600.0,s
detectors,S4_step_fault,rls,1,10.0,True,S4_step_fault__rls__seed1__detect_adwin,7d29a6d7dca932314e512c265e0e559ec6cc02e548aa25349a95d1f29dbf9ef1,ba90eb10e4e1f7500a344f9b4e5e676713fa49fa355f420971a75285e0b9c298,8cda5fd98865bccfe8601ace6f9a27d5a835513e,duration_s,57600.0,s
detectors,S4_step_fault,rls,1,10.0,True,S4_step_fault__rls__seed1__detect_ks,7d29a6d7dca932314e512c265e0e559ec6cc02e548aa25349a95d1f29dbf9ef1,e68694c868384201c53bdaf13449887c7b05c2ad9ef5f3f7d7b8bf5cddc0bcb0,8cda5fd98865bccfe8601ace6f9a27d5a835513e,duration_s,57600.0,s
detectors,S4_step_fault,rls,1,10.0,True,S4_step_fault__rls__seed1__detect_all4,7d29a6d7dca932314e512c265e0e559ec6cc02e548aa25349a95d1f29dbf9ef1,6c765cc69f3e4bb20e44be0e55caf8daf8c407d7d1c06515349b9d17ec1fddce,8cda5fd98865bccfe8601ace6f9a27d5a835513e,duration_s,57600.0,s
detectors,S4_step_fault,rls,2,10.0,True,S4_step_fault__rls__seed2__detect_cusum,adc80992e5ad2b0074c2ccb5fd189429c3fd11d2d51d242aa1caec078b0db1d2,f148dc11752161354c3021f05b1fe526c43baf276ba3893e2b36806f990aaf93,8cda5fd98865bccfe8601ace6f9a27d5a835513e,duration_s,57600.0,s
detectors,S4_step_fault,rls,2,10.0,True,S4_step_fault__rls__seed2__detect_ph,adc80992e5ad2b0074c2ccb5fd189429c3fd11d2d51d242aa1caec078b0db1d2,e5360505f8c49a15eebb5ef47f7d7477818e9b19f26155854e4ff574f74f5811,8cda5fd98865bccfe8601ace6f9a27d5a835513e,duration_s,57600.0,s
detectors,S4_step_fault,rls,2,10.0,True,S4_step_fault__rls__seed2__detect_adwin,adc80992e5ad2b0074c2ccb5fd189429c3fd11d2d51d242aa1caec078b0db1d2,ba90eb10e4e1f7500a344f9b4e5e676713fa49fa355f420971a75285e0b9c298,8cda5fd98865bccfe8601ace6f9a27d5a835513e,duration_s,57600.0,s
detectors,S4_step_fault,rls,2,10.0,True,S4_step_fault__rls__seed2__detect_ks,adc80992e5ad2b0074c2ccb5fd189429c3fd11d2d51d242aa1caec078b0db1d2,e68694c868384201c53bdaf13449887c7b05c2ad9ef5f3f7d7b8bf5cddc0bcb0,8cda5fd98865bccfe8601ace6f9a27d5a835513e,duration_s,57600.0,s
detectors,S4_step_fault,rls,2,10.0,True,S4_step_fault__rls__seed2__detect_all4,adc80992e5ad2b0074c2ccb5fd189429c3fd11d2d51d242aa1caec078b0db1d2,6c765cc69f3e4bb20e44be0e55caf8daf8c407d7d1c06515349b9d17ec1fddce,8cda5fd98865bccfe8601ace6f9a27d5a835513e,duration_s,57600.0,s
detectors,S4_step_fault,rls,3,10.0,True,S4_step_fault__rls__seed3__detect_cusum,755a0aa70d2f3fe05534c8cb137d5df18ed16325d4692fc840c3daee2c8a8c92,f148dc11752161354c3021f05b1fe526c43baf276ba3893e2b36806f990aaf93,8cda5fd98865bccfe8601ace6f9a27d5a835513e,duration_s,57600.0,s
detectors,S4_step_fault,rls,3,10.0,True,S4_step_fault__rls__seed3__detect_ph,755a0aa70d2f3fe05534c8cb137d5df18ed16325d4692fc840c3daee2c8a8c92,e5360505f8c49a15eebb5ef47f7d7477818e9b19f26155854e4ff574f74f5811,8cda5fd98865bccfe8601ace6f9a27d5a835513e,duration_s,57600.0,s
detectors,S4_step_fault,rls,3,10.0,True,S4_step_fault__rls__seed3__detect_adwin,755a0aa70d2f3fe05534c8cb137d5df18ed16325d4692fc840c3daee2c8a8c92,ba90eb10e4e1f7500a344f9b4e5e676713fa49fa355f420971a75285e0b9c298,8cda5fd98865bccfe8601ace6f9a27d5a835513e,duration_s,57600.0,s
detectors,S4_step_fault,rls,3,10.0,True,S4_step_fault__rls__seed3__detect_ks,755a0aa70d2f3fe05534c8cb137d5df18ed16325d4692fc840c3daee2c8a8c92,e68694c868384201c53bdaf13449887c7b05c2ad9ef5f3f7d7b8bf5cddc0bcb0,8cda5fd98865bccfe8601ace6f9a27d5a835513e,duration_s,57600.0,s
detectors,S4_step_fault,rls,3,10.0,True,S4_step_fault__rls__seed3__detect_all4,755a0aa70d2f3fe05534c8cb137d5df18ed16325d4692fc840c3daee2c8a8c92,6c765cc69f3e4bb20e44be0e55caf8daf8c407d7d1c06515349b9d17ec1fddce,8cda5fd98865bccfe8601ace6f9a27d5a835513e,duration_s,57600.0,s
detectors,S4_step_fault,rls,4,10.0,True,S4_step_fault__rls__seed4__detect_cusum,57d0146db86c059173927b479ffa5908a6e01f3cdeb9f10b63e58e983cd88fb2,f148dc11752161354c3021f05b1fe526c43baf276ba3893e2b36806f990aaf93,8cda5fd98865bccfe8601ace6f9a27d5a835513e,duration_s,57600.0,s
detectors,S4_step_fault,rls,4,10.0,True,S4_step_fault__rls__seed4__detect_ph,57d0146db86c059173927b479ffa5908a6e01f3cdeb9f10b63e58e983cd88fb2,e5360505f8c49a15eebb5ef47f7d7477818e9b19f26155854e4ff574f74f5811,8cda5fd98865bccfe8601ace6f9a27d5a835513e,duration_s,57600.0,s
detectors,S4_step_fault,rls,4,10.0,True,S4_step_fault__rls__seed4__detect_adwin,57d0146db86c059173927b479ffa5908a6e01f3cdeb9f10b63e58e983cd88fb2,ba90eb10e4e1f7500a344f9b4e5e676713fa49fa355f420971a75285e0b9c298,8cda5fd98865bccfe8601ace6f9a27d5a835513e,duration_s,57600.0,s
detectors,S4_step_fault,rls,4,10.0,True,S4_step_fault__rls__seed4__detect_ks,57d0146db86c059173927b479ffa5908a6e01f3cdeb9f10b63e58e983cd88fb2,e68694c868384201c53bdaf13449887c7b05c2ad9ef5f3f7d7b8bf5cddc0bcb0,8cda5fd98865bccfe8601ace6f9a27d5a835513e,duration_s,57600.0,s
detectors,S4_step_fault,rls,4,10.0,True,S4_step_fault__rls__seed4__detect_all4,57d0146db86c059173927b479ffa5908a6e01f3cdeb9f10b63e58e983cd88fb2,6c765cc69f3e4bb20e44be0e55caf8daf8c407d7d1c06515349b9d17ec1fddce,8cda5fd98865bccfe8601ace6f9a27d5a835513e,duration_s,57600.0,s
detectors,S4_step_fault,rls,5,10.0,True,S4_step_fault__rls__seed5__detect_cusum,1efe02364dacd47e4d9a937957614582b8530ef56f2b525678988666500727b7,f148dc11752161354c3021f05b1fe526c43baf276ba3893e2b36806f990aaf93,8cda5fd98865bccfe8601ace6f9a27d5a835513e,duration_s,57600.0,s
detectors,S4_step_fault,rls,5,10.0,True,S4_step_fault__rls__seed5__detect_ph,1efe02364dacd47e4d9a937957614582b8530ef56f2b525678988666500727b7,e5360505f8c49a15eebb5ef47f7d7477818e9b19f26155854e4ff574f74f5811,8cda5fd98865bccfe8601ace6f9a27d5a835513e,duration_s,57600.0,s
detectors,S4_step_fault,rls,5,10.0,True,S4_step_fault__rls__seed5__detect_adwin,1efe02364dacd47e4d9a937957614582b8530ef56f2b525678988666500727b7,ba90eb10e4e1f7500a344f9b4e5e676713fa49fa355f420971a75285e0b9c298,8cda5fd98865bccfe8601ace6f9a27d5a835513e,duration_s,57600.0,s
detectors,S4_step_fault,rls,5,10.0,True,S4_step_fault__rls__seed5__detect_ks,1efe02364dacd47e4d9a937957614582b8530ef56f2b525678988666500727b7,e68694c868384201c53bdaf13449887c7b05c2ad9ef5f3f7d7b8bf5cddc0bcb0,8cda5fd98865bccfe8601ace6f9a27d5a835513e,duration_s,57600.0,s
detectors,S4_step_fault,rls,5,10.0,True,S4_step_fault__rls__seed5__detect_all4,1efe02364dacd47e4d9a937957614582b8530ef56f2b525678988666500727b7,6c765cc69f3e4bb20e44be0e55caf8daf8c407d7d1c06515349b9d17ec1fddce,8cda5fd98865bccfe8601ace6f9a27d5a835513e,duration_s,57600.0,s
detectors,S4_step_fault,rls,6,10.0,True,S4_step_fault__rls__seed6__detect_cusum,edb8fb013b7aeb64e877b749783afa62d6864702f69cf9e7c539d6cd9df4f86d,f148dc11752161354c3021f05b1fe526c43baf276ba3893e2b36806f990aaf93,8cda5fd98865bccfe8601ace6f9a27d5a835513e,duration_s,57600.0,s
detectors,S4_step_fault,rls,6,10.0,True,S4_step_fault__rls__seed6__detect_ph,edb8fb013b7aeb64e877b749783afa62d6864702f69cf9e7c539d6cd9df4f86d,e5360505f8c49a15eebb5ef47f7d7477818e9b19f26155854e4ff574f74f5811,8cda5fd98865bccfe8601ace6f9a27d5a835513e,duration_s,57600.0,s
detectors,S4_step_fault,rls,6,10.0,True,S4_step_fault__rls__seed6__detect_adwin,edb8fb013b7aeb64e877b749783afa62d6864702f69cf9e7c539d6cd9df4f86d,ba90eb10e4e1f7500a344f9b4e5e676713fa49fa355f420971a75285e0b9c298,8cda5fd98865bccfe8601ace6f9a27d5a835513e,duration_s,57600.0,s
detectors,S4_step_fault,rls,6,10.0,True,S4_step_fault__rls__seed6__detect_ks,edb8fb013b7aeb64e877b749783afa62d6864702f69cf9e7c539d6cd9df4f86d,e68694c868384201c53bdaf13449887c7b05c2ad9ef5f3f7d7b8bf5cddc0bcb0,8cda5fd98865bccfe8601ace6f9a27d5a835513e,duration_s,57600.0,s
detectors,S4_step_fault,rls,6,10.0,True,S4_step_fault__rls__seed6__detect_all4,edb8fb013b7aeb64e877b749783afa62d6864702f69cf9e7c539d6cd9df4f86d,6c765cc69f3e4bb20e44be0e55caf8daf8c407d7d1c06515349b9d17ec1fddce,8cda5fd98865bccfe8601ace6f9a27d5a835513e,duration_s,57600.0,s
detectors,S4_step_fault,rls,7,10.0,True,S4_step_fault__rls__seed7__detect_cusum,5cf17843f3bfe6e9f5ce0f88df6e9f0fa19691e7d0781a28d2e0071debfacd13,f148dc11752161354c3021f05b1fe526c43baf276ba3893e2b36806f990aaf93,8cda5fd98865bccfe8601ace6f9a27d5a835513e,duration_s,57600.0,s
detectors,S4_step_fault,rls,7,10.0,True,S4_step_fault__rls__seed7__detect_ph,5cf17843f3bfe6e9f5ce0f88df6e9f0fa19691e7d0781a28d2e0071debfacd13,e5360505f8c49a15eebb5ef47f7d7477818e9b19f26155854e4ff574f74f5811,8cda5fd98865bccfe8601ace6f9a27d5a835513e,duration_s,57600.0,s
detectors,S4_step_fault,rls,7,10.0,True,S4_step_fault__rls__seed7__detect_adwin,5cf17843f3bfe6e9f5ce0f88df6e9f0fa19691e7d0781a28d2e0071debfacd13,ba90eb10e4e1f7500a344f9b4e5e676713fa49fa355f420971a75285e0b9c298,8cda5fd98865bccfe8601ace6f9a27d5a835513e,duration_s,57600.0,s
detectors,S4_step_fault,rls,7,10.0,True,S4_step_fault__rls__seed7__detect_ks,5cf17843f3bfe6e9f5ce0f88df6e9f0fa19691e7d0781a28d2e0071debfacd13,e68694c868384201c53bdaf13449887c7b05c2ad9ef5f3f7d7b8bf5cddc0bcb0,8cda5fd98865bccfe8601ace6f9a27d5a835513e,duration_s,57600.0,s
detectors,S4_step_fault,rls,7,10.0,True,S4_step_fault__rls__seed7__detect_all4,5cf17843f3bfe6e9f5ce0f88df6e9f0fa19691e7d0781a28d2e0071debfacd13,6c765cc69f3e4bb20e44be0e55caf8daf8c407d7d1c06515349b9d17ec1fddce,8cda5fd98865bccfe8601ace6f9a27d5a835513e,duration_s,57600.0,s
detectors,S4_step_fault,rls,8,10.0,True,S4_step_fault__rls__seed8__detect_cusum,4471998ed306e877216c6c1b12b8ba9d62e309093746866fb7f4d683dd3b0138,f148dc11752161354c3021f05b1fe526c43baf276ba3893e2b36806f990aaf93,8cda5fd98865bccfe8601ace6f9a27d5a835513e,duration_s,57600.0,s
detectors,S4_step_fault,rls,8,10.0,True,S4_step_fault__rls__seed8__detect_ph,4471998ed306e877216c6c1b12b8ba9d62e309093746866fb7f4d683dd3b0138,e5360505f8c49a15eebb5ef47f7d7477818e9b19f26155854e4ff574f74f5811,8cda5fd98865bccfe8601ace6f9a27d5a835513e,duration_s,57600.0,s
detectors,S4_step_fault,rls,8,10.0,True,S4_step_fault__rls__seed8__detect_adwin,4471998ed306e877216c6c1b12b8ba9d62e309093746866fb7f4d683dd3b0138,ba90eb10e4e1f7500a344f9b4e5e676713fa49fa355f420971a75285e0b9c298,8cda5fd98865bccfe8601ace6f9a27d5a835513e,duration_s,57600.0,s
detectors,S4_step_fault,rls,8,10.0,True,S4_step_fault__rls__seed8__detect_ks,4471998ed306e877216c6c1b12b8ba9d62e309093746866fb7f4d683dd3b0138,e68694c868384201c53bdaf13449887c7b05c2ad9ef5f3f7d7b8bf5cddc0bcb0,8cda5fd98865bccfe8601ace6f9a27d5a835513e,duration_s,57600.0,s
detectors,S4_step_fault,rls,8,10.0,True,S4_step_fault__rls__seed8__detect_all4,4471998ed306e877216c6c1b12b8ba9d62e309093746866fb7f4d683dd3b0138,6c765cc69f3e4bb20e44be0e55caf8daf8c407d7d1c06515349b9d17ec1fddce,8cda5fd98865bccfe8601ace6f9a27d5a835513e,duration_s,57600.0,s
detectors,S4_step_fault,rls,9,10.0,True,S4_step_fault__rls__seed9__detect_cusum,af86278540fa1654a3e5819e52691400963a2f43bbaf4be0dd151148c2836411,f148dc11752161354c3021f05b1fe526c43baf276ba3893e2b36806f990aaf93,8cda5fd98865bccfe8601ace6f9a27d5a835513e,duration_s,57600.0,s
detectors,S4_step_fault,rls,9,10.0,True,S4_step_fault__rls__seed9__detect_ph,af86278540fa1654a3e5819e52691400963a2f43bbaf4be0dd151148c2836411,e5360505f8c49a15eebb5ef47f7d7477818e9b19f26155854e4ff574f74f5811,8cda5fd98865bccfe8601ace6f9a27d5a835513e,duration_s,57600.0,s
detectors,S4_step_fault,rls,9,10.0,True,S4_step_fault__rls__seed9__detect_adwin,af86278540fa1654a3e5819e52691400963a2f43bbaf4be0dd151148c2836411,ba90eb10e4e1f7500a344f9b4e5e676713fa49fa355f420971a75285e0b9c298,8cda5fd98865bccfe8601ace6f9a27d5a835513e,duration_s,57600.0,s
detectors,S4_step_fault,rls,9,10.0,True,S4_step_fault__rls__seed9__detect_ks,af86278540fa1654a3e5819e52691400963a2f43bbaf4be0dd151148c2836411,e68694c868384201c53bdaf13449887c7b05c2ad9ef5f3f7d7b8bf5cddc0bcb0,8cda5fd98865bccfe8601ace6f9a27d5a835513e,duration_s,57600.0,s
detectors,S4_step_fault,rls,9,10.0,True,S4_step_fault__rls__seed9__detect_all4,af86278540fa1654a3e5819e52691400963a2f43bbaf4be0dd151148c2836411,6c765cc69f3e4bb20e44be0e55caf8daf8c407d7d1c06515349b9d17ec1fddce,8cda5fd98865bccfe8601ace6f9a27d5a835513e,duration_s,57600.0,s
detectors,S4_step_fault,rls,10,10.0,True,S4_step_fault__rls__seed10__detect_cusum,b97f4fa67d55b0a4900a4dc84b9f38b152ab85aa07d9118de95bac234f41360d,f148dc11752161354c3021f05b1fe526c43baf276ba3893e2b36806f990aaf93,8cda5fd98865bccfe8601ace6f9a27d5a835513e,duration_s,57600.0,s
detectors,S4_step_fault,rls,10,10.0,True,S4_step_fault__rls__seed10__detect_ph,b97f4fa67d55b0a4900a4dc84b9f38b152ab85aa07d9118de95bac234f41360d,e5360505f8c49a15eebb5ef47f7d7477818e9b19f26155854e4ff574f74f5811,8cda5fd98865bccfe8601ace6f9a27d5a835513e,duration_s,57600.0,s
detectors,S4_step_fault,rls,10,10.0,True,S4_step_fault__rls__seed10__detect_adwin,b97f4fa67d55b0a4900a4dc84b9f38b152ab85aa07d9118de95bac234f41360d,ba90eb10e4e1f7500a344f9b4e5e676713fa49fa355f420971a75285e0b9c298,8cda5fd98865bccfe8601ace6f9a27d5a835513e,duration_s,57600.0,s
detectors,S4_step_fault,rls,10,10.0,True,S4_step_fault__rls__seed10__detect_ks,b97f4fa67d55b0a4900a4dc84b9f38b152ab85aa07d9118de95bac234f41360d,e68694c868384201c53bdaf13449887c7b05c2ad9ef5f3f7d7b8bf5cddc0bcb0,8cda5fd98865bccfe8601ace6f9a27d5a835513e,duration_s,57600.0,s
detectors,S4_step_fault,rls,10,10.0,True,S4_step_fault__rls__seed10__detect_all4,b97f4fa67d55b0a4900a4dc84b9f38b152ab85aa07d9118de95bac234f41360d,6c765cc69f3e4bb20e44be0e55caf8daf8c407d7d1c06515349b9d17ec1fddce,8cda5fd98865bccfe8601ace6f9a27d5a835513e,duration_s,57600.0,s
detectors,S6_combined,rls,1,10.0,True,S6_combined__rls__seed1__detect_cusum,b3cf8d14b3aed8b1d65ab4497dcbfb879dbda2ce1da03bb07f6401c9b4b9bd4a,f148dc11752161354c3021f05b1fe526c43baf276ba3893e2b36806f990aaf93,8cda5fd98865bccfe8601ace6f9a27d5a835513e,duration_s,172800.0,s
detectors,S6_combined,rls,1,10.0,True,S6_combined__rls__seed1__detect_ph,b3cf8d14b3aed8b1d65ab4497dcbfb879dbda2ce1da03bb07f6401c9b4b9bd4a,e5360505f8c49a15eebb5ef47f7d7477818e9b19f26155854e4ff574f74f5811,8cda5fd98865bccfe8601ace6f9a27d5a835513e,duration_s,172800.0,s
detectors,S6_combined,rls,1,10.0,True,S6_combined__rls__seed1__detect_adwin,b3cf8d14b3aed8b1d65ab4497dcbfb879dbda2ce1da03bb07f6401c9b4b9bd4a,ba90eb10e4e1f7500a344f9b4e5e676713fa49fa355f420971a75285e0b9c298,8cda5fd98865bccfe8601ace6f9a27d5a835513e,duration_s,172800.0,s
detectors,S6_combined,rls,1,10.0,True,S6_combined__rls__seed1__detect_ks,b3cf8d14b3aed8b1d65ab4497dcbfb879dbda2ce1da03bb07f6401c9b4b9bd4a,e68694c868384201c53bdaf13449887c7b05c2ad9ef5f3f7d7b8bf5cddc0bcb0,8cda5fd98865bccfe8601ace6f9a27d5a835513e,duration_s,172800.0,s
detectors,S6_combined,rls,1,10.0,True,S6_combined__rls__seed1__detect_all4,b3cf8d14b3aed8b1d65ab4497dcbfb879dbda2ce1da03bb07f6401c9b4b9bd4a,6c765cc69f3e4bb20e44be0e55caf8daf8c407d7d1c06515349b9d17ec1fddce,8cda5fd98865bccfe8601ace6f9a27d5a835513e,duration_s,172800.0,s
detectors,S6_combined,rls,2,10.0,True,S6_combined__rls__seed2__detect_cusum,e4f7ab87faf6982be139dc8af97757bff8d540d357c41e3d06ec298e4dd75854,f148dc11752161354c3021f05b1fe526c43baf276ba3893e2b36806f990aaf93,8cda5fd98865bccfe8601ace6f9a27d5a835513e,duration_s,172800.0,s
detectors,S6_combined,rls,2,10.0,True,S6_combined__rls__seed2__detect_ph,e4f7ab87faf6982be139dc8af97757bff8d540d357c41e3d06ec298e4dd75854,e5360505f8c49a15eebb5ef47f7d7477818e9b19f26155854e4ff574f74f5811,8cda5fd98865bccfe8601ace6f9a27d5a835513e,duration_s,172800.0,s
detectors,S6_combined,rls,2,10.0,True,S6_combined__rls__seed2__detect_adwin,e4f7ab87faf6982be139dc8af97757bff8d540d357c41e3d06ec298e4dd75854,ba90eb10e4e1f7500a344f9b4e5e676713fa49fa355f420971a75285e0b9c298,8cda5fd98865bccfe8601ace6f9a27d5a835513e,duration_s,172800.0,s
detectors,S6_combined,rls,2,10.0,True,S6_combined__rls__seed2__detect_ks,e4f7ab87faf6982be139dc8af97757bff8d540d357c41e3d06ec298e4dd75854,e68694c868384201c53bdaf13449887c7b05c2ad9ef5f3f7d7b8bf5cddc0bcb0,8cda5fd98865bccfe8601ace6f9a27d5a835513e,duration_s,172800.0,s
detectors,S6_combined,rls,2,10.0,True,S6_combined__rls__seed2__detect_all4,e4f7ab87faf6982be139dc8af97757bff8d540d357c41e3d06ec298e4dd75854,6c765cc69f3e4bb20e44be0e55caf8daf8c407d7d1c06515349b9d17ec1fddce,8cda5fd98865bccfe8601ace6f9a27d5a835513e,duration_s,172800.0,s
detectors,S6_combined,rls,3,10.0,True,S6_combined__rls__seed3__detect_cusum,c371bfebbbdb510b204e19fcaedea3c47a4e8b6d77499f04ee6ac55d13fed988,f148dc11752161354c3021f05b1fe526c43baf276ba3893e2b36806f990aaf93,8cda5fd98865bccfe8601ace6f9a27d5a835513e,duration_s,172800.0,s
detectors,S6_combined,rls,3,10.0,True,S6_combined__rls__seed3__detect_ph,c371bfebbbdb510b204e19fcaedea3c47a4e8b6d77499f04ee6ac55d13fed988,e5360505f8c49a15eebb5ef47f7d7477818e9b19f26155854e4ff574f74f5811,8cda5fd98865bccfe8601ace6f9a27d5a835513e,duration_s,172800.0,s
detectors,S6_combined,rls,3,10.0,True,S6_combined__rls__seed3__detect_adwin,c371bfebbbdb510b204e19fcaedea3c47a4e8b6d77499f04ee6ac55d13fed988,ba90eb10e4e1f7500a344f9b4e5e676713fa49fa355f420971a75285e0b9c298,8cda5fd98865bccfe8601ace6f9a27d5a835513e,duration_s,172800.0,s
detectors,S6_combined,rls,3,10.0,True,S6_combined__rls__seed3__detect_ks,c371bfebbbdb510b204e19fcaedea3c47a4e8b6d77499f04ee6ac55d13fed988,e68694c868384201c53bdaf13449887c7b05c2ad9ef5f3f7d7b8bf5cddc0bcb0,8cda5fd98865bccfe8601ace6f9a27d5a835513e,duration_s,172800.0,s
detectors,S6_combined,rls,3,10.0,True,S6_combined__rls__seed3__detect_all4,c371bfebbbdb510b204e19fcaedea3c47a4e8b6d77499f04ee6ac55d13fed988,6c765cc69f3e4bb20e44be0e55caf8daf8c407d7d1c06515349b9d17ec1fddce,8cda5fd98865bccfe8601ace6f9a27d5a835513e,duration_s,172800.0,s
detectors,S6_combined,rls,4,10.0,True,S6_combined__rls__seed4__detect_cusum,091893e2b20fe4f1f4ec71b10a24db6c43dabefaa37c7ef75c67f5a78f00f2b7,f148dc11752161354c3021f05b1fe526c43baf276ba3893e2b36806f990aaf93,8cda5fd98865bccfe8601ace6f9a27d5a835513e,duration_s,172800.0,s
detectors,S6_combined,rls,4,10.0,True,S6_combined__rls__seed4__detect_ph,091893e2b20fe4f1f4ec71b10a24db6c43dabefaa37c7ef75c67f5a78f00f2b7,e5360505f8c49a15eebb5ef47f7d7477818e9b19f26155854e4ff574f74f5811,8cda5fd98865bccfe8601ace6f9a27d5a835513e,duration_s,172800.0,s
detectors,S6_combined,rls,4,10.0,True,S6_combined__rls__seed4__detect_adwin,091893e2b20fe4f1f4ec71b10a24db6c43dabefaa37c7ef75c67f5a78f00f2b7,ba90eb10e4e1f7500a344f9b4e5e676713fa49fa355f420971a75285e0b9c298,8cda5fd98865bccfe8601ace6f9a27d5a835513e,duration_s,172800.0,s
detectors,S6_combined,rls,4,10.0,True,S6_combined__rls__seed4__detect_ks,091893e2b20fe4f1f4ec71b10a24db6c43dabefaa37c7ef75c67f5a78f00f2b7,e68694c868384201c53bdaf13449887c7b05c2ad9ef5f3f7d7b8bf5cddc0bcb0,8cda5fd98865bccfe8601ace6f9a27d5a835513e,duration_s,172800.0,s
detectors,S6_combined,rls,4,10.0,True,S6_combined__rls__seed4__detect_all4,091893e2b20fe4f1f4ec71b10a24db6c43dabefaa37c7ef75c67f5a78f00f2b7,6c765cc69f3e4bb20e44be0e55caf8daf8c407d7d1c06515349b9d17ec1fddce,8cda5fd98865bccfe8601ace6f9a27d5a835513e,duration_s,172800.0,s
detectors,S6_combined,rls,5,10.0,True,S6_combined__rls__seed5__detect_cusum,c1d9d4a7d46d9a42ad59de704b5ae8b21c9bf2f17d4576d9bfa6e10e6c6f4b13,f148dc11752161354c3021f05b1fe526c43baf276ba3893e2b36806f990aaf93,8cda5fd98865bccfe8601ace6f9a27d5a835513e,duration_s,172800.0,s
detectors,S6_combined,rls,5,10.0,True,S6_combined__rls__seed5__detect_ph,c1d9d4a7d46d9a42ad59de704b5ae8b21c9bf2f17d4576d9bfa6e10e6c6f4b13,e5360505f8c49a15eebb5ef47f7d7477818e9b19f26155854e4ff574f74f5811,8cda5fd98865bccfe8601ace6f9a27d5a835513e,duration_s,172800.0,s
detectors,S6_combined,rls,5,10.0,True,S6_combined__rls__seed5__detect_adwin,c1d9d4a7d46d9a42ad59de704b5ae8b21c9bf2f17d4576d9bfa6e10e6c6f4b13,ba90eb10e4e1f7500a344f9b4e5e676713fa49fa355f420971a75285e0b9c298,8cda5fd98865bccfe8601ace6f9a27d5a835513e,duration_s,172800.0,s
detectors,S6_combined,rls,5,10.0,True,S6_combined__rls__seed5__detect_ks,c1d9d4a7d46d9a42ad59de704b5ae8b21c9bf2f17d4576d9bfa6e10e6c6f4b13,e68694c868384201c53bdaf13449887c7b05c2ad9ef5f3f7d7b8bf5cddc0bcb0,8cda5fd98865bccfe8601ace6f9a27d5a835513e,duration_s,172800.0,s
detectors,S6_combined,rls,5,10.0,True,S6_combined__rls__seed5__detect_all4,c1d9d4a7d46d9a42ad59de704b5ae8b21c9bf2f17d4576d9bfa6e10e6c6f4b13,6c765cc69f3e4bb20e44be0e55caf8daf8c407d7d1c06515349b9d17ec1fddce,8cda5fd98865bccfe8601ace6f9a27d5a835513e,duration_s,172800.0,s
detectors,S6_combined,rls,6,10.0,True,S6_combined__rls__seed6__detect_cusum,8fbcb1374a66e26dea4a0e8dbcf64db42ebcd88dd11b5cd3bb5d44e8d4b0665a,f148dc11752161354c3021f05b1fe526c43baf276ba3893e2b36806f990aaf93,8cda5fd98865bccfe8601ace6f9a27d5a835513e,duration_s,172800.0,s
detectors,S6_combined,rls,6,10.0,True,S6_combined__rls__seed6__detect_ph,8fbcb1374a66e26dea4a0e8dbcf64db42ebcd88dd11b5cd3bb5d44e8d4b0665a,e5360505f8c49a15eebb5ef47f7d7477818e9b19f26155854e4ff574f74f5811,8cda5fd98865bccfe8601ace6f9a27d5a835513e,duration_s,172800.0,s
detectors,S6_combined,rls,6,10.0,True,S6_combined__rls__seed6__detect_adwin,8fbcb1374a66e26dea4a0e8dbcf64db42ebcd88dd11b5cd3bb5d44e8d4b0665a,ba90eb10e4e1f7500a344f9b4e5e676713fa49fa355f420971a75285e0b9c298,8cda5fd98865bccfe8601ace6f9a27d5a835513e,duration_s,172800.0,s
detectors,S6_combined,rls,6,10.0,True,S6_combined__rls__seed6__detect_ks,8fbcb1374a66e26dea4a0e8dbcf64db42ebcd88dd11b5cd3bb5d44e8d4b0665a,e68694c868384201c53bdaf13449887c7b05c2ad9ef5f3f7d7b8bf5cddc0bcb0,8cda5fd98865bccfe8601ace6f9a27d5a835513e,duration_s,172800.0,s
detectors,S6_combined,rls,6,10.0,True,S6_combined__rls__seed6__detect_all4,8fbcb1374a66e26dea4a0e8dbcf64db42ebcd88dd11b5cd3bb5d44e8d4b0665a,6c765cc69f3e4bb20e44be0e55caf8daf8c407d7d1c06515349b9d17ec1fddce,8cda5fd98865bccfe8601ace6f9a27d5a835513e,duration_s,172800.0,s
detectors,S6_combined,rls,7,10.0,True,S6_combined__rls__seed7__detect_cusum,eb12037c60287858e9925e83fcaf2aa6789246ee5a2aa0c936402930de58eb1c,f148dc11752161354c3021f05b1fe526c43baf276ba3893e2b36806f990aaf93,8cda5fd98865bccfe8601ace6f9a27d5a835513e,duration_s,172800.0,s
detectors,S6_combined,rls,7,10.0,True,S6_combined__rls__seed7__detect_ph,eb12037c60287858e9925e83fcaf2aa6789246ee5a2aa0c936402930de58eb1c,e5360505f8c49a15eebb5ef47f7d7477818e9b19f26155854e4ff574f74f5811,8cda5fd98865bccfe8601ace6f9a27d5a835513e,duration_s,172800.0,s
detectors,S6_combined,rls,7,10.0,True,S6_combined__rls__seed7__detect_adwin,eb12037c60287858e9925e83fcaf2aa6789246ee5a2aa0c936402930de58eb1c,ba90eb10e4e1f7500a344f9b4e5e676713fa49fa355f420971a75285e0b9c298,8cda5fd98865bccfe8601ace6f9a27d5a835513e,duration_s,172800.0,s
detectors,S6_combined,rls,7,10.0,True,S6_combined__rls__seed7__detect_ks,eb12037c60287858e9925e83fcaf2aa6789246ee5a2aa0c936402930de58eb1c,e68694c868384201c53bdaf13449887c7b05c2ad9ef5f3f7d7b8bf5cddc0bcb0,8cda5fd98865bccfe8601ace6f9a27d5a835513e,duration_s,172800.0,s
detectors,S6_combined,rls,7,10.0,True,S6_combined__rls__seed7__detect_all4,eb12037c60287858e9925e83fcaf2aa6789246ee5a2aa0c936402930de58eb1c,6c765cc69f3e4bb20e44be0e55caf8daf8c407d7d1c06515349b9d17ec1fddce,8cda5fd98865bccfe8601ace6f9a27d5a835513e,duration_s,172800.0,s
detectors,S6_combined,rls,8,10.0,True,S6_combined__rls__seed8__detect_cusum,da4740837e6cf85b5c7d22d84cf556133cbff181edcbfd4d107db823d7c1f164,f148dc11752161354c3021f05b1fe526c43baf276ba3893e2b36806f990aaf93,8cda5fd98865bccfe8601ace6f9a27d5a835513e,duration_s,172800.0,s
detectors,S6_combined,rls,8,10.0,True,S6_combined__rls__seed8__detect_ph,da4740837e6cf85b5c7d22d84cf556133cbff181edcbfd4d107db823d7c1f164,e5360505f8c49a15eebb5ef47f7d7477818e9b19f26155854e4ff574f74f5811,8cda5fd98865bccfe8601ace6f9a27d5a835513e,duration_s,172800.0,s
detectors,S6_combined,rls,8,10.0,True,S6_combined__rls__seed8__detect_adwin,da4740837e6cf85b5c7d22d84cf556133cbff181edcbfd4d107db823d7c1f164,ba90eb10e4e1f7500a344f9b4e5e676713fa49fa355f420971a75285e0b9c298,8cda5fd98865bccfe8601ace6f9a27d5a835513e,duration_s,172800.0,s
detectors,S6_combined,rls,8,10.0,True,S6_combined__rls__seed8__detect_ks,da4740837e6cf85b5c7d22d84cf556133cbff181edcbfd4d107db823d7c1f164,e68694c868384201c53bdaf13449887c7b05c2ad9ef5f3f7d7b8bf5cddc0bcb0,8cda5fd98865bccfe8601ace6f9a27d5a835513e,duration_s,172800.0,s
detectors,S6_combined,rls,8,10.0,True,S6_combined__rls__seed8__detect_all4,da4740837e6cf85b5c7d22d84cf556133cbff181edcbfd4d107db823d7c1f164,6c765cc69f3e4bb20e44be0e55caf8daf8c407d7d1c06515349b9d17ec1fddce,8cda5fd98865bccfe8601ace6f9a27d5a835513e,duration_s,172800.0,s
detectors,S6_combined,rls,9,10.0,True,S6_combined__rls__seed9__detect_cusum,29718e114c21c01b04a983f185bbf01430cfac8dd9e8b5808281b0434dac26fc,f148dc11752161354c3021f05b1fe526c43baf276ba3893e2b36806f990aaf93,8cda5fd98865bccfe8601ace6f9a27d5a835513e,duration_s,172800.0,s
detectors,S6_combined,rls,9,10.0,True,S6_combined__rls__seed9__detect_ph,29718e114c21c01b04a983f185bbf01430cfac8dd9e8b5808281b0434dac26fc,e5360505f8c49a15eebb5ef47f7d7477818e9b19f26155854e4ff574f74f5811,8cda5fd98865bccfe8601ace6f9a27d5a835513e,duration_s,172800.0,s
detectors,S6_combined,rls,9,10.0,True,S6_combined__rls__seed9__detect_adwin,29718e114c21c01b04a983f185bbf01430cfac8dd9e8b5808281b0434dac26fc,ba90eb10e4e1f7500a344f9b4e5e676713fa49fa355f420971a75285e0b9c298,8cda5fd98865bccfe8601ace6f9a27d5a835513e,duration_s,172800.0,s
detectors,S6_combined,rls,9,10.0,True,S6_combined__rls__seed9__detect_ks,29718e114c21c01b04a983f185bbf01430cfac8dd9e8b5808281b0434dac26fc,e68694c868384201c53bdaf13449887c7b05c2ad9ef5f3f7d7b8bf5cddc0bcb0,8cda5fd98865bccfe8601ace6f9a27d5a835513e,duration_s,172800.0,s
detectors,S6_combined,rls,9,10.0,True,S6_combined__rls__seed9__detect_all4,29718e114c21c01b04a983f185bbf01430cfac8dd9e8b5808281b0434dac26fc,6c765cc69f3e4bb20e44be0e55caf8daf8c407d7d1c06515349b9d17ec1fddce,8cda5fd98865bccfe8601ace6f9a27d5a835513e,duration_s,172800.0,s
detectors,S6_combined,rls,10,10.0,True,S6_combined__rls__seed10__detect_cusum,4054ab96937dfc6eef3c9c4f46347db001fd4eea59432509f786c95b51d12234,f148dc11752161354c3021f05b1fe526c43baf276ba3893e2b36806f990aaf93,8cda5fd98865bccfe8601ace6f9a27d5a835513e,duration_s,172800.0,s
detectors,S6_combined,rls,10,10.0,True,S6_combined__rls__seed10__detect_ph,4054ab96937dfc6eef3c9c4f46347db001fd4eea59432509f786c95b51d12234,e5360505f8c49a15eebb5ef47f7d7477818e9b19f26155854e4ff574f74f5811,8cda5fd98865bccfe8601ace6f9a27d5a835513e,duration_s,172800.0,s
detectors,S6_combined,rls,10,10.0,True,S6_combined__rls__seed10__detect_adwin,4054ab96937dfc6eef3c9c4f46347db001fd4eea59432509f786c95b51d12234,ba90eb10e4e1f7500a344f9b4e5e676713fa49fa355f420971a75285e0b9c298,8cda5fd98865bccfe8601ace6f9a27d5a835513e,duration_s,172800.0,s
detectors,S6_combined,rls,10,10.0,True,S6_combined__rls__seed10__detect_ks,4054ab96937dfc6eef3c9c4f46347db001fd4eea59432509f786c95b51d12234,e68694c868384201c53bdaf13449887c7b05c2ad9ef5f3f7d7b8bf5cddc0bcb0,8cda5fd98865bccfe8601ace6f9a27d5a835513e,duration_s,172800.0,s
detectors,S6_combined,rls,10,10.0,True,S6_combined__rls__seed10__detect_all4,4054ab96937dfc6eef3c9c4f46347db001fd4eea59432509f786c95b51d12234,6c765cc69f3e4bb20e44be0e55caf8daf8c407d7d1c06515349b9d17ec1fddce,8cda5fd98865bccfe8601ace6f9a27d5a835513e,duration_s,172800.0,s
detectors,S4_step_fault,rls,1,10.0,True,S4_step_fault__rls__seed1__detect_cusum,7d29a6d7dca932314e512c265e0e559ec6cc02e548aa25349a95d1f29dbf9ef1,f148dc11752161354c3021f05b1fe526c43baf276ba3893e2b36806f990aaf93,8cda5fd98865bccfe8601ace6f9a27d5a835513e,elapsed_s,60.154228799998236,s
detectors,S4_step_fault,rls,1,10.0,True,S4_step_fault__rls__seed1__detect_ph,7d29a6d7dca932314e512c265e0e559ec6cc02e548aa25349a95d1f29dbf9ef1,e5360505f8c49a15eebb5ef47f7d7477818e9b19f26155854e4ff574f74f5811,8cda5fd98865bccfe8601ace6f9a27d5a835513e,elapsed_s,61.558157100000244,s
detectors,S4_step_fault,rls,1,10.0,True,S4_step_fault__rls__seed1__detect_adwin,7d29a6d7dca932314e512c265e0e559ec6cc02e548aa25349a95d1f29dbf9ef1,ba90eb10e4e1f7500a344f9b4e5e676713fa49fa355f420971a75285e0b9c298,8cda5fd98865bccfe8601ace6f9a27d5a835513e,elapsed_s,61.10223170000245,s
detectors,S4_step_fault,rls,1,10.0,True,S4_step_fault__rls__seed1__detect_ks,7d29a6d7dca932314e512c265e0e559ec6cc02e548aa25349a95d1f29dbf9ef1,e68694c868384201c53bdaf13449887c7b05c2ad9ef5f3f7d7b8bf5cddc0bcb0,8cda5fd98865bccfe8601ace6f9a27d5a835513e,elapsed_s,60.92442630000005,s
detectors,S4_step_fault,rls,1,10.0,True,S4_step_fault__rls__seed1__detect_all4,7d29a6d7dca932314e512c265e0e559ec6cc02e548aa25349a95d1f29dbf9ef1,6c765cc69f3e4bb20e44be0e55caf8daf8c407d7d1c06515349b9d17ec1fddce,8cda5fd98865bccfe8601ace6f9a27d5a835513e,elapsed_s,60.9037707000025,s
detectors,S4_step_fault,rls,2,10.0,True,S4_step_fault__rls__seed2__detect_cusum,adc80992e5ad2b0074c2ccb5fd189429c3fd11d2d51d242aa1caec078b0db1d2,f148dc11752161354c3021f05b1fe526c43baf276ba3893e2b36806f990aaf93,8cda5fd98865bccfe8601ace6f9a27d5a835513e,elapsed_s,61.39644920000137,s
detectors,S4_step_fault,rls,2,10.0,True,S4_step_fault__rls__seed2__detect_ph,adc80992e5ad2b0074c2ccb5fd189429c3fd11d2d51d242aa1caec078b0db1d2,e5360505f8c49a15eebb5ef47f7d7477818e9b19f26155854e4ff574f74f5811,8cda5fd98865bccfe8601ace6f9a27d5a835513e,elapsed_s,61.26248189999751,s
detectors,S4_step_fault,rls,2,10.0,True,S4_step_fault__rls__seed2__detect_adwin,adc80992e5ad2b0074c2ccb5fd189429c3fd11d2d51d242aa1caec078b0db1d2,ba90eb10e4e1f7500a344f9b4e5e676713fa49fa355f420971a75285e0b9c298,8cda5fd98865bccfe8601ace6f9a27d5a835513e,elapsed_s,62.61166729999968,s
detectors,S4_step_fault,rls,2,10.0,True,S4_step_fault__rls__seed2__detect_ks,adc80992e5ad2b0074c2ccb5fd189429c3fd11d2d51d242aa1caec078b0db1d2,e68694c868384201c53bdaf13449887c7b05c2ad9ef5f3f7d7b8bf5cddc0bcb0,8cda5fd98865bccfe8601ace6f9a27d5a835513e,elapsed_s,61.632489999996324,s
detectors,S4_step_fault,rls,2,10.0,True,S4_step_fault__rls__seed2__detect_all4,adc80992e5ad2b0074c2ccb5fd189429c3fd11d2d51d242aa1caec078b0db1d2,6c765cc69f3e4bb20e44be0e55caf8daf8c407d7d1c06515349b9d17ec1fddce,8cda5fd98865bccfe8601ace6f9a27d5a835513e,elapsed_s,69.2569430999938,s
detectors,S4_step_fault,rls,3,10.0,True,S4_step_fault__rls__seed3__detect_cusum,755a0aa70d2f3fe05534c8cb137d5df18ed16325d4692fc840c3daee2c8a8c92,f148dc11752161354c3021f05b1fe526c43baf276ba3893e2b36806f990aaf93,8cda5fd98865bccfe8601ace6f9a27d5a835513e,elapsed_s,70.12006240000483,s
detectors,S4_step_fault,rls,3,10.0,True,S4_step_fault__rls__seed3__detect_ph,755a0aa70d2f3fe05534c8cb137d5df18ed16325d4692fc840c3daee2c8a8c92,e5360505f8c49a15eebb5ef47f7d7477818e9b19f26155854e4ff574f74f5811,8cda5fd98865bccfe8601ace6f9a27d5a835513e,elapsed_s,64.33690590000333,s
detectors,S4_step_fault,rls,3,10.0,True,S4_step_fault__rls__seed3__detect_adwin,755a0aa70d2f3fe05534c8cb137d5df18ed16325d4692fc840c3daee2c8a8c92,ba90eb10e4e1f7500a344f9b4e5e676713fa49fa355f420971a75285e0b9c298,8cda5fd98865bccfe8601ace6f9a27d5a835513e,elapsed_s,62.10924739999609,s
detectors,S4_step_fault,rls,3,10.0,True,S4_step_fault__rls__seed3__detect_ks,755a0aa70d2f3fe05534c8cb137d5df18ed16325d4692fc840c3daee2c8a8c92,e68694c868384201c53bdaf13449887c7b05c2ad9ef5f3f7d7b8bf5cddc0bcb0,8cda5fd98865bccfe8601ace6f9a27d5a835513e,elapsed_s,91.31466770000407,s
detectors,S4_step_fault,rls,3,10.0,True,S4_step_fault__rls__seed3__detect_all4,755a0aa70d2f3fe05534c8cb137d5df18ed16325d4692fc840c3daee2c8a8c92,6c765cc69f3e4bb20e44be0e55caf8daf8c407d7d1c06515349b9d17ec1fddce,8cda5fd98865bccfe8601ace6f9a27d5a835513e,elapsed_s,63.687935000001744,s
detectors,S4_step_fault,rls,4,10.0,True,S4_step_fault__rls__seed4__detect_cusum,57d0146db86c059173927b479ffa5908a6e01f3cdeb9f10b63e58e983cd88fb2,f148dc11752161354c3021f05b1fe526c43baf276ba3893e2b36806f990aaf93,8cda5fd98865bccfe8601ace6f9a27d5a835513e,elapsed_s,72.9252076000048,s
detectors,S4_step_fault,rls,4,10.0,True,S4_step_fault__rls__seed4__detect_ph,57d0146db86c059173927b479ffa5908a6e01f3cdeb9f10b63e58e983cd88fb2,e5360505f8c49a15eebb5ef47f7d7477818e9b19f26155854e4ff574f74f5811,8cda5fd98865bccfe8601ace6f9a27d5a835513e,elapsed_s,72.02174369999557,s
detectors,S4_step_fault,rls,4,10.0,True,S4_step_fault__rls__seed4__detect_adwin,57d0146db86c059173927b479ffa5908a6e01f3cdeb9f10b63e58e983cd88fb2,ba90eb10e4e1f7500a344f9b4e5e676713fa49fa355f420971a75285e0b9c298,8cda5fd98865bccfe8601ace6f9a27d5a835513e,elapsed_s,88.15490090000094,s
detectors,S4_step_fault,rls,4,10.0,True,S4_step_fault__rls__seed4__detect_ks,57d0146db86c059173927b479ffa5908a6e01f3cdeb9f10b63e58e983cd88fb2,e68694c868384201c53bdaf13449887c7b05c2ad9ef5f3f7d7b8bf5cddc0bcb0,8cda5fd98865bccfe8601ace6f9a27d5a835513e,elapsed_s,77.86398389999522,s
detectors,S4_step_fault,rls,4,10.0,True,S4_step_fault__rls__seed4__detect_all4,57d0146db86c059173927b479ffa5908a6e01f3cdeb9f10b63e58e983cd88fb2,6c765cc69f3e4bb20e44be0e55caf8daf8c407d7d1c06515349b9d17ec1fddce,8cda5fd98865bccfe8601ace6f9a27d5a835513e,elapsed_s,176.7751109000019,s
detectors,S4_step_fault,rls,5,10.0,True,S4_step_fault__rls__seed5__detect_cusum,1efe02364dacd47e4d9a937957614582b8530ef56f2b525678988666500727b7,f148dc11752161354c3021f05b1fe526c43baf276ba3893e2b36806f990aaf93,8cda5fd98865bccfe8601ace6f9a27d5a835513e,elapsed_s,194.8947180000032,s
detectors,S4_step_fault,rls,5,10.0,True,S4_step_fault__rls__seed5__detect_ph,1efe02364dacd47e4d9a937957614582b8530ef56f2b525678988666500727b7,e5360505f8c49a15eebb5ef47f7d7477818e9b19f26155854e4ff574f74f5811,8cda5fd98865bccfe8601ace6f9a27d5a835513e,elapsed_s,217.42415620000247,s
detectors,S4_step_fault,rls,5,10.0,True,S4_step_fault__rls__seed5__detect_adwin,1efe02364dacd47e4d9a937957614582b8530ef56f2b525678988666500727b7,ba90eb10e4e1f7500a344f9b4e5e676713fa49fa355f420971a75285e0b9c298,8cda5fd98865bccfe8601ace6f9a27d5a835513e,elapsed_s,199.27596330000233,s
detectors,S4_step_fault,rls,5,10.0,True,S4_step_fault__rls__seed5__detect_ks,1efe02364dacd47e4d9a937957614582b8530ef56f2b525678988666500727b7,e68694c868384201c53bdaf13449887c7b05c2ad9ef5f3f7d7b8bf5cddc0bcb0,8cda5fd98865bccfe8601ace6f9a27d5a835513e,elapsed_s,204.51248209999903,s
detectors,S4_step_fault,rls,5,10.0,True,S4_step_fault__rls__seed5__detect_all4,1efe02364dacd47e4d9a937957614582b8530ef56f2b525678988666500727b7,6c765cc69f3e4bb20e44be0e55caf8daf8c407d7d1c06515349b9d17ec1fddce,8cda5fd98865bccfe8601ace6f9a27d5a835513e,elapsed_s,203.55726600000344,s
detectors,S4_step_fault,rls,6,10.0,True,S4_step_fault__rls__seed6__detect_cusum,edb8fb013b7aeb64e877b749783afa62d6864702f69cf9e7c539d6cd9df4f86d,f148dc11752161354c3021f05b1fe526c43baf276ba3893e2b36806f990aaf93,8cda5fd98865bccfe8601ace6f9a27d5a835513e,elapsed_s,188.27695530000346,s
detectors,S4_step_fault,rls,6,10.0,True,S4_step_fault__rls__seed6__detect_ph,edb8fb013b7aeb64e877b749783afa62d6864702f69cf9e7c539d6cd9df4f86d,e5360505f8c49a15eebb5ef47f7d7477818e9b19f26155854e4ff574f74f5811,8cda5fd98865bccfe8601ace6f9a27d5a835513e,elapsed_s,198.14333830000396,s
detectors,S4_step_fault,rls,6,10.0,True,S4_step_fault__rls__seed6__detect_adwin,edb8fb013b7aeb64e877b749783afa62d6864702f69cf9e7c539d6cd9df4f86d,ba90eb10e4e1f7500a344f9b4e5e676713fa49fa355f420971a75285e0b9c298,8cda5fd98865bccfe8601ace6f9a27d5a835513e,elapsed_s,200.49852709999686,s
detectors,S4_step_fault,rls,6,10.0,True,S4_step_fault__rls__seed6__detect_ks,edb8fb013b7aeb64e877b749783afa62d6864702f69cf9e7c539d6cd9df4f86d,e68694c868384201c53bdaf13449887c7b05c2ad9ef5f3f7d7b8bf5cddc0bcb0,8cda5fd98865bccfe8601ace6f9a27d5a835513e,elapsed_s,207.8297020999962,s
detectors,S4_step_fault,rls,6,10.0,True,S4_step_fault__rls__seed6__detect_all4,edb8fb013b7aeb64e877b749783afa62d6864702f69cf9e7c539d6cd9df4f86d,6c765cc69f3e4bb20e44be0e55caf8daf8c407d7d1c06515349b9d17ec1fddce,8cda5fd98865bccfe8601ace6f9a27d5a835513e,elapsed_s,193.56870999999956,s
detectors,S4_step_fault,rls,7,10.0,True,S4_step_fault__rls__seed7__detect_cusum,5cf17843f3bfe6e9f5ce0f88df6e9f0fa19691e7d0781a28d2e0071debfacd13,f148dc11752161354c3021f05b1fe526c43baf276ba3893e2b36806f990aaf93,8cda5fd98865bccfe8601ace6f9a27d5a835513e,elapsed_s,147.42334739999933,s
detectors,S4_step_fault,rls,7,10.0,True,S4_step_fault__rls__seed7__detect_ph,5cf17843f3bfe6e9f5ce0f88df6e9f0fa19691e7d0781a28d2e0071debfacd13,e5360505f8c49a15eebb5ef47f7d7477818e9b19f26155854e4ff574f74f5811,8cda5fd98865bccfe8601ace6f9a27d5a835513e,elapsed_s,148.49729110000044,s
detectors,S4_step_fault,rls,7,10.0,True,S4_step_fault__rls__seed7__detect_adwin,5cf17843f3bfe6e9f5ce0f88df6e9f0fa19691e7d0781a28d2e0071debfacd13,ba90eb10e4e1f7500a344f9b4e5e676713fa49fa355f420971a75285e0b9c298,8cda5fd98865bccfe8601ace6f9a27d5a835513e,elapsed_s,148.79335739999806,s
detectors,S4_step_fault,rls,7,10.0,True,S4_step_fault__rls__seed7__detect_ks,5cf17843f3bfe6e9f5ce0f88df6e9f0fa19691e7d0781a28d2e0071debfacd13,e68694c868384201c53bdaf13449887c7b05c2ad9ef5f3f7d7b8bf5cddc0bcb0,8cda5fd98865bccfe8601ace6f9a27d5a835513e,elapsed_s,169.87458560000232,s
detectors,S4_step_fault,rls,7,10.0,True,S4_step_fault__rls__seed7__detect_all4,5cf17843f3bfe6e9f5ce0f88df6e9f0fa19691e7d0781a28d2e0071debfacd13,6c765cc69f3e4bb20e44be0e55caf8daf8c407d7d1c06515349b9d17ec1fddce,8cda5fd98865bccfe8601ace6f9a27d5a835513e,elapsed_s,152.14624139999796,s
detectors,S4_step_fault,rls,8,10.0,True,S4_step_fault__rls__seed8__detect_cusum,4471998ed306e877216c6c1b12b8ba9d62e309093746866fb7f4d683dd3b0138,f148dc11752161354c3021f05b1fe526c43baf276ba3893e2b36806f990aaf93,8cda5fd98865bccfe8601ace6f9a27d5a835513e,elapsed_s,141.1513732999956,s
detectors,S4_step_fault,rls,8,10.0,True,S4_step_fault__rls__seed8__detect_ph,4471998ed306e877216c6c1b12b8ba9d62e309093746866fb7f4d683dd3b0138,e5360505f8c49a15eebb5ef47f7d7477818e9b19f26155854e4ff574f74f5811,8cda5fd98865bccfe8601ace6f9a27d5a835513e,elapsed_s,146.99548910000158,s
detectors,S4_step_fault,rls,8,10.0,True,S4_step_fault__rls__seed8__detect_adwin,4471998ed306e877216c6c1b12b8ba9d62e309093746866fb7f4d683dd3b0138,ba90eb10e4e1f7500a344f9b4e5e676713fa49fa355f420971a75285e0b9c298,8cda5fd98865bccfe8601ace6f9a27d5a835513e,elapsed_s,151.27772279999772,s
detectors,S4_step_fault,rls,8,10.0,True,S4_step_fault__rls__seed8__detect_ks,4471998ed306e877216c6c1b12b8ba9d62e309093746866fb7f4d683dd3b0138,e68694c868384201c53bdaf13449887c7b05c2ad9ef5f3f7d7b8bf5cddc0bcb0,8cda5fd98865bccfe8601ace6f9a27d5a835513e,elapsed_s,154.9809088999973,s
detectors,S4_step_fault,rls,8,10.0,True,S4_step_fault__rls__seed8__detect_all4,4471998ed306e877216c6c1b12b8ba9d62e309093746866fb7f4d683dd3b0138,6c765cc69f3e4bb20e44be0e55caf8daf8c407d7d1c06515349b9d17ec1fddce,8cda5fd98865bccfe8601ace6f9a27d5a835513e,elapsed_s,151.23415730000124,s
detectors,S4_step_fault,rls,9,10.0,True,S4_step_fault__rls__seed9__detect_cusum,af86278540fa1654a3e5819e52691400963a2f43bbaf4be0dd151148c2836411,f148dc11752161354c3021f05b1fe526c43baf276ba3893e2b36806f990aaf93,8cda5fd98865bccfe8601ace6f9a27d5a835513e,elapsed_s,147.14092589999927,s
detectors,S4_step_fault,rls,9,10.0,True,S4_step_fault__rls__seed9__detect_ph,af86278540fa1654a3e5819e52691400963a2f43bbaf4be0dd151148c2836411,e5360505f8c49a15eebb5ef47f7d7477818e9b19f26155854e4ff574f74f5811,8cda5fd98865bccfe8601ace6f9a27d5a835513e,elapsed_s,146.59492210000462,s
detectors,S4_step_fault,rls,9,10.0,True,S4_step_fault__rls__seed9__detect_adwin,af86278540fa1654a3e5819e52691400963a2f43bbaf4be0dd151148c2836411,ba90eb10e4e1f7500a344f9b4e5e676713fa49fa355f420971a75285e0b9c298,8cda5fd98865bccfe8601ace6f9a27d5a835513e,elapsed_s,152.58324849999917,s
detectors,S4_step_fault,rls,9,10.0,True,S4_step_fault__rls__seed9__detect_ks,af86278540fa1654a3e5819e52691400963a2f43bbaf4be0dd151148c2836411,e68694c868384201c53bdaf13449887c7b05c2ad9ef5f3f7d7b8bf5cddc0bcb0,8cda5fd98865bccfe8601ace6f9a27d5a835513e,elapsed_s,146.50453410000046,s
detectors,S4_step_fault,rls,9,10.0,True,S4_step_fault__rls__seed9__detect_all4,af86278540fa1654a3e5819e52691400963a2f43bbaf4be0dd151148c2836411,6c765cc69f3e4bb20e44be0e55caf8daf8c407d7d1c06515349b9d17ec1fddce,8cda5fd98865bccfe8601ace6f9a27d5a835513e,elapsed_s,146.86738779999723,s
detectors,S4_step_fault,rls,10,10.0,True,S4_step_fault__rls__seed10__detect_cusum,b97f4fa67d55b0a4900a4dc84b9f38b152ab85aa07d9118de95bac234f41360d,f148dc11752161354c3021f05b1fe526c43baf276ba3893e2b36806f990aaf93,8cda5fd98865bccfe8601ace6f9a27d5a835513e,elapsed_s,149.00687370000378,s
detectors,S4_step_fault,rls,10,10.0,True,S4_step_fault__rls__seed10__detect_ph,b97f4fa67d55b0a4900a4dc84b9f38b152ab85aa07d9118de95bac234f41360d,e5360505f8c49a15eebb5ef47f7d7477818e9b19f26155854e4ff574f74f5811,8cda5fd98865bccfe8601ace6f9a27d5a835513e,elapsed_s,150.23976079999557,s
detectors,S4_step_fault,rls,10,10.0,True,S4_step_fault__rls__seed10__detect_adwin,b97f4fa67d55b0a4900a4dc84b9f38b152ab85aa07d9118de95bac234f41360d,ba90eb10e4e1f7500a344f9b4e5e676713fa49fa355f420971a75285e0b9c298,8cda5fd98865bccfe8601ace6f9a27d5a835513e,elapsed_s,143.496982699995,s
detectors,S4_step_fault,rls,10,10.0,True,S4_step_fault__rls__seed10__detect_ks,b97f4fa67d55b0a4900a4dc84b9f38b152ab85aa07d9118de95bac234f41360d,e68694c868384201c53bdaf13449887c7b05c2ad9ef5f3f7d7b8bf5cddc0bcb0,8cda5fd98865bccfe8601ace6f9a27d5a835513e,elapsed_s,139.87266459999955,s
detectors,S4_step_fault,rls,10,10.0,True,S4_step_fault__rls__seed10__detect_all4,b97f4fa67d55b0a4900a4dc84b9f38b152ab85aa07d9118de95bac234f41360d,6c765cc69f3e4bb20e44be0e55caf8daf8c407d7d1c06515349b9d17ec1fddce,8cda5fd98865bccfe8601ace6f9a27d5a835513e,elapsed_s,134.67128030000458,s
detectors,S6_combined,rls,1,10.0,True,S6_combined__rls__seed1__detect_cusum,b3cf8d14b3aed8b1d65ab4497dcbfb879dbda2ce1da03bb07f6401c9b4b9bd4a,f148dc11752161354c3021f05b1fe526c43baf276ba3893e2b36806f990aaf93,8cda5fd98865bccfe8601ace6f9a27d5a835513e,elapsed_s,422.0149147999982,s
detectors,S6_combined,rls,1,10.0,True,S6_combined__rls__seed1__detect_ph,b3cf8d14b3aed8b1d65ab4497dcbfb879dbda2ce1da03bb07f6401c9b4b9bd4a,e5360505f8c49a15eebb5ef47f7d7477818e9b19f26155854e4ff574f74f5811,8cda5fd98865bccfe8601ace6f9a27d5a835513e,elapsed_s,407.87484149999364,s
detectors,S6_combined,rls,1,10.0,True,S6_combined__rls__seed1__detect_adwin,b3cf8d14b3aed8b1d65ab4497dcbfb879dbda2ce1da03bb07f6401c9b4b9bd4a,ba90eb10e4e1f7500a344f9b4e5e676713fa49fa355f420971a75285e0b9c298,8cda5fd98865bccfe8601ace6f9a27d5a835513e,elapsed_s,402.82682419999765,s
detectors,S6_combined,rls,1,10.0,True,S6_combined__rls__seed1__detect_ks,b3cf8d14b3aed8b1d65ab4497dcbfb879dbda2ce1da03bb07f6401c9b4b9bd4a,e68694c868384201c53bdaf13449887c7b05c2ad9ef5f3f7d7b8bf5cddc0bcb0,8cda5fd98865bccfe8601ace6f9a27d5a835513e,elapsed_s,414.0388047000015,s
detectors,S6_combined,rls,1,10.0,True,S6_combined__rls__seed1__detect_all4,b3cf8d14b3aed8b1d65ab4497dcbfb879dbda2ce1da03bb07f6401c9b4b9bd4a,6c765cc69f3e4bb20e44be0e55caf8daf8c407d7d1c06515349b9d17ec1fddce,8cda5fd98865bccfe8601ace6f9a27d5a835513e,elapsed_s,424.4115019000019,s
detectors,S6_combined,rls,2,10.0,True,S6_combined__rls__seed2__detect_cusum,e4f7ab87faf6982be139dc8af97757bff8d540d357c41e3d06ec298e4dd75854,f148dc11752161354c3021f05b1fe526c43baf276ba3893e2b36806f990aaf93,8cda5fd98865bccfe8601ace6f9a27d5a835513e,elapsed_s,430.2261163000003,s
detectors,S6_combined,rls,2,10.0,True,S6_combined__rls__seed2__detect_ph,e4f7ab87faf6982be139dc8af97757bff8d540d357c41e3d06ec298e4dd75854,e5360505f8c49a15eebb5ef47f7d7477818e9b19f26155854e4ff574f74f5811,8cda5fd98865bccfe8601ace6f9a27d5a835513e,elapsed_s,403.0255313000016,s
detectors,S6_combined,rls,2,10.0,True,S6_combined__rls__seed2__detect_adwin,e4f7ab87faf6982be139dc8af97757bff8d540d357c41e3d06ec298e4dd75854,ba90eb10e4e1f7500a344f9b4e5e676713fa49fa355f420971a75285e0b9c298,8cda5fd98865bccfe8601ace6f9a27d5a835513e,elapsed_s,422.9755068000013,s
detectors,S6_combined,rls,2,10.0,True,S6_combined__rls__seed2__detect_ks,e4f7ab87faf6982be139dc8af97757bff8d540d357c41e3d06ec298e4dd75854,e68694c868384201c53bdaf13449887c7b05c2ad9ef5f3f7d7b8bf5cddc0bcb0,8cda5fd98865bccfe8601ace6f9a27d5a835513e,elapsed_s,418.52772019999975,s
detectors,S6_combined,rls,2,10.0,True,S6_combined__rls__seed2__detect_all4,e4f7ab87faf6982be139dc8af97757bff8d540d357c41e3d06ec298e4dd75854,6c765cc69f3e4bb20e44be0e55caf8daf8c407d7d1c06515349b9d17ec1fddce,8cda5fd98865bccfe8601ace6f9a27d5a835513e,elapsed_s,414.4315379999971,s
detectors,S6_combined,rls,3,10.0,True,S6_combined__rls__seed3__detect_cusum,c371bfebbbdb510b204e19fcaedea3c47a4e8b6d77499f04ee6ac55d13fed988,f148dc11752161354c3021f05b1fe526c43baf276ba3893e2b36806f990aaf93,8cda5fd98865bccfe8601ace6f9a27d5a835513e,elapsed_s,439.79284230000485,s
detectors,S6_combined,rls,3,10.0,True,S6_combined__rls__seed3__detect_ph,c371bfebbbdb510b204e19fcaedea3c47a4e8b6d77499f04ee6ac55d13fed988,e5360505f8c49a15eebb5ef47f7d7477818e9b19f26155854e4ff574f74f5811,8cda5fd98865bccfe8601ace6f9a27d5a835513e,elapsed_s,431.60706429999846,s
detectors,S6_combined,rls,3,10.0,True,S6_combined__rls__seed3__detect_adwin,c371bfebbbdb510b204e19fcaedea3c47a4e8b6d77499f04ee6ac55d13fed988,ba90eb10e4e1f7500a344f9b4e5e676713fa49fa355f420971a75285e0b9c298,8cda5fd98865bccfe8601ace6f9a27d5a835513e,elapsed_s,428.16864529999293,s
detectors,S6_combined,rls,3,10.0,True,S6_combined__rls__seed3__detect_ks,c371bfebbbdb510b204e19fcaedea3c47a4e8b6d77499f04ee6ac55d13fed988,e68694c868384201c53bdaf13449887c7b05c2ad9ef5f3f7d7b8bf5cddc0bcb0,8cda5fd98865bccfe8601ace6f9a27d5a835513e,elapsed_s,425.15117219999956,s
detectors,S6_combined,rls,3,10.0,True,S6_combined__rls__seed3__detect_all4,c371bfebbbdb510b204e19fcaedea3c47a4e8b6d77499f04ee6ac55d13fed988,6c765cc69f3e4bb20e44be0e55caf8daf8c407d7d1c06515349b9d17ec1fddce,8cda5fd98865bccfe8601ace6f9a27d5a835513e,elapsed_s,434.0304640999966,s
detectors,S6_combined,rls,4,10.0,True,S6_combined__rls__seed4__detect_cusum,091893e2b20fe4f1f4ec71b10a24db6c43dabefaa37c7ef75c67f5a78f00f2b7,f148dc11752161354c3021f05b1fe526c43baf276ba3893e2b36806f990aaf93,8cda5fd98865bccfe8601ace6f9a27d5a835513e,elapsed_s,418.3638559999963,s
detectors,S6_combined,rls,4,10.0,True,S6_combined__rls__seed4__detect_ph,091893e2b20fe4f1f4ec71b10a24db6c43dabefaa37c7ef75c67f5a78f00f2b7,e5360505f8c49a15eebb5ef47f7d7477818e9b19f26155854e4ff574f74f5811,8cda5fd98865bccfe8601ace6f9a27d5a835513e,elapsed_s,413.84999750000134,s
detectors,S6_combined,rls,4,10.0,True,S6_combined__rls__seed4__detect_adwin,091893e2b20fe4f1f4ec71b10a24db6c43dabefaa37c7ef75c67f5a78f00f2b7,ba90eb10e4e1f7500a344f9b4e5e676713fa49fa355f420971a75285e0b9c298,8cda5fd98865bccfe8601ace6f9a27d5a835513e,elapsed_s,413.60347270000784,s
detectors,S6_combined,rls,4,10.0,True,S6_combined__rls__seed4__detect_ks,091893e2b20fe4f1f4ec71b10a24db6c43dabefaa37c7ef75c67f5a78f00f2b7,e68694c868384201c53bdaf13449887c7b05c2ad9ef5f3f7d7b8bf5cddc0bcb0,8cda5fd98865bccfe8601ace6f9a27d5a835513e,elapsed_s,414.4693772000028,s
detectors,S6_combined,rls,4,10.0,True,S6_combined__rls__seed4__detect_all4,091893e2b20fe4f1f4ec71b10a24db6c43dabefaa37c7ef75c67f5a78f00f2b7,6c765cc69f3e4bb20e44be0e55caf8daf8c407d7d1c06515349b9d17ec1fddce,8cda5fd98865bccfe8601ace6f9a27d5a835513e,elapsed_s,431.18534029999864,s
detectors,S6_combined,rls,5,10.0,True,S6_combined__rls__seed5__detect_cusum,c1d9d4a7d46d9a42ad59de704b5ae8b21c9bf2f17d4576d9bfa6e10e6c6f4b13,f148dc11752161354c3021f05b1fe526c43baf276ba3893e2b36806f990aaf93,8cda5fd98865bccfe8601ace6f9a27d5a835513e,elapsed_s,430.8935199000116,s
detectors,S6_combined,rls,5,10.0,True,S6_combined__rls__seed5__detect_ph,c1d9d4a7d46d9a42ad59de704b5ae8b21c9bf2f17d4576d9bfa6e10e6c6f4b13,e5360505f8c49a15eebb5ef47f7d7477818e9b19f26155854e4ff574f74f5811,8cda5fd98865bccfe8601ace6f9a27d5a835513e,elapsed_s,413.9646294999984,s
detectors,S6_combined,rls,5,10.0,True,S6_combined__rls__seed5__detect_adwin,c1d9d4a7d46d9a42ad59de704b5ae8b21c9bf2f17d4576d9bfa6e10e6c6f4b13,ba90eb10e4e1f7500a344f9b4e5e676713fa49fa355f420971a75285e0b9c298,8cda5fd98865bccfe8601ace6f9a27d5a835513e,elapsed_s,453.6261125000019,s
detectors,S6_combined,rls,5,10.0,True,S6_combined__rls__seed5__detect_ks,c1d9d4a7d46d9a42ad59de704b5ae8b21c9bf2f17d4576d9bfa6e10e6c6f4b13,e68694c868384201c53bdaf13449887c7b05c2ad9ef5f3f7d7b8bf5cddc0bcb0,8cda5fd98865bccfe8601ace6f9a27d5a835513e,elapsed_s,381.92518089999794,s
detectors,S6_combined,rls,5,10.0,True,S6_combined__rls__seed5__detect_all4,c1d9d4a7d46d9a42ad59de704b5ae8b21c9bf2f17d4576d9bfa6e10e6c6f4b13,6c765cc69f3e4bb20e44be0e55caf8daf8c407d7d1c06515349b9d17ec1fddce,8cda5fd98865bccfe8601ace6f9a27d5a835513e,elapsed_s,392.06031449999136,s
detectors,S6_combined,rls,6,10.0,True,S6_combined__rls__seed6__detect_cusum,8fbcb1374a66e26dea4a0e8dbcf64db42ebcd88dd11b5cd3bb5d44e8d4b0665a,f148dc11752161354c3021f05b1fe526c43baf276ba3893e2b36806f990aaf93,8cda5fd98865bccfe8601ace6f9a27d5a835513e,elapsed_s,392.21901480000815,s
detectors,S6_combined,rls,6,10.0,True,S6_combined__rls__seed6__detect_ph,8fbcb1374a66e26dea4a0e8dbcf64db42ebcd88dd11b5cd3bb5d44e8d4b0665a,e5360505f8c49a15eebb5ef47f7d7477818e9b19f26155854e4ff574f74f5811,8cda5fd98865bccfe8601ace6f9a27d5a835513e,elapsed_s,369.13675940000394,s
detectors,S6_combined,rls,6,10.0,True,S6_combined__rls__seed6__detect_adwin,8fbcb1374a66e26dea4a0e8dbcf64db42ebcd88dd11b5cd3bb5d44e8d4b0665a,ba90eb10e4e1f7500a344f9b4e5e676713fa49fa355f420971a75285e0b9c298,8cda5fd98865bccfe8601ace6f9a27d5a835513e,elapsed_s,401.7239399999962,s
detectors,S6_combined,rls,6,10.0,True,S6_combined__rls__seed6__detect_ks,8fbcb1374a66e26dea4a0e8dbcf64db42ebcd88dd11b5cd3bb5d44e8d4b0665a,e68694c868384201c53bdaf13449887c7b05c2ad9ef5f3f7d7b8bf5cddc0bcb0,8cda5fd98865bccfe8601ace6f9a27d5a835513e,elapsed_s,369.06351449999784,s
detectors,S6_combined,rls,6,10.0,True,S6_combined__rls__seed6__detect_all4,8fbcb1374a66e26dea4a0e8dbcf64db42ebcd88dd11b5cd3bb5d44e8d4b0665a,6c765cc69f3e4bb20e44be0e55caf8daf8c407d7d1c06515349b9d17ec1fddce,8cda5fd98865bccfe8601ace6f9a27d5a835513e,elapsed_s,363.2235481000098,s
detectors,S6_combined,rls,7,10.0,True,S6_combined__rls__seed7__detect_cusum,eb12037c60287858e9925e83fcaf2aa6789246ee5a2aa0c936402930de58eb1c,f148dc11752161354c3021f05b1fe526c43baf276ba3893e2b36806f990aaf93,8cda5fd98865bccfe8601ace6f9a27d5a835513e,elapsed_s,393.6378958999994,s
detectors,S6_combined,rls,7,10.0,True,S6_combined__rls__seed7__detect_ph,eb12037c60287858e9925e83fcaf2aa6789246ee5a2aa0c936402930de58eb1c,e5360505f8c49a15eebb5ef47f7d7477818e9b19f26155854e4ff574f74f5811,8cda5fd98865bccfe8601ace6f9a27d5a835513e,elapsed_s,395.1842611000029,s
detectors,S6_combined,rls,7,10.0,True,S6_combined__rls__seed7__detect_adwin,eb12037c60287858e9925e83fcaf2aa6789246ee5a2aa0c936402930de58eb1c,ba90eb10e4e1f7500a344f9b4e5e676713fa49fa355f420971a75285e0b9c298,8cda5fd98865bccfe8601ace6f9a27d5a835513e,elapsed_s,365.6618286000012,s
detectors,S6_combined,rls,7,10.0,True,S6_combined__rls__seed7__detect_ks,eb12037c60287858e9925e83fcaf2aa6789246ee5a2aa0c936402930de58eb1c,e68694c868384201c53bdaf13449887c7b05c2ad9ef5f3f7d7b8bf5cddc0bcb0,8cda5fd98865bccfe8601ace6f9a27d5a835513e,elapsed_s,419.91745219999575,s
detectors,S6_combined,rls,7,10.0,True,S6_combined__rls__seed7__detect_all4,eb12037c60287858e9925e83fcaf2aa6789246ee5a2aa0c936402930de58eb1c,6c765cc69f3e4bb20e44be0e55caf8daf8c407d7d1c06515349b9d17ec1fddce,8cda5fd98865bccfe8601ace6f9a27d5a835513e,elapsed_s,391.5964884999994,s
detectors,S6_combined,rls,8,10.0,True,S6_combined__rls__seed8__detect_cusum,da4740837e6cf85b5c7d22d84cf556133cbff181edcbfd4d107db823d7c1f164,f148dc11752161354c3021f05b1fe526c43baf276ba3893e2b36806f990aaf93,8cda5fd98865bccfe8601ace6f9a27d5a835513e,elapsed_s,396.4989738000004,s
detectors,S6_combined,rls,8,10.0,True,S6_combined__rls__seed8__detect_ph,da4740837e6cf85b5c7d22d84cf556133cbff181edcbfd4d107db823d7c1f164,e5360505f8c49a15eebb5ef47f7d7477818e9b19f26155854e4ff574f74f5811,8cda5fd98865bccfe8601ace6f9a27d5a835513e,elapsed_s,389.4624410999968,s
detectors,S6_combined,rls,8,10.0,True,S6_combined__rls__seed8__detect_adwin,da4740837e6cf85b5c7d22d84cf556133cbff181edcbfd4d107db823d7c1f164,ba90eb10e4e1f7500a344f9b4e5e676713fa49fa355f420971a75285e0b9c298,8cda5fd98865bccfe8601ace6f9a27d5a835513e,elapsed_s,398.0024829999893,s
detectors,S6_combined,rls,8,10.0,True,S6_combined__rls__seed8__detect_ks,da4740837e6cf85b5c7d22d84cf556133cbff181edcbfd4d107db823d7c1f164,e68694c868384201c53bdaf13449887c7b05c2ad9ef5f3f7d7b8bf5cddc0bcb0,8cda5fd98865bccfe8601ace6f9a27d5a835513e,elapsed_s,369.33224150000024,s
detectors,S6_combined,rls,8,10.0,True,S6_combined__rls__seed8__detect_all4,da4740837e6cf85b5c7d22d84cf556133cbff181edcbfd4d107db823d7c1f164,6c765cc69f3e4bb20e44be0e55caf8daf8c407d7d1c06515349b9d17ec1fddce,8cda5fd98865bccfe8601ace6f9a27d5a835513e,elapsed_s,359.5886845999921,s
detectors,S6_combined,rls,9,10.0,True,S6_combined__rls__seed9__detect_cusum,29718e114c21c01b04a983f185bbf01430cfac8dd9e8b5808281b0434dac26fc,f148dc11752161354c3021f05b1fe526c43baf276ba3893e2b36806f990aaf93,8cda5fd98865bccfe8601ace6f9a27d5a835513e,elapsed_s,378.3305304000096,s
detectors,S6_combined,rls,9,10.0,True,S6_combined__rls__seed9__detect_ph,29718e114c21c01b04a983f185bbf01430cfac8dd9e8b5808281b0434dac26fc,e5360505f8c49a15eebb5ef47f7d7477818e9b19f26155854e4ff574f74f5811,8cda5fd98865bccfe8601ace6f9a27d5a835513e,elapsed_s,375.40205330000026,s
detectors,S6_combined,rls,9,10.0,True,S6_combined__rls__seed9__detect_adwin,29718e114c21c01b04a983f185bbf01430cfac8dd9e8b5808281b0434dac26fc,ba90eb10e4e1f7500a344f9b4e5e676713fa49fa355f420971a75285e0b9c298,8cda5fd98865bccfe8601ace6f9a27d5a835513e,elapsed_s,392.87622789999295,s
detectors,S6_combined,rls,9,10.0,True,S6_combined__rls__seed9__detect_ks,29718e114c21c01b04a983f185bbf01430cfac8dd9e8b5808281b0434dac26fc,e68694c868384201c53bdaf13449887c7b05c2ad9ef5f3f7d7b8bf5cddc0bcb0,8cda5fd98865bccfe8601ace6f9a27d5a835513e,elapsed_s,392.90487559999747,s
detectors,S6_combined,rls,9,10.0,True,S6_combined__rls__seed9__detect_all4,29718e114c21c01b04a983f185bbf01430cfac8dd9e8b5808281b0434dac26fc,6c765cc69f3e4bb20e44be0e55caf8daf8c407d7d1c06515349b9d17ec1fddce,8cda5fd98865bccfe8601ace6f9a27d5a835513e,elapsed_s,373.0229518999986,s
detectors,S6_combined,rls,10,10.0,True,S6_combined__rls__seed10__detect_cusum,4054ab96937dfc6eef3c9c4f46347db001fd4eea59432509f786c95b51d12234,f148dc11752161354c3021f05b1fe526c43baf276ba3893e2b36806f990aaf93,8cda5fd98865bccfe8601ace6f9a27d5a835513e,elapsed_s,413.72490030000336,s
detectors,S6_combined,rls,10,10.0,True,S6_combined__rls__seed10__detect_ph,4054ab96937dfc6eef3c9c4f46347db001fd4eea59432509f786c95b51d12234,e5360505f8c49a15eebb5ef47f7d7477818e9b19f26155854e4ff574f74f5811,8cda5fd98865bccfe8601ace6f9a27d5a835513e,elapsed_s,385.2266992000077,s
detectors,S6_combined,rls,10,10.0,True,S6_combined__rls__seed10__detect_adwin,4054ab96937dfc6eef3c9c4f46347db001fd4eea59432509f786c95b51d12234,ba90eb10e4e1f7500a344f9b4e5e676713fa49fa355f420971a75285e0b9c298,8cda5fd98865bccfe8601ace6f9a27d5a835513e,elapsed_s,389.2210406999948,s
detectors,S6_combined,rls,10,10.0,True,S6_combined__rls__seed10__detect_ks,4054ab96937dfc6eef3c9c4f46347db001fd4eea59432509f786c95b51d12234,e68694c868384201c53bdaf13449887c7b05c2ad9ef5f3f7d7b8bf5cddc0bcb0,8cda5fd98865bccfe8601ace6f9a27d5a835513e,elapsed_s,377.55307639999955,s
detectors,S6_combined,rls,10,10.0,True,S6_combined__rls__seed10__detect_all4,4054ab96937dfc6eef3c9c4f46347db001fd4eea59432509f786c95b51d12234,6c765cc69f3e4bb20e44be0e55caf8daf8c407d7d1c06515349b9d17ec1fddce,8cda5fd98865bccfe8601ace6f9a27d5a835513e,elapsed_s,371.76399750000564,s
detectors,S4_step_fault,rls,1,10.0,True,S4_step_fault__rls__seed1__detect_cusum,7d29a6d7dca932314e512c265e0e559ec6cc02e548aa25349a95d1f29dbf9ef1,f148dc11752161354c3021f05b1fe526c43baf276ba3893e2b36806f990aaf93,8cda5fd98865bccfe8601ace6f9a27d5a835513e,false_alarms_per_hour,0.125,1/h
detectors,S4_step_fault,rls,1,10.0,True,S4_step_fault__rls__seed1__detect_ph,7d29a6d7dca932314e512c265e0e559ec6cc02e548aa25349a95d1f29dbf9ef1,e5360505f8c49a15eebb5ef47f7d7477818e9b19f26155854e4ff574f74f5811,8cda5fd98865bccfe8601ace6f9a27d5a835513e,false_alarms_per_hour,0.0625,1/h
detectors,S4_step_fault,rls,1,10.0,True,S4_step_fault__rls__seed1__detect_adwin,7d29a6d7dca932314e512c265e0e559ec6cc02e548aa25349a95d1f29dbf9ef1,ba90eb10e4e1f7500a344f9b4e5e676713fa49fa355f420971a75285e0b9c298,8cda5fd98865bccfe8601ace6f9a27d5a835513e,false_alarms_per_hour,0.0625,1/h
detectors,S4_step_fault,rls,1,10.0,True,S4_step_fault__rls__seed1__detect_ks,7d29a6d7dca932314e512c265e0e559ec6cc02e548aa25349a95d1f29dbf9ef1,e68694c868384201c53bdaf13449887c7b05c2ad9ef5f3f7d7b8bf5cddc0bcb0,8cda5fd98865bccfe8601ace6f9a27d5a835513e,false_alarms_per_hour,0.0625,1/h
detectors,S4_step_fault,rls,1,10.0,True,S4_step_fault__rls__seed1__detect_all4,7d29a6d7dca932314e512c265e0e559ec6cc02e548aa25349a95d1f29dbf9ef1,6c765cc69f3e4bb20e44be0e55caf8daf8c407d7d1c06515349b9d17ec1fddce,8cda5fd98865bccfe8601ace6f9a27d5a835513e,false_alarms_per_hour,0.125,1/h
detectors,S4_step_fault,rls,2,10.0,True,S4_step_fault__rls__seed2__detect_cusum,adc80992e5ad2b0074c2ccb5fd189429c3fd11d2d51d242aa1caec078b0db1d2,f148dc11752161354c3021f05b1fe526c43baf276ba3893e2b36806f990aaf93,8cda5fd98865bccfe8601ace6f9a27d5a835513e,false_alarms_per_hour,0.0625,1/h
detectors,S4_step_fault,rls,2,10.0,True,S4_step_fault__rls__seed2__detect_ph,adc80992e5ad2b0074c2ccb5fd189429c3fd11d2d51d242aa1caec078b0db1d2,e5360505f8c49a15eebb5ef47f7d7477818e9b19f26155854e4ff574f74f5811,8cda5fd98865bccfe8601ace6f9a27d5a835513e,false_alarms_per_hour,0.0625,1/h
detectors,S4_step_fault,rls,2,10.0,True,S4_step_fault__rls__seed2__detect_adwin,adc80992e5ad2b0074c2ccb5fd189429c3fd11d2d51d242aa1caec078b0db1d2,ba90eb10e4e1f7500a344f9b4e5e676713fa49fa355f420971a75285e0b9c298,8cda5fd98865bccfe8601ace6f9a27d5a835513e,false_alarms_per_hour,0.0625,1/h
detectors,S4_step_fault,rls,2,10.0,True,S4_step_fault__rls__seed2__detect_ks,adc80992e5ad2b0074c2ccb5fd189429c3fd11d2d51d242aa1caec078b0db1d2,e68694c868384201c53bdaf13449887c7b05c2ad9ef5f3f7d7b8bf5cddc0bcb0,8cda5fd98865bccfe8601ace6f9a27d5a835513e,false_alarms_per_hour,0.0,1/h
detectors,S4_step_fault,rls,2,10.0,True,S4_step_fault__rls__seed2__detect_all4,adc80992e5ad2b0074c2ccb5fd189429c3fd11d2d51d242aa1caec078b0db1d2,6c765cc69f3e4bb20e44be0e55caf8daf8c407d7d1c06515349b9d17ec1fddce,8cda5fd98865bccfe8601ace6f9a27d5a835513e,false_alarms_per_hour,0.0625,1/h
detectors,S4_step_fault,rls,3,10.0,True,S4_step_fault__rls__seed3__detect_cusum,755a0aa70d2f3fe05534c8cb137d5df18ed16325d4692fc840c3daee2c8a8c92,f148dc11752161354c3021f05b1fe526c43baf276ba3893e2b36806f990aaf93,8cda5fd98865bccfe8601ace6f9a27d5a835513e,false_alarms_per_hour,0.0625,1/h
detectors,S4_step_fault,rls,3,10.0,True,S4_step_fault__rls__seed3__detect_ph,755a0aa70d2f3fe05534c8cb137d5df18ed16325d4692fc840c3daee2c8a8c92,e5360505f8c49a15eebb5ef47f7d7477818e9b19f26155854e4ff574f74f5811,8cda5fd98865bccfe8601ace6f9a27d5a835513e,false_alarms_per_hour,0.0625,1/h
detectors,S4_step_fault,rls,3,10.0,True,S4_step_fault__rls__seed3__detect_adwin,755a0aa70d2f3fe05534c8cb137d5df18ed16325d4692fc840c3daee2c8a8c92,ba90eb10e4e1f7500a344f9b4e5e676713fa49fa355f420971a75285e0b9c298,8cda5fd98865bccfe8601ace6f9a27d5a835513e,false_alarms_per_hour,0.0625,1/h
detectors,S4_step_fault,rls,3,10.0,True,S4_step_fault__rls__seed3__detect_ks,755a0aa70d2f3fe05534c8cb137d5df18ed16325d4692fc840c3daee2c8a8c92,e68694c868384201c53bdaf13449887c7b05c2ad9ef5f3f7d7b8bf5cddc0bcb0,8cda5fd98865bccfe8601ace6f9a27d5a835513e,false_alarms_per_hour,0.0,1/h
detectors,S4_step_fault,rls,3,10.0,True,S4_step_fault__rls__seed3__detect_all4,755a0aa70d2f3fe05534c8cb137d5df18ed16325d4692fc840c3daee2c8a8c92,6c765cc69f3e4bb20e44be0e55caf8daf8c407d7d1c06515349b9d17ec1fddce,8cda5fd98865bccfe8601ace6f9a27d5a835513e,false_alarms_per_hour,0.0625,1/h
detectors,S4_step_fault,rls,4,10.0,True,S4_step_fault__rls__seed4__detect_cusum,57d0146db86c059173927b479ffa5908a6e01f3cdeb9f10b63e58e983cd88fb2,f148dc11752161354c3021f05b1fe526c43baf276ba3893e2b36806f990aaf93,8cda5fd98865bccfe8601ace6f9a27d5a835513e,false_alarms_per_hour,0.125,1/h
detectors,S4_step_fault,rls,4,10.0,True,S4_step_fault__rls__seed4__detect_ph,57d0146db86c059173927b479ffa5908a6e01f3cdeb9f10b63e58e983cd88fb2,e5360505f8c49a15eebb5ef47f7d7477818e9b19f26155854e4ff574f74f5811,8cda5fd98865bccfe8601ace6f9a27d5a835513e,false_alarms_per_hour,0.0625,1/h
detectors,S4_step_fault,rls,4,10.0,True,S4_step_fault__rls__seed4__detect_adwin,57d0146db86c059173927b479ffa5908a6e01f3cdeb9f10b63e58e983cd88fb2,ba90eb10e4e1f7500a344f9b4e5e676713fa49fa355f420971a75285e0b9c298,8cda5fd98865bccfe8601ace6f9a27d5a835513e,false_alarms_per_hour,0.0625,1/h
detectors,S4_step_fault,rls,4,10.0,True,S4_step_fault__rls__seed4__detect_ks,57d0146db86c059173927b479ffa5908a6e01f3cdeb9f10b63e58e983cd88fb2,e68694c868384201c53bdaf13449887c7b05c2ad9ef5f3f7d7b8bf5cddc0bcb0,8cda5fd98865bccfe8601ace6f9a27d5a835513e,false_alarms_per_hour,0.0,1/h
detectors,S4_step_fault,rls,4,10.0,True,S4_step_fault__rls__seed4__detect_all4,57d0146db86c059173927b479ffa5908a6e01f3cdeb9f10b63e58e983cd88fb2,6c765cc69f3e4bb20e44be0e55caf8daf8c407d7d1c06515349b9d17ec1fddce,8cda5fd98865bccfe8601ace6f9a27d5a835513e,false_alarms_per_hour,0.125,1/h
detectors,S4_step_fault,rls,5,10.0,True,S4_step_fault__rls__seed5__detect_cusum,1efe02364dacd47e4d9a937957614582b8530ef56f2b525678988666500727b7,f148dc11752161354c3021f05b1fe526c43baf276ba3893e2b36806f990aaf93,8cda5fd98865bccfe8601ace6f9a27d5a835513e,false_alarms_per_hour,0.0625,1/h
detectors,S4_step_fault,rls,5,10.0,True,S4_step_fault__rls__seed5__detect_ph,1efe02364dacd47e4d9a937957614582b8530ef56f2b525678988666500727b7,e5360505f8c49a15eebb5ef47f7d7477818e9b19f26155854e4ff574f74f5811,8cda5fd98865bccfe8601ace6f9a27d5a835513e,false_alarms_per_hour,0.0625,1/h
detectors,S4_step_fault,rls,5,10.0,True,S4_step_fault__rls__seed5__detect_adwin,1efe02364dacd47e4d9a937957614582b8530ef56f2b525678988666500727b7,ba90eb10e4e1f7500a344f9b4e5e676713fa49fa355f420971a75285e0b9c298,8cda5fd98865bccfe8601ace6f9a27d5a835513e,false_alarms_per_hour,0.0625,1/h
detectors,S4_step_fault,rls,5,10.0,True,S4_step_fault__rls__seed5__detect_ks,1efe02364dacd47e4d9a937957614582b8530ef56f2b525678988666500727b7,e68694c868384201c53bdaf13449887c7b05c2ad9ef5f3f7d7b8bf5cddc0bcb0,8cda5fd98865bccfe8601ace6f9a27d5a835513e,false_alarms_per_hour,0.0625,1/h
detectors,S4_step_fault,rls,5,10.0,True,S4_step_fault__rls__seed5__detect_all4,1efe02364dacd47e4d9a937957614582b8530ef56f2b525678988666500727b7,6c765cc69f3e4bb20e44be0e55caf8daf8c407d7d1c06515349b9d17ec1fddce,8cda5fd98865bccfe8601ace6f9a27d5a835513e,false_alarms_per_hour,0.0625,1/h
detectors,S4_step_fault,rls,6,10.0,True,S4_step_fault__rls__seed6__detect_cusum,edb8fb013b7aeb64e877b749783afa62d6864702f69cf9e7c539d6cd9df4f86d,f148dc11752161354c3021f05b1fe526c43baf276ba3893e2b36806f990aaf93,8cda5fd98865bccfe8601ace6f9a27d5a835513e,false_alarms_per_hour,0.0,1/h
detectors,S4_step_fault,rls,6,10.0,True,S4_step_fault__rls__seed6__detect_ph,edb8fb013b7aeb64e877b749783afa62d6864702f69cf9e7c539d6cd9df4f86d,e5360505f8c49a15eebb5ef47f7d7477818e9b19f26155854e4ff574f74f5811,8cda5fd98865bccfe8601ace6f9a27d5a835513e,false_alarms_per_hour,0.0,1/h
detectors,S4_step_fault,rls,6,10.0,True,S4_step_fault__rls__seed6__detect_adwin,edb8fb013b7aeb64e877b749783afa62d6864702f69cf9e7c539d6cd9df4f86d,ba90eb10e4e1f7500a344f9b4e5e676713fa49fa355f420971a75285e0b9c298,8cda5fd98865bccfe8601ace6f9a27d5a835513e,false_alarms_per_hour,0.125,1/h
detectors,S4_step_fault,rls,6,10.0,True,S4_step_fault__rls__seed6__detect_ks,edb8fb013b7aeb64e877b749783afa62d6864702f69cf9e7c539d6cd9df4f86d,e68694c868384201c53bdaf13449887c7b05c2ad9ef5f3f7d7b8bf5cddc0bcb0,8cda5fd98865bccfe8601ace6f9a27d5a835513e,false_alarms_per_hour,0.0,1/h
detectors,S4_step_fault,rls,6,10.0,True,S4_step_fault__rls__seed6__detect_all4,edb8fb013b7aeb64e877b749783afa62d6864702f69cf9e7c539d6cd9df4f86d,6c765cc69f3e4bb20e44be0e55caf8daf8c407d7d1c06515349b9d17ec1fddce,8cda5fd98865bccfe8601ace6f9a27d5a835513e,false_alarms_per_hour,0.0,1/h
detectors,S4_step_fault,rls,7,10.0,True,S4_step_fault__rls__seed7__detect_cusum,5cf17843f3bfe6e9f5ce0f88df6e9f0fa19691e7d0781a28d2e0071debfacd13,f148dc11752161354c3021f05b1fe526c43baf276ba3893e2b36806f990aaf93,8cda5fd98865bccfe8601ace6f9a27d5a835513e,false_alarms_per_hour,0.0,1/h
detectors,S4_step_fault,rls,7,10.0,True,S4_step_fault__rls__seed7__detect_ph,5cf17843f3bfe6e9f5ce0f88df6e9f0fa19691e7d0781a28d2e0071debfacd13,e5360505f8c49a15eebb5ef47f7d7477818e9b19f26155854e4ff574f74f5811,8cda5fd98865bccfe8601ace6f9a27d5a835513e,false_alarms_per_hour,0.0,1/h
detectors,S4_step_fault,rls,7,10.0,True,S4_step_fault__rls__seed7__detect_adwin,5cf17843f3bfe6e9f5ce0f88df6e9f0fa19691e7d0781a28d2e0071debfacd13,ba90eb10e4e1f7500a344f9b4e5e676713fa49fa355f420971a75285e0b9c298,8cda5fd98865bccfe8601ace6f9a27d5a835513e,false_alarms_per_hour,0.0625,1/h
detectors,S4_step_fault,rls,7,10.0,True,S4_step_fault__rls__seed7__detect_ks,5cf17843f3bfe6e9f5ce0f88df6e9f0fa19691e7d0781a28d2e0071debfacd13,e68694c868384201c53bdaf13449887c7b05c2ad9ef5f3f7d7b8bf5cddc0bcb0,8cda5fd98865bccfe8601ace6f9a27d5a835513e,false_alarms_per_hour,0.0,1/h
detectors,S4_step_fault,rls,7,10.0,True,S4_step_fault__rls__seed7__detect_all4,5cf17843f3bfe6e9f5ce0f88df6e9f0fa19691e7d0781a28d2e0071debfacd13,6c765cc69f3e4bb20e44be0e55caf8daf8c407d7d1c06515349b9d17ec1fddce,8cda5fd98865bccfe8601ace6f9a27d5a835513e,false_alarms_per_hour,0.0,1/h
detectors,S4_step_fault,rls,8,10.0,True,S4_step_fault__rls__seed8__detect_cusum,4471998ed306e877216c6c1b12b8ba9d62e309093746866fb7f4d683dd3b0138,f148dc11752161354c3021f05b1fe526c43baf276ba3893e2b36806f990aaf93,8cda5fd98865bccfe8601ace6f9a27d5a835513e,false_alarms_per_hour,0.0625,1/h
detectors,S4_step_fault,rls,8,10.0,True,S4_step_fault__rls__seed8__detect_ph,4471998ed306e877216c6c1b12b8ba9d62e309093746866fb7f4d683dd3b0138,e5360505f8c49a15eebb5ef47f7d7477818e9b19f26155854e4ff574f74f5811,8cda5fd98865bccfe8601ace6f9a27d5a835513e,false_alarms_per_hour,0.0625,1/h
detectors,S4_step_fault,rls,8,10.0,True,S4_step_fault__rls__seed8__detect_adwin,4471998ed306e877216c6c1b12b8ba9d62e309093746866fb7f4d683dd3b0138,ba90eb10e4e1f7500a344f9b4e5e676713fa49fa355f420971a75285e0b9c298,8cda5fd98865bccfe8601ace6f9a27d5a835513e,false_alarms_per_hour,0.0625,1/h
detectors,S4_step_fault,rls,8,10.0,True,S4_step_fault__rls__seed8__detect_ks,4471998ed306e877216c6c1b12b8ba9d62e309093746866fb7f4d683dd3b0138,e68694c868384201c53bdaf13449887c7b05c2ad9ef5f3f7d7b8bf5cddc0bcb0,8cda5fd98865bccfe8601ace6f9a27d5a835513e,false_alarms_per_hour,0.0,1/h
detectors,S4_step_fault,rls,8,10.0,True,S4_step_fault__rls__seed8__detect_all4,4471998ed306e877216c6c1b12b8ba9d62e309093746866fb7f4d683dd3b0138,6c765cc69f3e4bb20e44be0e55caf8daf8c407d7d1c06515349b9d17ec1fddce,8cda5fd98865bccfe8601ace6f9a27d5a835513e,false_alarms_per_hour,0.0625,1/h
detectors,S4_step_fault,rls,9,10.0,True,S4_step_fault__rls__seed9__detect_cusum,af86278540fa1654a3e5819e52691400963a2f43bbaf4be0dd151148c2836411,f148dc11752161354c3021f05b1fe526c43baf276ba3893e2b36806f990aaf93,8cda5fd98865bccfe8601ace6f9a27d5a835513e,false_alarms_per_hour,0.125,1/h
detectors,S4_step_fault,rls,9,10.0,True,S4_step_fault__rls__seed9__detect_ph,af86278540fa1654a3e5819e52691400963a2f43bbaf4be0dd151148c2836411,e5360505f8c49a15eebb5ef47f7d7477818e9b19f26155854e4ff574f74f5811,8cda5fd98865bccfe8601ace6f9a27d5a835513e,false_alarms_per_hour,0.0625,1/h
detectors,S4_step_fault,rls,9,10.0,True,S4_step_fault__rls__seed9__detect_adwin,af86278540fa1654a3e5819e52691400963a2f43bbaf4be0dd151148c2836411,ba90eb10e4e1f7500a344f9b4e5e676713fa49fa355f420971a75285e0b9c298,8cda5fd98865bccfe8601ace6f9a27d5a835513e,false_alarms_per_hour,0.0625,1/h
detectors,S4_step_fault,rls,9,10.0,True,S4_step_fault__rls__seed9__detect_ks,af86278540fa1654a3e5819e52691400963a2f43bbaf4be0dd151148c2836411,e68694c868384201c53bdaf13449887c7b05c2ad9ef5f3f7d7b8bf5cddc0bcb0,8cda5fd98865bccfe8601ace6f9a27d5a835513e,false_alarms_per_hour,0.0625,1/h
detectors,S4_step_fault,rls,9,10.0,True,S4_step_fault__rls__seed9__detect_all4,af86278540fa1654a3e5819e52691400963a2f43bbaf4be0dd151148c2836411,6c765cc69f3e4bb20e44be0e55caf8daf8c407d7d1c06515349b9d17ec1fddce,8cda5fd98865bccfe8601ace6f9a27d5a835513e,false_alarms_per_hour,0.125,1/h
detectors,S4_step_fault,rls,10,10.0,True,S4_step_fault__rls__seed10__detect_cusum,b97f4fa67d55b0a4900a4dc84b9f38b152ab85aa07d9118de95bac234f41360d,f148dc11752161354c3021f05b1fe526c43baf276ba3893e2b36806f990aaf93,8cda5fd98865bccfe8601ace6f9a27d5a835513e,false_alarms_per_hour,0.125,1/h
detectors,S4_step_fault,rls,10,10.0,True,S4_step_fault__rls__seed10__detect_ph,b97f4fa67d55b0a4900a4dc84b9f38b152ab85aa07d9118de95bac234f41360d,e5360505f8c49a15eebb5ef47f7d7477818e9b19f26155854e4ff574f74f5811,8cda5fd98865bccfe8601ace6f9a27d5a835513e,false_alarms_per_hour,0.0625,1/h
detectors,S4_step_fault,rls,10,10.0,True,S4_step_fault__rls__seed10__detect_adwin,b97f4fa67d55b0a4900a4dc84b9f38b152ab85aa07d9118de95bac234f41360d,ba90eb10e4e1f7500a344f9b4e5e676713fa49fa355f420971a75285e0b9c298,8cda5fd98865bccfe8601ace6f9a27d5a835513e,false_alarms_per_hour,0.125,1/h
detectors,S4_step_fault,rls,10,10.0,True,S4_step_fault__rls__seed10__detect_ks,b97f4fa67d55b0a4900a4dc84b9f38b152ab85aa07d9118de95bac234f41360d,e68694c868384201c53bdaf13449887c7b05c2ad9ef5f3f7d7b8bf5cddc0bcb0,8cda5fd98865bccfe8601ace6f9a27d5a835513e,false_alarms_per_hour,0.0625,1/h
detectors,S4_step_fault,rls,10,10.0,True,S4_step_fault__rls__seed10__detect_all4,b97f4fa67d55b0a4900a4dc84b9f38b152ab85aa07d9118de95bac234f41360d,6c765cc69f3e4bb20e44be0e55caf8daf8c407d7d1c06515349b9d17ec1fddce,8cda5fd98865bccfe8601ace6f9a27d5a835513e,false_alarms_per_hour,0.125,1/h
detectors,S6_combined,rls,1,10.0,True,S6_combined__rls__seed1__detect_cusum,b3cf8d14b3aed8b1d65ab4497dcbfb879dbda2ce1da03bb07f6401c9b4b9bd4a,f148dc11752161354c3021f05b1fe526c43baf276ba3893e2b36806f990aaf93,8cda5fd98865bccfe8601ace6f9a27d5a835513e,false_alarms_per_hour,0.041666666666666664,1/h
detectors,S6_combined,rls,1,10.0,True,S6_combined__rls__seed1__detect_ph,b3cf8d14b3aed8b1d65ab4497dcbfb879dbda2ce1da03bb07f6401c9b4b9bd4a,e5360505f8c49a15eebb5ef47f7d7477818e9b19f26155854e4ff574f74f5811,8cda5fd98865bccfe8601ace6f9a27d5a835513e,false_alarms_per_hour,0.041666666666666664,1/h
detectors,S6_combined,rls,1,10.0,True,S6_combined__rls__seed1__detect_adwin,b3cf8d14b3aed8b1d65ab4497dcbfb879dbda2ce1da03bb07f6401c9b4b9bd4a,ba90eb10e4e1f7500a344f9b4e5e676713fa49fa355f420971a75285e0b9c298,8cda5fd98865bccfe8601ace6f9a27d5a835513e,false_alarms_per_hour,0.041666666666666664,1/h
detectors,S6_combined,rls,1,10.0,True,S6_combined__rls__seed1__detect_ks,b3cf8d14b3aed8b1d65ab4497dcbfb879dbda2ce1da03bb07f6401c9b4b9bd4a,e68694c868384201c53bdaf13449887c7b05c2ad9ef5f3f7d7b8bf5cddc0bcb0,8cda5fd98865bccfe8601ace6f9a27d5a835513e,false_alarms_per_hour,0.0,1/h
detectors,S6_combined,rls,1,10.0,True,S6_combined__rls__seed1__detect_all4,b3cf8d14b3aed8b1d65ab4497dcbfb879dbda2ce1da03bb07f6401c9b4b9bd4a,6c765cc69f3e4bb20e44be0e55caf8daf8c407d7d1c06515349b9d17ec1fddce,8cda5fd98865bccfe8601ace6f9a27d5a835513e,false_alarms_per_hour,0.041666666666666664,1/h
detectors,S6_combined,rls,2,10.0,True,S6_combined__rls__seed2__detect_cusum,e4f7ab87faf6982be139dc8af97757bff8d540d357c41e3d06ec298e4dd75854,f148dc11752161354c3021f05b1fe526c43baf276ba3893e2b36806f990aaf93,8cda5fd98865bccfe8601ace6f9a27d5a835513e,false_alarms_per_hour,0.041666666666666664,1/h
detectors,S6_combined,rls,2,10.0,True,S6_combined__rls__seed2__detect_ph,e4f7ab87faf6982be139dc8af97757bff8d540d357c41e3d06ec298e4dd75854,e5360505f8c49a15eebb5ef47f7d7477818e9b19f26155854e4ff574f74f5811,8cda5fd98865bccfe8601ace6f9a27d5a835513e,false_alarms_per_hour,0.041666666666666664,1/h
detectors,S6_combined,rls,2,10.0,True,S6_combined__rls__seed2__detect_adwin,e4f7ab87faf6982be139dc8af97757bff8d540d357c41e3d06ec298e4dd75854,ba90eb10e4e1f7500a344f9b4e5e676713fa49fa355f420971a75285e0b9c298,8cda5fd98865bccfe8601ace6f9a27d5a835513e,false_alarms_per_hour,0.041666666666666664,1/h
detectors,S6_combined,rls,2,10.0,True,S6_combined__rls__seed2__detect_ks,e4f7ab87faf6982be139dc8af97757bff8d540d357c41e3d06ec298e4dd75854,e68694c868384201c53bdaf13449887c7b05c2ad9ef5f3f7d7b8bf5cddc0bcb0,8cda5fd98865bccfe8601ace6f9a27d5a835513e,false_alarms_per_hour,0.0,1/h
detectors,S6_combined,rls,2,10.0,True,S6_combined__rls__seed2__detect_all4,e4f7ab87faf6982be139dc8af97757bff8d540d357c41e3d06ec298e4dd75854,6c765cc69f3e4bb20e44be0e55caf8daf8c407d7d1c06515349b9d17ec1fddce,8cda5fd98865bccfe8601ace6f9a27d5a835513e,false_alarms_per_hour,0.041666666666666664,1/h
detectors,S6_combined,rls,3,10.0,True,S6_combined__rls__seed3__detect_cusum,c371bfebbbdb510b204e19fcaedea3c47a4e8b6d77499f04ee6ac55d13fed988,f148dc11752161354c3021f05b1fe526c43baf276ba3893e2b36806f990aaf93,8cda5fd98865bccfe8601ace6f9a27d5a835513e,false_alarms_per_hour,0.041666666666666664,1/h
detectors,S6_combined,rls,3,10.0,True,S6_combined__rls__seed3__detect_ph,c371bfebbbdb510b204e19fcaedea3c47a4e8b6d77499f04ee6ac55d13fed988,e5360505f8c49a15eebb5ef47f7d7477818e9b19f26155854e4ff574f74f5811,8cda5fd98865bccfe8601ace6f9a27d5a835513e,false_alarms_per_hour,0.020833333333333332,1/h
detectors,S6_combined,rls,3,10.0,True,S6_combined__rls__seed3__detect_adwin,c371bfebbbdb510b204e19fcaedea3c47a4e8b6d77499f04ee6ac55d13fed988,ba90eb10e4e1f7500a344f9b4e5e676713fa49fa355f420971a75285e0b9c298,8cda5fd98865bccfe8601ace6f9a27d5a835513e,false_alarms_per_hour,0.020833333333333332,1/h
detectors,S6_combined,rls,3,10.0,True,S6_combined__rls__seed3__detect_ks,c371bfebbbdb510b204e19fcaedea3c47a4e8b6d77499f04ee6ac55d13fed988,e68694c868384201c53bdaf13449887c7b05c2ad9ef5f3f7d7b8bf5cddc0bcb0,8cda5fd98865bccfe8601ace6f9a27d5a835513e,false_alarms_per_hour,0.0,1/h
detectors,S6_combined,rls,3,10.0,True,S6_combined__rls__seed3__detect_all4,c371bfebbbdb510b204e19fcaedea3c47a4e8b6d77499f04ee6ac55d13fed988,6c765cc69f3e4bb20e44be0e55caf8daf8c407d7d1c06515349b9d17ec1fddce,8cda5fd98865bccfe8601ace6f9a27d5a835513e,false_alarms_per_hour,0.041666666666666664,1/h
detectors,S6_combined,rls,4,10.0,True,S6_combined__rls__seed4__detect_cusum,091893e2b20fe4f1f4ec71b10a24db6c43dabefaa37c7ef75c67f5a78f00f2b7,f148dc11752161354c3021f05b1fe526c43baf276ba3893e2b36806f990aaf93,8cda5fd98865bccfe8601ace6f9a27d5a835513e,false_alarms_per_hour,0.041666666666666664,1/h
detectors,S6_combined,rls,4,10.0,True,S6_combined__rls__seed4__detect_ph,091893e2b20fe4f1f4ec71b10a24db6c43dabefaa37c7ef75c67f5a78f00f2b7,e5360505f8c49a15eebb5ef47f7d7477818e9b19f26155854e4ff574f74f5811,8cda5fd98865bccfe8601ace6f9a27d5a835513e,false_alarms_per_hour,0.041666666666666664,1/h
detectors,S6_combined,rls,4,10.0,True,S6_combined__rls__seed4__detect_adwin,091893e2b20fe4f1f4ec71b10a24db6c43dabefaa37c7ef75c67f5a78f00f2b7,ba90eb10e4e1f7500a344f9b4e5e676713fa49fa355f420971a75285e0b9c298,8cda5fd98865bccfe8601ace6f9a27d5a835513e,false_alarms_per_hour,0.020833333333333332,1/h
detectors,S6_combined,rls,4,10.0,True,S6_combined__rls__seed4__detect_ks,091893e2b20fe4f1f4ec71b10a24db6c43dabefaa37c7ef75c67f5a78f00f2b7,e68694c868384201c53bdaf13449887c7b05c2ad9ef5f3f7d7b8bf5cddc0bcb0,8cda5fd98865bccfe8601ace6f9a27d5a835513e,false_alarms_per_hour,0.0,1/h
detectors,S6_combined,rls,4,10.0,True,S6_combined__rls__seed4__detect_all4,091893e2b20fe4f1f4ec71b10a24db6c43dabefaa37c7ef75c67f5a78f00f2b7,6c765cc69f3e4bb20e44be0e55caf8daf8c407d7d1c06515349b9d17ec1fddce,8cda5fd98865bccfe8601ace6f9a27d5a835513e,false_alarms_per_hour,0.041666666666666664,1/h
detectors,S6_combined,rls,5,10.0,True,S6_combined__rls__seed5__detect_cusum,c1d9d4a7d46d9a42ad59de704b5ae8b21c9bf2f17d4576d9bfa6e10e6c6f4b13,f148dc11752161354c3021f05b1fe526c43baf276ba3893e2b36806f990aaf93,8cda5fd98865bccfe8601ace6f9a27d5a835513e,false_alarms_per_hour,0.020833333333333332,1/h
detectors,S6_combined,rls,5,10.0,True,S6_combined__rls__seed5__detect_ph,c1d9d4a7d46d9a42ad59de704b5ae8b21c9bf2f17d4576d9bfa6e10e6c6f4b13,e5360505f8c49a15eebb5ef47f7d7477818e9b19f26155854e4ff574f74f5811,8cda5fd98865bccfe8601ace6f9a27d5a835513e,false_alarms_per_hour,0.0,1/h
detectors,S6_combined,rls,5,10.0,True,S6_combined__rls__seed5__detect_adwin,c1d9d4a7d46d9a42ad59de704b5ae8b21c9bf2f17d4576d9bfa6e10e6c6f4b13,ba90eb10e4e1f7500a344f9b4e5e676713fa49fa355f420971a75285e0b9c298,8cda5fd98865bccfe8601ace6f9a27d5a835513e,false_alarms_per_hour,0.020833333333333332,1/h
detectors,S6_combined,rls,5,10.0,True,S6_combined__rls__seed5__detect_ks,c1d9d4a7d46d9a42ad59de704b5ae8b21c9bf2f17d4576d9bfa6e10e6c6f4b13,e68694c868384201c53bdaf13449887c7b05c2ad9ef5f3f7d7b8bf5cddc0bcb0,8cda5fd98865bccfe8601ace6f9a27d5a835513e,false_alarms_per_hour,0.0,1/h
detectors,S6_combined,rls,5,10.0,True,S6_combined__rls__seed5__detect_all4,c1d9d4a7d46d9a42ad59de704b5ae8b21c9bf2f17d4576d9bfa6e10e6c6f4b13,6c765cc69f3e4bb20e44be0e55caf8daf8c407d7d1c06515349b9d17ec1fddce,8cda5fd98865bccfe8601ace6f9a27d5a835513e,false_alarms_per_hour,0.020833333333333332,1/h
detectors,S6_combined,rls,6,10.0,True,S6_combined__rls__seed6__detect_cusum,8fbcb1374a66e26dea4a0e8dbcf64db42ebcd88dd11b5cd3bb5d44e8d4b0665a,f148dc11752161354c3021f05b1fe526c43baf276ba3893e2b36806f990aaf93,8cda5fd98865bccfe8601ace6f9a27d5a835513e,false_alarms_per_hour,0.0625,1/h
detectors,S6_combined,rls,6,10.0,True,S6_combined__rls__seed6__detect_ph,8fbcb1374a66e26dea4a0e8dbcf64db42ebcd88dd11b5cd3bb5d44e8d4b0665a,e5360505f8c49a15eebb5ef47f7d7477818e9b19f26155854e4ff574f74f5811,8cda5fd98865bccfe8601ace6f9a27d5a835513e,false_alarms_per_hour,0.041666666666666664,1/h
detectors,S6_combined,rls,6,10.0,True,S6_combined__rls__seed6__detect_adwin,8fbcb1374a66e26dea4a0e8dbcf64db42ebcd88dd11b5cd3bb5d44e8d4b0665a,ba90eb10e4e1f7500a344f9b4e5e676713fa49fa355f420971a75285e0b9c298,8cda5fd98865bccfe8601ace6f9a27d5a835513e,false_alarms_per_hour,0.020833333333333332,1/h
detectors,S6_combined,rls,6,10.0,True,S6_combined__rls__seed6__detect_ks,8fbcb1374a66e26dea4a0e8dbcf64db42ebcd88dd11b5cd3bb5d44e8d4b0665a,e68694c868384201c53bdaf13449887c7b05c2ad9ef5f3f7d7b8bf5cddc0bcb0,8cda5fd98865bccfe8601ace6f9a27d5a835513e,false_alarms_per_hour,0.020833333333333332,1/h
detectors,S6_combined,rls,6,10.0,True,S6_combined__rls__seed6__detect_all4,8fbcb1374a66e26dea4a0e8dbcf64db42ebcd88dd11b5cd3bb5d44e8d4b0665a,6c765cc69f3e4bb20e44be0e55caf8daf8c407d7d1c06515349b9d17ec1fddce,8cda5fd98865bccfe8601ace6f9a27d5a835513e,false_alarms_per_hour,0.0625,1/h
detectors,S6_combined,rls,7,10.0,True,S6_combined__rls__seed7__detect_cusum,eb12037c60287858e9925e83fcaf2aa6789246ee5a2aa0c936402930de58eb1c,f148dc11752161354c3021f05b1fe526c43baf276ba3893e2b36806f990aaf93,8cda5fd98865bccfe8601ace6f9a27d5a835513e,false_alarms_per_hour,0.020833333333333332,1/h
detectors,S6_combined,rls,7,10.0,True,S6_combined__rls__seed7__detect_ph,eb12037c60287858e9925e83fcaf2aa6789246ee5a2aa0c936402930de58eb1c,e5360505f8c49a15eebb5ef47f7d7477818e9b19f26155854e4ff574f74f5811,8cda5fd98865bccfe8601ace6f9a27d5a835513e,false_alarms_per_hour,0.020833333333333332,1/h
detectors,S6_combined,rls,7,10.0,True,S6_combined__rls__seed7__detect_adwin,eb12037c60287858e9925e83fcaf2aa6789246ee5a2aa0c936402930de58eb1c,ba90eb10e4e1f7500a344f9b4e5e676713fa49fa355f420971a75285e0b9c298,8cda5fd98865bccfe8601ace6f9a27d5a835513e,false_alarms_per_hour,0.020833333333333332,1/h
detectors,S6_combined,rls,7,10.0,True,S6_combined__rls__seed7__detect_ks,eb12037c60287858e9925e83fcaf2aa6789246ee5a2aa0c936402930de58eb1c,e68694c868384201c53bdaf13449887c7b05c2ad9ef5f3f7d7b8bf5cddc0bcb0,8cda5fd98865bccfe8601ace6f9a27d5a835513e,false_alarms_per_hour,0.0,1/h
detectors,S6_combined,rls,7,10.0,True,S6_combined__rls__seed7__detect_all4,eb12037c60287858e9925e83fcaf2aa6789246ee5a2aa0c936402930de58eb1c,6c765cc69f3e4bb20e44be0e55caf8daf8c407d7d1c06515349b9d17ec1fddce,8cda5fd98865bccfe8601ace6f9a27d5a835513e,false_alarms_per_hour,0.020833333333333332,1/h
detectors,S6_combined,rls,8,10.0,True,S6_combined__rls__seed8__detect_cusum,da4740837e6cf85b5c7d22d84cf556133cbff181edcbfd4d107db823d7c1f164,f148dc11752161354c3021f05b1fe526c43baf276ba3893e2b36806f990aaf93,8cda5fd98865bccfe8601ace6f9a27d5a835513e,false_alarms_per_hour,0.020833333333333332,1/h
detectors,S6_combined,rls,8,10.0,True,S6_combined__rls__seed8__detect_ph,da4740837e6cf85b5c7d22d84cf556133cbff181edcbfd4d107db823d7c1f164,e5360505f8c49a15eebb5ef47f7d7477818e9b19f26155854e4ff574f74f5811,8cda5fd98865bccfe8601ace6f9a27d5a835513e,false_alarms_per_hour,0.020833333333333332,1/h
detectors,S6_combined,rls,8,10.0,True,S6_combined__rls__seed8__detect_adwin,da4740837e6cf85b5c7d22d84cf556133cbff181edcbfd4d107db823d7c1f164,ba90eb10e4e1f7500a344f9b4e5e676713fa49fa355f420971a75285e0b9c298,8cda5fd98865bccfe8601ace6f9a27d5a835513e,false_alarms_per_hour,0.020833333333333332,1/h
detectors,S6_combined,rls,8,10.0,True,S6_combined__rls__seed8__detect_ks,da4740837e6cf85b5c7d22d84cf556133cbff181edcbfd4d107db823d7c1f164,e68694c868384201c53bdaf13449887c7b05c2ad9ef5f3f7d7b8bf5cddc0bcb0,8cda5fd98865bccfe8601ace6f9a27d5a835513e,false_alarms_per_hour,0.0,1/h
detectors,S6_combined,rls,8,10.0,True,S6_combined__rls__seed8__detect_all4,da4740837e6cf85b5c7d22d84cf556133cbff181edcbfd4d107db823d7c1f164,6c765cc69f3e4bb20e44be0e55caf8daf8c407d7d1c06515349b9d17ec1fddce,8cda5fd98865bccfe8601ace6f9a27d5a835513e,false_alarms_per_hour,0.020833333333333332,1/h
detectors,S6_combined,rls,9,10.0,True,S6_combined__rls__seed9__detect_cusum,29718e114c21c01b04a983f185bbf01430cfac8dd9e8b5808281b0434dac26fc,f148dc11752161354c3021f05b1fe526c43baf276ba3893e2b36806f990aaf93,8cda5fd98865bccfe8601ace6f9a27d5a835513e,false_alarms_per_hour,0.0625,1/h
detectors,S6_combined,rls,9,10.0,True,S6_combined__rls__seed9__detect_ph,29718e114c21c01b04a983f185bbf01430cfac8dd9e8b5808281b0434dac26fc,e5360505f8c49a15eebb5ef47f7d7477818e9b19f26155854e4ff574f74f5811,8cda5fd98865bccfe8601ace6f9a27d5a835513e,false_alarms_per_hour,0.041666666666666664,1/h
detectors,S6_combined,rls,9,10.0,True,S6_combined__rls__seed9__detect_adwin,29718e114c21c01b04a983f185bbf01430cfac8dd9e8b5808281b0434dac26fc,ba90eb10e4e1f7500a344f9b4e5e676713fa49fa355f420971a75285e0b9c298,8cda5fd98865bccfe8601ace6f9a27d5a835513e,false_alarms_per_hour,0.0625,1/h
detectors,S6_combined,rls,9,10.0,True,S6_combined__rls__seed9__detect_ks,29718e114c21c01b04a983f185bbf01430cfac8dd9e8b5808281b0434dac26fc,e68694c868384201c53bdaf13449887c7b05c2ad9ef5f3f7d7b8bf5cddc0bcb0,8cda5fd98865bccfe8601ace6f9a27d5a835513e,false_alarms_per_hour,0.0,1/h
detectors,S6_combined,rls,9,10.0,True,S6_combined__rls__seed9__detect_all4,29718e114c21c01b04a983f185bbf01430cfac8dd9e8b5808281b0434dac26fc,6c765cc69f3e4bb20e44be0e55caf8daf8c407d7d1c06515349b9d17ec1fddce,8cda5fd98865bccfe8601ace6f9a27d5a835513e,false_alarms_per_hour,0.0625,1/h
detectors,S6_combined,rls,10,10.0,True,S6_combined__rls__seed10__detect_cusum,4054ab96937dfc6eef3c9c4f46347db001fd4eea59432509f786c95b51d12234,f148dc11752161354c3021f05b1fe526c43baf276ba3893e2b36806f990aaf93,8cda5fd98865bccfe8601ace6f9a27d5a835513e,false_alarms_per_hour,0.041666666666666664,1/h
detectors,S6_combined,rls,10,10.0,True,S6_combined__rls__seed10__detect_ph,4054ab96937dfc6eef3c9c4f46347db001fd4eea59432509f786c95b51d12234,e5360505f8c49a15eebb5ef47f7d7477818e9b19f26155854e4ff574f74f5811,8cda5fd98865bccfe8601ace6f9a27d5a835513e,false_alarms_per_hour,0.020833333333333332,1/h
detectors,S6_combined,rls,10,10.0,True,S6_combined__rls__seed10__detect_adwin,4054ab96937dfc6eef3c9c4f46347db001fd4eea59432509f786c95b51d12234,ba90eb10e4e1f7500a344f9b4e5e676713fa49fa355f420971a75285e0b9c298,8cda5fd98865bccfe8601ace6f9a27d5a835513e,false_alarms_per_hour,0.020833333333333332,1/h
detectors,S6_combined,rls,10,10.0,True,S6_combined__rls__seed10__detect_ks,4054ab96937dfc6eef3c9c4f46347db001fd4eea59432509f786c95b51d12234,e68694c868384201c53bdaf13449887c7b05c2ad9ef5f3f7d7b8bf5cddc0bcb0,8cda5fd98865bccfe8601ace6f9a27d5a835513e,false_alarms_per_hour,0.0,1/h
detectors,S6_combined,rls,10,10.0,True,S6_combined__rls__seed10__detect_all4,4054ab96937dfc6eef3c9c4f46347db001fd4eea59432509f786c95b51d12234,6c765cc69f3e4bb20e44be0e55caf8daf8c407d7d1c06515349b9d17ec1fddce,8cda5fd98865bccfe8601ace6f9a27d5a835513e,false_alarms_per_hour,0.041666666666666664,1/h
detectors,S4_step_fault,rls,1,10.0,True,S4_step_fault__rls__seed1__detect_cusum,7d29a6d7dca932314e512c265e0e559ec6cc02e548aa25349a95d1f29dbf9ef1,f148dc11752161354c3021f05b1fe526c43baf276ba3893e2b36806f990aaf93,8cda5fd98865bccfe8601ace6f9a27d5a835513e,n_truth,3392.0,count
detectors,S4_step_fault,rls,1,10.0,True,S4_step_fault__rls__seed1__detect_ph,7d29a6d7dca932314e512c265e0e559ec6cc02e548aa25349a95d1f29dbf9ef1,e5360505f8c49a15eebb5ef47f7d7477818e9b19f26155854e4ff574f74f5811,8cda5fd98865bccfe8601ace6f9a27d5a835513e,n_truth,3392.0,count
detectors,S4_step_fault,rls,1,10.0,True,S4_step_fault__rls__seed1__detect_adwin,7d29a6d7dca932314e512c265e0e559ec6cc02e548aa25349a95d1f29dbf9ef1,ba90eb10e4e1f7500a344f9b4e5e676713fa49fa355f420971a75285e0b9c298,8cda5fd98865bccfe8601ace6f9a27d5a835513e,n_truth,3392.0,count
detectors,S4_step_fault,rls,1,10.0,True,S4_step_fault__rls__seed1__detect_ks,7d29a6d7dca932314e512c265e0e559ec6cc02e548aa25349a95d1f29dbf9ef1,e68694c868384201c53bdaf13449887c7b05c2ad9ef5f3f7d7b8bf5cddc0bcb0,8cda5fd98865bccfe8601ace6f9a27d5a835513e,n_truth,3392.0,count
detectors,S4_step_fault,rls,1,10.0,True,S4_step_fault__rls__seed1__detect_all4,7d29a6d7dca932314e512c265e0e559ec6cc02e548aa25349a95d1f29dbf9ef1,6c765cc69f3e4bb20e44be0e55caf8daf8c407d7d1c06515349b9d17ec1fddce,8cda5fd98865bccfe8601ace6f9a27d5a835513e,n_truth,3392.0,count
detectors,S4_step_fault,rls,2,10.0,True,S4_step_fault__rls__seed2__detect_cusum,adc80992e5ad2b0074c2ccb5fd189429c3fd11d2d51d242aa1caec078b0db1d2,f148dc11752161354c3021f05b1fe526c43baf276ba3893e2b36806f990aaf93,8cda5fd98865bccfe8601ace6f9a27d5a835513e,n_truth,3484.0,count
detectors,S4_step_fault,rls,2,10.0,True,S4_step_fault__rls__seed2__detect_ph,adc80992e5ad2b0074c2ccb5fd189429c3fd11d2d51d242aa1caec078b0db1d2,e5360505f8c49a15eebb5ef47f7d7477818e9b19f26155854e4ff574f74f5811,8cda5fd98865bccfe8601ace6f9a27d5a835513e,n_truth,3484.0,count
detectors,S4_step_fault,rls,2,10.0,True,S4_step_fault__rls__seed2__detect_adwin,adc80992e5ad2b0074c2ccb5fd189429c3fd11d2d51d242aa1caec078b0db1d2,ba90eb10e4e1f7500a344f9b4e5e676713fa49fa355f420971a75285e0b9c298,8cda5fd98865bccfe8601ace6f9a27d5a835513e,n_truth,3484.0,count
detectors,S4_step_fault,rls,2,10.0,True,S4_step_fault__rls__seed2__detect_ks,adc80992e5ad2b0074c2ccb5fd189429c3fd11d2d51d242aa1caec078b0db1d2,e68694c868384201c53bdaf13449887c7b05c2ad9ef5f3f7d7b8bf5cddc0bcb0,8cda5fd98865bccfe8601ace6f9a27d5a835513e,n_truth,3484.0,count
detectors,S4_step_fault,rls,2,10.0,True,S4_step_fault__rls__seed2__detect_all4,adc80992e5ad2b0074c2ccb5fd189429c3fd11d2d51d242aa1caec078b0db1d2,6c765cc69f3e4bb20e44be0e55caf8daf8c407d7d1c06515349b9d17ec1fddce,8cda5fd98865bccfe8601ace6f9a27d5a835513e,n_truth,3484.0,count
detectors,S4_step_fault,rls,3,10.0,True,S4_step_fault__rls__seed3__detect_cusum,755a0aa70d2f3fe05534c8cb137d5df18ed16325d4692fc840c3daee2c8a8c92,f148dc11752161354c3021f05b1fe526c43baf276ba3893e2b36806f990aaf93,8cda5fd98865bccfe8601ace6f9a27d5a835513e,n_truth,3520.0,count
detectors,S4_step_fault,rls,3,10.0,True,S4_step_fault__rls__seed3__detect_ph,755a0aa70d2f3fe05534c8cb137d5df18ed16325d4692fc840c3daee2c8a8c92,e5360505f8c49a15eebb5ef47f7d7477818e9b19f26155854e4ff574f74f5811,8cda5fd98865bccfe8601ace6f9a27d5a835513e,n_truth,3520.0,count
detectors,S4_step_fault,rls,3,10.0,True,S4_step_fault__rls__seed3__detect_adwin,755a0aa70d2f3fe05534c8cb137d5df18ed16325d4692fc840c3daee2c8a8c92,ba90eb10e4e1f7500a344f9b4e5e676713fa49fa355f420971a75285e0b9c298,8cda5fd98865bccfe8601ace6f9a27d5a835513e,n_truth,3520.0,count
detectors,S4_step_fault,rls,3,10.0,True,S4_step_fault__rls__seed3__detect_ks,755a0aa70d2f3fe05534c8cb137d5df18ed16325d4692fc840c3daee2c8a8c92,e68694c868384201c53bdaf13449887c7b05c2ad9ef5f3f7d7b8bf5cddc0bcb0,8cda5fd98865bccfe8601ace6f9a27d5a835513e,n_truth,3520.0,count
detectors,S4_step_fault,rls,3,10.0,True,S4_step_fault__rls__seed3__detect_all4,755a0aa70d2f3fe05534c8cb137d5df18ed16325d4692fc840c3daee2c8a8c92,6c765cc69f3e4bb20e44be0e55caf8daf8c407d7d1c06515349b9d17ec1fddce,8cda5fd98865bccfe8601ace6f9a27d5a835513e,n_truth,3520.0,count
detectors,S4_step_fault,rls,4,10.0,True,S4_step_fault__rls__seed4__detect_cusum,57d0146db86c059173927b479ffa5908a6e01f3cdeb9f10b63e58e983cd88fb2,f148dc11752161354c3021f05b1fe526c43baf276ba3893e2b36806f990aaf93,8cda5fd98865bccfe8601ace6f9a27d5a835513e,n_truth,3509.0,count
detectors,S4_step_fault,rls,4,10.0,True,S4_step_fault__rls__seed4__detect_ph,57d0146db86c059173927b479ffa5908a6e01f3cdeb9f10b63e58e983cd88fb2,e5360505f8c49a15eebb5ef47f7d7477818e9b19f26155854e4ff574f74f5811,8cda5fd98865bccfe8601ace6f9a27d5a835513e,n_truth,3509.0,count
detectors,S4_step_fault,rls,4,10.0,True,S4_step_fault__rls__seed4__detect_adwin,57d0146db86c059173927b479ffa5908a6e01f3cdeb9f10b63e58e983cd88fb2,ba90eb10e4e1f7500a344f9b4e5e676713fa49fa355f420971a75285e0b9c298,8cda5fd98865bccfe8601ace6f9a27d5a835513e,n_truth,3509.0,count
detectors,S4_step_fault,rls,4,10.0,True,S4_step_fault__rls__seed4__detect_ks,57d0146db86c059173927b479ffa5908a6e01f3cdeb9f10b63e58e983cd88fb2,e68694c868384201c53bdaf13449887c7b05c2ad9ef5f3f7d7b8bf5cddc0bcb0,8cda5fd98865bccfe8601ace6f9a27d5a835513e,n_truth,3509.0,count
detectors,S4_step_fault,rls,4,10.0,True,S4_step_fault__rls__seed4__detect_all4,57d0146db86c059173927b479ffa5908a6e01f3cdeb9f10b63e58e983cd88fb2,6c765cc69f3e4bb20e44be0e55caf8daf8c407d7d1c06515349b9d17ec1fddce,8cda5fd98865bccfe8601ace6f9a27d5a835513e,n_truth,3509.0,count
detectors,S4_step_fault,rls,5,10.0,True,S4_step_fault__rls__seed5__detect_cusum,1efe02364dacd47e4d9a937957614582b8530ef56f2b525678988666500727b7,f148dc11752161354c3021f05b1fe526c43baf276ba3893e2b36806f990aaf93,8cda5fd98865bccfe8601ace6f9a27d5a835513e,n_truth,3492.0,count
detectors,S4_step_fault,rls,5,10.0,True,S4_step_fault__rls__seed5__detect_ph,1efe02364dacd47e4d9a937957614582b8530ef56f2b525678988666500727b7,e5360505f8c49a15eebb5ef47f7d7477818e9b19f26155854e4ff574f74f5811,8cda5fd98865bccfe8601ace6f9a27d5a835513e,n_truth,3492.0,count
detectors,S4_step_fault,rls,5,10.0,True,S4_step_fault__rls__seed5__detect_adwin,1efe02364dacd47e4d9a937957614582b8530ef56f2b525678988666500727b7,ba90eb10e4e1f7500a344f9b4e5e676713fa49fa355f420971a75285e0b9c298,8cda5fd98865bccfe8601ace6f9a27d5a835513e,n_truth,3492.0,count
detectors,S4_step_fault,rls,5,10.0,True,S4_step_fault__rls__seed5__detect_ks,1efe02364dacd47e4d9a937957614582b8530ef56f2b525678988666500727b7,e68694c868384201c53bdaf13449887c7b05c2ad9ef5f3f7d7b8bf5cddc0bcb0,8cda5fd98865bccfe8601ace6f9a27d5a835513e,n_truth,3492.0,count
detectors,S4_step_fault,rls,5,10.0,True,S4_step_fault__rls__seed5__detect_all4,1efe02364dacd47e4d9a937957614582b8530ef56f2b525678988666500727b7,6c765cc69f3e4bb20e44be0e55caf8daf8c407d7d1c06515349b9d17ec1fddce,8cda5fd98865bccfe8601ace6f9a27d5a835513e,n_truth,3492.0,count
detectors,S4_step_fault,rls,6,10.0,True,S4_step_fault__rls__seed6__detect_cusum,edb8fb013b7aeb64e877b749783afa62d6864702f69cf9e7c539d6cd9df4f86d,f148dc11752161354c3021f05b1fe526c43baf276ba3893e2b36806f990aaf93,8cda5fd98865bccfe8601ace6f9a27d5a835513e,n_truth,3453.0,count
detectors,S4_step_fault,rls,6,10.0,True,S4_step_fault__rls__seed6__detect_ph,edb8fb013b7aeb64e877b749783afa62d6864702f69cf9e7c539d6cd9df4f86d,e5360505f8c49a15eebb5ef47f7d7477818e9b19f26155854e4ff574f74f5811,8cda5fd98865bccfe8601ace6f9a27d5a835513e,n_truth,3453.0,count
detectors,S4_step_fault,rls,6,10.0,True,S4_step_fault__rls__seed6__detect_adwin,edb8fb013b7aeb64e877b749783afa62d6864702f69cf9e7c539d6cd9df4f86d,ba90eb10e4e1f7500a344f9b4e5e676713fa49fa355f420971a75285e0b9c298,8cda5fd98865bccfe8601ace6f9a27d5a835513e,n_truth,3453.0,count
detectors,S4_step_fault,rls,6,10.0,True,S4_step_fault__rls__seed6__detect_ks,edb8fb013b7aeb64e877b749783afa62d6864702f69cf9e7c539d6cd9df4f86d,e68694c868384201c53bdaf13449887c7b05c2ad9ef5f3f7d7b8bf5cddc0bcb0,8cda5fd98865bccfe8601ace6f9a27d5a835513e,n_truth,3453.0,count
detectors,S4_step_fault,rls,6,10.0,True,S4_step_fault__rls__seed6__detect_all4,edb8fb013b7aeb64e877b749783afa62d6864702f69cf9e7c539d6cd9df4f86d,6c765cc69f3e4bb20e44be0e55caf8daf8c407d7d1c06515349b9d17ec1fddce,8cda5fd98865bccfe8601ace6f9a27d5a835513e,n_truth,3453.0,count
detectors,S4_step_fault,rls,7,10.0,True,S4_step_fault__rls__seed7__detect_cusum,5cf17843f3bfe6e9f5ce0f88df6e9f0fa19691e7d0781a28d2e0071debfacd13,f148dc11752161354c3021f05b1fe526c43baf276ba3893e2b36806f990aaf93,8cda5fd98865bccfe8601ace6f9a27d5a835513e,n_truth,3369.0,count
detectors,S4_step_fault,rls,7,10.0,True,S4_step_fault__rls__seed7__detect_ph,5cf17843f3bfe6e9f5ce0f88df6e9f0fa19691e7d0781a28d2e0071debfacd13,e5360505f8c49a15eebb5ef47f7d7477818e9b19f26155854e4ff574f74f5811,8cda5fd98865bccfe8601ace6f9a27d5a835513e,n_truth,3369.0,count
detectors,S4_step_fault,rls,7,10.0,True,S4_step_fault__rls__seed7__detect_adwin,5cf17843f3bfe6e9f5ce0f88df6e9f0fa19691e7d0781a28d2e0071debfacd13,ba90eb10e4e1f7500a344f9b4e5e676713fa49fa355f420971a75285e0b9c298,8cda5fd98865bccfe8601ace6f9a27d5a835513e,n_truth,3369.0,count
detectors,S4_step_fault,rls,7,10.0,True,S4_step_fault__rls__seed7__detect_ks,5cf17843f3bfe6e9f5ce0f88df6e9f0fa19691e7d0781a28d2e0071debfacd13,e68694c868384201c53bdaf13449887c7b05c2ad9ef5f3f7d7b8bf5cddc0bcb0,8cda5fd98865bccfe8601ace6f9a27d5a835513e,n_truth,3369.0,count
detectors,S4_step_fault,rls,7,10.0,True,S4_step_fault__rls__seed7__detect_all4,5cf17843f3bfe6e9f5ce0f88df6e9f0fa19691e7d0781a28d2e0071debfacd13,6c765cc69f3e4bb20e44be0e55caf8daf8c407d7d1c06515349b9d17ec1fddce,8cda5fd98865bccfe8601ace6f9a27d5a835513e,n_truth,3369.0,count
detectors,S4_step_fault,rls,8,10.0,True,S4_step_fault__rls__seed8__detect_cusum,4471998ed306e877216c6c1b12b8ba9d62e309093746866fb7f4d683dd3b0138,f148dc11752161354c3021f05b1fe526c43baf276ba3893e2b36806f990aaf93,8cda5fd98865bccfe8601ace6f9a27d5a835513e,n_truth,3466.0,count
detectors,S4_step_fault,rls,8,10.0,True,S4_step_fault__rls__seed8__detect_ph,4471998ed306e877216c6c1b12b8ba9d62e309093746866fb7f4d683dd3b0138,e5360505f8c49a15eebb5ef47f7d7477818e9b19f26155854e4ff574f74f5811,8cda5fd98865bccfe8601ace6f9a27d5a835513e,n_truth,3466.0,count
detectors,S4_step_fault,rls,8,10.0,True,S4_step_fault__rls__seed8__detect_adwin,4471998ed306e877216c6c1b12b8ba9d62e309093746866fb7f4d683dd3b0138,ba90eb10e4e1f7500a344f9b4e5e676713fa49fa355f420971a75285e0b9c298,8cda5fd98865bccfe8601ace6f9a27d5a835513e,n_truth,3466.0,count
detectors,S4_step_fault,rls,8,10.0,True,S4_step_fault__rls__seed8__detect_ks,4471998ed306e877216c6c1b12b8ba9d62e309093746866fb7f4d683dd3b0138,e68694c868384201c53bdaf13449887c7b05c2ad9ef5f3f7d7b8bf5cddc0bcb0,8cda5fd98865bccfe8601ace6f9a27d5a835513e,n_truth,3466.0,count
detectors,S4_step_fault,rls,8,10.0,True,S4_step_fault__rls__seed8__detect_all4,4471998ed306e877216c6c1b12b8ba9d62e309093746866fb7f4d683dd3b0138,6c765cc69f3e4bb20e44be0e55caf8daf8c407d7d1c06515349b9d17ec1fddce,8cda5fd98865bccfe8601ace6f9a27d5a835513e,n_truth,3466.0,count
detectors,S4_step_fault,rls,9,10.0,True,S4_step_fault__rls__seed9__detect_cusum,af86278540fa1654a3e5819e52691400963a2f43bbaf4be0dd151148c2836411,f148dc11752161354c3021f05b1fe526c43baf276ba3893e2b36806f990aaf93,8cda5fd98865bccfe8601ace6f9a27d5a835513e,n_truth,3397.0,count
detectors,S4_step_fault,rls,9,10.0,True,S4_step_fault__rls__seed9__detect_ph,af86278540fa1654a3e5819e52691400963a2f43bbaf4be0dd151148c2836411,e5360505f8c49a15eebb5ef47f7d7477818e9b19f26155854e4ff574f74f5811,8cda5fd98865bccfe8601ace6f9a27d5a835513e,n_truth,3397.0,count
detectors,S4_step_fault,rls,9,10.0,True,S4_step_fault__rls__seed9__detect_adwin,af86278540fa1654a3e5819e52691400963a2f43bbaf4be0dd151148c2836411,ba90eb10e4e1f7500a344f9b4e5e676713fa49fa355f420971a75285e0b9c298,8cda5fd98865bccfe8601ace6f9a27d5a835513e,n_truth,3397.0,count
detectors,S4_step_fault,rls,9,10.0,True,S4_step_fault__rls__seed9__detect_ks,af86278540fa1654a3e5819e52691400963a2f43bbaf4be0dd151148c2836411,e68694c868384201c53bdaf13449887c7b05c2ad9ef5f3f7d7b8bf5cddc0bcb0,8cda5fd98865bccfe8601ace6f9a27d5a835513e,n_truth,3397.0,count
detectors,S4_step_fault,rls,9,10.0,True,S4_step_fault__rls__seed9__detect_all4,af86278540fa1654a3e5819e52691400963a2f43bbaf4be0dd151148c2836411,6c765cc69f3e4bb20e44be0e55caf8daf8c407d7d1c06515349b9d17ec1fddce,8cda5fd98865bccfe8601ace6f9a27d5a835513e,n_truth,3397.0,count
detectors,S4_step_fault,rls,10,10.0,True,S4_step_fault__rls__seed10__detect_cusum,b97f4fa67d55b0a4900a4dc84b9f38b152ab85aa07d9118de95bac234f41360d,f148dc11752161354c3021f05b1fe526c43baf276ba3893e2b36806f990aaf93,8cda5fd98865bccfe8601ace6f9a27d5a835513e,n_truth,3428.0,count
detectors,S4_step_fault,rls,10,10.0,True,S4_step_fault__rls__seed10__detect_ph,b97f4fa67d55b0a4900a4dc84b9f38b152ab85aa07d9118de95bac234f41360d,e5360505f8c49a15eebb5ef47f7d7477818e9b19f26155854e4ff574f74f5811,8cda5fd98865bccfe8601ace6f9a27d5a835513e,n_truth,3428.0,count
detectors,S4_step_fault,rls,10,10.0,True,S4_step_fault__rls__seed10__detect_adwin,b97f4fa67d55b0a4900a4dc84b9f38b152ab85aa07d9118de95bac234f41360d,ba90eb10e4e1f7500a344f9b4e5e676713fa49fa355f420971a75285e0b9c298,8cda5fd98865bccfe8601ace6f9a27d5a835513e,n_truth,3428.0,count
detectors,S4_step_fault,rls,10,10.0,True,S4_step_fault__rls__seed10__detect_ks,b97f4fa67d55b0a4900a4dc84b9f38b152ab85aa07d9118de95bac234f41360d,e68694c868384201c53bdaf13449887c7b05c2ad9ef5f3f7d7b8bf5cddc0bcb0,8cda5fd98865bccfe8601ace6f9a27d5a835513e,n_truth,3428.0,count
detectors,S4_step_fault,rls,10,10.0,True,S4_step_fault__rls__seed10__detect_all4,b97f4fa67d55b0a4900a4dc84b9f38b152ab85aa07d9118de95bac234f41360d,6c765cc69f3e4bb20e44be0e55caf8daf8c407d7d1c06515349b9d17ec1fddce,8cda5fd98865bccfe8601ace6f9a27d5a835513e,n_truth,3428.0,count
detectors,S6_combined,rls,1,10.0,True,S6_combined__rls__seed1__detect_cusum,b3cf8d14b3aed8b1d65ab4497dcbfb879dbda2ce1da03bb07f6401c9b4b9bd4a,f148dc11752161354c3021f05b1fe526c43baf276ba3893e2b36806f990aaf93,8cda5fd98865bccfe8601ace6f9a27d5a835513e,n_truth,9570.0,count
detectors,S6_combined,rls,1,10.0,True,S6_combined__rls__seed1__detect_ph,b3cf8d14b3aed8b1d65ab4497dcbfb879dbda2ce1da03bb07f6401c9b4b9bd4a,e5360505f8c49a15eebb5ef47f7d7477818e9b19f26155854e4ff574f74f5811,8cda5fd98865bccfe8601ace6f9a27d5a835513e,n_truth,9570.0,count
detectors,S6_combined,rls,1,10.0,True,S6_combined__rls__seed1__detect_adwin,b3cf8d14b3aed8b1d65ab4497dcbfb879dbda2ce1da03bb07f6401c9b4b9bd4a,ba90eb10e4e1f7500a344f9b4e5e676713fa49fa355f420971a75285e0b9c298,8cda5fd98865bccfe8601ace6f9a27d5a835513e,n_truth,9570.0,count
detectors,S6_combined,rls,1,10.0,True,S6_combined__rls__seed1__detect_ks,b3cf8d14b3aed8b1d65ab4497dcbfb879dbda2ce1da03bb07f6401c9b4b9bd4a,e68694c868384201c53bdaf13449887c7b05c2ad9ef5f3f7d7b8bf5cddc0bcb0,8cda5fd98865bccfe8601ace6f9a27d5a835513e,n_truth,9570.0,count
detectors,S6_combined,rls,1,10.0,True,S6_combined__rls__seed1__detect_all4,b3cf8d14b3aed8b1d65ab4497dcbfb879dbda2ce1da03bb07f6401c9b4b9bd4a,6c765cc69f3e4bb20e44be0e55caf8daf8c407d7d1c06515349b9d17ec1fddce,8cda5fd98865bccfe8601ace6f9a27d5a835513e,n_truth,9570.0,count
detectors,S6_combined,rls,2,10.0,True,S6_combined__rls__seed2__detect_cusum,e4f7ab87faf6982be139dc8af97757bff8d540d357c41e3d06ec298e4dd75854,f148dc11752161354c3021f05b1fe526c43baf276ba3893e2b36806f990aaf93,8cda5fd98865bccfe8601ace6f9a27d5a835513e,n_truth,9542.0,count
detectors,S6_combined,rls,2,10.0,True,S6_combined__rls__seed2__detect_ph,e4f7ab87faf6982be139dc8af97757bff8d540d357c41e3d06ec298e4dd75854,e5360505f8c49a15eebb5ef47f7d7477818e9b19f26155854e4ff574f74f5811,8cda5fd98865bccfe8601ace6f9a27d5a835513e,n_truth,9542.0,count
detectors,S6_combined,rls,2,10.0,True,S6_combined__rls__seed2__detect_adwin,e4f7ab87faf6982be139dc8af97757bff8d540d357c41e3d06ec298e4dd75854,ba90eb10e4e1f7500a344f9b4e5e676713fa49fa355f420971a75285e0b9c298,8cda5fd98865bccfe8601ace6f9a27d5a835513e,n_truth,9542.0,count
detectors,S6_combined,rls,2,10.0,True,S6_combined__rls__seed2__detect_ks,e4f7ab87faf6982be139dc8af97757bff8d540d357c41e3d06ec298e4dd75854,e68694c868384201c53bdaf13449887c7b05c2ad9ef5f3f7d7b8bf5cddc0bcb0,8cda5fd98865bccfe8601ace6f9a27d5a835513e,n_truth,9542.0,count
detectors,S6_combined,rls,2,10.0,True,S6_combined__rls__seed2__detect_all4,e4f7ab87faf6982be139dc8af97757bff8d540d357c41e3d06ec298e4dd75854,6c765cc69f3e4bb20e44be0e55caf8daf8c407d7d1c06515349b9d17ec1fddce,8cda5fd98865bccfe8601ace6f9a27d5a835513e,n_truth,9542.0,count
detectors,S6_combined,rls,3,10.0,True,S6_combined__rls__seed3__detect_cusum,c371bfebbbdb510b204e19fcaedea3c47a4e8b6d77499f04ee6ac55d13fed988,f148dc11752161354c3021f05b1fe526c43baf276ba3893e2b36806f990aaf93,8cda5fd98865bccfe8601ace6f9a27d5a835513e,n_truth,9499.0,count
detectors,S6_combined,rls,3,10.0,True,S6_combined__rls__seed3__detect_ph,c371bfebbbdb510b204e19fcaedea3c47a4e8b6d77499f04ee6ac55d13fed988,e5360505f8c49a15eebb5ef47f7d7477818e9b19f26155854e4ff574f74f5811,8cda5fd98865bccfe8601ace6f9a27d5a835513e,n_truth,9499.0,count
detectors,S6_combined,rls,3,10.0,True,S6_combined__rls__seed3__detect_adwin,c371bfebbbdb510b204e19fcaedea3c47a4e8b6d77499f04ee6ac55d13fed988,ba90eb10e4e1f7500a344f9b4e5e676713fa49fa355f420971a75285e0b9c298,8cda5fd98865bccfe8601ace6f9a27d5a835513e,n_truth,9499.0,count
detectors,S6_combined,rls,3,10.0,True,S6_combined__rls__seed3__detect_ks,c371bfebbbdb510b204e19fcaedea3c47a4e8b6d77499f04ee6ac55d13fed988,e68694c868384201c53bdaf13449887c7b05c2ad9ef5f3f7d7b8bf5cddc0bcb0,8cda5fd98865bccfe8601ace6f9a27d5a835513e,n_truth,9499.0,count
detectors,S6_combined,rls,3,10.0,True,S6_combined__rls__seed3__detect_all4,c371bfebbbdb510b204e19fcaedea3c47a4e8b6d77499f04ee6ac55d13fed988,6c765cc69f3e4bb20e44be0e55caf8daf8c407d7d1c06515349b9d17ec1fddce,8cda5fd98865bccfe8601ace6f9a27d5a835513e,n_truth,9499.0,count
detectors,S6_combined,rls,4,10.0,True,S6_combined__rls__seed4__detect_cusum,091893e2b20fe4f1f4ec71b10a24db6c43dabefaa37c7ef75c67f5a78f00f2b7,f148dc11752161354c3021f05b1fe526c43baf276ba3893e2b36806f990aaf93,8cda5fd98865bccfe8601ace6f9a27d5a835513e,n_truth,9537.0,count
detectors,S6_combined,rls,4,10.0,True,S6_combined__rls__seed4__detect_ph,091893e2b20fe4f1f4ec71b10a24db6c43dabefaa37c7ef75c67f5a78f00f2b7,e5360505f8c49a15eebb5ef47f7d7477818e9b19f26155854e4ff574f74f5811,8cda5fd98865bccfe8601ace6f9a27d5a835513e,n_truth,9537.0,count
detectors,S6_combined,rls,4,10.0,True,S6_combined__rls__seed4__detect_adwin,091893e2b20fe4f1f4ec71b10a24db6c43dabefaa37c7ef75c67f5a78f00f2b7,ba90eb10e4e1f7500a344f9b4e5e676713fa49fa355f420971a75285e0b9c298,8cda5fd98865bccfe8601ace6f9a27d5a835513e,n_truth,9537.0,count
detectors,S6_combined,rls,4,10.0,True,S6_combined__rls__seed4__detect_ks,091893e2b20fe4f1f4ec71b10a24db6c43dabefaa37c7ef75c67f5a78f00f2b7,e68694c868384201c53bdaf13449887c7b05c2ad9ef5f3f7d7b8bf5cddc0bcb0,8cda5fd98865bccfe8601ace6f9a27d5a835513e,n_truth,9537.0,count
detectors,S6_combined,rls,4,10.0,True,S6_combined__rls__seed4__detect_all4,091893e2b20fe4f1f4ec71b10a24db6c43dabefaa37c7ef75c67f5a78f00f2b7,6c765cc69f3e4bb20e44be0e55caf8daf8c407d7d1c06515349b9d17ec1fddce,8cda5fd98865bccfe8601ace6f9a27d5a835513e,n_truth,9537.0,count
detectors,S6_combined,rls,5,10.0,True,S6_combined__rls__seed5__detect_cusum,c1d9d4a7d46d9a42ad59de704b5ae8b21c9bf2f17d4576d9bfa6e10e6c6f4b13,f148dc11752161354c3021f05b1fe526c43baf276ba3893e2b36806f990aaf93,8cda5fd98865bccfe8601ace6f9a27d5a835513e,n_truth,9576.0,count
detectors,S6_combined,rls,5,10.0,True,S6_combined__rls__seed5__detect_ph,c1d9d4a7d46d9a42ad59de704b5ae8b21c9bf2f17d4576d9bfa6e10e6c6f4b13,e5360505f8c49a15eebb5ef47f7d7477818e9b19f26155854e4ff574f74f5811,8cda5fd98865bccfe8601ace6f9a27d5a835513e,n_truth,9576.0,count
detectors,S6_combined,rls,5,10.0,True,S6_combined__rls__seed5__detect_adwin,c1d9d4a7d46d9a42ad59de704b5ae8b21c9bf2f17d4576d9bfa6e10e6c6f4b13,ba90eb10e4e1f7500a344f9b4e5e676713fa49fa355f420971a75285e0b9c298,8cda5fd98865bccfe8601ace6f9a27d5a835513e,n_truth,9576.0,count
detectors,S6_combined,rls,5,10.0,True,S6_combined__rls__seed5__detect_ks,c1d9d4a7d46d9a42ad59de704b5ae8b21c9bf2f17d4576d9bfa6e10e6c6f4b13,e68694c868384201c53bdaf13449887c7b05c2ad9ef5f3f7d7b8bf5cddc0bcb0,8cda5fd98865bccfe8601ace6f9a27d5a835513e,n_truth,9576.0,count
detectors,S6_combined,rls,5,10.0,True,S6_combined__rls__seed5__detect_all4,c1d9d4a7d46d9a42ad59de704b5ae8b21c9bf2f17d4576d9bfa6e10e6c6f4b13,6c765cc69f3e4bb20e44be0e55caf8daf8c407d7d1c06515349b9d17ec1fddce,8cda5fd98865bccfe8601ace6f9a27d5a835513e,n_truth,9576.0,count
detectors,S6_combined,rls,6,10.0,True,S6_combined__rls__seed6__detect_cusum,8fbcb1374a66e26dea4a0e8dbcf64db42ebcd88dd11b5cd3bb5d44e8d4b0665a,f148dc11752161354c3021f05b1fe526c43baf276ba3893e2b36806f990aaf93,8cda5fd98865bccfe8601ace6f9a27d5a835513e,n_truth,9527.0,count
detectors,S6_combined,rls,6,10.0,True,S6_combined__rls__seed6__detect_ph,8fbcb1374a66e26dea4a0e8dbcf64db42ebcd88dd11b5cd3bb5d44e8d4b0665a,e5360505f8c49a15eebb5ef47f7d7477818e9b19f26155854e4ff574f74f5811,8cda5fd98865bccfe8601ace6f9a27d5a835513e,n_truth,9527.0,count
detectors,S6_combined,rls,6,10.0,True,S6_combined__rls__seed6__detect_adwin,8fbcb1374a66e26dea4a0e8dbcf64db42ebcd88dd11b5cd3bb5d44e8d4b0665a,ba90eb10e4e1f7500a344f9b4e5e676713fa49fa355f420971a75285e0b9c298,8cda5fd98865bccfe8601ace6f9a27d5a835513e,n_truth,9527.0,count
detectors,S6_combined,rls,6,10.0,True,S6_combined__rls__seed6__detect_ks,8fbcb1374a66e26dea4a0e8dbcf64db42ebcd88dd11b5cd3bb5d44e8d4b0665a,e68694c868384201c53bdaf13449887c7b05c2ad9ef5f3f7d7b8bf5cddc0bcb0,8cda5fd98865bccfe8601ace6f9a27d5a835513e,n_truth,9527.0,count
detectors,S6_combined,rls,6,10.0,True,S6_combined__rls__seed6__detect_all4,8fbcb1374a66e26dea4a0e8dbcf64db42ebcd88dd11b5cd3bb5d44e8d4b0665a,6c765cc69f3e4bb20e44be0e55caf8daf8c407d7d1c06515349b9d17ec1fddce,8cda5fd98865bccfe8601ace6f9a27d5a835513e,n_truth,9527.0,count
detectors,S6_combined,rls,7,10.0,True,S6_combined__rls__seed7__detect_cusum,eb12037c60287858e9925e83fcaf2aa6789246ee5a2aa0c936402930de58eb1c,f148dc11752161354c3021f05b1fe526c43baf276ba3893e2b36806f990aaf93,8cda5fd98865bccfe8601ace6f9a27d5a835513e,n_truth,9409.0,count
detectors,S6_combined,rls,7,10.0,True,S6_combined__rls__seed7__detect_ph,eb12037c60287858e9925e83fcaf2aa6789246ee5a2aa0c936402930de58eb1c,e5360505f8c49a15eebb5ef47f7d7477818e9b19f26155854e4ff574f74f5811,8cda5fd98865bccfe8601ace6f9a27d5a835513e,n_truth,9409.0,count
detectors,S6_combined,rls,7,10.0,True,S6_combined__rls__seed7__detect_adwin,eb12037c60287858e9925e83fcaf2aa6789246ee5a2aa0c936402930de58eb1c,ba90eb10e4e1f7500a344f9b4e5e676713fa49fa355f420971a75285e0b9c298,8cda5fd98865bccfe8601ace6f9a27d5a835513e,n_truth,9409.0,count
detectors,S6_combined,rls,7,10.0,True,S6_combined__rls__seed7__detect_ks,eb12037c60287858e9925e83fcaf2aa6789246ee5a2aa0c936402930de58eb1c,e68694c868384201c53bdaf13449887c7b05c2ad9ef5f3f7d7b8bf5cddc0bcb0,8cda5fd98865bccfe8601ace6f9a27d5a835513e,n_truth,9409.0,count
detectors,S6_combined,rls,7,10.0,True,S6_combined__rls__seed7__detect_all4,eb12037c60287858e9925e83fcaf2aa6789246ee5a2aa0c936402930de58eb1c,6c765cc69f3e4bb20e44be0e55caf8daf8c407d7d1c06515349b9d17ec1fddce,8cda5fd98865bccfe8601ace6f9a27d5a835513e,n_truth,9409.0,count
detectors,S6_combined,rls,8,10.0,True,S6_combined__rls__seed8__detect_cusum,da4740837e6cf85b5c7d22d84cf556133cbff181edcbfd4d107db823d7c1f164,f148dc11752161354c3021f05b1fe526c43baf276ba3893e2b36806f990aaf93,8cda5fd98865bccfe8601ace6f9a27d5a835513e,n_truth,9495.0,count
detectors,S6_combined,rls,8,10.0,True,S6_combined__rls__seed8__detect_ph,da4740837e6cf85b5c7d22d84cf556133cbff181edcbfd4d107db823d7c1f164,e5360505f8c49a15eebb5ef47f7d7477818e9b19f26155854e4ff574f74f5811,8cda5fd98865bccfe8601ace6f9a27d5a835513e,n_truth,9495.0,count
detectors,S6_combined,rls,8,10.0,True,S6_combined__rls__seed8__detect_adwin,da4740837e6cf85b5c7d22d84cf556133cbff181edcbfd4d107db823d7c1f164,ba90eb10e4e1f7500a344f9b4e5e676713fa49fa355f420971a75285e0b9c298,8cda5fd98865bccfe8601ace6f9a27d5a835513e,n_truth,9495.0,count
detectors,S6_combined,rls,8,10.0,True,S6_combined__rls__seed8__detect_ks,da4740837e6cf85b5c7d22d84cf556133cbff181edcbfd4d107db823d7c1f164,e68694c868384201c53bdaf13449887c7b05c2ad9ef5f3f7d7b8bf5cddc0bcb0,8cda5fd98865bccfe8601ace6f9a27d5a835513e,n_truth,9495.0,count
detectors,S6_combined,rls,8,10.0,True,S6_combined__rls__seed8__detect_all4,da4740837e6cf85b5c7d22d84cf556133cbff181edcbfd4d107db823d7c1f164,6c765cc69f3e4bb20e44be0e55caf8daf8c407d7d1c06515349b9d17ec1fddce,8cda5fd98865bccfe8601ace6f9a27d5a835513e,n_truth,9495.0,count
detectors,S6_combined,rls,9,10.0,True,S6_combined__rls__seed9__detect_cusum,29718e114c21c01b04a983f185bbf01430cfac8dd9e8b5808281b0434dac26fc,f148dc11752161354c3021f05b1fe526c43baf276ba3893e2b36806f990aaf93,8cda5fd98865bccfe8601ace6f9a27d5a835513e,n_truth,9467.0,count
detectors,S6_combined,rls,9,10.0,True,S6_combined__rls__seed9__detect_ph,29718e114c21c01b04a983f185bbf01430cfac8dd9e8b5808281b0434dac26fc,e5360505f8c49a15eebb5ef47f7d7477818e9b19f26155854e4ff574f74f5811,8cda5fd98865bccfe8601ace6f9a27d5a835513e,n_truth,9467.0,count
detectors,S6_combined,rls,9,10.0,True,S6_combined__rls__seed9__detect_adwin,29718e114c21c01b04a983f185bbf01430cfac8dd9e8b5808281b0434dac26fc,ba90eb10e4e1f7500a344f9b4e5e676713fa49fa355f420971a75285e0b9c298,8cda5fd98865bccfe8601ace6f9a27d5a835513e,n_truth,9467.0,count
detectors,S6_combined,rls,9,10.0,True,S6_combined__rls__seed9__detect_ks,29718e114c21c01b04a983f185bbf01430cfac8dd9e8b5808281b0434dac26fc,e68694c868384201c53bdaf13449887c7b05c2ad9ef5f3f7d7b8bf5cddc0bcb0,8cda5fd98865bccfe8601ace6f9a27d5a835513e,n_truth,9467.0,count
detectors,S6_combined,rls,9,10.0,True,S6_combined__rls__seed9__detect_all4,29718e114c21c01b04a983f185bbf01430cfac8dd9e8b5808281b0434dac26fc,6c765cc69f3e4bb20e44be0e55caf8daf8c407d7d1c06515349b9d17ec1fddce,8cda5fd98865bccfe8601ace6f9a27d5a835513e,n_truth,9467.0,count
detectors,S6_combined,rls,10,10.0,True,S6_combined__rls__seed10__detect_cusum,4054ab96937dfc6eef3c9c4f46347db001fd4eea59432509f786c95b51d12234,f148dc11752161354c3021f05b1fe526c43baf276ba3893e2b36806f990aaf93,8cda5fd98865bccfe8601ace6f9a27d5a835513e,n_truth,9523.0,count
detectors,S6_combined,rls,10,10.0,True,S6_combined__rls__seed10__detect_ph,4054ab96937dfc6eef3c9c4f46347db001fd4eea59432509f786c95b51d12234,e5360505f8c49a15eebb5ef47f7d7477818e9b19f26155854e4ff574f74f5811,8cda5fd98865bccfe8601ace6f9a27d5a835513e,n_truth,9523.0,count
detectors,S6_combined,rls,10,10.0,True,S6_combined__rls__seed10__detect_adwin,4054ab96937dfc6eef3c9c4f46347db001fd4eea59432509f786c95b51d12234,ba90eb10e4e1f7500a344f9b4e5e676713fa49fa355f420971a75285e0b9c298,8cda5fd98865bccfe8601ace6f9a27d5a835513e,n_truth,9523.0,count
detectors,S6_combined,rls,10,10.0,True,S6_combined__rls__seed10__detect_ks,4054ab96937dfc6eef3c9c4f46347db001fd4eea59432509f786c95b51d12234,e68694c868384201c53bdaf13449887c7b05c2ad9ef5f3f7d7b8bf5cddc0bcb0,8cda5fd98865bccfe8601ace6f9a27d5a835513e,n_truth,9523.0,count
detectors,S6_combined,rls,10,10.0,True,S6_combined__rls__seed10__detect_all4,4054ab96937dfc6eef3c9c4f46347db001fd4eea59432509f786c95b51d12234,6c765cc69f3e4bb20e44be0e55caf8daf8c407d7d1c06515349b9d17ec1fddce,8cda5fd98865bccfe8601ace6f9a27d5a835513e,n_truth,9523.0,count
detectors,S4_step_fault,rls,1,10.0,True,S4_step_fault__rls__seed1__detect_cusum,7d29a6d7dca932314e512c265e0e559ec6cc02e548aa25349a95d1f29dbf9ef1,f148dc11752161354c3021f05b1fe526c43baf276ba3893e2b36806f990aaf93,8cda5fd98865bccfe8601ace6f9a27d5a835513e,n_matched,3392.0,count
detectors,S4_step_fault,rls,1,10.0,True,S4_step_fault__rls__seed1__detect_ph,7d29a6d7dca932314e512c265e0e559ec6cc02e548aa25349a95d1f29dbf9ef1,e5360505f8c49a15eebb5ef47f7d7477818e9b19f26155854e4ff574f74f5811,8cda5fd98865bccfe8601ace6f9a27d5a835513e,n_matched,3392.0,count
detectors,S4_step_fault,rls,1,10.0,True,S4_step_fault__rls__seed1__detect_adwin,7d29a6d7dca932314e512c265e0e559ec6cc02e548aa25349a95d1f29dbf9ef1,ba90eb10e4e1f7500a344f9b4e5e676713fa49fa355f420971a75285e0b9c298,8cda5fd98865bccfe8601ace6f9a27d5a835513e,n_matched,3392.0,count
detectors,S4_step_fault,rls,1,10.0,True,S4_step_fault__rls__seed1__detect_ks,7d29a6d7dca932314e512c265e0e559ec6cc02e548aa25349a95d1f29dbf9ef1,e68694c868384201c53bdaf13449887c7b05c2ad9ef5f3f7d7b8bf5cddc0bcb0,8cda5fd98865bccfe8601ace6f9a27d5a835513e,n_matched,3392.0,count
detectors,S4_step_fault,rls,1,10.0,True,S4_step_fault__rls__seed1__detect_all4,7d29a6d7dca932314e512c265e0e559ec6cc02e548aa25349a95d1f29dbf9ef1,6c765cc69f3e4bb20e44be0e55caf8daf8c407d7d1c06515349b9d17ec1fddce,8cda5fd98865bccfe8601ace6f9a27d5a835513e,n_matched,3392.0,count
detectors,S4_step_fault,rls,2,10.0,True,S4_step_fault__rls__seed2__detect_cusum,adc80992e5ad2b0074c2ccb5fd189429c3fd11d2d51d242aa1caec078b0db1d2,f148dc11752161354c3021f05b1fe526c43baf276ba3893e2b36806f990aaf93,8cda5fd98865bccfe8601ace6f9a27d5a835513e,n_matched,3484.0,count
detectors,S4_step_fault,rls,2,10.0,True,S4_step_fault__rls__seed2__detect_ph,adc80992e5ad2b0074c2ccb5fd189429c3fd11d2d51d242aa1caec078b0db1d2,e5360505f8c49a15eebb5ef47f7d7477818e9b19f26155854e4ff574f74f5811,8cda5fd98865bccfe8601ace6f9a27d5a835513e,n_matched,3484.0,count
detectors,S4_step_fault,rls,2,10.0,True,S4_step_fault__rls__seed2__detect_adwin,adc80992e5ad2b0074c2ccb5fd189429c3fd11d2d51d242aa1caec078b0db1d2,ba90eb10e4e1f7500a344f9b4e5e676713fa49fa355f420971a75285e0b9c298,8cda5fd98865bccfe8601ace6f9a27d5a835513e,n_matched,3484.0,count
detectors,S4_step_fault,rls,2,10.0,True,S4_step_fault__rls__seed2__detect_ks,adc80992e5ad2b0074c2ccb5fd189429c3fd11d2d51d242aa1caec078b0db1d2,e68694c868384201c53bdaf13449887c7b05c2ad9ef5f3f7d7b8bf5cddc0bcb0,8cda5fd98865bccfe8601ace6f9a27d5a835513e,n_matched,3484.0,count
detectors,S4_step_fault,rls,2,10.0,True,S4_step_fault__rls__seed2__detect_all4,adc80992e5ad2b0074c2ccb5fd189429c3fd11d2d51d242aa1caec078b0db1d2,6c765cc69f3e4bb20e44be0e55caf8daf8c407d7d1c06515349b9d17ec1fddce,8cda5fd98865bccfe8601ace6f9a27d5a835513e,n_matched,3484.0,count
detectors,S4_step_fault,rls,3,10.0,True,S4_step_fault__rls__seed3__detect_cusum,755a0aa70d2f3fe05534c8cb137d5df18ed16325d4692fc840c3daee2c8a8c92,f148dc11752161354c3021f05b1fe526c43baf276ba3893e2b36806f990aaf93,8cda5fd98865bccfe8601ace6f9a27d5a835513e,n_matched,3520.0,count
detectors,S4_step_fault,rls,3,10.0,True,S4_step_fault__rls__seed3__detect_ph,755a0aa70d2f3fe05534c8cb137d5df18ed16325d4692fc840c3daee2c8a8c92,e5360505f8c49a15eebb5ef47f7d7477818e9b19f26155854e4ff574f74f5811,8cda5fd98865bccfe8601ace6f9a27d5a835513e,n_matched,3520.0,count
detectors,S4_step_fault,rls,3,10.0,True,S4_step_fault__rls__seed3__detect_adwin,755a0aa70d2f3fe05534c8cb137d5df18ed16325d4692fc840c3daee2c8a8c92,ba90eb10e4e1f7500a344f9b4e5e676713fa49fa355f420971a75285e0b9c298,8cda5fd98865bccfe8601ace6f9a27d5a835513e,n_matched,3520.0,count
detectors,S4_step_fault,rls,3,10.0,True,S4_step_fault__rls__seed3__detect_ks,755a0aa70d2f3fe05534c8cb137d5df18ed16325d4692fc840c3daee2c8a8c92,e68694c868384201c53bdaf13449887c7b05c2ad9ef5f3f7d7b8bf5cddc0bcb0,8cda5fd98865bccfe8601ace6f9a27d5a835513e,n_matched,3520.0,count
detectors,S4_step_fault,rls,3,10.0,True,S4_step_fault__rls__seed3__detect_all4,755a0aa70d2f3fe05534c8cb137d5df18ed16325d4692fc840c3daee2c8a8c92,6c765cc69f3e4bb20e44be0e55caf8daf8c407d7d1c06515349b9d17ec1fddce,8cda5fd98865bccfe8601ace6f9a27d5a835513e,n_matched,3520.0,count
detectors,S4_step_fault,rls,4,10.0,True,S4_step_fault__rls__seed4__detect_cusum,57d0146db86c059173927b479ffa5908a6e01f3cdeb9f10b63e58e983cd88fb2,f148dc11752161354c3021f05b1fe526c43baf276ba3893e2b36806f990aaf93,8cda5fd98865bccfe8601ace6f9a27d5a835513e,n_matched,3509.0,count
detectors,S4_step_fault,rls,4,10.0,True,S4_step_fault__rls__seed4__detect_ph,57d0146db86c059173927b479ffa5908a6e01f3cdeb9f10b63e58e983cd88fb2,e5360505f8c49a15eebb5ef47f7d7477818e9b19f26155854e4ff574f74f5811,8cda5fd98865bccfe8601ace6f9a27d5a835513e,n_matched,3509.0,count
detectors,S4_step_fault,rls,4,10.0,True,S4_step_fault__rls__seed4__detect_adwin,57d0146db86c059173927b479ffa5908a6e01f3cdeb9f10b63e58e983cd88fb2,ba90eb10e4e1f7500a344f9b4e5e676713fa49fa355f420971a75285e0b9c298,8cda5fd98865bccfe8601ace6f9a27d5a835513e,n_matched,3509.0,count
detectors,S4_step_fault,rls,4,10.0,True,S4_step_fault__rls__seed4__detect_ks,57d0146db86c059173927b479ffa5908a6e01f3cdeb9f10b63e58e983cd88fb2,e68694c868384201c53bdaf13449887c7b05c2ad9ef5f3f7d7b8bf5cddc0bcb0,8cda5fd98865bccfe8601ace6f9a27d5a835513e,n_matched,3509.0,count
detectors,S4_step_fault,rls,4,10.0,True,S4_step_fault__rls__seed4__detect_all4,57d0146db86c059173927b479ffa5908a6e01f3cdeb9f10b63e58e983cd88fb2,6c765cc69f3e4bb20e44be0e55caf8daf8c407d7d1c06515349b9d17ec1fddce,8cda5fd98865bccfe8601ace6f9a27d5a835513e,n_matched,3509.0,count
detectors,S4_step_fault,rls,5,10.0,True,S4_step_fault__rls__seed5__detect_cusum,1efe02364dacd47e4d9a937957614582b8530ef56f2b525678988666500727b7,f148dc11752161354c3021f05b1fe526c43baf276ba3893e2b36806f990aaf93,8cda5fd98865bccfe8601ace6f9a27d5a835513e,n_matched,3492.0,count
detectors,S4_step_fault,rls,5,10.0,True,S4_step_fault__rls__seed5__detect_ph,1efe02364dacd47e4d9a937957614582b8530ef56f2b525678988666500727b7,e5360505f8c49a15eebb5ef47f7d7477818e9b19f26155854e4ff574f74f5811,8cda5fd98865bccfe8601ace6f9a27d5a835513e,n_matched,3492.0,count
detectors,S4_step_fault,rls,5,10.0,True,S4_step_fault__rls__seed5__detect_adwin,1efe02364dacd47e4d9a937957614582b8530ef56f2b525678988666500727b7,ba90eb10e4e1f7500a344f9b4e5e676713fa49fa355f420971a75285e0b9c298,8cda5fd98865bccfe8601ace6f9a27d5a835513e,n_matched,3492.0,count
detectors,S4_step_fault,rls,5,10.0,True,S4_step_fault__rls__seed5__detect_ks,1efe02364dacd47e4d9a937957614582b8530ef56f2b525678988666500727b7,e68694c868384201c53bdaf13449887c7b05c2ad9ef5f3f7d7b8bf5cddc0bcb0,8cda5fd98865bccfe8601ace6f9a27d5a835513e,n_matched,3492.0,count
detectors,S4_step_fault,rls,5,10.0,True,S4_step_fault__rls__seed5__detect_all4,1efe02364dacd47e4d9a937957614582b8530ef56f2b525678988666500727b7,6c765cc69f3e4bb20e44be0e55caf8daf8c407d7d1c06515349b9d17ec1fddce,8cda5fd98865bccfe8601ace6f9a27d5a835513e,n_matched,3492.0,count
detectors,S4_step_fault,rls,6,10.0,True,S4_step_fault__rls__seed6__detect_cusum,edb8fb013b7aeb64e877b749783afa62d6864702f69cf9e7c539d6cd9df4f86d,f148dc11752161354c3021f05b1fe526c43baf276ba3893e2b36806f990aaf93,8cda5fd98865bccfe8601ace6f9a27d5a835513e,n_matched,3453.0,count
detectors,S4_step_fault,rls,6,10.0,True,S4_step_fault__rls__seed6__detect_ph,edb8fb013b7aeb64e877b749783afa62d6864702f69cf9e7c539d6cd9df4f86d,e5360505f8c49a15eebb5ef47f7d7477818e9b19f26155854e4ff574f74f5811,8cda5fd98865bccfe8601ace6f9a27d5a835513e,n_matched,3453.0,count
detectors,S4_step_fault,rls,6,10.0,True,S4_step_fault__rls__seed6__detect_adwin,edb8fb013b7aeb64e877b749783afa62d6864702f69cf9e7c539d6cd9df4f86d,ba90eb10e4e1f7500a344f9b4e5e676713fa49fa355f420971a75285e0b9c298,8cda5fd98865bccfe8601ace6f9a27d5a835513e,n_matched,3453.0,count
detectors,S4_step_fault,rls,6,10.0,True,S4_step_fault__rls__seed6__detect_ks,edb8fb013b7aeb64e877b749783afa62d6864702f69cf9e7c539d6cd9df4f86d,e68694c868384201c53bdaf13449887c7b05c2ad9ef5f3f7d7b8bf5cddc0bcb0,8cda5fd98865bccfe8601ace6f9a27d5a835513e,n_matched,3453.0,count
detectors,S4_step_fault,rls,6,10.0,True,S4_step_fault__rls__seed6__detect_all4,edb8fb013b7aeb64e877b749783afa62d6864702f69cf9e7c539d6cd9df4f86d,6c765cc69f3e4bb20e44be0e55caf8daf8c407d7d1c06515349b9d17ec1fddce,8cda5fd98865bccfe8601ace6f9a27d5a835513e,n_matched,3453.0,count
detectors,S4_step_fault,rls,7,10.0,True,S4_step_fault__rls__seed7__detect_cusum,5cf17843f3bfe6e9f5ce0f88df6e9f0fa19691e7d0781a28d2e0071debfacd13,f148dc11752161354c3021f05b1fe526c43baf276ba3893e2b36806f990aaf93,8cda5fd98865bccfe8601ace6f9a27d5a835513e,n_matched,3369.0,count
detectors,S4_step_fault,rls,7,10.0,True,S4_step_fault__rls__seed7__detect_ph,5cf17843f3bfe6e9f5ce0f88df6e9f0fa19691e7d0781a28d2e0071debfacd13,e5360505f8c49a15eebb5ef47f7d7477818e9b19f26155854e4ff574f74f5811,8cda5fd98865bccfe8601ace6f9a27d5a835513e,n_matched,3369.0,count
detectors,S4_step_fault,rls,7,10.0,True,S4_step_fault__rls__seed7__detect_adwin,5cf17843f3bfe6e9f5ce0f88df6e9f0fa19691e7d0781a28d2e0071debfacd13,ba90eb10e4e1f7500a344f9b4e5e676713fa49fa355f420971a75285e0b9c298,8cda5fd98865bccfe8601ace6f9a27d5a835513e,n_matched,3369.0,count
detectors,S4_step_fault,rls,7,10.0,True,S4_step_fault__rls__seed7__detect_ks,5cf17843f3bfe6e9f5ce0f88df6e9f0fa19691e7d0781a28d2e0071debfacd13,e68694c868384201c53bdaf13449887c7b05c2ad9ef5f3f7d7b8bf5cddc0bcb0,8cda5fd98865bccfe8601ace6f9a27d5a835513e,n_matched,3369.0,count
detectors,S4_step_fault,rls,7,10.0,True,S4_step_fault__rls__seed7__detect_all4,5cf17843f3bfe6e9f5ce0f88df6e9f0fa19691e7d0781a28d2e0071debfacd13,6c765cc69f3e4bb20e44be0e55caf8daf8c407d7d1c06515349b9d17ec1fddce,8cda5fd98865bccfe8601ace6f9a27d5a835513e,n_matched,3369.0,count
detectors,S4_step_fault,rls,8,10.0,True,S4_step_fault__rls__seed8__detect_cusum,4471998ed306e877216c6c1b12b8ba9d62e309093746866fb7f4d683dd3b0138,f148dc11752161354c3021f05b1fe526c43baf276ba3893e2b36806f990aaf93,8cda5fd98865bccfe8601ace6f9a27d5a835513e,n_matched,3466.0,count
detectors,S4_step_fault,rls,8,10.0,True,S4_step_fault__rls__seed8__detect_ph,4471998ed306e877216c6c1b12b8ba9d62e309093746866fb7f4d683dd3b0138,e5360505f8c49a15eebb5ef47f7d7477818e9b19f26155854e4ff574f74f5811,8cda5fd98865bccfe8601ace6f9a27d5a835513e,n_matched,3466.0,count
detectors,S4_step_fault,rls,8,10.0,True,S4_step_fault__rls__seed8__detect_adwin,4471998ed306e877216c6c1b12b8ba9d62e309093746866fb7f4d683dd3b0138,ba90eb10e4e1f7500a344f9b4e5e676713fa49fa355f420971a75285e0b9c298,8cda5fd98865bccfe8601ace6f9a27d5a835513e,n_matched,3466.0,count
detectors,S4_step_fault,rls,8,10.0,True,S4_step_fault__rls__seed8__detect_ks,4471998ed306e877216c6c1b12b8ba9d62e309093746866fb7f4d683dd3b0138,e68694c868384201c53bdaf13449887c7b05c2ad9ef5f3f7d7b8bf5cddc0bcb0,8cda5fd98865bccfe8601ace6f9a27d5a835513e,n_matched,3466.0,count
detectors,S4_step_fault,rls,8,10.0,True,S4_step_fault__rls__seed8__detect_all4,4471998ed306e877216c6c1b12b8ba9d62e309093746866fb7f4d683dd3b0138,6c765cc69f3e4bb20e44be0e55caf8daf8c407d7d1c06515349b9d17ec1fddce,8cda5fd98865bccfe8601ace6f9a27d5a835513e,n_matched,3466.0,count
detectors,S4_step_fault,rls,9,10.0,True,S4_step_fault__rls__seed9__detect_cusum,af86278540fa1654a3e5819e52691400963a2f43bbaf4be0dd151148c2836411,f148dc11752161354c3021f05b1fe526c43baf276ba3893e2b36806f990aaf93,8cda5fd98865bccfe8601ace6f9a27d5a835513e,n_matched,3397.0,count
detectors,S4_step_fault,rls,9,10.0,True,S4_step_fault__rls__seed9__detect_ph,af86278540fa1654a3e5819e52691400963a2f43bbaf4be0dd151148c2836411,e5360505f8c49a15eebb5ef47f7d7477818e9b19f26155854e4ff574f74f5811,8cda5fd98865bccfe8601ace6f9a27d5a835513e,n_matched,3397.0,count
detectors,S4_step_fault,rls,9,10.0,True,S4_step_fault__rls__seed9__detect_adwin,af86278540fa1654a3e5819e52691400963a2f43bbaf4be0dd151148c2836411,ba90eb10e4e1f7500a344f9b4e5e676713fa49fa355f420971a75285e0b9c298,8cda5fd98865bccfe8601ace6f9a27d5a835513e,n_matched,3397.0,count
detectors,S4_step_fault,rls,9,10.0,True,S4_step_fault__rls__seed9__detect_ks,af86278540fa1654a3e5819e52691400963a2f43bbaf4be0dd151148c2836411,e68694c868384201c53bdaf13449887c7b05c2ad9ef5f3f7d7b8bf5cddc0bcb0,8cda5fd98865bccfe8601ace6f9a27d5a835513e,n_matched,3397.0,count
detectors,S4_step_fault,rls,9,10.0,True,S4_step_fault__rls__seed9__detect_all4,af86278540fa1654a3e5819e52691400963a2f43bbaf4be0dd151148c2836411,6c765cc69f3e4bb20e44be0e55caf8daf8c407d7d1c06515349b9d17ec1fddce,8cda5fd98865bccfe8601ace6f9a27d5a835513e,n_matched,3397.0,count
detectors,S4_step_fault,rls,10,10.0,True,S4_step_fault__rls__seed10__detect_cusum,b97f4fa67d55b0a4900a4dc84b9f38b152ab85aa07d9118de95bac234f41360d,f148dc11752161354c3021f05b1fe526c43baf276ba3893e2b36806f990aaf93,8cda5fd98865bccfe8601ace6f9a27d5a835513e,n_matched,3428.0,count
detectors,S4_step_fault,rls,10,10.0,True,S4_step_fault__rls__seed10__detect_ph,b97f4fa67d55b0a4900a4dc84b9f38b152ab85aa07d9118de95bac234f41360d,e5360505f8c49a15eebb5ef47f7d7477818e9b19f26155854e4ff574f74f5811,8cda5fd98865bccfe8601ace6f9a27d5a835513e,n_matched,3428.0,count
detectors,S4_step_fault,rls,10,10.0,True,S4_step_fault__rls__seed10__detect_adwin,b97f4fa67d55b0a4900a4dc84b9f38b152ab85aa07d9118de95bac234f41360d,ba90eb10e4e1f7500a344f9b4e5e676713fa49fa355f420971a75285e0b9c298,8cda5fd98865bccfe8601ace6f9a27d5a835513e,n_matched,3428.0,count
detectors,S4_step_fault,rls,10,10.0,True,S4_step_fault__rls__seed10__detect_ks,b97f4fa67d55b0a4900a4dc84b9f38b152ab85aa07d9118de95bac234f41360d,e68694c868384201c53bdaf13449887c7b05c2ad9ef5f3f7d7b8bf5cddc0bcb0,8cda5fd98865bccfe8601ace6f9a27d5a835513e,n_matched,3428.0,count
detectors,S4_step_fault,rls,10,10.0,True,S4_step_fault__rls__seed10__detect_all4,b97f4fa67d55b0a4900a4dc84b9f38b152ab85aa07d9118de95bac234f41360d,6c765cc69f3e4bb20e44be0e55caf8daf8c407d7d1c06515349b9d17ec1fddce,8cda5fd98865bccfe8601ace6f9a27d5a835513e,n_matched,3428.0,count
detectors,S6_combined,rls,1,10.0,True,S6_combined__rls__seed1__detect_cusum,b3cf8d14b3aed8b1d65ab4497dcbfb879dbda2ce1da03bb07f6401c9b4b9bd4a,f148dc11752161354c3021f05b1fe526c43baf276ba3893e2b36806f990aaf93,8cda5fd98865bccfe8601ace6f9a27d5a835513e,n_matched,5002.0,count
detectors,S6_combined,rls,1,10.0,True,S6_combined__rls__seed1__detect_ph,b3cf8d14b3aed8b1d65ab4497dcbfb879dbda2ce1da03bb07f6401c9b4b9bd4a,e5360505f8c49a15eebb5ef47f7d7477818e9b19f26155854e4ff574f74f5811,8cda5fd98865bccfe8601ace6f9a27d5a835513e,n_matched,5002.0,count
detectors,S6_combined,rls,1,10.0,True,S6_combined__rls__seed1__detect_adwin,b3cf8d14b3aed8b1d65ab4497dcbfb879dbda2ce1da03bb07f6401c9b4b9bd4a,ba90eb10e4e1f7500a344f9b4e5e676713fa49fa355f420971a75285e0b9c298,8cda5fd98865bccfe8601ace6f9a27d5a835513e,n_matched,5002.0,count
detectors,S6_combined,rls,1,10.0,True,S6_combined__rls__seed1__detect_ks,b3cf8d14b3aed8b1d65ab4497dcbfb879dbda2ce1da03bb07f6401c9b4b9bd4a,e68694c868384201c53bdaf13449887c7b05c2ad9ef5f3f7d7b8bf5cddc0bcb0,8cda5fd98865bccfe8601ace6f9a27d5a835513e,n_matched,5002.0,count
detectors,S6_combined,rls,1,10.0,True,S6_combined__rls__seed1__detect_all4,b3cf8d14b3aed8b1d65ab4497dcbfb879dbda2ce1da03bb07f6401c9b4b9bd4a,6c765cc69f3e4bb20e44be0e55caf8daf8c407d7d1c06515349b9d17ec1fddce,8cda5fd98865bccfe8601ace6f9a27d5a835513e,n_matched,5002.0,count
detectors,S6_combined,rls,2,10.0,True,S6_combined__rls__seed2__detect_cusum,e4f7ab87faf6982be139dc8af97757bff8d540d357c41e3d06ec298e4dd75854,f148dc11752161354c3021f05b1fe526c43baf276ba3893e2b36806f990aaf93,8cda5fd98865bccfe8601ace6f9a27d5a835513e,n_matched,5068.0,count
detectors,S6_combined,rls,2,10.0,True,S6_combined__rls__seed2__detect_ph,e4f7ab87faf6982be139dc8af97757bff8d540d357c41e3d06ec298e4dd75854,e5360505f8c49a15eebb5ef47f7d7477818e9b19f26155854e4ff574f74f5811,8cda5fd98865bccfe8601ace6f9a27d5a835513e,n_matched,5068.0,count
detectors,S6_combined,rls,2,10.0,True,S6_combined__rls__seed2__detect_adwin,e4f7ab87faf6982be139dc8af97757bff8d540d357c41e3d06ec298e4dd75854,ba90eb10e4e1f7500a344f9b4e5e676713fa49fa355f420971a75285e0b9c298,8cda5fd98865bccfe8601ace6f9a27d5a835513e,n_matched,5068.0,count
detectors,S6_combined,rls,2,10.0,True,S6_combined__rls__seed2__detect_ks,e4f7ab87faf6982be139dc8af97757bff8d540d357c41e3d06ec298e4dd75854,e68694c868384201c53bdaf13449887c7b05c2ad9ef5f3f7d7b8bf5cddc0bcb0,8cda5fd98865bccfe8601ace6f9a27d5a835513e,n_matched,5068.0,count
detectors,S6_combined,rls,2,10.0,True,S6_combined__rls__seed2__detect_all4,e4f7ab87faf6982be139dc8af97757bff8d540d357c41e3d06ec298e4dd75854,6c765cc69f3e4bb20e44be0e55caf8daf8c407d7d1c06515349b9d17ec1fddce,8cda5fd98865bccfe8601ace6f9a27d5a835513e,n_matched,5068.0,count
detectors,S6_combined,rls,3,10.0,True,S6_combined__rls__seed3__detect_cusum,c371bfebbbdb510b204e19fcaedea3c47a4e8b6d77499f04ee6ac55d13fed988,f148dc11752161354c3021f05b1fe526c43baf276ba3893e2b36806f990aaf93,8cda5fd98865bccfe8601ace6f9a27d5a835513e,n_matched,5054.0,count
detectors,S6_combined,rls,3,10.0,True,S6_combined__rls__seed3__detect_ph,c371bfebbbdb510b204e19fcaedea3c47a4e8b6d77499f04ee6ac55d13fed988,e5360505f8c49a15eebb5ef47f7d7477818e9b19f26155854e4ff574f74f5811,8cda5fd98865bccfe8601ace6f9a27d5a835513e,n_matched,5054.0,count
detectors,S6_combined,rls,3,10.0,True,S6_combined__rls__seed3__detect_adwin,c371bfebbbdb510b204e19fcaedea3c47a4e8b6d77499f04ee6ac55d13fed988,ba90eb10e4e1f7500a344f9b4e5e676713fa49fa355f420971a75285e0b9c298,8cda5fd98865bccfe8601ace6f9a27d5a835513e,n_matched,5054.0,count
detectors,S6_combined,rls,3,10.0,True,S6_combined__rls__seed3__detect_ks,c371bfebbbdb510b204e19fcaedea3c47a4e8b6d77499f04ee6ac55d13fed988,e68694c868384201c53bdaf13449887c7b05c2ad9ef5f3f7d7b8bf5cddc0bcb0,8cda5fd98865bccfe8601ace6f9a27d5a835513e,n_matched,5054.0,count
detectors,S6_combined,rls,3,10.0,True,S6_combined__rls__seed3__detect_all4,c371bfebbbdb510b204e19fcaedea3c47a4e8b6d77499f04ee6ac55d13fed988,6c765cc69f3e4bb20e44be0e55caf8daf8c407d7d1c06515349b9d17ec1fddce,8cda5fd98865bccfe8601ace6f9a27d5a835513e,n_matched,5054.0,count
detectors,S6_combined,rls,4,10.0,True,S6_combined__rls__seed4__detect_cusum,091893e2b20fe4f1f4ec71b10a24db6c43dabefaa37c7ef75c67f5a78f00f2b7,f148dc11752161354c3021f05b1fe526c43baf276ba3893e2b36806f990aaf93,8cda5fd98865bccfe8601ace6f9a27d5a835513e,n_matched,5070.0,count
detectors,S6_combined,rls,4,10.0,True,S6_combined__rls__seed4__detect_ph,091893e2b20fe4f1f4ec71b10a24db6c43dabefaa37c7ef75c67f5a78f00f2b7,e5360505f8c49a15eebb5ef47f7d7477818e9b19f26155854e4ff574f74f5811,8cda5fd98865bccfe8601ace6f9a27d5a835513e,n_matched,5070.0,count
detectors,S6_combined,rls,4,10.0,True,S6_combined__rls__seed4__detect_adwin,091893e2b20fe4f1f4ec71b10a24db6c43dabefaa37c7ef75c67f5a78f00f2b7,ba90eb10e4e1f7500a344f9b4e5e676713fa49fa355f420971a75285e0b9c298,8cda5fd98865bccfe8601ace6f9a27d5a835513e,n_matched,5070.0,count
detectors,S6_combined,rls,4,10.0,True,S6_combined__rls__seed4__detect_ks,091893e2b20fe4f1f4ec71b10a24db6c43dabefaa37c7ef75c67f5a78f00f2b7,e68694c868384201c53bdaf13449887c7b05c2ad9ef5f3f7d7b8bf5cddc0bcb0,8cda5fd98865bccfe8601ace6f9a27d5a835513e,n_matched,5070.0,count
detectors,S6_combined,rls,4,10.0,True,S6_combined__rls__seed4__detect_all4,091893e2b20fe4f1f4ec71b10a24db6c43dabefaa37c7ef75c67f5a78f00f2b7,6c765cc69f3e4bb20e44be0e55caf8daf8c407d7d1c06515349b9d17ec1fddce,8cda5fd98865bccfe8601ace6f9a27d5a835513e,n_matched,5070.0,count
detectors,S6_combined,rls,5,10.0,True,S6_combined__rls__seed5__detect_cusum,c1d9d4a7d46d9a42ad59de704b5ae8b21c9bf2f17d4576d9bfa6e10e6c6f4b13,f148dc11752161354c3021f05b1fe526c43baf276ba3893e2b36806f990aaf93,8cda5fd98865bccfe8601ace6f9a27d5a835513e,n_matched,5041.0,count
detectors,S6_combined,rls,5,10.0,True,S6_combined__rls__seed5__detect_ph,c1d9d4a7d46d9a42ad59de704b5ae8b21c9bf2f17d4576d9bfa6e10e6c6f4b13,e5360505f8c49a15eebb5ef47f7d7477818e9b19f26155854e4ff574f74f5811,8cda5fd98865bccfe8601ace6f9a27d5a835513e,n_matched,5041.0,count
detectors,S6_combined,rls,5,10.0,True,S6_combined__rls__seed5__detect_adwin,c1d9d4a7d46d9a42ad59de704b5ae8b21c9bf2f17d4576d9bfa6e10e6c6f4b13,ba90eb10e4e1f7500a344f9b4e5e676713fa49fa355f420971a75285e0b9c298,8cda5fd98865bccfe8601ace6f9a27d5a835513e,n_matched,5041.0,count
detectors,S6_combined,rls,5,10.0,True,S6_combined__rls__seed5__detect_ks,c1d9d4a7d46d9a42ad59de704b5ae8b21c9bf2f17d4576d9bfa6e10e6c6f4b13,e68694c868384201c53bdaf13449887c7b05c2ad9ef5f3f7d7b8bf5cddc0bcb0,8cda5fd98865bccfe8601ace6f9a27d5a835513e,n_matched,5041.0,count
detectors,S6_combined,rls,5,10.0,True,S6_combined__rls__seed5__detect_all4,c1d9d4a7d46d9a42ad59de704b5ae8b21c9bf2f17d4576d9bfa6e10e6c6f4b13,6c765cc69f3e4bb20e44be0e55caf8daf8c407d7d1c06515349b9d17ec1fddce,8cda5fd98865bccfe8601ace6f9a27d5a835513e,n_matched,5041.0,count
detectors,S6_combined,rls,6,10.0,True,S6_combined__rls__seed6__detect_cusum,8fbcb1374a66e26dea4a0e8dbcf64db42ebcd88dd11b5cd3bb5d44e8d4b0665a,f148dc11752161354c3021f05b1fe526c43baf276ba3893e2b36806f990aaf93,8cda5fd98865bccfe8601ace6f9a27d5a835513e,n_matched,4968.0,count
detectors,S6_combined,rls,6,10.0,True,S6_combined__rls__seed6__detect_ph,8fbcb1374a66e26dea4a0e8dbcf64db42ebcd88dd11b5cd3bb5d44e8d4b0665a,e5360505f8c49a15eebb5ef47f7d7477818e9b19f26155854e4ff574f74f5811,8cda5fd98865bccfe8601ace6f9a27d5a835513e,n_matched,4968.0,count
detectors,S6_combined,rls,6,10.0,True,S6_combined__rls__seed6__detect_adwin,8fbcb1374a66e26dea4a0e8dbcf64db42ebcd88dd11b5cd3bb5d44e8d4b0665a,ba90eb10e4e1f7500a344f9b4e5e676713fa49fa355f420971a75285e0b9c298,8cda5fd98865bccfe8601ace6f9a27d5a835513e,n_matched,4968.0,count
detectors,S6_combined,rls,6,10.0,True,S6_combined__rls__seed6__detect_ks,8fbcb1374a66e26dea4a0e8dbcf64db42ebcd88dd11b5cd3bb5d44e8d4b0665a,e68694c868384201c53bdaf13449887c7b05c2ad9ef5f3f7d7b8bf5cddc0bcb0,8cda5fd98865bccfe8601ace6f9a27d5a835513e,n_matched,4968.0,count
detectors,S6_combined,rls,6,10.0,True,S6_combined__rls__seed6__detect_all4,8fbcb1374a66e26dea4a0e8dbcf64db42ebcd88dd11b5cd3bb5d44e8d4b0665a,6c765cc69f3e4bb20e44be0e55caf8daf8c407d7d1c06515349b9d17ec1fddce,8cda5fd98865bccfe8601ace6f9a27d5a835513e,n_matched,4968.0,count
detectors,S6_combined,rls,7,10.0,True,S6_combined__rls__seed7__detect_cusum,eb12037c60287858e9925e83fcaf2aa6789246ee5a2aa0c936402930de58eb1c,f148dc11752161354c3021f05b1fe526c43baf276ba3893e2b36806f990aaf93,8cda5fd98865bccfe8601ace6f9a27d5a835513e,n_matched,4904.0,count
detectors,S6_combined,rls,7,10.0,True,S6_combined__rls__seed7__detect_ph,eb12037c60287858e9925e83fcaf2aa6789246ee5a2aa0c936402930de58eb1c,e5360505f8c49a15eebb5ef47f7d7477818e9b19f26155854e4ff574f74f5811,8cda5fd98865bccfe8601ace6f9a27d5a835513e,n_matched,4904.0,count
detectors,S6_combined,rls,7,10.0,True,S6_combined__rls__seed7__detect_adwin,eb12037c60287858e9925e83fcaf2aa6789246ee5a2aa0c936402930de58eb1c,ba90eb10e4e1f7500a344f9b4e5e676713fa49fa355f420971a75285e0b9c298,8cda5fd98865bccfe8601ace6f9a27d5a835513e,n_matched,4904.0,count
detectors,S6_combined,rls,7,10.0,True,S6_combined__rls__seed7__detect_ks,eb12037c60287858e9925e83fcaf2aa6789246ee5a2aa0c936402930de58eb1c,e68694c868384201c53bdaf13449887c7b05c2ad9ef5f3f7d7b8bf5cddc0bcb0,8cda5fd98865bccfe8601ace6f9a27d5a835513e,n_matched,4904.0,count
detectors,S6_combined,rls,7,10.0,True,S6_combined__rls__seed7__detect_all4,eb12037c60287858e9925e83fcaf2aa6789246ee5a2aa0c936402930de58eb1c,6c765cc69f3e4bb20e44be0e55caf8daf8c407d7d1c06515349b9d17ec1fddce,8cda5fd98865bccfe8601ace6f9a27d5a835513e,n_matched,4904.0,count
detectors,S6_combined,rls,8,10.0,True,S6_combined__rls__seed8__detect_cusum,da4740837e6cf85b5c7d22d84cf556133cbff181edcbfd4d107db823d7c1f164,f148dc11752161354c3021f05b1fe526c43baf276ba3893e2b36806f990aaf93,8cda5fd98865bccfe8601ace6f9a27d5a835513e,n_matched,5035.0,count
detectors,S6_combined,rls,8,10.0,True,S6_combined__rls__seed8__detect_ph,da4740837e6cf85b5c7d22d84cf556133cbff181edcbfd4d107db823d7c1f164,e5360505f8c49a15eebb5ef47f7d7477818e9b19f26155854e4ff574f74f5811,8cda5fd98865bccfe8601ace6f9a27d5a835513e,n_matched,5035.0,count
detectors,S6_combined,rls,8,10.0,True,S6_combined__rls__seed8__detect_adwin,da4740837e6cf85b5c7d22d84cf556133cbff181edcbfd4d107db823d7c1f164,ba90eb10e4e1f7500a344f9b4e5e676713fa49fa355f420971a75285e0b9c298,8cda5fd98865bccfe8601ace6f9a27d5a835513e,n_matched,5035.0,count
detectors,S6_combined,rls,8,10.0,True,S6_combined__rls__seed8__detect_ks,da4740837e6cf85b5c7d22d84cf556133cbff181edcbfd4d107db823d7c1f164,e68694c868384201c53bdaf13449887c7b05c2ad9ef5f3f7d7b8bf5cddc0bcb0,8cda5fd98865bccfe8601ace6f9a27d5a835513e,n_matched,5035.0,count
detectors,S6_combined,rls,8,10.0,True,S6_combined__rls__seed8__detect_all4,da4740837e6cf85b5c7d22d84cf556133cbff181edcbfd4d107db823d7c1f164,6c765cc69f3e4bb20e44be0e55caf8daf8c407d7d1c06515349b9d17ec1fddce,8cda5fd98865bccfe8601ace6f9a27d5a835513e,n_matched,5035.0,count
detectors,S6_combined,rls,9,10.0,True,S6_combined__rls__seed9__detect_cusum,29718e114c21c01b04a983f185bbf01430cfac8dd9e8b5808281b0434dac26fc,f148dc11752161354c3021f05b1fe526c43baf276ba3893e2b36806f990aaf93,8cda5fd98865bccfe8601ace6f9a27d5a835513e,n_matched,4911.0,count
detectors,S6_combined,rls,9,10.0,True,S6_combined__rls__seed9__detect_ph,29718e114c21c01b04a983f185bbf01430cfac8dd9e8b5808281b0434dac26fc,e5360505f8c49a15eebb5ef47f7d7477818e9b19f26155854e4ff574f74f5811,8cda5fd98865bccfe8601ace6f9a27d5a835513e,n_matched,4911.0,count
detectors,S6_combined,rls,9,10.0,True,S6_combined__rls__seed9__detect_adwin,29718e114c21c01b04a983f185bbf01430cfac8dd9e8b5808281b0434dac26fc,ba90eb10e4e1f7500a344f9b4e5e676713fa49fa355f420971a75285e0b9c298,8cda5fd98865bccfe8601ace6f9a27d5a835513e,n_matched,4911.0,count
detectors,S6_combined,rls,9,10.0,True,S6_combined__rls__seed9__detect_ks,29718e114c21c01b04a983f185bbf01430cfac8dd9e8b5808281b0434dac26fc,e68694c868384201c53bdaf13449887c7b05c2ad9ef5f3f7d7b8bf5cddc0bcb0,8cda5fd98865bccfe8601ace6f9a27d5a835513e,n_matched,4911.0,count
detectors,S6_combined,rls,9,10.0,True,S6_combined__rls__seed9__detect_all4,29718e114c21c01b04a983f185bbf01430cfac8dd9e8b5808281b0434dac26fc,6c765cc69f3e4bb20e44be0e55caf8daf8c407d7d1c06515349b9d17ec1fddce,8cda5fd98865bccfe8601ace6f9a27d5a835513e,n_matched,4911.0,count
detectors,S6_combined,rls,10,10.0,True,S6_combined__rls__seed10__detect_cusum,4054ab96937dfc6eef3c9c4f46347db001fd4eea59432509f786c95b51d12234,f148dc11752161354c3021f05b1fe526c43baf276ba3893e2b36806f990aaf93,8cda5fd98865bccfe8601ace6f9a27d5a835513e,n_matched,4990.0,count
detectors,S6_combined,rls,10,10.0,True,S6_combined__rls__seed10__detect_ph,4054ab96937dfc6eef3c9c4f46347db001fd4eea59432509f786c95b51d12234,e5360505f8c49a15eebb5ef47f7d7477818e9b19f26155854e4ff574f74f5811,8cda5fd98865bccfe8601ace6f9a27d5a835513e,n_matched,4990.0,count
detectors,S6_combined,rls,10,10.0,True,S6_combined__rls__seed10__detect_adwin,4054ab96937dfc6eef3c9c4f46347db001fd4eea59432509f786c95b51d12234,ba90eb10e4e1f7500a344f9b4e5e676713fa49fa355f420971a75285e0b9c298,8cda5fd98865bccfe8601ace6f9a27d5a835513e,n_matched,4990.0,count
detectors,S6_combined,rls,10,10.0,True,S6_combined__rls__seed10__detect_ks,4054ab96937dfc6eef3c9c4f46347db001fd4eea59432509f786c95b51d12234,e68694c868384201c53bdaf13449887c7b05c2ad9ef5f3f7d7b8bf5cddc0bcb0,8cda5fd98865bccfe8601ace6f9a27d5a835513e,n_matched,4990.0,count
detectors,S6_combined,rls,10,10.0,True,S6_combined__rls__seed10__detect_all4,4054ab96937dfc6eef3c9c4f46347db001fd4eea59432509f786c95b51d12234,6c765cc69f3e4bb20e44be0e55caf8daf8c407d7d1c06515349b9d17ec1fddce,8cda5fd98865bccfe8601ace6f9a27d5a835513e,n_matched,4990.0,count
detectors,S4_step_fault,rls,1,10.0,True,S4_step_fault__rls__seed1__detect_cusum,7d29a6d7dca932314e512c265e0e559ec6cc02e548aa25349a95d1f29dbf9ef1,f148dc11752161354c3021f05b1fe526c43baf276ba3893e2b36806f990aaf93,8cda5fd98865bccfe8601ace6f9a27d5a835513e,n_detected,3452.0,count
detectors,S4_step_fault,rls,1,10.0,True,S4_step_fault__rls__seed1__detect_ph,7d29a6d7dca932314e512c265e0e559ec6cc02e548aa25349a95d1f29dbf9ef1,e5360505f8c49a15eebb5ef47f7d7477818e9b19f26155854e4ff574f74f5811,8cda5fd98865bccfe8601ace6f9a27d5a835513e,n_detected,3452.0,count
detectors,S4_step_fault,rls,1,10.0,True,S4_step_fault__rls__seed1__detect_adwin,7d29a6d7dca932314e512c265e0e559ec6cc02e548aa25349a95d1f29dbf9ef1,ba90eb10e4e1f7500a344f9b4e5e676713fa49fa355f420971a75285e0b9c298,8cda5fd98865bccfe8601ace6f9a27d5a835513e,n_detected,3452.0,count
detectors,S4_step_fault,rls,1,10.0,True,S4_step_fault__rls__seed1__detect_ks,7d29a6d7dca932314e512c265e0e559ec6cc02e548aa25349a95d1f29dbf9ef1,e68694c868384201c53bdaf13449887c7b05c2ad9ef5f3f7d7b8bf5cddc0bcb0,8cda5fd98865bccfe8601ace6f9a27d5a835513e,n_detected,3452.0,count
detectors,S4_step_fault,rls,1,10.0,True,S4_step_fault__rls__seed1__detect_all4,7d29a6d7dca932314e512c265e0e559ec6cc02e548aa25349a95d1f29dbf9ef1,6c765cc69f3e4bb20e44be0e55caf8daf8c407d7d1c06515349b9d17ec1fddce,8cda5fd98865bccfe8601ace6f9a27d5a835513e,n_detected,3452.0,count
detectors,S4_step_fault,rls,2,10.0,True,S4_step_fault__rls__seed2__detect_cusum,adc80992e5ad2b0074c2ccb5fd189429c3fd11d2d51d242aa1caec078b0db1d2,f148dc11752161354c3021f05b1fe526c43baf276ba3893e2b36806f990aaf93,8cda5fd98865bccfe8601ace6f9a27d5a835513e,n_detected,3544.0,count
detectors,S4_step_fault,rls,2,10.0,True,S4_step_fault__rls__seed2__detect_ph,adc80992e5ad2b0074c2ccb5fd189429c3fd11d2d51d242aa1caec078b0db1d2,e5360505f8c49a15eebb5ef47f7d7477818e9b19f26155854e4ff574f74f5811,8cda5fd98865bccfe8601ace6f9a27d5a835513e,n_detected,3544.0,count
detectors,S4_step_fault,rls,2,10.0,True,S4_step_fault__rls__seed2__detect_adwin,adc80992e5ad2b0074c2ccb5fd189429c3fd11d2d51d242aa1caec078b0db1d2,ba90eb10e4e1f7500a344f9b4e5e676713fa49fa355f420971a75285e0b9c298,8cda5fd98865bccfe8601ace6f9a27d5a835513e,n_detected,3544.0,count
detectors,S4_step_fault,rls,2,10.0,True,S4_step_fault__rls__seed2__detect_ks,adc80992e5ad2b0074c2ccb5fd189429c3fd11d2d51d242aa1caec078b0db1d2,e68694c868384201c53bdaf13449887c7b05c2ad9ef5f3f7d7b8bf5cddc0bcb0,8cda5fd98865bccfe8601ace6f9a27d5a835513e,n_detected,3544.0,count
detectors,S4_step_fault,rls,2,10.0,True,S4_step_fault__rls__seed2__detect_all4,adc80992e5ad2b0074c2ccb5fd189429c3fd11d2d51d242aa1caec078b0db1d2,6c765cc69f3e4bb20e44be0e55caf8daf8c407d7d1c06515349b9d17ec1fddce,8cda5fd98865bccfe8601ace6f9a27d5a835513e,n_detected,3544.0,count
detectors,S4_step_fault,rls,3,10.0,True,S4_step_fault__rls__seed3__detect_cusum,755a0aa70d2f3fe05534c8cb137d5df18ed16325d4692fc840c3daee2c8a8c92,f148dc11752161354c3021f05b1fe526c43baf276ba3893e2b36806f990aaf93,8cda5fd98865bccfe8601ace6f9a27d5a835513e,n_detected,3580.0,count
detectors,S4_step_fault,rls,3,10.0,True,S4_step_fault__rls__seed3__detect_ph,755a0aa70d2f3fe05534c8cb137d5df18ed16325d4692fc840c3daee2c8a8c92,e5360505f8c49a15eebb5ef47f7d7477818e9b19f26155854e4ff574f74f5811,8cda5fd98865bccfe8601ace6f9a27d5a835513e,n_detected,3580.0,count
detectors,S4_step_fault,rls,3,10.0,True,S4_step_fault__rls__seed3__detect_adwin,755a0aa70d2f3fe05534c8cb137d5df18ed16325d4692fc840c3daee2c8a8c92,ba90eb10e4e1f7500a344f9b4e5e676713fa49fa355f420971a75285e0b9c298,8cda5fd98865bccfe8601ace6f9a27d5a835513e,n_detected,3580.0,count
detectors,S4_step_fault,rls,3,10.0,True,S4_step_fault__rls__seed3__detect_ks,755a0aa70d2f3fe05534c8cb137d5df18ed16325d4692fc840c3daee2c8a8c92,e68694c868384201c53bdaf13449887c7b05c2ad9ef5f3f7d7b8bf5cddc0bcb0,8cda5fd98865bccfe8601ace6f9a27d5a835513e,n_detected,3580.0,count
detectors,S4_step_fault,rls,3,10.0,True,S4_step_fault__rls__seed3__detect_all4,755a0aa70d2f3fe05534c8cb137d5df18ed16325d4692fc840c3daee2c8a8c92,6c765cc69f3e4bb20e44be0e55caf8daf8c407d7d1c06515349b9d17ec1fddce,8cda5fd98865bccfe8601ace6f9a27d5a835513e,n_detected,3580.0,count
detectors,S4_step_fault,rls,4,10.0,True,S4_step_fault__rls__seed4__detect_cusum,57d0146db86c059173927b479ffa5908a6e01f3cdeb9f10b63e58e983cd88fb2,f148dc11752161354c3021f05b1fe526c43baf276ba3893e2b36806f990aaf93,8cda5fd98865bccfe8601ace6f9a27d5a835513e,n_detected,3569.0,count
detectors,S4_step_fault,rls,4,10.0,True,S4_step_fault__rls__seed4__detect_ph,57d0146db86c059173927b479ffa5908a6e01f3cdeb9f10b63e58e983cd88fb2,e5360505f8c49a15eebb5ef47f7d7477818e9b19f26155854e4ff574f74f5811,8cda5fd98865bccfe8601ace6f9a27d5a835513e,n_detected,3569.0,count
detectors,S4_step_fault,rls,4,10.0,True,S4_step_fault__rls__seed4__detect_adwin,57d0146db86c059173927b479ffa5908a6e01f3cdeb9f10b63e58e983cd88fb2,ba90eb10e4e1f7500a344f9b4e5e676713fa49fa355f420971a75285e0b9c298,8cda5fd98865bccfe8601ace6f9a27d5a835513e,n_detected,3569.0,count
detectors,S4_step_fault,rls,4,10.0,True,S4_step_fault__rls__seed4__detect_ks,57d0146db86c059173927b479ffa5908a6e01f3cdeb9f10b63e58e983cd88fb2,e68694c868384201c53bdaf13449887c7b05c2ad9ef5f3f7d7b8bf5cddc0bcb0,8cda5fd98865bccfe8601ace6f9a27d5a835513e,n_detected,3569.0,count
detectors,S4_step_fault,rls,4,10.0,True,S4_step_fault__rls__seed4__detect_all4,57d0146db86c059173927b479ffa5908a6e01f3cdeb9f10b63e58e983cd88fb2,6c765cc69f3e4bb20e44be0e55caf8daf8c407d7d1c06515349b9d17ec1fddce,8cda5fd98865bccfe8601ace6f9a27d5a835513e,n_detected,3569.0,count
detectors,S4_step_fault,rls,5,10.0,True,S4_step_fault__rls__seed5__detect_cusum,1efe02364dacd47e4d9a937957614582b8530ef56f2b525678988666500727b7,f148dc11752161354c3021f05b1fe526c43baf276ba3893e2b36806f990aaf93,8cda5fd98865bccfe8601ace6f9a27d5a835513e,n_detected,3552.0,count
detectors,S4_step_fault,rls,5,10.0,True,S4_step_fault__rls__seed5__detect_ph,1efe02364dacd47e4d9a937957614582b8530ef56f2b525678988666500727b7,e5360505f8c49a15eebb5ef47f7d7477818e9b19f26155854e4ff574f74f5811,8cda5fd98865bccfe8601ace6f9a27d5a835513e,n_detected,3552.0,count
detectors,S4_step_fault,rls,5,10.0,True,S4_step_fault__rls__seed5__detect_adwin,1efe02364dacd47e4d9a937957614582b8530ef56f2b525678988666500727b7,ba90eb10e4e1f7500a344f9b4e5e676713fa49fa355f420971a75285e0b9c298,8cda5fd98865bccfe8601ace6f9a27d5a835513e,n_detected,3552.0,count
detectors,S4_step_fault,rls,5,10.0,True,S4_step_fault__rls__seed5__detect_ks,1efe02364dacd47e4d9a937957614582b8530ef56f2b525678988666500727b7,e68694c868384201c53bdaf13449887c7b05c2ad9ef5f3f7d7b8bf5cddc0bcb0,8cda5fd98865bccfe8601ace6f9a27d5a835513e,n_detected,3552.0,count
detectors,S4_step_fault,rls,5,10.0,True,S4_step_fault__rls__seed5__detect_all4,1efe02364dacd47e4d9a937957614582b8530ef56f2b525678988666500727b7,6c765cc69f3e4bb20e44be0e55caf8daf8c407d7d1c06515349b9d17ec1fddce,8cda5fd98865bccfe8601ace6f9a27d5a835513e,n_detected,3552.0,count
detectors,S4_step_fault,rls,6,10.0,True,S4_step_fault__rls__seed6__detect_cusum,edb8fb013b7aeb64e877b749783afa62d6864702f69cf9e7c539d6cd9df4f86d,f148dc11752161354c3021f05b1fe526c43baf276ba3893e2b36806f990aaf93,8cda5fd98865bccfe8601ace6f9a27d5a835513e,n_detected,3513.0,count
detectors,S4_step_fault,rls,6,10.0,True,S4_step_fault__rls__seed6__detect_ph,edb8fb013b7aeb64e877b749783afa62d6864702f69cf9e7c539d6cd9df4f86d,e5360505f8c49a15eebb5ef47f7d7477818e9b19f26155854e4ff574f74f5811,8cda5fd98865bccfe8601ace6f9a27d5a835513e,n_detected,3513.0,count
detectors,S4_step_fault,rls,6,10.0,True,S4_step_fault__rls__seed6__detect_adwin,edb8fb013b7aeb64e877b749783afa62d6864702f69cf9e7c539d6cd9df4f86d,ba90eb10e4e1f7500a344f9b4e5e676713fa49fa355f420971a75285e0b9c298,8cda5fd98865bccfe8601ace6f9a27d5a835513e,n_detected,3513.0,count
detectors,S4_step_fault,rls,6,10.0,True,S4_step_fault__rls__seed6__detect_ks,edb8fb013b7aeb64e877b749783afa62d6864702f69cf9e7c539d6cd9df4f86d,e68694c868384201c53bdaf13449887c7b05c2ad9ef5f3f7d7b8bf5cddc0bcb0,8cda5fd98865bccfe8601ace6f9a27d5a835513e,n_detected,3513.0,count
detectors,S4_step_fault,rls,6,10.0,True,S4_step_fault__rls__seed6__detect_all4,edb8fb013b7aeb64e877b749783afa62d6864702f69cf9e7c539d6cd9df4f86d,6c765cc69f3e4bb20e44be0e55caf8daf8c407d7d1c06515349b9d17ec1fddce,8cda5fd98865bccfe8601ace6f9a27d5a835513e,n_detected,3513.0,count
detectors,S4_step_fault,rls,7,10.0,True,S4_step_fault__rls__seed7__detect_cusum,5cf17843f3bfe6e9f5ce0f88df6e9f0fa19691e7d0781a28d2e0071debfacd13,f148dc11752161354c3021f05b1fe526c43baf276ba3893e2b36806f990aaf93,8cda5fd98865bccfe8601ace6f9a27d5a835513e,n_detected,3429.0,count
detectors,S4_step_fault,rls,7,10.0,True,S4_step_fault__rls__seed7__detect_ph,5cf17843f3bfe6e9f5ce0f88df6e9f0fa19691e7d0781a28d2e0071debfacd13,e5360505f8c49a15eebb5ef47f7d7477818e9b19f26155854e4ff574f74f5811,8cda5fd98865bccfe8601ace6f9a27d5a835513e,n_detected,3429.0,count
detectors,S4_step_fault,rls,7,10.0,True,S4_step_fault__rls__seed7__detect_adwin,5cf17843f3bfe6e9f5ce0f88df6e9f0fa19691e7d0781a28d2e0071debfacd13,ba90eb10e4e1f7500a344f9b4e5e676713fa49fa355f420971a75285e0b9c298,8cda5fd98865bccfe8601ace6f9a27d5a835513e,n_detected,3429.0,count
detectors,S4_step_fault,rls,7,10.0,True,S4_step_fault__rls__seed7__detect_ks,5cf17843f3bfe6e9f5ce0f88df6e9f0fa19691e7d0781a28d2e0071debfacd13,e68694c868384201c53bdaf13449887c7b05c2ad9ef5f3f7d7b8bf5cddc0bcb0,8cda5fd98865bccfe8601ace6f9a27d5a835513e,n_detected,3429.0,count
detectors,S4_step_fault,rls,7,10.0,True,S4_step_fault__rls__seed7__detect_all4,5cf17843f3bfe6e9f5ce0f88df6e9f0fa19691e7d0781a28d2e0071debfacd13,6c765cc69f3e4bb20e44be0e55caf8daf8c407d7d1c06515349b9d17ec1fddce,8cda5fd98865bccfe8601ace6f9a27d5a835513e,n_detected,3429.0,count
detectors,S4_step_fault,rls,8,10.0,True,S4_step_fault__rls__seed8__detect_cusum,4471998ed306e877216c6c1b12b8ba9d62e309093746866fb7f4d683dd3b0138,f148dc11752161354c3021f05b1fe526c43baf276ba3893e2b36806f990aaf93,8cda5fd98865bccfe8601ace6f9a27d5a835513e,n_detected,3526.0,count
detectors,S4_step_fault,rls,8,10.0,True,S4_step_fault__rls__seed8__detect_ph,4471998ed306e877216c6c1b12b8ba9d62e309093746866fb7f4d683dd3b0138,e5360505f8c49a15eebb5ef47f7d7477818e9b19f26155854e4ff574f74f5811,8cda5fd98865bccfe8601ace6f9a27d5a835513e,n_detected,3526.0,count
detectors,S4_step_fault,rls,8,10.0,True,S4_step_fault__rls__seed8__detect_adwin,4471998ed306e877216c6c1b12b8ba9d62e309093746866fb7f4d683dd3b0138,ba90eb10e4e1f7500a344f9b4e5e676713fa49fa355f420971a75285e0b9c298,8cda5fd98865bccfe8601ace6f9a27d5a835513e,n_detected,3526.0,count
detectors,S4_step_fault,rls,8,10.0,True,S4_step_fault__rls__seed8__detect_ks,4471998ed306e877216c6c1b12b8ba9d62e309093746866fb7f4d683dd3b0138,e68694c868384201c53bdaf13449887c7b05c2ad9ef5f3f7d7b8bf5cddc0bcb0,8cda5fd98865bccfe8601ace6f9a27d5a835513e,n_detected,3526.0,count
detectors,S4_step_fault,rls,8,10.0,True,S4_step_fault__rls__seed8__detect_all4,4471998ed306e877216c6c1b12b8ba9d62e309093746866fb7f4d683dd3b0138,6c765cc69f3e4bb20e44be0e55caf8daf8c407d7d1c06515349b9d17ec1fddce,8cda5fd98865bccfe8601ace6f9a27d5a835513e,n_detected,3526.0,count
detectors,S4_step_fault,rls,9,10.0,True,S4_step_fault__rls__seed9__detect_cusum,af86278540fa1654a3e5819e52691400963a2f43bbaf4be0dd151148c2836411,f148dc11752161354c3021f05b1fe526c43baf276ba3893e2b36806f990aaf93,8cda5fd98865bccfe8601ace6f9a27d5a835513e,n_detected,3457.0,count
detectors,S4_step_fault,rls,9,10.0,True,S4_step_fault__rls__seed9__detect_ph,af86278540fa1654a3e5819e52691400963a2f43bbaf4be0dd151148c2836411,e5360505f8c49a15eebb5ef47f7d7477818e9b19f26155854e4ff574f74f5811,8cda5fd98865bccfe8601ace6f9a27d5a835513e,n_detected,3457.0,count
detectors,S4_step_fault,rls,9,10.0,True,S4_step_fault__rls__seed9__detect_adwin,af86278540fa1654a3e5819e52691400963a2f43bbaf4be0dd151148c2836411,ba90eb10e4e1f7500a344f9b4e5e676713fa49fa355f420971a75285e0b9c298,8cda5fd98865bccfe8601ace6f9a27d5a835513e,n_detected,3457.0,count
detectors,S4_step_fault,rls,9,10.0,True,S4_step_fault__rls__seed9__detect_ks,af86278540fa1654a3e5819e52691400963a2f43bbaf4be0dd151148c2836411,e68694c868384201c53bdaf13449887c7b05c2ad9ef5f3f7d7b8bf5cddc0bcb0,8cda5fd98865bccfe8601ace6f9a27d5a835513e,n_detected,3457.0,count
detectors,S4_step_fault,rls,9,10.0,True,S4_step_fault__rls__seed9__detect_all4,af86278540fa1654a3e5819e52691400963a2f43bbaf4be0dd151148c2836411,6c765cc69f3e4bb20e44be0e55caf8daf8c407d7d1c06515349b9d17ec1fddce,8cda5fd98865bccfe8601ace6f9a27d5a835513e,n_detected,3457.0,count
detectors,S4_step_fault,rls,10,10.0,True,S4_step_fault__rls__seed10__detect_cusum,b97f4fa67d55b0a4900a4dc84b9f38b152ab85aa07d9118de95bac234f41360d,f148dc11752161354c3021f05b1fe526c43baf276ba3893e2b36806f990aaf93,8cda5fd98865bccfe8601ace6f9a27d5a835513e,n_detected,3488.0,count
detectors,S4_step_fault,rls,10,10.0,True,S4_step_fault__rls__seed10__detect_ph,b97f4fa67d55b0a4900a4dc84b9f38b152ab85aa07d9118de95bac234f41360d,e5360505f8c49a15eebb5ef47f7d7477818e9b19f26155854e4ff574f74f5811,8cda5fd98865bccfe8601ace6f9a27d5a835513e,n_detected,3488.0,count
detectors,S4_step_fault,rls,10,10.0,True,S4_step_fault__rls__seed10__detect_adwin,b97f4fa67d55b0a4900a4dc84b9f38b152ab85aa07d9118de95bac234f41360d,ba90eb10e4e1f7500a344f9b4e5e676713fa49fa355f420971a75285e0b9c298,8cda5fd98865bccfe8601ace6f9a27d5a835513e,n_detected,3488.0,count
detectors,S4_step_fault,rls,10,10.0,True,S4_step_fault__rls__seed10__detect_ks,b97f4fa67d55b0a4900a4dc84b9f38b152ab85aa07d9118de95bac234f41360d,e68694c868384201c53bdaf13449887c7b05c2ad9ef5f3f7d7b8bf5cddc0bcb0,8cda5fd98865bccfe8601ace6f9a27d5a835513e,n_detected,3488.0,count
detectors,S4_step_fault,rls,10,10.0,True,S4_step_fault__rls__seed10__detect_all4,b97f4fa67d55b0a4900a4dc84b9f38b152ab85aa07d9118de95bac234f41360d,6c765cc69f3e4bb20e44be0e55caf8daf8c407d7d1c06515349b9d17ec1fddce,8cda5fd98865bccfe8601ace6f9a27d5a835513e,n_detected,3488.0,count
detectors,S6_combined,rls,1,10.0,True,S6_combined__rls__seed1__detect_cusum,b3cf8d14b3aed8b1d65ab4497dcbfb879dbda2ce1da03bb07f6401c9b4b9bd4a,f148dc11752161354c3021f05b1fe526c43baf276ba3893e2b36806f990aaf93,8cda5fd98865bccfe8601ace6f9a27d5a835513e,n_detected,9622.0,count
detectors,S6_combined,rls,1,10.0,True,S6_combined__rls__seed1__detect_ph,b3cf8d14b3aed8b1d65ab4497dcbfb879dbda2ce1da03bb07f6401c9b4b9bd4a,e5360505f8c49a15eebb5ef47f7d7477818e9b19f26155854e4ff574f74f5811,8cda5fd98865bccfe8601ace6f9a27d5a835513e,n_detected,9622.0,count
detectors,S6_combined,rls,1,10.0,True,S6_combined__rls__seed1__detect_adwin,b3cf8d14b3aed8b1d65ab4497dcbfb879dbda2ce1da03bb07f6401c9b4b9bd4a,ba90eb10e4e1f7500a344f9b4e5e676713fa49fa355f420971a75285e0b9c298,8cda5fd98865bccfe8601ace6f9a27d5a835513e,n_detected,9622.0,count
detectors,S6_combined,rls,1,10.0,True,S6_combined__rls__seed1__detect_ks,b3cf8d14b3aed8b1d65ab4497dcbfb879dbda2ce1da03bb07f6401c9b4b9bd4a,e68694c868384201c53bdaf13449887c7b05c2ad9ef5f3f7d7b8bf5cddc0bcb0,8cda5fd98865bccfe8601ace6f9a27d5a835513e,n_detected,9622.0,count
detectors,S6_combined,rls,1,10.0,True,S6_combined__rls__seed1__detect_all4,b3cf8d14b3aed8b1d65ab4497dcbfb879dbda2ce1da03bb07f6401c9b4b9bd4a,6c765cc69f3e4bb20e44be0e55caf8daf8c407d7d1c06515349b9d17ec1fddce,8cda5fd98865bccfe8601ace6f9a27d5a835513e,n_detected,9622.0,count
detectors,S6_combined,rls,2,10.0,True,S6_combined__rls__seed2__detect_cusum,e4f7ab87faf6982be139dc8af97757bff8d540d357c41e3d06ec298e4dd75854,f148dc11752161354c3021f05b1fe526c43baf276ba3893e2b36806f990aaf93,8cda5fd98865bccfe8601ace6f9a27d5a835513e,n_detected,9597.0,count
detectors,S6_combined,rls,2,10.0,True,S6_combined__rls__seed2__detect_ph,e4f7ab87faf6982be139dc8af97757bff8d540d357c41e3d06ec298e4dd75854,e5360505f8c49a15eebb5ef47f7d7477818e9b19f26155854e4ff574f74f5811,8cda5fd98865bccfe8601ace6f9a27d5a835513e,n_detected,9597.0,count
detectors,S6_combined,rls,2,10.0,True,S6_combined__rls__seed2__detect_adwin,e4f7ab87faf6982be139dc8af97757bff8d540d357c41e3d06ec298e4dd75854,ba90eb10e4e1f7500a344f9b4e5e676713fa49fa355f420971a75285e0b9c298,8cda5fd98865bccfe8601ace6f9a27d5a835513e,n_detected,9597.0,count
detectors,S6_combined,rls,2,10.0,True,S6_combined__rls__seed2__detect_ks,e4f7ab87faf6982be139dc8af97757bff8d540d357c41e3d06ec298e4dd75854,e68694c868384201c53bdaf13449887c7b05c2ad9ef5f3f7d7b8bf5cddc0bcb0,8cda5fd98865bccfe8601ace6f9a27d5a835513e,n_detected,9597.0,count
detectors,S6_combined,rls,2,10.0,True,S6_combined__rls__seed2__detect_all4,e4f7ab87faf6982be139dc8af97757bff8d540d357c41e3d06ec298e4dd75854,6c765cc69f3e4bb20e44be0e55caf8daf8c407d7d1c06515349b9d17ec1fddce,8cda5fd98865bccfe8601ace6f9a27d5a835513e,n_detected,9597.0,count
detectors,S6_combined,rls,3,10.0,True,S6_combined__rls__seed3__detect_cusum,c371bfebbbdb510b204e19fcaedea3c47a4e8b6d77499f04ee6ac55d13fed988,f148dc11752161354c3021f05b1fe526c43baf276ba3893e2b36806f990aaf93,8cda5fd98865bccfe8601ace6f9a27d5a835513e,n_detected,9554.0,count
detectors,S6_combined,rls,3,10.0,True,S6_combined__rls__seed3__detect_ph,c371bfebbbdb510b204e19fcaedea3c47a4e8b6d77499f04ee6ac55d13fed988,e5360505f8c49a15eebb5ef47f7d7477818e9b19f26155854e4ff574f74f5811,8cda5fd98865bccfe8601ace6f9a27d5a835513e,n_detected,9554.0,count
detectors,S6_combined,rls,3,10.0,True,S6_combined__rls__seed3__detect_adwin,c371bfebbbdb510b204e19fcaedea3c47a4e8b6d77499f04ee6ac55d13fed988,ba90eb10e4e1f7500a344f9b4e5e676713fa49fa355f420971a75285e0b9c298,8cda5fd98865bccfe8601ace6f9a27d5a835513e,n_detected,9554.0,count
detectors,S6_combined,rls,3,10.0,True,S6_combined__rls__seed3__detect_ks,c371bfebbbdb510b204e19fcaedea3c47a4e8b6d77499f04ee6ac55d13fed988,e68694c868384201c53bdaf13449887c7b05c2ad9ef5f3f7d7b8bf5cddc0bcb0,8cda5fd98865bccfe8601ace6f9a27d5a835513e,n_detected,9554.0,count
detectors,S6_combined,rls,3,10.0,True,S6_combined__rls__seed3__detect_all4,c371bfebbbdb510b204e19fcaedea3c47a4e8b6d77499f04ee6ac55d13fed988,6c765cc69f3e4bb20e44be0e55caf8daf8c407d7d1c06515349b9d17ec1fddce,8cda5fd98865bccfe8601ace6f9a27d5a835513e,n_detected,9554.0,count
detectors,S6_combined,rls,4,10.0,True,S6_combined__rls__seed4__detect_cusum,091893e2b20fe4f1f4ec71b10a24db6c43dabefaa37c7ef75c67f5a78f00f2b7,f148dc11752161354c3021f05b1fe526c43baf276ba3893e2b36806f990aaf93,8cda5fd98865bccfe8601ace6f9a27d5a835513e,n_detected,9596.0,count
detectors,S6_combined,rls,4,10.0,True,S6_combined__rls__seed4__detect_ph,091893e2b20fe4f1f4ec71b10a24db6c43dabefaa37c7ef75c67f5a78f00f2b7,e5360505f8c49a15eebb5ef47f7d7477818e9b19f26155854e4ff574f74f5811,8cda5fd98865bccfe8601ace6f9a27d5a835513e,n_detected,9596.0,count
detectors,S6_combined,rls,4,10.0,True,S6_combined__rls__seed4__detect_adwin,091893e2b20fe4f1f4ec71b10a24db6c43dabefaa37c7ef75c67f5a78f00f2b7,ba90eb10e4e1f7500a344f9b4e5e676713fa49fa355f420971a75285e0b9c298,8cda5fd98865bccfe8601ace6f9a27d5a835513e,n_detected,9596.0,count
detectors,S6_combined,rls,4,10.0,True,S6_combined__rls__seed4__detect_ks,091893e2b20fe4f1f4ec71b10a24db6c43dabefaa37c7ef75c67f5a78f00f2b7,e68694c868384201c53bdaf13449887c7b05c2ad9ef5f3f7d7b8bf5cddc0bcb0,8cda5fd98865bccfe8601ace6f9a27d5a835513e,n_detected,9596.0,count
detectors,S6_combined,rls,4,10.0,True,S6_combined__rls__seed4__detect_all4,091893e2b20fe4f1f4ec71b10a24db6c43dabefaa37c7ef75c67f5a78f00f2b7,6c765cc69f3e4bb20e44be0e55caf8daf8c407d7d1c06515349b9d17ec1fddce,8cda5fd98865bccfe8601ace6f9a27d5a835513e,n_detected,9596.0,count
detectors,S6_combined,rls,5,10.0,True,S6_combined__rls__seed5__detect_cusum,c1d9d4a7d46d9a42ad59de704b5ae8b21c9bf2f17d4576d9bfa6e10e6c6f4b13,f148dc11752161354c3021f05b1fe526c43baf276ba3893e2b36806f990aaf93,8cda5fd98865bccfe8601ace6f9a27d5a835513e,n_detected,9629.0,count
detectors,S6_combined,rls,5,10.0,True,S6_combined__rls__seed5__detect_ph,c1d9d4a7d46d9a42ad59de704b5ae8b21c9bf2f17d4576d9bfa6e10e6c6f4b13,e5360505f8c49a15eebb5ef47f7d7477818e9b19f26155854e4ff574f74f5811,8cda5fd98865bccfe8601ace6f9a27d5a835513e,n_detected,9629.0,count
detectors,S6_combined,rls,5,10.0,True,S6_combined__rls__seed5__detect_adwin,c1d9d4a7d46d9a42ad59de704b5ae8b21c9bf2f17d4576d9bfa6e10e6c6f4b13,ba90eb10e4e1f7500a344f9b4e5e676713fa49fa355f420971a75285e0b9c298,8cda5fd98865bccfe8601ace6f9a27d5a835513e,n_detected,9629.0,count
detectors,S6_combined,rls,5,10.0,True,S6_combined__rls__seed5__detect_ks,c1d9d4a7d46d9a42ad59de704b5ae8b21c9bf2f17d4576d9bfa6e10e6c6f4b13,e68694c868384201c53bdaf13449887c7b05c2ad9ef5f3f7d7b8bf5cddc0bcb0,8cda5fd98865bccfe8601ace6f9a27d5a835513e,n_detected,9629.0,count
detectors,S6_combined,rls,5,10.0,True,S6_combined__rls__seed5__detect_all4,c1d9d4a7d46d9a42ad59de704b5ae8b21c9bf2f17d4576d9bfa6e10e6c6f4b13,6c765cc69f3e4bb20e44be0e55caf8daf8c407d7d1c06515349b9d17ec1fddce,8cda5fd98865bccfe8601ace6f9a27d5a835513e,n_detected,9629.0,count
detectors,S6_combined,rls,6,10.0,True,S6_combined__rls__seed6__detect_cusum,8fbcb1374a66e26dea4a0e8dbcf64db42ebcd88dd11b5cd3bb5d44e8d4b0665a,f148dc11752161354c3021f05b1fe526c43baf276ba3893e2b36806f990aaf93,8cda5fd98865bccfe8601ace6f9a27d5a835513e,n_detected,9578.0,count
detectors,S6_combined,rls,6,10.0,True,S6_combined__rls__seed6__detect_ph,8fbcb1374a66e26dea4a0e8dbcf64db42ebcd88dd11b5cd3bb5d44e8d4b0665a,e5360505f8c49a15eebb5ef47f7d7477818e9b19f26155854e4ff574f74f5811,8cda5fd98865bccfe8601ace6f9a27d5a835513e,n_detected,9578.0,count
detectors,S6_combined,rls,6,10.0,True,S6_combined__rls__seed6__detect_adwin,8fbcb1374a66e26dea4a0e8dbcf64db42ebcd88dd11b5cd3bb5d44e8d4b0665a,ba90eb10e4e1f7500a344f9b4e5e676713fa49fa355f420971a75285e0b9c298,8cda5fd98865bccfe8601ace6f9a27d5a835513e,n_detected,9578.0,count
detectors,S6_combined,rls,6,10.0,True,S6_combined__rls__seed6__detect_ks,8fbcb1374a66e26dea4a0e8dbcf64db42ebcd88dd11b5cd3bb5d44e8d4b0665a,e68694c868384201c53bdaf13449887c7b05c2ad9ef5f3f7d7b8bf5cddc0bcb0,8cda5fd98865bccfe8601ace6f9a27d5a835513e,n_detected,9578.0,count
detectors,S6_combined,rls,6,10.0,True,S6_combined__rls__seed6__detect_all4,8fbcb1374a66e26dea4a0e8dbcf64db42ebcd88dd11b5cd3bb5d44e8d4b0665a,6c765cc69f3e4bb20e44be0e55caf8daf8c407d7d1c06515349b9d17ec1fddce,8cda5fd98865bccfe8601ace6f9a27d5a835513e,n_detected,9578.0,count
detectors,S6_combined,rls,7,10.0,True,S6_combined__rls__seed7__detect_cusum,eb12037c60287858e9925e83fcaf2aa6789246ee5a2aa0c936402930de58eb1c,f148dc11752161354c3021f05b1fe526c43baf276ba3893e2b36806f990aaf93,8cda5fd98865bccfe8601ace6f9a27d5a835513e,n_detected,9466.0,count
detectors,S6_combined,rls,7,10.0,True,S6_combined__rls__seed7__detect_ph,eb12037c60287858e9925e83fcaf2aa6789246ee5a2aa0c936402930de58eb1c,e5360505f8c49a15eebb5ef47f7d7477818e9b19f26155854e4ff574f74f5811,8cda5fd98865bccfe8601ace6f9a27d5a835513e,n_detected,9466.0,count
detectors,S6_combined,rls,7,10.0,True,S6_combined__rls__seed7__detect_adwin,eb12037c60287858e9925e83fcaf2aa6789246ee5a2aa0c936402930de58eb1c,ba90eb10e4e1f7500a344f9b4e5e676713fa49fa355f420971a75285e0b9c298,8cda5fd98865bccfe8601ace6f9a27d5a835513e,n_detected,9466.0,count
detectors,S6_combined,rls,7,10.0,True,S6_combined__rls__seed7__detect_ks,eb12037c60287858e9925e83fcaf2aa6789246ee5a2aa0c936402930de58eb1c,e68694c868384201c53bdaf13449887c7b05c2ad9ef5f3f7d7b8bf5cddc0bcb0,8cda5fd98865bccfe8601ace6f9a27d5a835513e,n_detected,9466.0,count
detectors,S6_combined,rls,7,10.0,True,S6_combined__rls__seed7__detect_all4,eb12037c60287858e9925e83fcaf2aa6789246ee5a2aa0c936402930de58eb1c,6c765cc69f3e4bb20e44be0e55caf8daf8c407d7d1c06515349b9d17ec1fddce,8cda5fd98865bccfe8601ace6f9a27d5a835513e,n_detected,9466.0,count
detectors,S6_combined,rls,8,10.0,True,S6_combined__rls__seed8__detect_cusum,da4740837e6cf85b5c7d22d84cf556133cbff181edcbfd4d107db823d7c1f164,f148dc11752161354c3021f05b1fe526c43baf276ba3893e2b36806f990aaf93,8cda5fd98865bccfe8601ace6f9a27d5a835513e,n_detected,9550.0,count
detectors,S6_combined,rls,8,10.0,True,S6_combined__rls__seed8__detect_ph,da4740837e6cf85b5c7d22d84cf556133cbff181edcbfd4d107db823d7c1f164,e5360505f8c49a15eebb5ef47f7d7477818e9b19f26155854e4ff574f74f5811,8cda5fd98865bccfe8601ace6f9a27d5a835513e,n_detected,9550.0,count
detectors,S6_combined,rls,8,10.0,True,S6_combined__rls__seed8__detect_adwin,da4740837e6cf85b5c7d22d84cf556133cbff181edcbfd4d107db823d7c1f164,ba90eb10e4e1f7500a344f9b4e5e676713fa49fa355f420971a75285e0b9c298,8cda5fd98865bccfe8601ace6f9a27d5a835513e,n_detected,9550.0,count
detectors,S6_combined,rls,8,10.0,True,S6_combined__rls__seed8__detect_ks,da4740837e6cf85b5c7d22d84cf556133cbff181edcbfd4d107db823d7c1f164,e68694c868384201c53bdaf13449887c7b05c2ad9ef5f3f7d7b8bf5cddc0bcb0,8cda5fd98865bccfe8601ace6f9a27d5a835513e,n_detected,9550.0,count
detectors,S6_combined,rls,8,10.0,True,S6_combined__rls__seed8__detect_all4,da4740837e6cf85b5c7d22d84cf556133cbff181edcbfd4d107db823d7c1f164,6c765cc69f3e4bb20e44be0e55caf8daf8c407d7d1c06515349b9d17ec1fddce,8cda5fd98865bccfe8601ace6f9a27d5a835513e,n_detected,9550.0,count
detectors,S6_combined,rls,9,10.0,True,S6_combined__rls__seed9__detect_cusum,29718e114c21c01b04a983f185bbf01430cfac8dd9e8b5808281b0434dac26fc,f148dc11752161354c3021f05b1fe526c43baf276ba3893e2b36806f990aaf93,8cda5fd98865bccfe8601ace6f9a27d5a835513e,n_detected,9523.0,count
detectors,S6_combined,rls,9,10.0,True,S6_combined__rls__seed9__detect_ph,29718e114c21c01b04a983f185bbf01430cfac8dd9e8b5808281b0434dac26fc,e5360505f8c49a15eebb5ef47f7d7477818e9b19f26155854e4ff574f74f5811,8cda5fd98865bccfe8601ace6f9a27d5a835513e,n_detected,9523.0,count
detectors,S6_combined,rls,9,10.0,True,S6_combined__rls__seed9__detect_adwin,29718e114c21c01b04a983f185bbf01430cfac8dd9e8b5808281b0434dac26fc,ba90eb10e4e1f7500a344f9b4e5e676713fa49fa355f420971a75285e0b9c298,8cda5fd98865bccfe8601ace6f9a27d5a835513e,n_detected,9523.0,count
detectors,S6_combined,rls,9,10.0,True,S6_combined__rls__seed9__detect_ks,29718e114c21c01b04a983f185bbf01430cfac8dd9e8b5808281b0434dac26fc,e68694c868384201c53bdaf13449887c7b05c2ad9ef5f3f7d7b8bf5cddc0bcb0,8cda5fd98865bccfe8601ace6f9a27d5a835513e,n_detected,9523.0,count
detectors,S6_combined,rls,9,10.0,True,S6_combined__rls__seed9__detect_all4,29718e114c21c01b04a983f185bbf01430cfac8dd9e8b5808281b0434dac26fc,6c765cc69f3e4bb20e44be0e55caf8daf8c407d7d1c06515349b9d17ec1fddce,8cda5fd98865bccfe8601ace6f9a27d5a835513e,n_detected,9523.0,count
detectors,S6_combined,rls,10,10.0,True,S6_combined__rls__seed10__detect_cusum,4054ab96937dfc6eef3c9c4f46347db001fd4eea59432509f786c95b51d12234,f148dc11752161354c3021f05b1fe526c43baf276ba3893e2b36806f990aaf93,8cda5fd98865bccfe8601ace6f9a27d5a835513e,n_detected,9577.0,count
detectors,S6_combined,rls,10,10.0,True,S6_combined__rls__seed10__detect_ph,4054ab96937dfc6eef3c9c4f46347db001fd4eea59432509f786c95b51d12234,e5360505f8c49a15eebb5ef47f7d7477818e9b19f26155854e4ff574f74f5811,8cda5fd98865bccfe8601ace6f9a27d5a835513e,n_detected,9577.0,count
detectors,S6_combined,rls,10,10.0,True,S6_combined__rls__seed10__detect_adwin,4054ab96937dfc6eef3c9c4f46347db001fd4eea59432509f786c95b51d12234,ba90eb10e4e1f7500a344f9b4e5e676713fa49fa355f420971a75285e0b9c298,8cda5fd98865bccfe8601ace6f9a27d5a835513e,n_detected,9577.0,count
detectors,S6_combined,rls,10,10.0,True,S6_combined__rls__seed10__detect_ks,4054ab96937dfc6eef3c9c4f46347db001fd4eea59432509f786c95b51d12234,e68694c868384201c53bdaf13449887c7b05c2ad9ef5f3f7d7b8bf5cddc0bcb0,8cda5fd98865bccfe8601ace6f9a27d5a835513e,n_detected,9577.0,count
detectors,S6_combined,rls,10,10.0,True,S6_combined__rls__seed10__detect_all4,4054ab96937dfc6eef3c9c4f46347db001fd4eea59432509f786c95b51d12234,6c765cc69f3e4bb20e44be0e55caf8daf8c407d7d1c06515349b9d17ec1fddce,8cda5fd98865bccfe8601ace6f9a27d5a835513e,n_detected,9577.0,count
detectors,S4_step_fault,rls,1,10.0,True,S4_step_fault__rls__seed1__detect_cusum,7d29a6d7dca932314e512c265e0e559ec6cc02e548aa25349a95d1f29dbf9ef1,f148dc11752161354c3021f05b1fe526c43baf276ba3893e2b36806f990aaf93,8cda5fd98865bccfe8601ace6f9a27d5a835513e,n_references,346.0,count
detectors,S4_step_fault,rls,1,10.0,True,S4_step_fault__rls__seed1__detect_ph,7d29a6d7dca932314e512c265e0e559ec6cc02e548aa25349a95d1f29dbf9ef1,e5360505f8c49a15eebb5ef47f7d7477818e9b19f26155854e4ff574f74f5811,8cda5fd98865bccfe8601ace6f9a27d5a835513e,n_references,346.0,count
detectors,S4_step_fault,rls,1,10.0,True,S4_step_fault__rls__seed1__detect_adwin,7d29a6d7dca932314e512c265e0e559ec6cc02e548aa25349a95d1f29dbf9ef1,ba90eb10e4e1f7500a344f9b4e5e676713fa49fa355f420971a75285e0b9c298,8cda5fd98865bccfe8601ace6f9a27d5a835513e,n_references,346.0,count
detectors,S4_step_fault,rls,1,10.0,True,S4_step_fault__rls__seed1__detect_ks,7d29a6d7dca932314e512c265e0e559ec6cc02e548aa25349a95d1f29dbf9ef1,e68694c868384201c53bdaf13449887c7b05c2ad9ef5f3f7d7b8bf5cddc0bcb0,8cda5fd98865bccfe8601ace6f9a27d5a835513e,n_references,346.0,count
detectors,S4_step_fault,rls,1,10.0,True,S4_step_fault__rls__seed1__detect_all4,7d29a6d7dca932314e512c265e0e559ec6cc02e548aa25349a95d1f29dbf9ef1,6c765cc69f3e4bb20e44be0e55caf8daf8c407d7d1c06515349b9d17ec1fddce,8cda5fd98865bccfe8601ace6f9a27d5a835513e,n_references,346.0,count
detectors,S4_step_fault,rls,2,10.0,True,S4_step_fault__rls__seed2__detect_cusum,adc80992e5ad2b0074c2ccb5fd189429c3fd11d2d51d242aa1caec078b0db1d2,f148dc11752161354c3021f05b1fe526c43baf276ba3893e2b36806f990aaf93,8cda5fd98865bccfe8601ace6f9a27d5a835513e,n_references,355.0,count
detectors,S4_step_fault,rls,2,10.0,True,S4_step_fault__rls__seed2__detect_ph,adc80992e5ad2b0074c2ccb5fd189429c3fd11d2d51d242aa1caec078b0db1d2,e5360505f8c49a15eebb5ef47f7d7477818e9b19f26155854e4ff574f74f5811,8cda5fd98865bccfe8601ace6f9a27d5a835513e,n_references,355.0,count
detectors,S4_step_fault,rls,2,10.0,True,S4_step_fault__rls__seed2__detect_adwin,adc80992e5ad2b0074c2ccb5fd189429c3fd11d2d51d242aa1caec078b0db1d2,ba90eb10e4e1f7500a344f9b4e5e676713fa49fa355f420971a75285e0b9c298,8cda5fd98865bccfe8601ace6f9a27d5a835513e,n_references,355.0,count
detectors,S4_step_fault,rls,2,10.0,True,S4_step_fault__rls__seed2__detect_ks,adc80992e5ad2b0074c2ccb5fd189429c3fd11d2d51d242aa1caec078b0db1d2,e68694c868384201c53bdaf13449887c7b05c2ad9ef5f3f7d7b8bf5cddc0bcb0,8cda5fd98865bccfe8601ace6f9a27d5a835513e,n_references,355.0,count
detectors,S4_step_fault,rls,2,10.0,True,S4_step_fault__rls__seed2__detect_all4,adc80992e5ad2b0074c2ccb5fd189429c3fd11d2d51d242aa1caec078b0db1d2,6c765cc69f3e4bb20e44be0e55caf8daf8c407d7d1c06515349b9d17ec1fddce,8cda5fd98865bccfe8601ace6f9a27d5a835513e,n_references,355.0,count
detectors,S4_step_fault,rls,3,10.0,True,S4_step_fault__rls__seed3__detect_cusum,755a0aa70d2f3fe05534c8cb137d5df18ed16325d4692fc840c3daee2c8a8c92,f148dc11752161354c3021f05b1fe526c43baf276ba3893e2b36806f990aaf93,8cda5fd98865bccfe8601ace6f9a27d5a835513e,n_references,358.0,count
detectors,S4_step_fault,rls,3,10.0,True,S4_step_fault__rls__seed3__detect_ph,755a0aa70d2f3fe05534c8cb137d5df18ed16325d4692fc840c3daee2c8a8c92,e5360505f8c49a15eebb5ef47f7d7477818e9b19f26155854e4ff574f74f5811,8cda5fd98865bccfe8601ace6f9a27d5a835513e,n_references,358.0,count
detectors,S4_step_fault,rls,3,10.0,True,S4_step_fault__rls__seed3__detect_adwin,755a0aa70d2f3fe05534c8cb137d5df18ed16325d4692fc840c3daee2c8a8c92,ba90eb10e4e1f7500a344f9b4e5e676713fa49fa355f420971a75285e0b9c298,8cda5fd98865bccfe8601ace6f9a27d5a835513e,n_references,358.0,count
detectors,S4_step_fault,rls,3,10.0,True,S4_step_fault__rls__seed3__detect_ks,755a0aa70d2f3fe05534c8cb137d5df18ed16325d4692fc840c3daee2c8a8c92,e68694c868384201c53bdaf13449887c7b05c2ad9ef5f3f7d7b8bf5cddc0bcb0,8cda5fd98865bccfe8601ace6f9a27d5a835513e,n_references,358.0,count
detectors,S4_step_fault,rls,3,10.0,True,S4_step_fault__rls__seed3__detect_all4,755a0aa70d2f3fe05534c8cb137d5df18ed16325d4692fc840c3daee2c8a8c92,6c765cc69f3e4bb20e44be0e55caf8daf8c407d7d1c06515349b9d17ec1fddce,8cda5fd98865bccfe8601ace6f9a27d5a835513e,n_references,358.0,count
detectors,S4_step_fault,rls,4,10.0,True,S4_step_fault__rls__seed4__detect_cusum,57d0146db86c059173927b479ffa5908a6e01f3cdeb9f10b63e58e983cd88fb2,f148dc11752161354c3021f05b1fe526c43baf276ba3893e2b36806f990aaf93,8cda5fd98865bccfe8601ace6f9a27d5a835513e,n_references,357.0,count
detectors,S4_step_fault,rls,4,10.0,True,S4_step_fault__rls__seed4__detect_ph,57d0146db86c059173927b479ffa5908a6e01f3cdeb9f10b63e58e983cd88fb2,e5360505f8c49a15eebb5ef47f7d7477818e9b19f26155854e4ff574f74f5811,8cda5fd98865bccfe8601ace6f9a27d5a835513e,n_references,357.0,count
detectors,S4_step_fault,rls,4,10.0,True,S4_step_fault__rls__seed4__detect_adwin,57d0146db86c059173927b479ffa5908a6e01f3cdeb9f10b63e58e983cd88fb2,ba90eb10e4e1f7500a344f9b4e5e676713fa49fa355f420971a75285e0b9c298,8cda5fd98865bccfe8601ace6f9a27d5a835513e,n_references,357.0,count
detectors,S4_step_fault,rls,4,10.0,True,S4_step_fault__rls__seed4__detect_ks,57d0146db86c059173927b479ffa5908a6e01f3cdeb9f10b63e58e983cd88fb2,e68694c868384201c53bdaf13449887c7b05c2ad9ef5f3f7d7b8bf5cddc0bcb0,8cda5fd98865bccfe8601ace6f9a27d5a835513e,n_references,357.0,count
detectors,S4_step_fault,rls,4,10.0,True,S4_step_fault__rls__seed4__detect_all4,57d0146db86c059173927b479ffa5908a6e01f3cdeb9f10b63e58e983cd88fb2,6c765cc69f3e4bb20e44be0e55caf8daf8c407d7d1c06515349b9d17ec1fddce,8cda5fd98865bccfe8601ace6f9a27d5a835513e,n_references,357.0,count
detectors,S4_step_fault,rls,5,10.0,True,S4_step_fault__rls__seed5__detect_cusum,1efe02364dacd47e4d9a937957614582b8530ef56f2b525678988666500727b7,f148dc11752161354c3021f05b1fe526c43baf276ba3893e2b36806f990aaf93,8cda5fd98865bccfe8601ace6f9a27d5a835513e,n_references,356.0,count
detectors,S4_step_fault,rls,5,10.0,True,S4_step_fault__rls__seed5__detect_ph,1efe02364dacd47e4d9a937957614582b8530ef56f2b525678988666500727b7,e5360505f8c49a15eebb5ef47f7d7477818e9b19f26155854e4ff574f74f5811,8cda5fd98865bccfe8601ace6f9a27d5a835513e,n_references,356.0,count
detectors,S4_step_fault,rls,5,10.0,True,S4_step_fault__rls__seed5__detect_adwin,1efe02364dacd47e4d9a937957614582b8530ef56f2b525678988666500727b7,ba90eb10e4e1f7500a344f9b4e5e676713fa49fa355f420971a75285e0b9c298,8cda5fd98865bccfe8601ace6f9a27d5a835513e,n_references,356.0,count
detectors,S4_step_fault,rls,5,10.0,True,S4_step_fault__rls__seed5__detect_ks,1efe02364dacd47e4d9a937957614582b8530ef56f2b525678988666500727b7,e68694c868384201c53bdaf13449887c7b05c2ad9ef5f3f7d7b8bf5cddc0bcb0,8cda5fd98865bccfe8601ace6f9a27d5a835513e,n_references,356.0,count
detectors,S4_step_fault,rls,5,10.0,True,S4_step_fault__rls__seed5__detect_all4,1efe02364dacd47e4d9a937957614582b8530ef56f2b525678988666500727b7,6c765cc69f3e4bb20e44be0e55caf8daf8c407d7d1c06515349b9d17ec1fddce,8cda5fd98865bccfe8601ace6f9a27d5a835513e,n_references,356.0,count
detectors,S4_step_fault,rls,6,10.0,True,S4_step_fault__rls__seed6__detect_cusum,edb8fb013b7aeb64e877b749783afa62d6864702f69cf9e7c539d6cd9df4f86d,f148dc11752161354c3021f05b1fe526c43baf276ba3893e2b36806f990aaf93,8cda5fd98865bccfe8601ace6f9a27d5a835513e,n_references,352.0,count
detectors,S4_step_fault,rls,6,10.0,True,S4_step_fault__rls__seed6__detect_ph,edb8fb013b7aeb64e877b749783afa62d6864702f69cf9e7c539d6cd9df4f86d,e5360505f8c49a15eebb5ef47f7d7477818e9b19f26155854e4ff574f74f5811,8cda5fd98865bccfe8601ace6f9a27d5a835513e,n_references,352.0,count
detectors,S4_step_fault,rls,6,10.0,True,S4_step_fault__rls__seed6__detect_adwin,edb8fb013b7aeb64e877b749783afa62d6864702f69cf9e7c539d6cd9df4f86d,ba90eb10e4e1f7500a344f9b4e5e676713fa49fa355f420971a75285e0b9c298,8cda5fd98865bccfe8601ace6f9a27d5a835513e,n_references,352.0,count
detectors,S4_step_fault,rls,6,10.0,True,S4_step_fault__rls__seed6__detect_ks,edb8fb013b7aeb64e877b749783afa62d6864702f69cf9e7c539d6cd9df4f86d,e68694c868384201c53bdaf13449887c7b05c2ad9ef5f3f7d7b8bf5cddc0bcb0,8cda5fd98865bccfe8601ace6f9a27d5a835513e,n_references,352.0,count
detectors,S4_step_fault,rls,6,10.0,True,S4_step_fault__rls__seed6__detect_all4,edb8fb013b7aeb64e877b749783afa62d6864702f69cf9e7c539d6cd9df4f86d,6c765cc69f3e4bb20e44be0e55caf8daf8c407d7d1c06515349b9d17ec1fddce,8cda5fd98865bccfe8601ace6f9a27d5a835513e,n_references,352.0,count
detectors,S4_step_fault,rls,7,10.0,True,S4_step_fault__rls__seed7__detect_cusum,5cf17843f3bfe6e9f5ce0f88df6e9f0fa19691e7d0781a28d2e0071debfacd13,f148dc11752161354c3021f05b1fe526c43baf276ba3893e2b36806f990aaf93,8cda5fd98865bccfe8601ace6f9a27d5a835513e,n_references,343.0,count
detectors,S4_step_fault,rls,7,10.0,True,S4_step_fault__rls__seed7__detect_ph,5cf17843f3bfe6e9f5ce0f88df6e9f0fa19691e7d0781a28d2e0071debfacd13,e5360505f8c49a15eebb5ef47f7d7477818e9b19f26155854e4ff574f74f5811,8cda5fd98865bccfe8601ace6f9a27d5a835513e,n_references,343.0,count
detectors,S4_step_fault,rls,7,10.0,True,S4_step_fault__rls__seed7__detect_adwin,5cf17843f3bfe6e9f5ce0f88df6e9f0fa19691e7d0781a28d2e0071debfacd13,ba90eb10e4e1f7500a344f9b4e5e676713fa49fa355f420971a75285e0b9c298,8cda5fd98865bccfe8601ace6f9a27d5a835513e,n_references,343.0,count
detectors,S4_step_fault,rls,7,10.0,True,S4_step_fault__rls__seed7__detect_ks,5cf17843f3bfe6e9f5ce0f88df6e9f0fa19691e7d0781a28d2e0071debfacd13,e68694c868384201c53bdaf13449887c7b05c2ad9ef5f3f7d7b8bf5cddc0bcb0,8cda5fd98865bccfe8601ace6f9a27d5a835513e,n_references,343.0,count
detectors,S4_step_fault,rls,7,10.0,True,S4_step_fault__rls__seed7__detect_all4,5cf17843f3bfe6e9f5ce0f88df6e9f0fa19691e7d0781a28d2e0071debfacd13,6c765cc69f3e4bb20e44be0e55caf8daf8c407d7d1c06515349b9d17ec1fddce,8cda5fd98865bccfe8601ace6f9a27d5a835513e,n_references,343.0,count
detectors,S4_step_fault,rls,8,10.0,True,S4_step_fault__rls__seed8__detect_cusum,4471998ed306e877216c6c1b12b8ba9d62e309093746866fb7f4d683dd3b0138,f148dc11752161354c3021f05b1fe526c43baf276ba3893e2b36806f990aaf93,8cda5fd98865bccfe8601ace6f9a27d5a835513e,n_references,353.0,count
detectors,S4_step_fault,rls,8,10.0,True,S4_step_fault__rls__seed8__detect_ph,4471998ed306e877216c6c1b12b8ba9d62e309093746866fb7f4d683dd3b0138,e5360505f8c49a15eebb5ef47f7d7477818e9b19f26155854e4ff574f74f5811,8cda5fd98865bccfe8601ace6f9a27d5a835513e,n_references,353.0,count
detectors,S4_step_fault,rls,8,10.0,True,S4_step_fault__rls__seed8__detect_adwin,4471998ed306e877216c6c1b12b8ba9d62e309093746866fb7f4d683dd3b0138,ba90eb10e4e1f7500a344f9b4e5e676713fa49fa355f420971a75285e0b9c298,8cda5fd98865bccfe8601ace6f9a27d5a835513e,n_references,353.0,count
detectors,S4_step_fault,rls,8,10.0,True,S4_step_fault__rls__seed8__detect_ks,4471998ed306e877216c6c1b12b8ba9d62e309093746866fb7f4d683dd3b0138,e68694c868384201c53bdaf13449887c7b05c2ad9ef5f3f7d7b8bf5cddc0bcb0,8cda5fd98865bccfe8601ace6f9a27d5a835513e,n_references,353.0,count
detectors,S4_step_fault,rls,8,10.0,True,S4_step_fault__rls__seed8__detect_all4,4471998ed306e877216c6c1b12b8ba9d62e309093746866fb7f4d683dd3b0138,6c765cc69f3e4bb20e44be0e55caf8daf8c407d7d1c06515349b9d17ec1fddce,8cda5fd98865bccfe8601ace6f9a27d5a835513e,n_references,353.0,count
detectors,S4_step_fault,rls,9,10.0,True,S4_step_fault__rls__seed9__detect_cusum,af86278540fa1654a3e5819e52691400963a2f43bbaf4be0dd151148c2836411,f148dc11752161354c3021f05b1fe526c43baf276ba3893e2b36806f990aaf93,8cda5fd98865bccfe8601ace6f9a27d5a835513e,n_references,346.0,count
detectors,S4_step_fault,rls,9,10.0,True,S4_step_fault__rls__seed9__detect_ph,af86278540fa1654a3e5819e52691400963a2f43bbaf4be0dd151148c2836411,e5360505f8c49a15eebb5ef47f7d7477818e9b19f26155854e4ff574f74f5811,8cda5fd98865bccfe8601ace6f9a27d5a835513e,n_references,346.0,count
detectors,S4_step_fault,rls,9,10.0,True,S4_step_fault__rls__seed9__detect_adwin,af86278540fa1654a3e5819e52691400963a2f43bbaf4be0dd151148c2836411,ba90eb10e4e1f7500a344f9b4e5e676713fa49fa355f420971a75285e0b9c298,8cda5fd98865bccfe8601ace6f9a27d5a835513e,n_references,346.0,count
detectors,S4_step_fault,rls,9,10.0,True,S4_step_fault__rls__seed9__detect_ks,af86278540fa1654a3e5819e52691400963a2f43bbaf4be0dd151148c2836411,e68694c868384201c53bdaf13449887c7b05c2ad9ef5f3f7d7b8bf5cddc0bcb0,8cda5fd98865bccfe8601ace6f9a27d5a835513e,n_references,346.0,count
detectors,S4_step_fault,rls,9,10.0,True,S4_step_fault__rls__seed9__detect_all4,af86278540fa1654a3e5819e52691400963a2f43bbaf4be0dd151148c2836411,6c765cc69f3e4bb20e44be0e55caf8daf8c407d7d1c06515349b9d17ec1fddce,8cda5fd98865bccfe8601ace6f9a27d5a835513e,n_references,346.0,count
detectors,S4_step_fault,rls,10,10.0,True,S4_step_fault__rls__seed10__detect_cusum,b97f4fa67d55b0a4900a4dc84b9f38b152ab85aa07d9118de95bac234f41360d,f148dc11752161354c3021f05b1fe526c43baf276ba3893e2b36806f990aaf93,8cda5fd98865bccfe8601ace6f9a27d5a835513e,n_references,349.0,count
detectors,S4_step_fault,rls,10,10.0,True,S4_step_fault__rls__seed10__detect_ph,b97f4fa67d55b0a4900a4dc84b9f38b152ab85aa07d9118de95bac234f41360d,e5360505f8c49a15eebb5ef47f7d7477818e9b19f26155854e4ff574f74f5811,8cda5fd98865bccfe8601ace6f9a27d5a835513e,n_references,349.0,count
detectors,S4_step_fault,rls,10,10.0,True,S4_step_fault__rls__seed10__detect_adwin,b97f4fa67d55b0a4900a4dc84b9f38b152ab85aa07d9118de95bac234f41360d,ba90eb10e4e1f7500a344f9b4e5e676713fa49fa355f420971a75285e0b9c298,8cda5fd98865bccfe8601ace6f9a27d5a835513e,n_references,349.0,count
detectors,S4_step_fault,rls,10,10.0,True,S4_step_fault__rls__seed10__detect_ks,b97f4fa67d55b0a4900a4dc84b9f38b152ab85aa07d9118de95bac234f41360d,e68694c868384201c53bdaf13449887c7b05c2ad9ef5f3f7d7b8bf5cddc0bcb0,8cda5fd98865bccfe8601ace6f9a27d5a835513e,n_references,349.0,count
detectors,S4_step_fault,rls,10,10.0,True,S4_step_fault__rls__seed10__detect_all4,b97f4fa67d55b0a4900a4dc84b9f38b152ab85aa07d9118de95bac234f41360d,6c765cc69f3e4bb20e44be0e55caf8daf8c407d7d1c06515349b9d17ec1fddce,8cda5fd98865bccfe8601ace6f9a27d5a835513e,n_references,349.0,count
detectors,S6_combined,rls,1,10.0,True,S6_combined__rls__seed1__detect_cusum,b3cf8d14b3aed8b1d65ab4497dcbfb879dbda2ce1da03bb07f6401c9b4b9bd4a,f148dc11752161354c3021f05b1fe526c43baf276ba3893e2b36806f990aaf93,8cda5fd98865bccfe8601ace6f9a27d5a835513e,n_references,489.0,count
detectors,S6_combined,rls,1,10.0,True,S6_combined__rls__seed1__detect_ph,b3cf8d14b3aed8b1d65ab4497dcbfb879dbda2ce1da03bb07f6401c9b4b9bd4a,e5360505f8c49a15eebb5ef47f7d7477818e9b19f26155854e4ff574f74f5811,8cda5fd98865bccfe8601ace6f9a27d5a835513e,n_references,489.0,count
detectors,S6_combined,rls,1,10.0,True,S6_combined__rls__seed1__detect_adwin,b3cf8d14b3aed8b1d65ab4497dcbfb879dbda2ce1da03bb07f6401c9b4b9bd4a,ba90eb10e4e1f7500a344f9b4e5e676713fa49fa355f420971a75285e0b9c298,8cda5fd98865bccfe8601ace6f9a27d5a835513e,n_references,489.0,count
detectors,S6_combined,rls,1,10.0,True,S6_combined__rls__seed1__detect_ks,b3cf8d14b3aed8b1d65ab4497dcbfb879dbda2ce1da03bb07f6401c9b4b9bd4a,e68694c868384201c53bdaf13449887c7b05c2ad9ef5f3f7d7b8bf5cddc0bcb0,8cda5fd98865bccfe8601ace6f9a27d5a835513e,n_references,489.0,count
detectors,S6_combined,rls,1,10.0,True,S6_combined__rls__seed1__detect_all4,b3cf8d14b3aed8b1d65ab4497dcbfb879dbda2ce1da03bb07f6401c9b4b9bd4a,6c765cc69f3e4bb20e44be0e55caf8daf8c407d7d1c06515349b9d17ec1fddce,8cda5fd98865bccfe8601ace6f9a27d5a835513e,n_references,489.0,count
detectors,S6_combined,rls,2,10.0,True,S6_combined__rls__seed2__detect_cusum,e4f7ab87faf6982be139dc8af97757bff8d540d357c41e3d06ec298e4dd75854,f148dc11752161354c3021f05b1fe526c43baf276ba3893e2b36806f990aaf93,8cda5fd98865bccfe8601ace6f9a27d5a835513e,n_references,502.0,count
detectors,S6_combined,rls,2,10.0,True,S6_combined__rls__seed2__detect_ph,e4f7ab87faf6982be139dc8af97757bff8d540d357c41e3d06ec298e4dd75854,e5360505f8c49a15eebb5ef47f7d7477818e9b19f26155854e4ff574f74f5811,8cda5fd98865bccfe8601ace6f9a27d5a835513e,n_references,502.0,count
detectors,S6_combined,rls,2,10.0,True,S6_combined__rls__seed2__detect_adwin,e4f7ab87faf6982be139dc8af97757bff8d540d357c41e3d06ec298e4dd75854,ba90eb10e4e1f7500a344f9b4e5e676713fa49fa355f420971a75285e0b9c298,8cda5fd98865bccfe8601ace6f9a27d5a835513e,n_references,502.0,count
detectors,S6_combined,rls,2,10.0,True,S6_combined__rls__seed2__detect_ks,e4f7ab87faf6982be139dc8af97757bff8d540d357c41e3d06ec298e4dd75854,e68694c868384201c53bdaf13449887c7b05c2ad9ef5f3f7d7b8bf5cddc0bcb0,8cda5fd98865bccfe8601ace6f9a27d5a835513e,n_references,502.0,count
detectors,S6_combined,rls,2,10.0,True,S6_combined__rls__seed2__detect_all4,e4f7ab87faf6982be139dc8af97757bff8d540d357c41e3d06ec298e4dd75854,6c765cc69f3e4bb20e44be0e55caf8daf8c407d7d1c06515349b9d17ec1fddce,8cda5fd98865bccfe8601ace6f9a27d5a835513e,n_references,502.0,count
detectors,S6_combined,rls,3,10.0,True,S6_combined__rls__seed3__detect_cusum,c371bfebbbdb510b204e19fcaedea3c47a4e8b6d77499f04ee6ac55d13fed988,f148dc11752161354c3021f05b1fe526c43baf276ba3893e2b36806f990aaf93,8cda5fd98865bccfe8601ace6f9a27d5a835513e,n_references,497.0,count
detectors,S6_combined,rls,3,10.0,True,S6_combined__rls__seed3__detect_ph,c371bfebbbdb510b204e19fcaedea3c47a4e8b6d77499f04ee6ac55d13fed988,e5360505f8c49a15eebb5ef47f7d7477818e9b19f26155854e4ff574f74f5811,8cda5fd98865bccfe8601ace6f9a27d5a835513e,n_references,497.0,count
detectors,S6_combined,rls,3,10.0,True,S6_combined__rls__seed3__detect_adwin,c371bfebbbdb510b204e19fcaedea3c47a4e8b6d77499f04ee6ac55d13fed988,ba90eb10e4e1f7500a344f9b4e5e676713fa49fa355f420971a75285e0b9c298,8cda5fd98865bccfe8601ace6f9a27d5a835513e,n_references,497.0,count
detectors,S6_combined,rls,3,10.0,True,S6_combined__rls__seed3__detect_ks,c371bfebbbdb510b204e19fcaedea3c47a4e8b6d77499f04ee6ac55d13fed988,e68694c868384201c53bdaf13449887c7b05c2ad9ef5f3f7d7b8bf5cddc0bcb0,8cda5fd98865bccfe8601ace6f9a27d5a835513e,n_references,497.0,count
detectors,S6_combined,rls,3,10.0,True,S6_combined__rls__seed3__detect_all4,c371bfebbbdb510b204e19fcaedea3c47a4e8b6d77499f04ee6ac55d13fed988,6c765cc69f3e4bb20e44be0e55caf8daf8c407d7d1c06515349b9d17ec1fddce,8cda5fd98865bccfe8601ace6f9a27d5a835513e,n_references,497.0,count
detectors,S6_combined,rls,4,10.0,True,S6_combined__rls__seed4__detect_cusum,091893e2b20fe4f1f4ec71b10a24db6c43dabefaa37c7ef75c67f5a78f00f2b7,f148dc11752161354c3021f05b1fe526c43baf276ba3893e2b36806f990aaf93,8cda5fd98865bccfe8601ace6f9a27d5a835513e,n_references,500.0,count
detectors,S6_combined,rls,4,10.0,True,S6_combined__rls__seed4__detect_ph,091893e2b20fe4f1f4ec71b10a24db6c43dabefaa37c7ef75c67f5a78f00f2b7,e5360505f8c49a15eebb5ef47f7d7477818e9b19f26155854e4ff574f74f5811,8cda5fd98865bccfe8601ace6f9a27d5a835513e,n_references,500.0,count
detectors,S6_combined,rls,4,10.0,True,S6_combined__rls__seed4__detect_adwin,091893e2b20fe4f1f4ec71b10a24db6c43dabefaa37c7ef75c67f5a78f00f2b7,ba90eb10e4e1f7500a344f9b4e5e676713fa49fa355f420971a75285e0b9c298,8cda5fd98865bccfe8601ace6f9a27d5a835513e,n_references,500.0,count
detectors,S6_combined,rls,4,10.0,True,S6_combined__rls__seed4__detect_ks,091893e2b20fe4f1f4ec71b10a24db6c43dabefaa37c7ef75c67f5a78f00f2b7,e68694c868384201c53bdaf13449887c7b05c2ad9ef5f3f7d7b8bf5cddc0bcb0,8cda5fd98865bccfe8601ace6f9a27d5a835513e,n_references,500.0,count
detectors,S6_combined,rls,4,10.0,True,S6_combined__rls__seed4__detect_all4,091893e2b20fe4f1f4ec71b10a24db6c43dabefaa37c7ef75c67f5a78f00f2b7,6c765cc69f3e4bb20e44be0e55caf8daf8c407d7d1c06515349b9d17ec1fddce,8cda5fd98865bccfe8601ace6f9a27d5a835513e,n_references,500.0,count
detectors,S6_combined,rls,5,10.0,True,S6_combined__rls__seed5__detect_cusum,c1d9d4a7d46d9a42ad59de704b5ae8b21c9bf2f17d4576d9bfa6e10e6c6f4b13,f148dc11752161354c3021f05b1fe526c43baf276ba3893e2b36806f990aaf93,8cda5fd98865bccfe8601ace6f9a27d5a835513e,n_references,490.0,count
detectors,S6_combined,rls,5,10.0,True,S6_combined__rls__seed5__detect_ph,c1d9d4a7d46d9a42ad59de704b5ae8b21c9bf2f17d4576d9bfa6e10e6c6f4b13,e5360505f8c49a15eebb5ef47f7d7477818e9b19f26155854e4ff574f74f5811,8cda5fd98865bccfe8601ace6f9a27d5a835513e,n_references,490.0,count
detectors,S6_combined,rls,5,10.0,True,S6_combined__rls__seed5__detect_adwin,c1d9d4a7d46d9a42ad59de704b5ae8b21c9bf2f17d4576d9bfa6e10e6c6f4b13,ba90eb10e4e1f7500a344f9b4e5e676713fa49fa355f420971a75285e0b9c298,8cda5fd98865bccfe8601ace6f9a27d5a835513e,n_references,490.0,count
detectors,S6_combined,rls,5,10.0,True,S6_combined__rls__seed5__detect_ks,c1d9d4a7d46d9a42ad59de704b5ae8b21c9bf2f17d4576d9bfa6e10e6c6f4b13,e68694c868384201c53bdaf13449887c7b05c2ad9ef5f3f7d7b8bf5cddc0bcb0,8cda5fd98865bccfe8601ace6f9a27d5a835513e,n_references,490.0,count
detectors,S6_combined,rls,5,10.0,True,S6_combined__rls__seed5__detect_all4,c1d9d4a7d46d9a42ad59de704b5ae8b21c9bf2f17d4576d9bfa6e10e6c6f4b13,6c765cc69f3e4bb20e44be0e55caf8daf8c407d7d1c06515349b9d17ec1fddce,8cda5fd98865bccfe8601ace6f9a27d5a835513e,n_references,490.0,count
detectors,S6_combined,rls,6,10.0,True,S6_combined__rls__seed6__detect_cusum,8fbcb1374a66e26dea4a0e8dbcf64db42ebcd88dd11b5cd3bb5d44e8d4b0665a,f148dc11752161354c3021f05b1fe526c43baf276ba3893e2b36806f990aaf93,8cda5fd98865bccfe8601ace6f9a27d5a835513e,n_references,492.0,count
detectors,S6_combined,rls,6,10.0,True,S6_combined__rls__seed6__detect_ph,8fbcb1374a66e26dea4a0e8dbcf64db42ebcd88dd11b5cd3bb5d44e8d4b0665a,e5360505f8c49a15eebb5ef47f7d7477818e9b19f26155854e4ff574f74f5811,8cda5fd98865bccfe8601ace6f9a27d5a835513e,n_references,492.0,count
detectors,S6_combined,rls,6,10.0,True,S6_combined__rls__seed6__detect_adwin,8fbcb1374a66e26dea4a0e8dbcf64db42ebcd88dd11b5cd3bb5d44e8d4b0665a,ba90eb10e4e1f7500a344f9b4e5e676713fa49fa355f420971a75285e0b9c298,8cda5fd98865bccfe8601ace6f9a27d5a835513e,n_references,492.0,count
detectors,S6_combined,rls,6,10.0,True,S6_combined__rls__seed6__detect_ks,8fbcb1374a66e26dea4a0e8dbcf64db42ebcd88dd11b5cd3bb5d44e8d4b0665a,e68694c868384201c53bdaf13449887c7b05c2ad9ef5f3f7d7b8bf5cddc0bcb0,8cda5fd98865bccfe8601ace6f9a27d5a835513e,n_references,492.0,count
detectors,S6_combined,rls,6,10.0,True,S6_combined__rls__seed6__detect_all4,8fbcb1374a66e26dea4a0e8dbcf64db42ebcd88dd11b5cd3bb5d44e8d4b0665a,6c765cc69f3e4bb20e44be0e55caf8daf8c407d7d1c06515349b9d17ec1fddce,8cda5fd98865bccfe8601ace6f9a27d5a835513e,n_references,492.0,count
detectors,S6_combined,rls,7,10.0,True,S6_combined__rls__seed7__detect_cusum,eb12037c60287858e9925e83fcaf2aa6789246ee5a2aa0c936402930de58eb1c,f148dc11752161354c3021f05b1fe526c43baf276ba3893e2b36806f990aaf93,8cda5fd98865bccfe8601ace6f9a27d5a835513e,n_references,478.0,count
detectors,S6_combined,rls,7,10.0,True,S6_combined__rls__seed7__detect_ph,eb12037c60287858e9925e83fcaf2aa6789246ee5a2aa0c936402930de58eb1c,e5360505f8c49a15eebb5ef47f7d7477818e9b19f26155854e4ff574f74f5811,8cda5fd98865bccfe8601ace6f9a27d5a835513e,n_references,478.0,count
detectors,S6_combined,rls,7,10.0,True,S6_combined__rls__seed7__detect_adwin,eb12037c60287858e9925e83fcaf2aa6789246ee5a2aa0c936402930de58eb1c,ba90eb10e4e1f7500a344f9b4e5e676713fa49fa355f420971a75285e0b9c298,8cda5fd98865bccfe8601ace6f9a27d5a835513e,n_references,478.0,count
detectors,S6_combined,rls,7,10.0,True,S6_combined__rls__seed7__detect_ks,eb12037c60287858e9925e83fcaf2aa6789246ee5a2aa0c936402930de58eb1c,e68694c868384201c53bdaf13449887c7b05c2ad9ef5f3f7d7b8bf5cddc0bcb0,8cda5fd98865bccfe8601ace6f9a27d5a835513e,n_references,478.0,count
detectors,S6_combined,rls,7,10.0,True,S6_combined__rls__seed7__detect_all4,eb12037c60287858e9925e83fcaf2aa6789246ee5a2aa0c936402930de58eb1c,6c765cc69f3e4bb20e44be0e55caf8daf8c407d7d1c06515349b9d17ec1fddce,8cda5fd98865bccfe8601ace6f9a27d5a835513e,n_references,478.0,count
detectors,S6_combined,rls,8,10.0,True,S6_combined__rls__seed8__detect_cusum,da4740837e6cf85b5c7d22d84cf556133cbff181edcbfd4d107db823d7c1f164,f148dc11752161354c3021f05b1fe526c43baf276ba3893e2b36806f990aaf93,8cda5fd98865bccfe8601ace6f9a27d5a835513e,n_references,495.0,count
detectors,S6_combined,rls,8,10.0,True,S6_combined__rls__seed8__detect_ph,da4740837e6cf85b5c7d22d84cf556133cbff181edcbfd4d107db823d7c1f164,e5360505f8c49a15eebb5ef47f7d7477818e9b19f26155854e4ff574f74f5811,8cda5fd98865bccfe8601ace6f9a27d5a835513e,n_references,495.0,count
detectors,S6_combined,rls,8,10.0,True,S6_combined__rls__seed8__detect_adwin,da4740837e6cf85b5c7d22d84cf556133cbff181edcbfd4d107db823d7c1f164,ba90eb10e4e1f7500a344f9b4e5e676713fa49fa355f420971a75285e0b9c298,8cda5fd98865bccfe8601ace6f9a27d5a835513e,n_references,495.0,count
detectors,S6_combined,rls,8,10.0,True,S6_combined__rls__seed8__detect_ks,da4740837e6cf85b5c7d22d84cf556133cbff181edcbfd4d107db823d7c1f164,e68694c868384201c53bdaf13449887c7b05c2ad9ef5f3f7d7b8bf5cddc0bcb0,8cda5fd98865bccfe8601ace6f9a27d5a835513e,n_references,495.0,count
detectors,S6_combined,rls,8,10.0,True,S6_combined__rls__seed8__detect_all4,da4740837e6cf85b5c7d22d84cf556133cbff181edcbfd4d107db823d7c1f164,6c765cc69f3e4bb20e44be0e55caf8daf8c407d7d1c06515349b9d17ec1fddce,8cda5fd98865bccfe8601ace6f9a27d5a835513e,n_references,495.0,count
detectors,S6_combined,rls,9,10.0,True,S6_combined__rls__seed9__detect_cusum,29718e114c21c01b04a983f185bbf01430cfac8dd9e8b5808281b0434dac26fc,f148dc11752161354c3021f05b1fe526c43baf276ba3893e2b36806f990aaf93,8cda5fd98865bccfe8601ace6f9a27d5a835513e,n_references,483.0,count
detectors,S6_combined,rls,9,10.0,True,S6_combined__rls__seed9__detect_ph,29718e114c21c01b04a983f185bbf01430cfac8dd9e8b5808281b0434dac26fc,e5360505f8c49a15eebb5ef47f7d7477818e9b19f26155854e4ff574f74f5811,8cda5fd98865bccfe8601ace6f9a27d5a835513e,n_references,483.0,count
detectors,S6_combined,rls,9,10.0,True,S6_combined__rls__seed9__detect_adwin,29718e114c21c01b04a983f185bbf01430cfac8dd9e8b5808281b0434dac26fc,ba90eb10e4e1f7500a344f9b4e5e676713fa49fa355f420971a75285e0b9c298,8cda5fd98865bccfe8601ace6f9a27d5a835513e,n_references,483.0,count
detectors,S6_combined,rls,9,10.0,True,S6_combined__rls__seed9__detect_ks,29718e114c21c01b04a983f185bbf01430cfac8dd9e8b5808281b0434dac26fc,e68694c868384201c53bdaf13449887c7b05c2ad9ef5f3f7d7b8bf5cddc0bcb0,8cda5fd98865bccfe8601ace6f9a27d5a835513e,n_references,483.0,count
detectors,S6_combined,rls,9,10.0,True,S6_combined__rls__seed9__detect_all4,29718e114c21c01b04a983f185bbf01430cfac8dd9e8b5808281b0434dac26fc,6c765cc69f3e4bb20e44be0e55caf8daf8c407d7d1c06515349b9d17ec1fddce,8cda5fd98865bccfe8601ace6f9a27d5a835513e,n_references,483.0,count
detectors,S6_combined,rls,10,10.0,True,S6_combined__rls__seed10__detect_cusum,4054ab96937dfc6eef3c9c4f46347db001fd4eea59432509f786c95b51d12234,f148dc11752161354c3021f05b1fe526c43baf276ba3893e2b36806f990aaf93,8cda5fd98865bccfe8601ace6f9a27d5a835513e,n_references,487.0,count
detectors,S6_combined,rls,10,10.0,True,S6_combined__rls__seed10__detect_ph,4054ab96937dfc6eef3c9c4f46347db001fd4eea59432509f786c95b51d12234,e5360505f8c49a15eebb5ef47f7d7477818e9b19f26155854e4ff574f74f5811,8cda5fd98865bccfe8601ace6f9a27d5a835513e,n_references,487.0,count
detectors,S6_combined,rls,10,10.0,True,S6_combined__rls__seed10__detect_adwin,4054ab96937dfc6eef3c9c4f46347db001fd4eea59432509f786c95b51d12234,ba90eb10e4e1f7500a344f9b4e5e676713fa49fa355f420971a75285e0b9c298,8cda5fd98865bccfe8601ace6f9a27d5a835513e,n_references,487.0,count
detectors,S6_combined,rls,10,10.0,True,S6_combined__rls__seed10__detect_ks,4054ab96937dfc6eef3c9c4f46347db001fd4eea59432509f786c95b51d12234,e68694c868384201c53bdaf13449887c7b05c2ad9ef5f3f7d7b8bf5cddc0bcb0,8cda5fd98865bccfe8601ace6f9a27d5a835513e,n_references,487.0,count
detectors,S6_combined,rls,10,10.0,True,S6_combined__rls__seed10__detect_all4,4054ab96937dfc6eef3c9c4f46347db001fd4eea59432509f786c95b51d12234,6c765cc69f3e4bb20e44be0e55caf8daf8c407d7d1c06515349b9d17ec1fddce,8cda5fd98865bccfe8601ace6f9a27d5a835513e,n_references,487.0,count
detectors,S4_step_fault,rls,1,10.0,True,S4_step_fault__rls__seed1__detect_cusum,7d29a6d7dca932314e512c265e0e559ec6cc02e548aa25349a95d1f29dbf9ef1,f148dc11752161354c3021f05b1fe526c43baf276ba3893e2b36806f990aaf93,8cda5fd98865bccfe8601ace6f9a27d5a835513e,alarms,2.0,count
detectors,S4_step_fault,rls,1,10.0,True,S4_step_fault__rls__seed1__detect_ph,7d29a6d7dca932314e512c265e0e559ec6cc02e548aa25349a95d1f29dbf9ef1,e5360505f8c49a15eebb5ef47f7d7477818e9b19f26155854e4ff574f74f5811,8cda5fd98865bccfe8601ace6f9a27d5a835513e,alarms,1.0,count
detectors,S4_step_fault,rls,1,10.0,True,S4_step_fault__rls__seed1__detect_adwin,7d29a6d7dca932314e512c265e0e559ec6cc02e548aa25349a95d1f29dbf9ef1,ba90eb10e4e1f7500a344f9b4e5e676713fa49fa355f420971a75285e0b9c298,8cda5fd98865bccfe8601ace6f9a27d5a835513e,alarms,1.0,count
detectors,S4_step_fault,rls,1,10.0,True,S4_step_fault__rls__seed1__detect_ks,7d29a6d7dca932314e512c265e0e559ec6cc02e548aa25349a95d1f29dbf9ef1,e68694c868384201c53bdaf13449887c7b05c2ad9ef5f3f7d7b8bf5cddc0bcb0,8cda5fd98865bccfe8601ace6f9a27d5a835513e,alarms,1.0,count
detectors,S4_step_fault,rls,1,10.0,True,S4_step_fault__rls__seed1__detect_all4,7d29a6d7dca932314e512c265e0e559ec6cc02e548aa25349a95d1f29dbf9ef1,6c765cc69f3e4bb20e44be0e55caf8daf8c407d7d1c06515349b9d17ec1fddce,8cda5fd98865bccfe8601ace6f9a27d5a835513e,alarms,2.0,count
detectors,S4_step_fault,rls,2,10.0,True,S4_step_fault__rls__seed2__detect_cusum,adc80992e5ad2b0074c2ccb5fd189429c3fd11d2d51d242aa1caec078b0db1d2,f148dc11752161354c3021f05b1fe526c43baf276ba3893e2b36806f990aaf93,8cda5fd98865bccfe8601ace6f9a27d5a835513e,alarms,1.0,count
detectors,S4_step_fault,rls,2,10.0,True,S4_step_fault__rls__seed2__detect_ph,adc80992e5ad2b0074c2ccb5fd189429c3fd11d2d51d242aa1caec078b0db1d2,e5360505f8c49a15eebb5ef47f7d7477818e9b19f26155854e4ff574f74f5811,8cda5fd98865bccfe8601ace6f9a27d5a835513e,alarms,1.0,count
detectors,S4_step_fault,rls,2,10.0,True,S4_step_fault__rls__seed2__detect_adwin,adc80992e5ad2b0074c2ccb5fd189429c3fd11d2d51d242aa1caec078b0db1d2,ba90eb10e4e1f7500a344f9b4e5e676713fa49fa355f420971a75285e0b9c298,8cda5fd98865bccfe8601ace6f9a27d5a835513e,alarms,1.0,count
detectors,S4_step_fault,rls,2,10.0,True,S4_step_fault__rls__seed2__detect_ks,adc80992e5ad2b0074c2ccb5fd189429c3fd11d2d51d242aa1caec078b0db1d2,e68694c868384201c53bdaf13449887c7b05c2ad9ef5f3f7d7b8bf5cddc0bcb0,8cda5fd98865bccfe8601ace6f9a27d5a835513e,alarms,0.0,count
detectors,S4_step_fault,rls,2,10.0,True,S4_step_fault__rls__seed2__detect_all4,adc80992e5ad2b0074c2ccb5fd189429c3fd11d2d51d242aa1caec078b0db1d2,6c765cc69f3e4bb20e44be0e55caf8daf8c407d7d1c06515349b9d17ec1fddce,8cda5fd98865bccfe8601ace6f9a27d5a835513e,alarms,1.0,count
detectors,S4_step_fault,rls,3,10.0,True,S4_step_fault__rls__seed3__detect_cusum,755a0aa70d2f3fe05534c8cb137d5df18ed16325d4692fc840c3daee2c8a8c92,f148dc11752161354c3021f05b1fe526c43baf276ba3893e2b36806f990aaf93,8cda5fd98865bccfe8601ace6f9a27d5a835513e,alarms,2.0,count
detectors,S4_step_fault,rls,3,10.0,True,S4_step_fault__rls__seed3__detect_ph,755a0aa70d2f3fe05534c8cb137d5df18ed16325d4692fc840c3daee2c8a8c92,e5360505f8c49a15eebb5ef47f7d7477818e9b19f26155854e4ff574f74f5811,8cda5fd98865bccfe8601ace6f9a27d5a835513e,alarms,1.0,count
detectors,S4_step_fault,rls,3,10.0,True,S4_step_fault__rls__seed3__detect_adwin,755a0aa70d2f3fe05534c8cb137d5df18ed16325d4692fc840c3daee2c8a8c92,ba90eb10e4e1f7500a344f9b4e5e676713fa49fa355f420971a75285e0b9c298,8cda5fd98865bccfe8601ace6f9a27d5a835513e,alarms,1.0,count
detectors,S4_step_fault,rls,3,10.0,True,S4_step_fault__rls__seed3__detect_ks,755a0aa70d2f3fe05534c8cb137d5df18ed16325d4692fc840c3daee2c8a8c92,e68694c868384201c53bdaf13449887c7b05c2ad9ef5f3f7d7b8bf5cddc0bcb0,8cda5fd98865bccfe8601ace6f9a27d5a835513e,alarms,0.0,count
detectors,S4_step_fault,rls,3,10.0,True,S4_step_fault__rls__seed3__detect_all4,755a0aa70d2f3fe05534c8cb137d5df18ed16325d4692fc840c3daee2c8a8c92,6c765cc69f3e4bb20e44be0e55caf8daf8c407d7d1c06515349b9d17ec1fddce,8cda5fd98865bccfe8601ace6f9a27d5a835513e,alarms,2.0,count
detectors,S4_step_fault,rls,4,10.0,True,S4_step_fault__rls__seed4__detect_cusum,57d0146db86c059173927b479ffa5908a6e01f3cdeb9f10b63e58e983cd88fb2,f148dc11752161354c3021f05b1fe526c43baf276ba3893e2b36806f990aaf93,8cda5fd98865bccfe8601ace6f9a27d5a835513e,alarms,2.0,count
detectors,S4_step_fault,rls,4,10.0,True,S4_step_fault__rls__seed4__detect_ph,57d0146db86c059173927b479ffa5908a6e01f3cdeb9f10b63e58e983cd88fb2,e5360505f8c49a15eebb5ef47f7d7477818e9b19f26155854e4ff574f74f5811,8cda5fd98865bccfe8601ace6f9a27d5a835513e,alarms,1.0,count
detectors,S4_step_fault,rls,4,10.0,True,S4_step_fault__rls__seed4__detect_adwin,57d0146db86c059173927b479ffa5908a6e01f3cdeb9f10b63e58e983cd88fb2,ba90eb10e4e1f7500a344f9b4e5e676713fa49fa355f420971a75285e0b9c298,8cda5fd98865bccfe8601ace6f9a27d5a835513e,alarms,1.0,count
detectors,S4_step_fault,rls,4,10.0,True,S4_step_fault__rls__seed4__detect_ks,57d0146db86c059173927b479ffa5908a6e01f3cdeb9f10b63e58e983cd88fb2,e68694c868384201c53bdaf13449887c7b05c2ad9ef5f3f7d7b8bf5cddc0bcb0,8cda5fd98865bccfe8601ace6f9a27d5a835513e,alarms,0.0,count
detectors,S4_step_fault,rls,4,10.0,True,S4_step_fault__rls__seed4__detect_all4,57d0146db86c059173927b479ffa5908a6e01f3cdeb9f10b63e58e983cd88fb2,6c765cc69f3e4bb20e44be0e55caf8daf8c407d7d1c06515349b9d17ec1fddce,8cda5fd98865bccfe8601ace6f9a27d5a835513e,alarms,2.0,count
detectors,S4_step_fault,rls,5,10.0,True,S4_step_fault__rls__seed5__detect_cusum,1efe02364dacd47e4d9a937957614582b8530ef56f2b525678988666500727b7,f148dc11752161354c3021f05b1fe526c43baf276ba3893e2b36806f990aaf93,8cda5fd98865bccfe8601ace6f9a27d5a835513e,alarms,1.0,count
detectors,S4_step_fault,rls,5,10.0,True,S4_step_fault__rls__seed5__detect_ph,1efe02364dacd47e4d9a937957614582b8530ef56f2b525678988666500727b7,e5360505f8c49a15eebb5ef47f7d7477818e9b19f26155854e4ff574f74f5811,8cda5fd98865bccfe8601ace6f9a27d5a835513e,alarms,1.0,count
detectors,S4_step_fault,rls,5,10.0,True,S4_step_fault__rls__seed5__detect_adwin,1efe02364dacd47e4d9a937957614582b8530ef56f2b525678988666500727b7,ba90eb10e4e1f7500a344f9b4e5e676713fa49fa355f420971a75285e0b9c298,8cda5fd98865bccfe8601ace6f9a27d5a835513e,alarms,1.0,count
detectors,S4_step_fault,rls,5,10.0,True,S4_step_fault__rls__seed5__detect_ks,1efe02364dacd47e4d9a937957614582b8530ef56f2b525678988666500727b7,e68694c868384201c53bdaf13449887c7b05c2ad9ef5f3f7d7b8bf5cddc0bcb0,8cda5fd98865bccfe8601ace6f9a27d5a835513e,alarms,1.0,count
detectors,S4_step_fault,rls,5,10.0,True,S4_step_fault__rls__seed5__detect_all4,1efe02364dacd47e4d9a937957614582b8530ef56f2b525678988666500727b7,6c765cc69f3e4bb20e44be0e55caf8daf8c407d7d1c06515349b9d17ec1fddce,8cda5fd98865bccfe8601ace6f9a27d5a835513e,alarms,1.0,count
detectors,S4_step_fault,rls,6,10.0,True,S4_step_fault__rls__seed6__detect_cusum,edb8fb013b7aeb64e877b749783afa62d6864702f69cf9e7c539d6cd9df4f86d,f148dc11752161354c3021f05b1fe526c43baf276ba3893e2b36806f990aaf93,8cda5fd98865bccfe8601ace6f9a27d5a835513e,alarms,1.0,count
detectors,S4_step_fault,rls,6,10.0,True,S4_step_fault__rls__seed6__detect_ph,edb8fb013b7aeb64e877b749783afa62d6864702f69cf9e7c539d6cd9df4f86d,e5360505f8c49a15eebb5ef47f7d7477818e9b19f26155854e4ff574f74f5811,8cda5fd98865bccfe8601ace6f9a27d5a835513e,alarms,0.0,count
detectors,S4_step_fault,rls,6,10.0,True,S4_step_fault__rls__seed6__detect_adwin,edb8fb013b7aeb64e877b749783afa62d6864702f69cf9e7c539d6cd9df4f86d,ba90eb10e4e1f7500a344f9b4e5e676713fa49fa355f420971a75285e0b9c298,8cda5fd98865bccfe8601ace6f9a27d5a835513e,alarms,2.0,count
detectors,S4_step_fault,rls,6,10.0,True,S4_step_fault__rls__seed6__detect_ks,edb8fb013b7aeb64e877b749783afa62d6864702f69cf9e7c539d6cd9df4f86d,e68694c868384201c53bdaf13449887c7b05c2ad9ef5f3f7d7b8bf5cddc0bcb0,8cda5fd98865bccfe8601ace6f9a27d5a835513e,alarms,0.0,count
detectors,S4_step_fault,rls,6,10.0,True,S4_step_fault__rls__seed6__detect_all4,edb8fb013b7aeb64e877b749783afa62d6864702f69cf9e7c539d6cd9df4f86d,6c765cc69f3e4bb20e44be0e55caf8daf8c407d7d1c06515349b9d17ec1fddce,8cda5fd98865bccfe8601ace6f9a27d5a835513e,alarms,1.0,count
detectors,S4_step_fault,rls,7,10.0,True,S4_step_fault__rls__seed7__detect_cusum,5cf17843f3bfe6e9f5ce0f88df6e9f0fa19691e7d0781a28d2e0071debfacd13,f148dc11752161354c3021f05b1fe526c43baf276ba3893e2b36806f990aaf93,8cda5fd98865bccfe8601ace6f9a27d5a835513e,alarms,1.0,count
detectors,S4_step_fault,rls,7,10.0,True,S4_step_fault__rls__seed7__detect_ph,5cf17843f3bfe6e9f5ce0f88df6e9f0fa19691e7d0781a28d2e0071debfacd13,e5360505f8c49a15eebb5ef47f7d7477818e9b19f26155854e4ff574f74f5811,8cda5fd98865bccfe8601ace6f9a27d5a835513e,alarms,1.0,count
detectors,S4_step_fault,rls,7,10.0,True,S4_step_fault__rls__seed7__detect_adwin,5cf17843f3bfe6e9f5ce0f88df6e9f0fa19691e7d0781a28d2e0071debfacd13,ba90eb10e4e1f7500a344f9b4e5e676713fa49fa355f420971a75285e0b9c298,8cda5fd98865bccfe8601ace6f9a27d5a835513e,alarms,1.0,count
detectors,S4_step_fault,rls,7,10.0,True,S4_step_fault__rls__seed7__detect_ks,5cf17843f3bfe6e9f5ce0f88df6e9f0fa19691e7d0781a28d2e0071debfacd13,e68694c868384201c53bdaf13449887c7b05c2ad9ef5f3f7d7b8bf5cddc0bcb0,8cda5fd98865bccfe8601ace6f9a27d5a835513e,alarms,0.0,count
detectors,S4_step_fault,rls,7,10.0,True,S4_step_fault__rls__seed7__detect_all4,5cf17843f3bfe6e9f5ce0f88df6e9f0fa19691e7d0781a28d2e0071debfacd13,6c765cc69f3e4bb20e44be0e55caf8daf8c407d7d1c06515349b9d17ec1fddce,8cda5fd98865bccfe8601ace6f9a27d5a835513e,alarms,1.0,count
detectors,S4_step_fault,rls,8,10.0,True,S4_step_fault__rls__seed8__detect_cusum,4471998ed306e877216c6c1b12b8ba9d62e309093746866fb7f4d683dd3b0138,f148dc11752161354c3021f05b1fe526c43baf276ba3893e2b36806f990aaf93,8cda5fd98865bccfe8601ace6f9a27d5a835513e,alarms,1.0,count
detectors,S4_step_fault,rls,8,10.0,True,S4_step_fault__rls__seed8__detect_ph,4471998ed306e877216c6c1b12b8ba9d62e309093746866fb7f4d683dd3b0138,e5360505f8c49a15eebb5ef47f7d7477818e9b19f26155854e4ff574f74f5811,8cda5fd98865bccfe8601ace6f9a27d5a835513e,alarms,1.0,count
detectors,S4_step_fault,rls,8,10.0,True,S4_step_fault__rls__seed8__detect_adwin,4471998ed306e877216c6c1b12b8ba9d62e309093746866fb7f4d683dd3b0138,ba90eb10e4e1f7500a344f9b4e5e676713fa49fa355f420971a75285e0b9c298,8cda5fd98865bccfe8601ace6f9a27d5a835513e,alarms,1.0,count
detectors,S4_step_fault,rls,8,10.0,True,S4_step_fault__rls__seed8__detect_ks,4471998ed306e877216c6c1b12b8ba9d62e309093746866fb7f4d683dd3b0138,e68694c868384201c53bdaf13449887c7b05c2ad9ef5f3f7d7b8bf5cddc0bcb0,8cda5fd98865bccfe8601ace6f9a27d5a835513e,alarms,0.0,count
detectors,S4_step_fault,rls,8,10.0,True,S4_step_fault__rls__seed8__detect_all4,4471998ed306e877216c6c1b12b8ba9d62e309093746866fb7f4d683dd3b0138,6c765cc69f3e4bb20e44be0e55caf8daf8c407d7d1c06515349b9d17ec1fddce,8cda5fd98865bccfe8601ace6f9a27d5a835513e,alarms,1.0,count
detectors,S4_step_fault,rls,9,10.0,True,S4_step_fault__rls__seed9__detect_cusum,af86278540fa1654a3e5819e52691400963a2f43bbaf4be0dd151148c2836411,f148dc11752161354c3021f05b1fe526c43baf276ba3893e2b36806f990aaf93,8cda5fd98865bccfe8601ace6f9a27d5a835513e,alarms,2.0,count
detectors,S4_step_fault,rls,9,10.0,True,S4_step_fault__rls__seed9__detect_ph,af86278540fa1654a3e5819e52691400963a2f43bbaf4be0dd151148c2836411,e5360505f8c49a15eebb5ef47f7d7477818e9b19f26155854e4ff574f74f5811,8cda5fd98865bccfe8601ace6f9a27d5a835513e,alarms,1.0,count
detectors,S4_step_fault,rls,9,10.0,True,S4_step_fault__rls__seed9__detect_adwin,af86278540fa1654a3e5819e52691400963a2f43bbaf4be0dd151148c2836411,ba90eb10e4e1f7500a344f9b4e5e676713fa49fa355f420971a75285e0b9c298,8cda5fd98865bccfe8601ace6f9a27d5a835513e,alarms,1.0,count
detectors,S4_step_fault,rls,9,10.0,True,S4_step_fault__rls__seed9__detect_ks,af86278540fa1654a3e5819e52691400963a2f43bbaf4be0dd151148c2836411,e68694c868384201c53bdaf13449887c7b05c2ad9ef5f3f7d7b8bf5cddc0bcb0,8cda5fd98865bccfe8601ace6f9a27d5a835513e,alarms,1.0,count
detectors,S4_step_fault,rls,9,10.0,True,S4_step_fault__rls__seed9__detect_all4,af86278540fa1654a3e5819e52691400963a2f43bbaf4be0dd151148c2836411,6c765cc69f3e4bb20e44be0e55caf8daf8c407d7d1c06515349b9d17ec1fddce,8cda5fd98865bccfe8601ace6f9a27d5a835513e,alarms,2.0,count
detectors,S4_step_fault,rls,10,10.0,True,S4_step_fault__rls__seed10__detect_cusum,b97f4fa67d55b0a4900a4dc84b9f38b152ab85aa07d9118de95bac234f41360d,f148dc11752161354c3021f05b1fe526c43baf276ba3893e2b36806f990aaf93,8cda5fd98865bccfe8601ace6f9a27d5a835513e,alarms,2.0,count
detectors,S4_step_fault,rls,10,10.0,True,S4_step_fault__rls__seed10__detect_ph,b97f4fa67d55b0a4900a4dc84b9f38b152ab85aa07d9118de95bac234f41360d,e5360505f8c49a15eebb5ef47f7d7477818e9b19f26155854e4ff574f74f5811,8cda5fd98865bccfe8601ace6f9a27d5a835513e,alarms,1.0,count
detectors,S4_step_fault,rls,10,10.0,True,S4_step_fault__rls__seed10__detect_adwin,b97f4fa67d55b0a4900a4dc84b9f38b152ab85aa07d9118de95bac234f41360d,ba90eb10e4e1f7500a344f9b4e5e676713fa49fa355f420971a75285e0b9c298,8cda5fd98865bccfe8601ace6f9a27d5a835513e,alarms,2.0,count
detectors,S4_step_fault,rls,10,10.0,True,S4_step_fault__rls__seed10__detect_ks,b97f4fa67d55b0a4900a4dc84b9f38b152ab85aa07d9118de95bac234f41360d,e68694c868384201c53bdaf13449887c7b05c2ad9ef5f3f7d7b8bf5cddc0bcb0,8cda5fd98865bccfe8601ace6f9a27d5a835513e,alarms,1.0,count
detectors,S4_step_fault,rls,10,10.0,True,S4_step_fault__rls__seed10__detect_all4,b97f4fa67d55b0a4900a4dc84b9f38b152ab85aa07d9118de95bac234f41360d,6c765cc69f3e4bb20e44be0e55caf8daf8c407d7d1c06515349b9d17ec1fddce,8cda5fd98865bccfe8601ace6f9a27d5a835513e,alarms,2.0,count
detectors,S6_combined,rls,1,10.0,True,S6_combined__rls__seed1__detect_cusum,b3cf8d14b3aed8b1d65ab4497dcbfb879dbda2ce1da03bb07f6401c9b4b9bd4a,f148dc11752161354c3021f05b1fe526c43baf276ba3893e2b36806f990aaf93,8cda5fd98865bccfe8601ace6f9a27d5a835513e,alarms,2.0,count
detectors,S6_combined,rls,1,10.0,True,S6_combined__rls__seed1__detect_ph,b3cf8d14b3aed8b1d65ab4497dcbfb879dbda2ce1da03bb07f6401c9b4b9bd4a,e5360505f8c49a15eebb5ef47f7d7477818e9b19f26155854e4ff574f74f5811,8cda5fd98865bccfe8601ace6f9a27d5a835513e,alarms,2.0,count
detectors,S6_combined,rls,1,10.0,True,S6_combined__rls__seed1__detect_adwin,b3cf8d14b3aed8b1d65ab4497dcbfb879dbda2ce1da03bb07f6401c9b4b9bd4a,ba90eb10e4e1f7500a344f9b4e5e676713fa49fa355f420971a75285e0b9c298,8cda5fd98865bccfe8601ace6f9a27d5a835513e,alarms,2.0,count
detectors,S6_combined,rls,1,10.0,True,S6_combined__rls__seed1__detect_ks,b3cf8d14b3aed8b1d65ab4497dcbfb879dbda2ce1da03bb07f6401c9b4b9bd4a,e68694c868384201c53bdaf13449887c7b05c2ad9ef5f3f7d7b8bf5cddc0bcb0,8cda5fd98865bccfe8601ace6f9a27d5a835513e,alarms,0.0,count
detectors,S6_combined,rls,1,10.0,True,S6_combined__rls__seed1__detect_all4,b3cf8d14b3aed8b1d65ab4497dcbfb879dbda2ce1da03bb07f6401c9b4b9bd4a,6c765cc69f3e4bb20e44be0e55caf8daf8c407d7d1c06515349b9d17ec1fddce,8cda5fd98865bccfe8601ace6f9a27d5a835513e,alarms,2.0,count
detectors,S6_combined,rls,2,10.0,True,S6_combined__rls__seed2__detect_cusum,e4f7ab87faf6982be139dc8af97757bff8d540d357c41e3d06ec298e4dd75854,f148dc11752161354c3021f05b1fe526c43baf276ba3893e2b36806f990aaf93,8cda5fd98865bccfe8601ace6f9a27d5a835513e,alarms,2.0,count
detectors,S6_combined,rls,2,10.0,True,S6_combined__rls__seed2__detect_ph,e4f7ab87faf6982be139dc8af97757bff8d540d357c41e3d06ec298e4dd75854,e5360505f8c49a15eebb5ef47f7d7477818e9b19f26155854e4ff574f74f5811,8cda5fd98865bccfe8601ace6f9a27d5a835513e,alarms,2.0,count
detectors,S6_combined,rls,2,10.0,True,S6_combined__rls__seed2__detect_adwin,e4f7ab87faf6982be139dc8af97757bff8d540d357c41e3d06ec298e4dd75854,ba90eb10e4e1f7500a344f9b4e5e676713fa49fa355f420971a75285e0b9c298,8cda5fd98865bccfe8601ace6f9a27d5a835513e,alarms,2.0,count
detectors,S6_combined,rls,2,10.0,True,S6_combined__rls__seed2__detect_ks,e4f7ab87faf6982be139dc8af97757bff8d540d357c41e3d06ec298e4dd75854,e68694c868384201c53bdaf13449887c7b05c2ad9ef5f3f7d7b8bf5cddc0bcb0,8cda5fd98865bccfe8601ace6f9a27d5a835513e,alarms,0.0,count
detectors,S6_combined,rls,2,10.0,True,S6_combined__rls__seed2__detect_all4,e4f7ab87faf6982be139dc8af97757bff8d540d357c41e3d06ec298e4dd75854,6c765cc69f3e4bb20e44be0e55caf8daf8c407d7d1c06515349b9d17ec1fddce,8cda5fd98865bccfe8601ace6f9a27d5a835513e,alarms,2.0,count
detectors,S6_combined,rls,3,10.0,True,S6_combined__rls__seed3__detect_cusum,c371bfebbbdb510b204e19fcaedea3c47a4e8b6d77499f04ee6ac55d13fed988,f148dc11752161354c3021f05b1fe526c43baf276ba3893e2b36806f990aaf93,8cda5fd98865bccfe8601ace6f9a27d5a835513e,alarms,2.0,count
detectors,S6_combined,rls,3,10.0,True,S6_combined__rls__seed3__detect_ph,c371bfebbbdb510b204e19fcaedea3c47a4e8b6d77499f04ee6ac55d13fed988,e5360505f8c49a15eebb5ef47f7d7477818e9b19f26155854e4ff574f74f5811,8cda5fd98865bccfe8601ace6f9a27d5a835513e,alarms,1.0,count
detectors,S6_combined,rls,3,10.0,True,S6_combined__rls__seed3__detect_adwin,c371bfebbbdb510b204e19fcaedea3c47a4e8b6d77499f04ee6ac55d13fed988,ba90eb10e4e1f7500a344f9b4e5e676713fa49fa355f420971a75285e0b9c298,8cda5fd98865bccfe8601ace6f9a27d5a835513e,alarms,1.0,count
detectors,S6_combined,rls,3,10.0,True,S6_combined__rls__seed3__detect_ks,c371bfebbbdb510b204e19fcaedea3c47a4e8b6d77499f04ee6ac55d13fed988,e68694c868384201c53bdaf13449887c7b05c2ad9ef5f3f7d7b8bf5cddc0bcb0,8cda5fd98865bccfe8601ace6f9a27d5a835513e,alarms,0.0,count
detectors,S6_combined,rls,3,10.0,True,S6_combined__rls__seed3__detect_all4,c371bfebbbdb510b204e19fcaedea3c47a4e8b6d77499f04ee6ac55d13fed988,6c765cc69f3e4bb20e44be0e55caf8daf8c407d7d1c06515349b9d17ec1fddce,8cda5fd98865bccfe8601ace6f9a27d5a835513e,alarms,2.0,count
detectors,S6_combined,rls,4,10.0,True,S6_combined__rls__seed4__detect_cusum,091893e2b20fe4f1f4ec71b10a24db6c43dabefaa37c7ef75c67f5a78f00f2b7,f148dc11752161354c3021f05b1fe526c43baf276ba3893e2b36806f990aaf93,8cda5fd98865bccfe8601ace6f9a27d5a835513e,alarms,2.0,count
detectors,S6_combined,rls,4,10.0,True,S6_combined__rls__seed4__detect_ph,091893e2b20fe4f1f4ec71b10a24db6c43dabefaa37c7ef75c67f5a78f00f2b7,e5360505f8c49a15eebb5ef47f7d7477818e9b19f26155854e4ff574f74f5811,8cda5fd98865bccfe8601ace6f9a27d5a835513e,alarms,2.0,count
detectors,S6_combined,rls,4,10.0,True,S6_combined__rls__seed4__detect_adwin,091893e2b20fe4f1f4ec71b10a24db6c43dabefaa37c7ef75c67f5a78f00f2b7,ba90eb10e4e1f7500a344f9b4e5e676713fa49fa355f420971a75285e0b9c298,8cda5fd98865bccfe8601ace6f9a27d5a835513e,alarms,1.0,count
detectors,S6_combined,rls,4,10.0,True,S6_combined__rls__seed4__detect_ks,091893e2b20fe4f1f4ec71b10a24db6c43dabefaa37c7ef75c67f5a78f00f2b7,e68694c868384201c53bdaf13449887c7b05c2ad9ef5f3f7d7b8bf5cddc0bcb0,8cda5fd98865bccfe8601ace6f9a27d5a835513e,alarms,0.0,count
detectors,S6_combined,rls,4,10.0,True,S6_combined__rls__seed4__detect_all4,091893e2b20fe4f1f4ec71b10a24db6c43dabefaa37c7ef75c67f5a78f00f2b7,6c765cc69f3e4bb20e44be0e55caf8daf8c407d7d1c06515349b9d17ec1fddce,8cda5fd98865bccfe8601ace6f9a27d5a835513e,alarms,2.0,count
detectors,S6_combined,rls,5,10.0,True,S6_combined__rls__seed5__detect_cusum,c1d9d4a7d46d9a42ad59de704b5ae8b21c9bf2f17d4576d9bfa6e10e6c6f4b13,f148dc11752161354c3021f05b1fe526c43baf276ba3893e2b36806f990aaf93,8cda5fd98865bccfe8601ace6f9a27d5a835513e,alarms,1.0,count
detectors,S6_combined,rls,5,10.0,True,S6_combined__rls__seed5__detect_ph,c1d9d4a7d46d9a42ad59de704b5ae8b21c9bf2f17d4576d9bfa6e10e6c6f4b13,e5360505f8c49a15eebb5ef47f7d7477818e9b19f26155854e4ff574f74f5811,8cda5fd98865bccfe8601ace6f9a27d5a835513e,alarms,0.0,count
detectors,S6_combined,rls,5,10.0,True,S6_combined__rls__seed5__detect_adwin,c1d9d4a7d46d9a42ad59de704b5ae8b21c9bf2f17d4576d9bfa6e10e6c6f4b13,ba90eb10e4e1f7500a344f9b4e5e676713fa49fa355f420971a75285e0b9c298,8cda5fd98865bccfe8601ace6f9a27d5a835513e,alarms,1.0,count
detectors,S6_combined,rls,5,10.0,True,S6_combined__rls__seed5__detect_ks,c1d9d4a7d46d9a42ad59de704b5ae8b21c9bf2f17d4576d9bfa6e10e6c6f4b13,e68694c868384201c53bdaf13449887c7b05c2ad9ef5f3f7d7b8bf5cddc0bcb0,8cda5fd98865bccfe8601ace6f9a27d5a835513e,alarms,0.0,count
detectors,S6_combined,rls,5,10.0,True,S6_combined__rls__seed5__detect_all4,c1d9d4a7d46d9a42ad59de704b5ae8b21c9bf2f17d4576d9bfa6e10e6c6f4b13,6c765cc69f3e4bb20e44be0e55caf8daf8c407d7d1c06515349b9d17ec1fddce,8cda5fd98865bccfe8601ace6f9a27d5a835513e,alarms,1.0,count
detectors,S6_combined,rls,6,10.0,True,S6_combined__rls__seed6__detect_cusum,8fbcb1374a66e26dea4a0e8dbcf64db42ebcd88dd11b5cd3bb5d44e8d4b0665a,f148dc11752161354c3021f05b1fe526c43baf276ba3893e2b36806f990aaf93,8cda5fd98865bccfe8601ace6f9a27d5a835513e,alarms,3.0,count
detectors,S6_combined,rls,6,10.0,True,S6_combined__rls__seed6__detect_ph,8fbcb1374a66e26dea4a0e8dbcf64db42ebcd88dd11b5cd3bb5d44e8d4b0665a,e5360505f8c49a15eebb5ef47f7d7477818e9b19f26155854e4ff574f74f5811,8cda5fd98865bccfe8601ace6f9a27d5a835513e,alarms,2.0,count
detectors,S6_combined,rls,6,10.0,True,S6_combined__rls__seed6__detect_adwin,8fbcb1374a66e26dea4a0e8dbcf64db42ebcd88dd11b5cd3bb5d44e8d4b0665a,ba90eb10e4e1f7500a344f9b4e5e676713fa49fa355f420971a75285e0b9c298,8cda5fd98865bccfe8601ace6f9a27d5a835513e,alarms,1.0,count
detectors,S6_combined,rls,6,10.0,True,S6_combined__rls__seed6__detect_ks,8fbcb1374a66e26dea4a0e8dbcf64db42ebcd88dd11b5cd3bb5d44e8d4b0665a,e68694c868384201c53bdaf13449887c7b05c2ad9ef5f3f7d7b8bf5cddc0bcb0,8cda5fd98865bccfe8601ace6f9a27d5a835513e,alarms,1.0,count
detectors,S6_combined,rls,6,10.0,True,S6_combined__rls__seed6__detect_all4,8fbcb1374a66e26dea4a0e8dbcf64db42ebcd88dd11b5cd3bb5d44e8d4b0665a,6c765cc69f3e4bb20e44be0e55caf8daf8c407d7d1c06515349b9d17ec1fddce,8cda5fd98865bccfe8601ace6f9a27d5a835513e,alarms,3.0,count
detectors,S6_combined,rls,7,10.0,True,S6_combined__rls__seed7__detect_cusum,eb12037c60287858e9925e83fcaf2aa6789246ee5a2aa0c936402930de58eb1c,f148dc11752161354c3021f05b1fe526c43baf276ba3893e2b36806f990aaf93,8cda5fd98865bccfe8601ace6f9a27d5a835513e,alarms,1.0,count
detectors,S6_combined,rls,7,10.0,True,S6_combined__rls__seed7__detect_ph,eb12037c60287858e9925e83fcaf2aa6789246ee5a2aa0c936402930de58eb1c,e5360505f8c49a15eebb5ef47f7d7477818e9b19f26155854e4ff574f74f5811,8cda5fd98865bccfe8601ace6f9a27d5a835513e,alarms,1.0,count
detectors,S6_combined,rls,7,10.0,True,S6_combined__rls__seed7__detect_adwin,eb12037c60287858e9925e83fcaf2aa6789246ee5a2aa0c936402930de58eb1c,ba90eb10e4e1f7500a344f9b4e5e676713fa49fa355f420971a75285e0b9c298,8cda5fd98865bccfe8601ace6f9a27d5a835513e,alarms,1.0,count
detectors,S6_combined,rls,7,10.0,True,S6_combined__rls__seed7__detect_ks,eb12037c60287858e9925e83fcaf2aa6789246ee5a2aa0c936402930de58eb1c,e68694c868384201c53bdaf13449887c7b05c2ad9ef5f3f7d7b8bf5cddc0bcb0,8cda5fd98865bccfe8601ace6f9a27d5a835513e,alarms,0.0,count
detectors,S6_combined,rls,7,10.0,True,S6_combined__rls__seed7__detect_all4,eb12037c60287858e9925e83fcaf2aa6789246ee5a2aa0c936402930de58eb1c,6c765cc69f3e4bb20e44be0e55caf8daf8c407d7d1c06515349b9d17ec1fddce,8cda5fd98865bccfe8601ace6f9a27d5a835513e,alarms,1.0,count
detectors,S6_combined,rls,8,10.0,True,S6_combined__rls__seed8__detect_cusum,da4740837e6cf85b5c7d22d84cf556133cbff181edcbfd4d107db823d7c1f164,f148dc11752161354c3021f05b1fe526c43baf276ba3893e2b36806f990aaf93,8cda5fd98865bccfe8601ace6f9a27d5a835513e,alarms,1.0,count
detectors,S6_combined,rls,8,10.0,True,S6_combined__rls__seed8__detect_ph,da4740837e6cf85b5c7d22d84cf556133cbff181edcbfd4d107db823d7c1f164,e5360505f8c49a15eebb5ef47f7d7477818e9b19f26155854e4ff574f74f5811,8cda5fd98865bccfe8601ace6f9a27d5a835513e,alarms,1.0,count
detectors,S6_combined,rls,8,10.0,True,S6_combined__rls__seed8__detect_adwin,da4740837e6cf85b5c7d22d84cf556133cbff181edcbfd4d107db823d7c1f164,ba90eb10e4e1f7500a344f9b4e5e676713fa49fa355f420971a75285e0b9c298,8cda5fd98865bccfe8601ace6f9a27d5a835513e,alarms,1.0,count
detectors,S6_combined,rls,8,10.0,True,S6_combined__rls__seed8__detect_ks,da4740837e6cf85b5c7d22d84cf556133cbff181edcbfd4d107db823d7c1f164,e68694c868384201c53bdaf13449887c7b05c2ad9ef5f3f7d7b8bf5cddc0bcb0,8cda5fd98865bccfe8601ace6f9a27d5a835513e,alarms,0.0,count
detectors,S6_combined,rls,8,10.0,True,S6_combined__rls__seed8__detect_all4,da4740837e6cf85b5c7d22d84cf556133cbff181edcbfd4d107db823d7c1f164,6c765cc69f3e4bb20e44be0e55caf8daf8c407d7d1c06515349b9d17ec1fddce,8cda5fd98865bccfe8601ace6f9a27d5a835513e,alarms,1.0,count
detectors,S6_combined,rls,9,10.0,True,S6_combined__rls__seed9__detect_cusum,29718e114c21c01b04a983f185bbf01430cfac8dd9e8b5808281b0434dac26fc,f148dc11752161354c3021f05b1fe526c43baf276ba3893e2b36806f990aaf93,8cda5fd98865bccfe8601ace6f9a27d5a835513e,alarms,3.0,count
detectors,S6_combined,rls,9,10.0,True,S6_combined__rls__seed9__detect_ph,29718e114c21c01b04a983f185bbf01430cfac8dd9e8b5808281b0434dac26fc,e5360505f8c49a15eebb5ef47f7d7477818e9b19f26155854e4ff574f74f5811,8cda5fd98865bccfe8601ace6f9a27d5a835513e,alarms,2.0,count
detectors,S6_combined,rls,9,10.0,True,S6_combined__rls__seed9__detect_adwin,29718e114c21c01b04a983f185bbf01430cfac8dd9e8b5808281b0434dac26fc,ba90eb10e4e1f7500a344f9b4e5e676713fa49fa355f420971a75285e0b9c298,8cda5fd98865bccfe8601ace6f9a27d5a835513e,alarms,3.0,count
detectors,S6_combined,rls,9,10.0,True,S6_combined__rls__seed9__detect_ks,29718e114c21c01b04a983f185bbf01430cfac8dd9e8b5808281b0434dac26fc,e68694c868384201c53bdaf13449887c7b05c2ad9ef5f3f7d7b8bf5cddc0bcb0,8cda5fd98865bccfe8601ace6f9a27d5a835513e,alarms,0.0,count
detectors,S6_combined,rls,9,10.0,True,S6_combined__rls__seed9__detect_all4,29718e114c21c01b04a983f185bbf01430cfac8dd9e8b5808281b0434dac26fc,6c765cc69f3e4bb20e44be0e55caf8daf8c407d7d1c06515349b9d17ec1fddce,8cda5fd98865bccfe8601ace6f9a27d5a835513e,alarms,3.0,count
detectors,S6_combined,rls,10,10.0,True,S6_combined__rls__seed10__detect_cusum,4054ab96937dfc6eef3c9c4f46347db001fd4eea59432509f786c95b51d12234,f148dc11752161354c3021f05b1fe526c43baf276ba3893e2b36806f990aaf93,8cda5fd98865bccfe8601ace6f9a27d5a835513e,alarms,2.0,count
detectors,S6_combined,rls,10,10.0,True,S6_combined__rls__seed10__detect_ph,4054ab96937dfc6eef3c9c4f46347db001fd4eea59432509f786c95b51d12234,e5360505f8c49a15eebb5ef47f7d7477818e9b19f26155854e4ff574f74f5811,8cda5fd98865bccfe8601ace6f9a27d5a835513e,alarms,1.0,count
detectors,S6_combined,rls,10,10.0,True,S6_combined__rls__seed10__detect_adwin,4054ab96937dfc6eef3c9c4f46347db001fd4eea59432509f786c95b51d12234,ba90eb10e4e1f7500a344f9b4e5e676713fa49fa355f420971a75285e0b9c298,8cda5fd98865bccfe8601ace6f9a27d5a835513e,alarms,1.0,count
detectors,S6_combined,rls,10,10.0,True,S6_combined__rls__seed10__detect_ks,4054ab96937dfc6eef3c9c4f46347db001fd4eea59432509f786c95b51d12234,e68694c868384201c53bdaf13449887c7b05c2ad9ef5f3f7d7b8bf5cddc0bcb0,8cda5fd98865bccfe8601ace6f9a27d5a835513e,alarms,0.0,count
detectors,S6_combined,rls,10,10.0,True,S6_combined__rls__seed10__detect_all4,4054ab96937dfc6eef3c9c4f46347db001fd4eea59432509f786c95b51d12234,6c765cc69f3e4bb20e44be0e55caf8daf8c407d7d1c06515349b9d17ec1fddce,8cda5fd98865bccfe8601ace6f9a27d5a835513e,alarms,2.0,count
detectors,S4_step_fault,rls,1,10.0,True,S4_step_fault__rls__seed1__detect_cusum,7d29a6d7dca932314e512c265e0e559ec6cc02e548aa25349a95d1f29dbf9ef1,f148dc11752161354c3021f05b1fe526c43baf276ba3893e2b36806f990aaf93,8cda5fd98865bccfe8601ace6f9a27d5a835513e,recalibrations,1.0,count
detectors,S4_step_fault,rls,1,10.0,True,S4_step_fault__rls__seed1__detect_ph,7d29a6d7dca932314e512c265e0e559ec6cc02e548aa25349a95d1f29dbf9ef1,e5360505f8c49a15eebb5ef47f7d7477818e9b19f26155854e4ff574f74f5811,8cda5fd98865bccfe8601ace6f9a27d5a835513e,recalibrations,0.0,count
detectors,S4_step_fault,rls,1,10.0,True,S4_step_fault__rls__seed1__detect_adwin,7d29a6d7dca932314e512c265e0e559ec6cc02e548aa25349a95d1f29dbf9ef1,ba90eb10e4e1f7500a344f9b4e5e676713fa49fa355f420971a75285e0b9c298,8cda5fd98865bccfe8601ace6f9a27d5a835513e,recalibrations,0.0,count
detectors,S4_step_fault,rls,1,10.0,True,S4_step_fault__rls__seed1__detect_ks,7d29a6d7dca932314e512c265e0e559ec6cc02e548aa25349a95d1f29dbf9ef1,e68694c868384201c53bdaf13449887c7b05c2ad9ef5f3f7d7b8bf5cddc0bcb0,8cda5fd98865bccfe8601ace6f9a27d5a835513e,recalibrations,0.0,count
detectors,S4_step_fault,rls,1,10.0,True,S4_step_fault__rls__seed1__detect_all4,7d29a6d7dca932314e512c265e0e559ec6cc02e548aa25349a95d1f29dbf9ef1,6c765cc69f3e4bb20e44be0e55caf8daf8c407d7d1c06515349b9d17ec1fddce,8cda5fd98865bccfe8601ace6f9a27d5a835513e,recalibrations,1.0,count
detectors,S4_step_fault,rls,2,10.0,True,S4_step_fault__rls__seed2__detect_cusum,adc80992e5ad2b0074c2ccb5fd189429c3fd11d2d51d242aa1caec078b0db1d2,f148dc11752161354c3021f05b1fe526c43baf276ba3893e2b36806f990aaf93,8cda5fd98865bccfe8601ace6f9a27d5a835513e,recalibrations,1.0,count
detectors,S4_step_fault,rls,2,10.0,True,S4_step_fault__rls__seed2__detect_ph,adc80992e5ad2b0074c2ccb5fd189429c3fd11d2d51d242aa1caec078b0db1d2,e5360505f8c49a15eebb5ef47f7d7477818e9b19f26155854e4ff574f74f5811,8cda5fd98865bccfe8601ace6f9a27d5a835513e,recalibrations,0.0,count
detectors,S4_step_fault,rls,2,10.0,True,S4_step_fault__rls__seed2__detect_adwin,adc80992e5ad2b0074c2ccb5fd189429c3fd11d2d51d242aa1caec078b0db1d2,ba90eb10e4e1f7500a344f9b4e5e676713fa49fa355f420971a75285e0b9c298,8cda5fd98865bccfe8601ace6f9a27d5a835513e,recalibrations,0.0,count
detectors,S4_step_fault,rls,2,10.0,True,S4_step_fault__rls__seed2__detect_ks,adc80992e5ad2b0074c2ccb5fd189429c3fd11d2d51d242aa1caec078b0db1d2,e68694c868384201c53bdaf13449887c7b05c2ad9ef5f3f7d7b8bf5cddc0bcb0,8cda5fd98865bccfe8601ace6f9a27d5a835513e,recalibrations,0.0,count
detectors,S4_step_fault,rls,2,10.0,True,S4_step_fault__rls__seed2__detect_all4,adc80992e5ad2b0074c2ccb5fd189429c3fd11d2d51d242aa1caec078b0db1d2,6c765cc69f3e4bb20e44be0e55caf8daf8c407d7d1c06515349b9d17ec1fddce,8cda5fd98865bccfe8601ace6f9a27d5a835513e,recalibrations,1.0,count
detectors,S4_step_fault,rls,3,10.0,True,S4_step_fault__rls__seed3__detect_cusum,755a0aa70d2f3fe05534c8cb137d5df18ed16325d4692fc840c3daee2c8a8c92,f148dc11752161354c3021f05b1fe526c43baf276ba3893e2b36806f990aaf93,8cda5fd98865bccfe8601ace6f9a27d5a835513e,recalibrations,0.0,count
detectors,S4_step_fault,rls,3,10.0,True,S4_step_fault__rls__seed3__detect_ph,755a0aa70d2f3fe05534c8cb137d5df18ed16325d4692fc840c3daee2c8a8c92,e5360505f8c49a15eebb5ef47f7d7477818e9b19f26155854e4ff574f74f5811,8cda5fd98865bccfe8601ace6f9a27d5a835513e,recalibrations,0.0,count
detectors,S4_step_fault,rls,3,10.0,True,S4_step_fault__rls__seed3__detect_adwin,755a0aa70d2f3fe05534c8cb137d5df18ed16325d4692fc840c3daee2c8a8c92,ba90eb10e4e1f7500a344f9b4e5e676713fa49fa355f420971a75285e0b9c298,8cda5fd98865bccfe8601ace6f9a27d5a835513e,recalibrations,0.0,count
detectors,S4_step_fault,rls,3,10.0,True,S4_step_fault__rls__seed3__detect_ks,755a0aa70d2f3fe05534c8cb137d5df18ed16325d4692fc840c3daee2c8a8c92,e68694c868384201c53bdaf13449887c7b05c2ad9ef5f3f7d7b8bf5cddc0bcb0,8cda5fd98865bccfe8601ace6f9a27d5a835513e,recalibrations,0.0,count
detectors,S4_step_fault,rls,3,10.0,True,S4_step_fault__rls__seed3__detect_all4,755a0aa70d2f3fe05534c8cb137d5df18ed16325d4692fc840c3daee2c8a8c92,6c765cc69f3e4bb20e44be0e55caf8daf8c407d7d1c06515349b9d17ec1fddce,8cda5fd98865bccfe8601ace6f9a27d5a835513e,recalibrations,0.0,count
detectors,S4_step_fault,rls,4,10.0,True,S4_step_fault__rls__seed4__detect_cusum,57d0146db86c059173927b479ffa5908a6e01f3cdeb9f10b63e58e983cd88fb2,f148dc11752161354c3021f05b1fe526c43baf276ba3893e2b36806f990aaf93,8cda5fd98865bccfe8601ace6f9a27d5a835513e,recalibrations,1.0,count
detectors,S4_step_fault,rls,4,10.0,True,S4_step_fault__rls__seed4__detect_ph,57d0146db86c059173927b479ffa5908a6e01f3cdeb9f10b63e58e983cd88fb2,e5360505f8c49a15eebb5ef47f7d7477818e9b19f26155854e4ff574f74f5811,8cda5fd98865bccfe8601ace6f9a27d5a835513e,recalibrations,0.0,count
detectors,S4_step_fault,rls,4,10.0,True,S4_step_fault__rls__seed4__detect_adwin,57d0146db86c059173927b479ffa5908a6e01f3cdeb9f10b63e58e983cd88fb2,ba90eb10e4e1f7500a344f9b4e5e676713fa49fa355f420971a75285e0b9c298,8cda5fd98865bccfe8601ace6f9a27d5a835513e,recalibrations,0.0,count
detectors,S4_step_fault,rls,4,10.0,True,S4_step_fault__rls__seed4__detect_ks,57d0146db86c059173927b479ffa5908a6e01f3cdeb9f10b63e58e983cd88fb2,e68694c868384201c53bdaf13449887c7b05c2ad9ef5f3f7d7b8bf5cddc0bcb0,8cda5fd98865bccfe8601ace6f9a27d5a835513e,recalibrations,0.0,count
detectors,S4_step_fault,rls,4,10.0,True,S4_step_fault__rls__seed4__detect_all4,57d0146db86c059173927b479ffa5908a6e01f3cdeb9f10b63e58e983cd88fb2,6c765cc69f3e4bb20e44be0e55caf8daf8c407d7d1c06515349b9d17ec1fddce,8cda5fd98865bccfe8601ace6f9a27d5a835513e,recalibrations,1.0,count
detectors,S4_step_fault,rls,5,10.0,True,S4_step_fault__rls__seed5__detect_cusum,1efe02364dacd47e4d9a937957614582b8530ef56f2b525678988666500727b7,f148dc11752161354c3021f05b1fe526c43baf276ba3893e2b36806f990aaf93,8cda5fd98865bccfe8601ace6f9a27d5a835513e,recalibrations,0.0,count
detectors,S4_step_fault,rls,5,10.0,True,S4_step_fault__rls__seed5__detect_ph,1efe02364dacd47e4d9a937957614582b8530ef56f2b525678988666500727b7,e5360505f8c49a15eebb5ef47f7d7477818e9b19f26155854e4ff574f74f5811,8cda5fd98865bccfe8601ace6f9a27d5a835513e,recalibrations,0.0,count
detectors,S4_step_fault,rls,5,10.0,True,S4_step_fault__rls__seed5__detect_adwin,1efe02364dacd47e4d9a937957614582b8530ef56f2b525678988666500727b7,ba90eb10e4e1f7500a344f9b4e5e676713fa49fa355f420971a75285e0b9c298,8cda5fd98865bccfe8601ace6f9a27d5a835513e,recalibrations,0.0,count
detectors,S4_step_fault,rls,5,10.0,True,S4_step_fault__rls__seed5__detect_ks,1efe02364dacd47e4d9a937957614582b8530ef56f2b525678988666500727b7,e68694c868384201c53bdaf13449887c7b05c2ad9ef5f3f7d7b8bf5cddc0bcb0,8cda5fd98865bccfe8601ace6f9a27d5a835513e,recalibrations,0.0,count
detectors,S4_step_fault,rls,5,10.0,True,S4_step_fault__rls__seed5__detect_all4,1efe02364dacd47e4d9a937957614582b8530ef56f2b525678988666500727b7,6c765cc69f3e4bb20e44be0e55caf8daf8c407d7d1c06515349b9d17ec1fddce,8cda5fd98865bccfe8601ace6f9a27d5a835513e,recalibrations,0.0,count
detectors,S4_step_fault,rls,6,10.0,True,S4_step_fault__rls__seed6__detect_cusum,edb8fb013b7aeb64e877b749783afa62d6864702f69cf9e7c539d6cd9df4f86d,f148dc11752161354c3021f05b1fe526c43baf276ba3893e2b36806f990aaf93,8cda5fd98865bccfe8601ace6f9a27d5a835513e,recalibrations,0.0,count
detectors,S4_step_fault,rls,6,10.0,True,S4_step_fault__rls__seed6__detect_ph,edb8fb013b7aeb64e877b749783afa62d6864702f69cf9e7c539d6cd9df4f86d,e5360505f8c49a15eebb5ef47f7d7477818e9b19f26155854e4ff574f74f5811,8cda5fd98865bccfe8601ace6f9a27d5a835513e,recalibrations,0.0,count
detectors,S4_step_fault,rls,6,10.0,True,S4_step_fault__rls__seed6__detect_adwin,edb8fb013b7aeb64e877b749783afa62d6864702f69cf9e7c539d6cd9df4f86d,ba90eb10e4e1f7500a344f9b4e5e676713fa49fa355f420971a75285e0b9c298,8cda5fd98865bccfe8601ace6f9a27d5a835513e,recalibrations,1.0,count
detectors,S4_step_fault,rls,6,10.0,True,S4_step_fault__rls__seed6__detect_ks,edb8fb013b7aeb64e877b749783afa62d6864702f69cf9e7c539d6cd9df4f86d,e68694c868384201c53bdaf13449887c7b05c2ad9ef5f3f7d7b8bf5cddc0bcb0,8cda5fd98865bccfe8601ace6f9a27d5a835513e,recalibrations,0.0,count
detectors,S4_step_fault,rls,6,10.0,True,S4_step_fault__rls__seed6__detect_all4,edb8fb013b7aeb64e877b749783afa62d6864702f69cf9e7c539d6cd9df4f86d,6c765cc69f3e4bb20e44be0e55caf8daf8c407d7d1c06515349b9d17ec1fddce,8cda5fd98865bccfe8601ace6f9a27d5a835513e,recalibrations,0.0,count
detectors,S4_step_fault,rls,7,10.0,True,S4_step_fault__rls__seed7__detect_cusum,5cf17843f3bfe6e9f5ce0f88df6e9f0fa19691e7d0781a28d2e0071debfacd13,f148dc11752161354c3021f05b1fe526c43baf276ba3893e2b36806f990aaf93,8cda5fd98865bccfe8601ace6f9a27d5a835513e,recalibrations,0.0,count
detectors,S4_step_fault,rls,7,10.0,True,S4_step_fault__rls__seed7__detect_ph,5cf17843f3bfe6e9f5ce0f88df6e9f0fa19691e7d0781a28d2e0071debfacd13,e5360505f8c49a15eebb5ef47f7d7477818e9b19f26155854e4ff574f74f5811,8cda5fd98865bccfe8601ace6f9a27d5a835513e,recalibrations,0.0,count
detectors,S4_step_fault,rls,7,10.0,True,S4_step_fault__rls__seed7__detect_adwin,5cf17843f3bfe6e9f5ce0f88df6e9f0fa19691e7d0781a28d2e0071debfacd13,ba90eb10e4e1f7500a344f9b4e5e676713fa49fa355f420971a75285e0b9c298,8cda5fd98865bccfe8601ace6f9a27d5a835513e,recalibrations,0.0,count
detectors,S4_step_fault,rls,7,10.0,True,S4_step_fault__rls__seed7__detect_ks,5cf17843f3bfe6e9f5ce0f88df6e9f0fa19691e7d0781a28d2e0071debfacd13,e68694c868384201c53bdaf13449887c7b05c2ad9ef5f3f7d7b8bf5cddc0bcb0,8cda5fd98865bccfe8601ace6f9a27d5a835513e,recalibrations,0.0,count
detectors,S4_step_fault,rls,7,10.0,True,S4_step_fault__rls__seed7__detect_all4,5cf17843f3bfe6e9f5ce0f88df6e9f0fa19691e7d0781a28d2e0071debfacd13,6c765cc69f3e4bb20e44be0e55caf8daf8c407d7d1c06515349b9d17ec1fddce,8cda5fd98865bccfe8601ace6f9a27d5a835513e,recalibrations,0.0,count
detectors,S4_step_fault,rls,8,10.0,True,S4_step_fault__rls__seed8__detect_cusum,4471998ed306e877216c6c1b12b8ba9d62e309093746866fb7f4d683dd3b0138,f148dc11752161354c3021f05b1fe526c43baf276ba3893e2b36806f990aaf93,8cda5fd98865bccfe8601ace6f9a27d5a835513e,recalibrations,0.0,count
detectors,S4_step_fault,rls,8,10.0,True,S4_step_fault__rls__seed8__detect_ph,4471998ed306e877216c6c1b12b8ba9d62e309093746866fb7f4d683dd3b0138,e5360505f8c49a15eebb5ef47f7d7477818e9b19f26155854e4ff574f74f5811,8cda5fd98865bccfe8601ace6f9a27d5a835513e,recalibrations,0.0,count
detectors,S4_step_fault,rls,8,10.0,True,S4_step_fault__rls__seed8__detect_adwin,4471998ed306e877216c6c1b12b8ba9d62e309093746866fb7f4d683dd3b0138,ba90eb10e4e1f7500a344f9b4e5e676713fa49fa355f420971a75285e0b9c298,8cda5fd98865bccfe8601ace6f9a27d5a835513e,recalibrations,0.0,count
detectors,S4_step_fault,rls,8,10.0,True,S4_step_fault__rls__seed8__detect_ks,4471998ed306e877216c6c1b12b8ba9d62e309093746866fb7f4d683dd3b0138,e68694c868384201c53bdaf13449887c7b05c2ad9ef5f3f7d7b8bf5cddc0bcb0,8cda5fd98865bccfe8601ace6f9a27d5a835513e,recalibrations,0.0,count
detectors,S4_step_fault,rls,8,10.0,True,S4_step_fault__rls__seed8__detect_all4,4471998ed306e877216c6c1b12b8ba9d62e309093746866fb7f4d683dd3b0138,6c765cc69f3e4bb20e44be0e55caf8daf8c407d7d1c06515349b9d17ec1fddce,8cda5fd98865bccfe8601ace6f9a27d5a835513e,recalibrations,0.0,count
detectors,S4_step_fault,rls,9,10.0,True,S4_step_fault__rls__seed9__detect_cusum,af86278540fa1654a3e5819e52691400963a2f43bbaf4be0dd151148c2836411,f148dc11752161354c3021f05b1fe526c43baf276ba3893e2b36806f990aaf93,8cda5fd98865bccfe8601ace6f9a27d5a835513e,recalibrations,1.0,count
detectors,S4_step_fault,rls,9,10.0,True,S4_step_fault__rls__seed9__detect_ph,af86278540fa1654a3e5819e52691400963a2f43bbaf4be0dd151148c2836411,e5360505f8c49a15eebb5ef47f7d7477818e9b19f26155854e4ff574f74f5811,8cda5fd98865bccfe8601ace6f9a27d5a835513e,recalibrations,1.0,count
detectors,S4_step_fault,rls,9,10.0,True,S4_step_fault__rls__seed9__detect_adwin,af86278540fa1654a3e5819e52691400963a2f43bbaf4be0dd151148c2836411,ba90eb10e4e1f7500a344f9b4e5e676713fa49fa355f420971a75285e0b9c298,8cda5fd98865bccfe8601ace6f9a27d5a835513e,recalibrations,1.0,count
detectors,S4_step_fault,rls,9,10.0,True,S4_step_fault__rls__seed9__detect_ks,af86278540fa1654a3e5819e52691400963a2f43bbaf4be0dd151148c2836411,e68694c868384201c53bdaf13449887c7b05c2ad9ef5f3f7d7b8bf5cddc0bcb0,8cda5fd98865bccfe8601ace6f9a27d5a835513e,recalibrations,0.0,count
detectors,S4_step_fault,rls,9,10.0,True,S4_step_fault__rls__seed9__detect_all4,af86278540fa1654a3e5819e52691400963a2f43bbaf4be0dd151148c2836411,6c765cc69f3e4bb20e44be0e55caf8daf8c407d7d1c06515349b9d17ec1fddce,8cda5fd98865bccfe8601ace6f9a27d5a835513e,recalibrations,1.0,count
detectors,S4_step_fault,rls,10,10.0,True,S4_step_fault__rls__seed10__detect_cusum,b97f4fa67d55b0a4900a4dc84b9f38b152ab85aa07d9118de95bac234f41360d,f148dc11752161354c3021f05b1fe526c43baf276ba3893e2b36806f990aaf93,8cda5fd98865bccfe8601ace6f9a27d5a835513e,recalibrations,2.0,count
detectors,S4_step_fault,rls,10,10.0,True,S4_step_fault__rls__seed10__detect_ph,b97f4fa67d55b0a4900a4dc84b9f38b152ab85aa07d9118de95bac234f41360d,e5360505f8c49a15eebb5ef47f7d7477818e9b19f26155854e4ff574f74f5811,8cda5fd98865bccfe8601ace6f9a27d5a835513e,recalibrations,2.0,count
detectors,S4_step_fault,rls,10,10.0,True,S4_step_fault__rls__seed10__detect_adwin,b97f4fa67d55b0a4900a4dc84b9f38b152ab85aa07d9118de95bac234f41360d,ba90eb10e4e1f7500a344f9b4e5e676713fa49fa355f420971a75285e0b9c298,8cda5fd98865bccfe8601ace6f9a27d5a835513e,recalibrations,2.0,count
detectors,S4_step_fault,rls,10,10.0,True,S4_step_fault__rls__seed10__detect_ks,b97f4fa67d55b0a4900a4dc84b9f38b152ab85aa07d9118de95bac234f41360d,e68694c868384201c53bdaf13449887c7b05c2ad9ef5f3f7d7b8bf5cddc0bcb0,8cda5fd98865bccfe8601ace6f9a27d5a835513e,recalibrations,0.0,count
detectors,S4_step_fault,rls,10,10.0,True,S4_step_fault__rls__seed10__detect_all4,b97f4fa67d55b0a4900a4dc84b9f38b152ab85aa07d9118de95bac234f41360d,6c765cc69f3e4bb20e44be0e55caf8daf8c407d7d1c06515349b9d17ec1fddce,8cda5fd98865bccfe8601ace6f9a27d5a835513e,recalibrations,2.0,count
detectors,S6_combined,rls,1,10.0,True,S6_combined__rls__seed1__detect_cusum,b3cf8d14b3aed8b1d65ab4497dcbfb879dbda2ce1da03bb07f6401c9b4b9bd4a,f148dc11752161354c3021f05b1fe526c43baf276ba3893e2b36806f990aaf93,8cda5fd98865bccfe8601ace6f9a27d5a835513e,recalibrations,0.0,count
detectors,S6_combined,rls,1,10.0,True,S6_combined__rls__seed1__detect_ph,b3cf8d14b3aed8b1d65ab4497dcbfb879dbda2ce1da03bb07f6401c9b4b9bd4a,e5360505f8c49a15eebb5ef47f7d7477818e9b19f26155854e4ff574f74f5811,8cda5fd98865bccfe8601ace6f9a27d5a835513e,recalibrations,0.0,count
detectors,S6_combined,rls,1,10.0,True,S6_combined__rls__seed1__detect_adwin,b3cf8d14b3aed8b1d65ab4497dcbfb879dbda2ce1da03bb07f6401c9b4b9bd4a,ba90eb10e4e1f7500a344f9b4e5e676713fa49fa355f420971a75285e0b9c298,8cda5fd98865bccfe8601ace6f9a27d5a835513e,recalibrations,0.0,count
detectors,S6_combined,rls,1,10.0,True,S6_combined__rls__seed1__detect_ks,b3cf8d14b3aed8b1d65ab4497dcbfb879dbda2ce1da03bb07f6401c9b4b9bd4a,e68694c868384201c53bdaf13449887c7b05c2ad9ef5f3f7d7b8bf5cddc0bcb0,8cda5fd98865bccfe8601ace6f9a27d5a835513e,recalibrations,0.0,count
detectors,S6_combined,rls,1,10.0,True,S6_combined__rls__seed1__detect_all4,b3cf8d14b3aed8b1d65ab4497dcbfb879dbda2ce1da03bb07f6401c9b4b9bd4a,6c765cc69f3e4bb20e44be0e55caf8daf8c407d7d1c06515349b9d17ec1fddce,8cda5fd98865bccfe8601ace6f9a27d5a835513e,recalibrations,0.0,count
detectors,S6_combined,rls,2,10.0,True,S6_combined__rls__seed2__detect_cusum,e4f7ab87faf6982be139dc8af97757bff8d540d357c41e3d06ec298e4dd75854,f148dc11752161354c3021f05b1fe526c43baf276ba3893e2b36806f990aaf93,8cda5fd98865bccfe8601ace6f9a27d5a835513e,recalibrations,0.0,count
detectors,S6_combined,rls,2,10.0,True,S6_combined__rls__seed2__detect_ph,e4f7ab87faf6982be139dc8af97757bff8d540d357c41e3d06ec298e4dd75854,e5360505f8c49a15eebb5ef47f7d7477818e9b19f26155854e4ff574f74f5811,8cda5fd98865bccfe8601ace6f9a27d5a835513e,recalibrations,0.0,count
detectors,S6_combined,rls,2,10.0,True,S6_combined__rls__seed2__detect_adwin,e4f7ab87faf6982be139dc8af97757bff8d540d357c41e3d06ec298e4dd75854,ba90eb10e4e1f7500a344f9b4e5e676713fa49fa355f420971a75285e0b9c298,8cda5fd98865bccfe8601ace6f9a27d5a835513e,recalibrations,0.0,count
detectors,S6_combined,rls,2,10.0,True,S6_combined__rls__seed2__detect_ks,e4f7ab87faf6982be139dc8af97757bff8d540d357c41e3d06ec298e4dd75854,e68694c868384201c53bdaf13449887c7b05c2ad9ef5f3f7d7b8bf5cddc0bcb0,8cda5fd98865bccfe8601ace6f9a27d5a835513e,recalibrations,0.0,count
detectors,S6_combined,rls,2,10.0,True,S6_combined__rls__seed2__detect_all4,e4f7ab87faf6982be139dc8af97757bff8d540d357c41e3d06ec298e4dd75854,6c765cc69f3e4bb20e44be0e55caf8daf8c407d7d1c06515349b9d17ec1fddce,8cda5fd98865bccfe8601ace6f9a27d5a835513e,recalibrations,0.0,count
detectors,S6_combined,rls,3,10.0,True,S6_combined__rls__seed3__detect_cusum,c371bfebbbdb510b204e19fcaedea3c47a4e8b6d77499f04ee6ac55d13fed988,f148dc11752161354c3021f05b1fe526c43baf276ba3893e2b36806f990aaf93,8cda5fd98865bccfe8601ace6f9a27d5a835513e,recalibrations,1.0,count
detectors,S6_combined,rls,3,10.0,True,S6_combined__rls__seed3__detect_ph,c371bfebbbdb510b204e19fcaedea3c47a4e8b6d77499f04ee6ac55d13fed988,e5360505f8c49a15eebb5ef47f7d7477818e9b19f26155854e4ff574f74f5811,8cda5fd98865bccfe8601ace6f9a27d5a835513e,recalibrations,0.0,count
detectors,S6_combined,rls,3,10.0,True,S6_combined__rls__seed3__detect_adwin,c371bfebbbdb510b204e19fcaedea3c47a4e8b6d77499f04ee6ac55d13fed988,ba90eb10e4e1f7500a344f9b4e5e676713fa49fa355f420971a75285e0b9c298,8cda5fd98865bccfe8601ace6f9a27d5a835513e,recalibrations,0.0,count
detectors,S6_combined,rls,3,10.0,True,S6_combined__rls__seed3__detect_ks,c371bfebbbdb510b204e19fcaedea3c47a4e8b6d77499f04ee6ac55d13fed988,e68694c868384201c53bdaf13449887c7b05c2ad9ef5f3f7d7b8bf5cddc0bcb0,8cda5fd98865bccfe8601ace6f9a27d5a835513e,recalibrations,0.0,count
detectors,S6_combined,rls,3,10.0,True,S6_combined__rls__seed3__detect_all4,c371bfebbbdb510b204e19fcaedea3c47a4e8b6d77499f04ee6ac55d13fed988,6c765cc69f3e4bb20e44be0e55caf8daf8c407d7d1c06515349b9d17ec1fddce,8cda5fd98865bccfe8601ace6f9a27d5a835513e,recalibrations,1.0,count
detectors,S6_combined,rls,4,10.0,True,S6_combined__rls__seed4__detect_cusum,091893e2b20fe4f1f4ec71b10a24db6c43dabefaa37c7ef75c67f5a78f00f2b7,f148dc11752161354c3021f05b1fe526c43baf276ba3893e2b36806f990aaf93,8cda5fd98865bccfe8601ace6f9a27d5a835513e,recalibrations,0.0,count
detectors,S6_combined,rls,4,10.0,True,S6_combined__rls__seed4__detect_ph,091893e2b20fe4f1f4ec71b10a24db6c43dabefaa37c7ef75c67f5a78f00f2b7,e5360505f8c49a15eebb5ef47f7d7477818e9b19f26155854e4ff574f74f5811,8cda5fd98865bccfe8601ace6f9a27d5a835513e,recalibrations,0.0,count
detectors,S6_combined,rls,4,10.0,True,S6_combined__rls__seed4__detect_adwin,091893e2b20fe4f1f4ec71b10a24db6c43dabefaa37c7ef75c67f5a78f00f2b7,ba90eb10e4e1f7500a344f9b4e5e676713fa49fa355f420971a75285e0b9c298,8cda5fd98865bccfe8601ace6f9a27d5a835513e,recalibrations,0.0,count
detectors,S6_combined,rls,4,10.0,True,S6_combined__rls__seed4__detect_ks,091893e2b20fe4f1f4ec71b10a24db6c43dabefaa37c7ef75c67f5a78f00f2b7,e68694c868384201c53bdaf13449887c7b05c2ad9ef5f3f7d7b8bf5cddc0bcb0,8cda5fd98865bccfe8601ace6f9a27d5a835513e,recalibrations,0.0,count
detectors,S6_combined,rls,4,10.0,True,S6_combined__rls__seed4__detect_all4,091893e2b20fe4f1f4ec71b10a24db6c43dabefaa37c7ef75c67f5a78f00f2b7,6c765cc69f3e4bb20e44be0e55caf8daf8c407d7d1c06515349b9d17ec1fddce,8cda5fd98865bccfe8601ace6f9a27d5a835513e,recalibrations,0.0,count
detectors,S6_combined,rls,5,10.0,True,S6_combined__rls__seed5__detect_cusum,c1d9d4a7d46d9a42ad59de704b5ae8b21c9bf2f17d4576d9bfa6e10e6c6f4b13,f148dc11752161354c3021f05b1fe526c43baf276ba3893e2b36806f990aaf93,8cda5fd98865bccfe8601ace6f9a27d5a835513e,recalibrations,0.0,count
detectors,S6_combined,rls,5,10.0,True,S6_combined__rls__seed5__detect_ph,c1d9d4a7d46d9a42ad59de704b5ae8b21c9bf2f17d4576d9bfa6e10e6c6f4b13,e5360505f8c49a15eebb5ef47f7d7477818e9b19f26155854e4ff574f74f5811,8cda5fd98865bccfe8601ace6f9a27d5a835513e,recalibrations,0.0,count
detectors,S6_combined,rls,5,10.0,True,S6_combined__rls__seed5__detect_adwin,c1d9d4a7d46d9a42ad59de704b5ae8b21c9bf2f17d4576d9bfa6e10e6c6f4b13,ba90eb10e4e1f7500a344f9b4e5e676713fa49fa355f420971a75285e0b9c298,8cda5fd98865bccfe8601ace6f9a27d5a835513e,recalibrations,0.0,count
detectors,S6_combined,rls,5,10.0,True,S6_combined__rls__seed5__detect_ks,c1d9d4a7d46d9a42ad59de704b5ae8b21c9bf2f17d4576d9bfa6e10e6c6f4b13,e68694c868384201c53bdaf13449887c7b05c2ad9ef5f3f7d7b8bf5cddc0bcb0,8cda5fd98865bccfe8601ace6f9a27d5a835513e,recalibrations,0.0,count
detectors,S6_combined,rls,5,10.0,True,S6_combined__rls__seed5__detect_all4,c1d9d4a7d46d9a42ad59de704b5ae8b21c9bf2f17d4576d9bfa6e10e6c6f4b13,6c765cc69f3e4bb20e44be0e55caf8daf8c407d7d1c06515349b9d17ec1fddce,8cda5fd98865bccfe8601ace6f9a27d5a835513e,recalibrations,0.0,count
detectors,S6_combined,rls,6,10.0,True,S6_combined__rls__seed6__detect_cusum,8fbcb1374a66e26dea4a0e8dbcf64db42ebcd88dd11b5cd3bb5d44e8d4b0665a,f148dc11752161354c3021f05b1fe526c43baf276ba3893e2b36806f990aaf93,8cda5fd98865bccfe8601ace6f9a27d5a835513e,recalibrations,1.0,count
detectors,S6_combined,rls,6,10.0,True,S6_combined__rls__seed6__detect_ph,8fbcb1374a66e26dea4a0e8dbcf64db42ebcd88dd11b5cd3bb5d44e8d4b0665a,e5360505f8c49a15eebb5ef47f7d7477818e9b19f26155854e4ff574f74f5811,8cda5fd98865bccfe8601ace6f9a27d5a835513e,recalibrations,1.0,count
detectors,S6_combined,rls,6,10.0,True,S6_combined__rls__seed6__detect_adwin,8fbcb1374a66e26dea4a0e8dbcf64db42ebcd88dd11b5cd3bb5d44e8d4b0665a,ba90eb10e4e1f7500a344f9b4e5e676713fa49fa355f420971a75285e0b9c298,8cda5fd98865bccfe8601ace6f9a27d5a835513e,recalibrations,1.0,count
detectors,S6_combined,rls,6,10.0,True,S6_combined__rls__seed6__detect_ks,8fbcb1374a66e26dea4a0e8dbcf64db42ebcd88dd11b5cd3bb5d44e8d4b0665a,e68694c868384201c53bdaf13449887c7b05c2ad9ef5f3f7d7b8bf5cddc0bcb0,8cda5fd98865bccfe8601ace6f9a27d5a835513e,recalibrations,0.0,count
detectors,S6_combined,rls,6,10.0,True,S6_combined__rls__seed6__detect_all4,8fbcb1374a66e26dea4a0e8dbcf64db42ebcd88dd11b5cd3bb5d44e8d4b0665a,6c765cc69f3e4bb20e44be0e55caf8daf8c407d7d1c06515349b9d17ec1fddce,8cda5fd98865bccfe8601ace6f9a27d5a835513e,recalibrations,1.0,count
detectors,S6_combined,rls,7,10.0,True,S6_combined__rls__seed7__detect_cusum,eb12037c60287858e9925e83fcaf2aa6789246ee5a2aa0c936402930de58eb1c,f148dc11752161354c3021f05b1fe526c43baf276ba3893e2b36806f990aaf93,8cda5fd98865bccfe8601ace6f9a27d5a835513e,recalibrations,1.0,count
detectors,S6_combined,rls,7,10.0,True,S6_combined__rls__seed7__detect_ph,eb12037c60287858e9925e83fcaf2aa6789246ee5a2aa0c936402930de58eb1c,e5360505f8c49a15eebb5ef47f7d7477818e9b19f26155854e4ff574f74f5811,8cda5fd98865bccfe8601ace6f9a27d5a835513e,recalibrations,1.0,count
detectors,S6_combined,rls,7,10.0,True,S6_combined__rls__seed7__detect_adwin,eb12037c60287858e9925e83fcaf2aa6789246ee5a2aa0c936402930de58eb1c,ba90eb10e4e1f7500a344f9b4e5e676713fa49fa355f420971a75285e0b9c298,8cda5fd98865bccfe8601ace6f9a27d5a835513e,recalibrations,1.0,count
detectors,S6_combined,rls,7,10.0,True,S6_combined__rls__seed7__detect_ks,eb12037c60287858e9925e83fcaf2aa6789246ee5a2aa0c936402930de58eb1c,e68694c868384201c53bdaf13449887c7b05c2ad9ef5f3f7d7b8bf5cddc0bcb0,8cda5fd98865bccfe8601ace6f9a27d5a835513e,recalibrations,0.0,count
detectors,S6_combined,rls,7,10.0,True,S6_combined__rls__seed7__detect_all4,eb12037c60287858e9925e83fcaf2aa6789246ee5a2aa0c936402930de58eb1c,6c765cc69f3e4bb20e44be0e55caf8daf8c407d7d1c06515349b9d17ec1fddce,8cda5fd98865bccfe8601ace6f9a27d5a835513e,recalibrations,1.0,count
detectors,S6_combined,rls,8,10.0,True,S6_combined__rls__seed8__detect_cusum,da4740837e6cf85b5c7d22d84cf556133cbff181edcbfd4d107db823d7c1f164,f148dc11752161354c3021f05b1fe526c43baf276ba3893e2b36806f990aaf93,8cda5fd98865bccfe8601ace6f9a27d5a835513e,recalibrations,0.0,count
detectors,S6_combined,rls,8,10.0,True,S6_combined__rls__seed8__detect_ph,da4740837e6cf85b5c7d22d84cf556133cbff181edcbfd4d107db823d7c1f164,e5360505f8c49a15eebb5ef47f7d7477818e9b19f26155854e4ff574f74f5811,8cda5fd98865bccfe8601ace6f9a27d5a835513e,recalibrations,1.0,count
detectors,S6_combined,rls,8,10.0,True,S6_combined__rls__seed8__detect_adwin,da4740837e6cf85b5c7d22d84cf556133cbff181edcbfd4d107db823d7c1f164,ba90eb10e4e1f7500a344f9b4e5e676713fa49fa355f420971a75285e0b9c298,8cda5fd98865bccfe8601ace6f9a27d5a835513e,recalibrations,1.0,count
detectors,S6_combined,rls,8,10.0,True,S6_combined__rls__seed8__detect_ks,da4740837e6cf85b5c7d22d84cf556133cbff181edcbfd4d107db823d7c1f164,e68694c868384201c53bdaf13449887c7b05c2ad9ef5f3f7d7b8bf5cddc0bcb0,8cda5fd98865bccfe8601ace6f9a27d5a835513e,recalibrations,0.0,count
detectors,S6_combined,rls,8,10.0,True,S6_combined__rls__seed8__detect_all4,da4740837e6cf85b5c7d22d84cf556133cbff181edcbfd4d107db823d7c1f164,6c765cc69f3e4bb20e44be0e55caf8daf8c407d7d1c06515349b9d17ec1fddce,8cda5fd98865bccfe8601ace6f9a27d5a835513e,recalibrations,1.0,count
detectors,S6_combined,rls,9,10.0,True,S6_combined__rls__seed9__detect_cusum,29718e114c21c01b04a983f185bbf01430cfac8dd9e8b5808281b0434dac26fc,f148dc11752161354c3021f05b1fe526c43baf276ba3893e2b36806f990aaf93,8cda5fd98865bccfe8601ace6f9a27d5a835513e,recalibrations,1.0,count
detectors,S6_combined,rls,9,10.0,True,S6_combined__rls__seed9__detect_ph,29718e114c21c01b04a983f185bbf01430cfac8dd9e8b5808281b0434dac26fc,e5360505f8c49a15eebb5ef47f7d7477818e9b19f26155854e4ff574f74f5811,8cda5fd98865bccfe8601ace6f9a27d5a835513e,recalibrations,1.0,count
detectors,S6_combined,rls,9,10.0,True,S6_combined__rls__seed9__detect_adwin,29718e114c21c01b04a983f185bbf01430cfac8dd9e8b5808281b0434dac26fc,ba90eb10e4e1f7500a344f9b4e5e676713fa49fa355f420971a75285e0b9c298,8cda5fd98865bccfe8601ace6f9a27d5a835513e,recalibrations,1.0,count
detectors,S6_combined,rls,9,10.0,True,S6_combined__rls__seed9__detect_ks,29718e114c21c01b04a983f185bbf01430cfac8dd9e8b5808281b0434dac26fc,e68694c868384201c53bdaf13449887c7b05c2ad9ef5f3f7d7b8bf5cddc0bcb0,8cda5fd98865bccfe8601ace6f9a27d5a835513e,recalibrations,0.0,count
detectors,S6_combined,rls,9,10.0,True,S6_combined__rls__seed9__detect_all4,29718e114c21c01b04a983f185bbf01430cfac8dd9e8b5808281b0434dac26fc,6c765cc69f3e4bb20e44be0e55caf8daf8c407d7d1c06515349b9d17ec1fddce,8cda5fd98865bccfe8601ace6f9a27d5a835513e,recalibrations,1.0,count
detectors,S6_combined,rls,10,10.0,True,S6_combined__rls__seed10__detect_cusum,4054ab96937dfc6eef3c9c4f46347db001fd4eea59432509f786c95b51d12234,f148dc11752161354c3021f05b1fe526c43baf276ba3893e2b36806f990aaf93,8cda5fd98865bccfe8601ace6f9a27d5a835513e,recalibrations,0.0,count
detectors,S6_combined,rls,10,10.0,True,S6_combined__rls__seed10__detect_ph,4054ab96937dfc6eef3c9c4f46347db001fd4eea59432509f786c95b51d12234,e5360505f8c49a15eebb5ef47f7d7477818e9b19f26155854e4ff574f74f5811,8cda5fd98865bccfe8601ace6f9a27d5a835513e,recalibrations,0.0,count
detectors,S6_combined,rls,10,10.0,True,S6_combined__rls__seed10__detect_adwin,4054ab96937dfc6eef3c9c4f46347db001fd4eea59432509f786c95b51d12234,ba90eb10e4e1f7500a344f9b4e5e676713fa49fa355f420971a75285e0b9c298,8cda5fd98865bccfe8601ace6f9a27d5a835513e,recalibrations,0.0,count
detectors,S6_combined,rls,10,10.0,True,S6_combined__rls__seed10__detect_ks,4054ab96937dfc6eef3c9c4f46347db001fd4eea59432509f786c95b51d12234,e68694c868384201c53bdaf13449887c7b05c2ad9ef5f3f7d7b8bf5cddc0bcb0,8cda5fd98865bccfe8601ace6f9a27d5a835513e,recalibrations,0.0,count
detectors,S6_combined,rls,10,10.0,True,S6_combined__rls__seed10__detect_all4,4054ab96937dfc6eef3c9c4f46347db001fd4eea59432509f786c95b51d12234,6c765cc69f3e4bb20e44be0e55caf8daf8c407d7d1c06515349b9d17ec1fddce,8cda5fd98865bccfe8601ace6f9a27d5a835513e,recalibrations,0.0,count
detectors,S4_step_fault,rls,1,10.0,True,S4_step_fault__rls__seed1__detect_cusum,7d29a6d7dca932314e512c265e0e559ec6cc02e548aa25349a95d1f29dbf9ef1,f148dc11752161354c3021f05b1fe526c43baf276ba3893e2b36806f990aaf93,8cda5fd98865bccfe8601ace6f9a27d5a835513e,degradations,0.0,count
detectors,S4_step_fault,rls,1,10.0,True,S4_step_fault__rls__seed1__detect_ph,7d29a6d7dca932314e512c265e0e559ec6cc02e548aa25349a95d1f29dbf9ef1,e5360505f8c49a15eebb5ef47f7d7477818e9b19f26155854e4ff574f74f5811,8cda5fd98865bccfe8601ace6f9a27d5a835513e,degradations,0.0,count
detectors,S4_step_fault,rls,1,10.0,True,S4_step_fault__rls__seed1__detect_adwin,7d29a6d7dca932314e512c265e0e559ec6cc02e548aa25349a95d1f29dbf9ef1,ba90eb10e4e1f7500a344f9b4e5e676713fa49fa355f420971a75285e0b9c298,8cda5fd98865bccfe8601ace6f9a27d5a835513e,degradations,0.0,count
detectors,S4_step_fault,rls,1,10.0,True,S4_step_fault__rls__seed1__detect_ks,7d29a6d7dca932314e512c265e0e559ec6cc02e548aa25349a95d1f29dbf9ef1,e68694c868384201c53bdaf13449887c7b05c2ad9ef5f3f7d7b8bf5cddc0bcb0,8cda5fd98865bccfe8601ace6f9a27d5a835513e,degradations,0.0,count
detectors,S4_step_fault,rls,1,10.0,True,S4_step_fault__rls__seed1__detect_all4,7d29a6d7dca932314e512c265e0e559ec6cc02e548aa25349a95d1f29dbf9ef1,6c765cc69f3e4bb20e44be0e55caf8daf8c407d7d1c06515349b9d17ec1fddce,8cda5fd98865bccfe8601ace6f9a27d5a835513e,degradations,0.0,count
detectors,S4_step_fault,rls,2,10.0,True,S4_step_fault__rls__seed2__detect_cusum,adc80992e5ad2b0074c2ccb5fd189429c3fd11d2d51d242aa1caec078b0db1d2,f148dc11752161354c3021f05b1fe526c43baf276ba3893e2b36806f990aaf93,8cda5fd98865bccfe8601ace6f9a27d5a835513e,degradations,0.0,count
detectors,S4_step_fault,rls,2,10.0,True,S4_step_fault__rls__seed2__detect_ph,adc80992e5ad2b0074c2ccb5fd189429c3fd11d2d51d242aa1caec078b0db1d2,e5360505f8c49a15eebb5ef47f7d7477818e9b19f26155854e4ff574f74f5811,8cda5fd98865bccfe8601ace6f9a27d5a835513e,degradations,0.0,count
detectors,S4_step_fault,rls,2,10.0,True,S4_step_fault__rls__seed2__detect_adwin,adc80992e5ad2b0074c2ccb5fd189429c3fd11d2d51d242aa1caec078b0db1d2,ba90eb10e4e1f7500a344f9b4e5e676713fa49fa355f420971a75285e0b9c298,8cda5fd98865bccfe8601ace6f9a27d5a835513e,degradations,0.0,count
detectors,S4_step_fault,rls,2,10.0,True,S4_step_fault__rls__seed2__detect_ks,adc80992e5ad2b0074c2ccb5fd189429c3fd11d2d51d242aa1caec078b0db1d2,e68694c868384201c53bdaf13449887c7b05c2ad9ef5f3f7d7b8bf5cddc0bcb0,8cda5fd98865bccfe8601ace6f9a27d5a835513e,degradations,0.0,count
detectors,S4_step_fault,rls,2,10.0,True,S4_step_fault__rls__seed2__detect_all4,adc80992e5ad2b0074c2ccb5fd189429c3fd11d2d51d242aa1caec078b0db1d2,6c765cc69f3e4bb20e44be0e55caf8daf8c407d7d1c06515349b9d17ec1fddce,8cda5fd98865bccfe8601ace6f9a27d5a835513e,degradations,0.0,count
detectors,S4_step_fault,rls,3,10.0,True,S4_step_fault__rls__seed3__detect_cusum,755a0aa70d2f3fe05534c8cb137d5df18ed16325d4692fc840c3daee2c8a8c92,f148dc11752161354c3021f05b1fe526c43baf276ba3893e2b36806f990aaf93,8cda5fd98865bccfe8601ace6f9a27d5a835513e,degradations,0.0,count
detectors,S4_step_fault,rls,3,10.0,True,S4_step_fault__rls__seed3__detect_ph,755a0aa70d2f3fe05534c8cb137d5df18ed16325d4692fc840c3daee2c8a8c92,e5360505f8c49a15eebb5ef47f7d7477818e9b19f26155854e4ff574f74f5811,8cda5fd98865bccfe8601ace6f9a27d5a835513e,degradations,0.0,count
detectors,S4_step_fault,rls,3,10.0,True,S4_step_fault__rls__seed3__detect_adwin,755a0aa70d2f3fe05534c8cb137d5df18ed16325d4692fc840c3daee2c8a8c92,ba90eb10e4e1f7500a344f9b4e5e676713fa49fa355f420971a75285e0b9c298,8cda5fd98865bccfe8601ace6f9a27d5a835513e,degradations,0.0,count
detectors,S4_step_fault,rls,3,10.0,True,S4_step_fault__rls__seed3__detect_ks,755a0aa70d2f3fe05534c8cb137d5df18ed16325d4692fc840c3daee2c8a8c92,e68694c868384201c53bdaf13449887c7b05c2ad9ef5f3f7d7b8bf5cddc0bcb0,8cda5fd98865bccfe8601ace6f9a27d5a835513e,degradations,0.0,count
detectors,S4_step_fault,rls,3,10.0,True,S4_step_fault__rls__seed3__detect_all4,755a0aa70d2f3fe05534c8cb137d5df18ed16325d4692fc840c3daee2c8a8c92,6c765cc69f3e4bb20e44be0e55caf8daf8c407d7d1c06515349b9d17ec1fddce,8cda5fd98865bccfe8601ace6f9a27d5a835513e,degradations,0.0,count
detectors,S4_step_fault,rls,4,10.0,True,S4_step_fault__rls__seed4__detect_cusum,57d0146db86c059173927b479ffa5908a6e01f3cdeb9f10b63e58e983cd88fb2,f148dc11752161354c3021f05b1fe526c43baf276ba3893e2b36806f990aaf93,8cda5fd98865bccfe8601ace6f9a27d5a835513e,degradations,0.0,count
detectors,S4_step_fault,rls,4,10.0,True,S4_step_fault__rls__seed4__detect_ph,57d0146db86c059173927b479ffa5908a6e01f3cdeb9f10b63e58e983cd88fb2,e5360505f8c49a15eebb5ef47f7d7477818e9b19f26155854e4ff574f74f5811,8cda5fd98865bccfe8601ace6f9a27d5a835513e,degradations,0.0,count
detectors,S4_step_fault,rls,4,10.0,True,S4_step_fault__rls__seed4__detect_adwin,57d0146db86c059173927b479ffa5908a6e01f3cdeb9f10b63e58e983cd88fb2,ba90eb10e4e1f7500a344f9b4e5e676713fa49fa355f420971a75285e0b9c298,8cda5fd98865bccfe8601ace6f9a27d5a835513e,degradations,0.0,count
detectors,S4_step_fault,rls,4,10.0,True,S4_step_fault__rls__seed4__detect_ks,57d0146db86c059173927b479ffa5908a6e01f3cdeb9f10b63e58e983cd88fb2,e68694c868384201c53bdaf13449887c7b05c2ad9ef5f3f7d7b8bf5cddc0bcb0,8cda5fd98865bccfe8601ace6f9a27d5a835513e,degradations,0.0,count
detectors,S4_step_fault,rls,4,10.0,True,S4_step_fault__rls__seed4__detect_all4,57d0146db86c059173927b479ffa5908a6e01f3cdeb9f10b63e58e983cd88fb2,6c765cc69f3e4bb20e44be0e55caf8daf8c407d7d1c06515349b9d17ec1fddce,8cda5fd98865bccfe8601ace6f9a27d5a835513e,degradations,0.0,count
detectors,S4_step_fault,rls,5,10.0,True,S4_step_fault__rls__seed5__detect_cusum,1efe02364dacd47e4d9a937957614582b8530ef56f2b525678988666500727b7,f148dc11752161354c3021f05b1fe526c43baf276ba3893e2b36806f990aaf93,8cda5fd98865bccfe8601ace6f9a27d5a835513e,degradations,0.0,count
detectors,S4_step_fault,rls,5,10.0,True,S4_step_fault__rls__seed5__detect_ph,1efe02364dacd47e4d9a937957614582b8530ef56f2b525678988666500727b7,e5360505f8c49a15eebb5ef47f7d7477818e9b19f26155854e4ff574f74f5811,8cda5fd98865bccfe8601ace6f9a27d5a835513e,degradations,0.0,count
detectors,S4_step_fault,rls,5,10.0,True,S4_step_fault__rls__seed5__detect_adwin,1efe02364dacd47e4d9a937957614582b8530ef56f2b525678988666500727b7,ba90eb10e4e1f7500a344f9b4e5e676713fa49fa355f420971a75285e0b9c298,8cda5fd98865bccfe8601ace6f9a27d5a835513e,degradations,0.0,count
detectors,S4_step_fault,rls,5,10.0,True,S4_step_fault__rls__seed5__detect_ks,1efe02364dacd47e4d9a937957614582b8530ef56f2b525678988666500727b7,e68694c868384201c53bdaf13449887c7b05c2ad9ef5f3f7d7b8bf5cddc0bcb0,8cda5fd98865bccfe8601ace6f9a27d5a835513e,degradations,0.0,count
detectors,S4_step_fault,rls,5,10.0,True,S4_step_fault__rls__seed5__detect_all4,1efe02364dacd47e4d9a937957614582b8530ef56f2b525678988666500727b7,6c765cc69f3e4bb20e44be0e55caf8daf8c407d7d1c06515349b9d17ec1fddce,8cda5fd98865bccfe8601ace6f9a27d5a835513e,degradations,0.0,count
detectors,S4_step_fault,rls,6,10.0,True,S4_step_fault__rls__seed6__detect_cusum,edb8fb013b7aeb64e877b749783afa62d6864702f69cf9e7c539d6cd9df4f86d,f148dc11752161354c3021f05b1fe526c43baf276ba3893e2b36806f990aaf93,8cda5fd98865bccfe8601ace6f9a27d5a835513e,degradations,0.0,count
detectors,S4_step_fault,rls,6,10.0,True,S4_step_fault__rls__seed6__detect_ph,edb8fb013b7aeb64e877b749783afa62d6864702f69cf9e7c539d6cd9df4f86d,e5360505f8c49a15eebb5ef47f7d7477818e9b19f26155854e4ff574f74f5811,8cda5fd98865bccfe8601ace6f9a27d5a835513e,degradations,0.0,count
detectors,S4_step_fault,rls,6,10.0,True,S4_step_fault__rls__seed6__detect_adwin,edb8fb013b7aeb64e877b749783afa62d6864702f69cf9e7c539d6cd9df4f86d,ba90eb10e4e1f7500a344f9b4e5e676713fa49fa355f420971a75285e0b9c298,8cda5fd98865bccfe8601ace6f9a27d5a835513e,degradations,0.0,count
detectors,S4_step_fault,rls,6,10.0,True,S4_step_fault__rls__seed6__detect_ks,edb8fb013b7aeb64e877b749783afa62d6864702f69cf9e7c539d6cd9df4f86d,e68694c868384201c53bdaf13449887c7b05c2ad9ef5f3f7d7b8bf5cddc0bcb0,8cda5fd98865bccfe8601ace6f9a27d5a835513e,degradations,0.0,count
detectors,S4_step_fault,rls,6,10.0,True,S4_step_fault__rls__seed6__detect_all4,edb8fb013b7aeb64e877b749783afa62d6864702f69cf9e7c539d6cd9df4f86d,6c765cc69f3e4bb20e44be0e55caf8daf8c407d7d1c06515349b9d17ec1fddce,8cda5fd98865bccfe8601ace6f9a27d5a835513e,degradations,0.0,count
detectors,S4_step_fault,rls,7,10.0,True,S4_step_fault__rls__seed7__detect_cusum,5cf17843f3bfe6e9f5ce0f88df6e9f0fa19691e7d0781a28d2e0071debfacd13,f148dc11752161354c3021f05b1fe526c43baf276ba3893e2b36806f990aaf93,8cda5fd98865bccfe8601ace6f9a27d5a835513e,degradations,0.0,count
detectors,S4_step_fault,rls,7,10.0,True,S4_step_fault__rls__seed7__detect_ph,5cf17843f3bfe6e9f5ce0f88df6e9f0fa19691e7d0781a28d2e0071debfacd13,e5360505f8c49a15eebb5ef47f7d7477818e9b19f26155854e4ff574f74f5811,8cda5fd98865bccfe8601ace6f9a27d5a835513e,degradations,0.0,count
detectors,S4_step_fault,rls,7,10.0,True,S4_step_fault__rls__seed7__detect_adwin,5cf17843f3bfe6e9f5ce0f88df6e9f0fa19691e7d0781a28d2e0071debfacd13,ba90eb10e4e1f7500a344f9b4e5e676713fa49fa355f420971a75285e0b9c298,8cda5fd98865bccfe8601ace6f9a27d5a835513e,degradations,0.0,count
detectors,S4_step_fault,rls,7,10.0,True,S4_step_fault__rls__seed7__detect_ks,5cf17843f3bfe6e9f5ce0f88df6e9f0fa19691e7d0781a28d2e0071debfacd13,e68694c868384201c53bdaf13449887c7b05c2ad9ef5f3f7d7b8bf5cddc0bcb0,8cda5fd98865bccfe8601ace6f9a27d5a835513e,degradations,0.0,count
detectors,S4_step_fault,rls,7,10.0,True,S4_step_fault__rls__seed7__detect_all4,5cf17843f3bfe6e9f5ce0f88df6e9f0fa19691e7d0781a28d2e0071debfacd13,6c765cc69f3e4bb20e44be0e55caf8daf8c407d7d1c06515349b9d17ec1fddce,8cda5fd98865bccfe8601ace6f9a27d5a835513e,degradations,0.0,count
detectors,S4_step_fault,rls,8,10.0,True,S4_step_fault__rls__seed8__detect_cusum,4471998ed306e877216c6c1b12b8ba9d62e309093746866fb7f4d683dd3b0138,f148dc11752161354c3021f05b1fe526c43baf276ba3893e2b36806f990aaf93,8cda5fd98865bccfe8601ace6f9a27d5a835513e,degradations,0.0,count
detectors,S4_step_fault,rls,8,10.0,True,S4_step_fault__rls__seed8__detect_ph,4471998ed306e877216c6c1b12b8ba9d62e309093746866fb7f4d683dd3b0138,e5360505f8c49a15eebb5ef47f7d7477818e9b19f26155854e4ff574f74f5811,8cda5fd98865bccfe8601ace6f9a27d5a835513e,degradations,0.0,count
detectors,S4_step_fault,rls,8,10.0,True,S4_step_fault__rls__seed8__detect_adwin,4471998ed306e877216c6c1b12b8ba9d62e309093746866fb7f4d683dd3b0138,ba90eb10e4e1f7500a344f9b4e5e676713fa49fa355f420971a75285e0b9c298,8cda5fd98865bccfe8601ace6f9a27d5a835513e,degradations,0.0,count
detectors,S4_step_fault,rls,8,10.0,True,S4_step_fault__rls__seed8__detect_ks,4471998ed306e877216c6c1b12b8ba9d62e309093746866fb7f4d683dd3b0138,e68694c868384201c53bdaf13449887c7b05c2ad9ef5f3f7d7b8bf5cddc0bcb0,8cda5fd98865bccfe8601ace6f9a27d5a835513e,degradations,0.0,count
detectors,S4_step_fault,rls,8,10.0,True,S4_step_fault__rls__seed8__detect_all4,4471998ed306e877216c6c1b12b8ba9d62e309093746866fb7f4d683dd3b0138,6c765cc69f3e4bb20e44be0e55caf8daf8c407d7d1c06515349b9d17ec1fddce,8cda5fd98865bccfe8601ace6f9a27d5a835513e,degradations,0.0,count
detectors,S4_step_fault,rls,9,10.0,True,S4_step_fault__rls__seed9__detect_cusum,af86278540fa1654a3e5819e52691400963a2f43bbaf4be0dd151148c2836411,f148dc11752161354c3021f05b1fe526c43baf276ba3893e2b36806f990aaf93,8cda5fd98865bccfe8601ace6f9a27d5a835513e,degradations,0.0,count
detectors,S4_step_fault,rls,9,10.0,True,S4_step_fault__rls__seed9__detect_ph,af86278540fa1654a3e5819e52691400963a2f43bbaf4be0dd151148c2836411,e5360505f8c49a15eebb5ef47f7d7477818e9b19f26155854e4ff574f74f5811,8cda5fd98865bccfe8601ace6f9a27d5a835513e,degradations,0.0,count
detectors,S4_step_fault,rls,9,10.0,True,S4_step_fault__rls__seed9__detect_adwin,af86278540fa1654a3e5819e52691400963a2f43bbaf4be0dd151148c2836411,ba90eb10e4e1f7500a344f9b4e5e676713fa49fa355f420971a75285e0b9c298,8cda5fd98865bccfe8601ace6f9a27d5a835513e,degradations,0.0,count
detectors,S4_step_fault,rls,9,10.0,True,S4_step_fault__rls__seed9__detect_ks,af86278540fa1654a3e5819e52691400963a2f43bbaf4be0dd151148c2836411,e68694c868384201c53bdaf13449887c7b05c2ad9ef5f3f7d7b8bf5cddc0bcb0,8cda5fd98865bccfe8601ace6f9a27d5a835513e,degradations,0.0,count
detectors,S4_step_fault,rls,9,10.0,True,S4_step_fault__rls__seed9__detect_all4,af86278540fa1654a3e5819e52691400963a2f43bbaf4be0dd151148c2836411,6c765cc69f3e4bb20e44be0e55caf8daf8c407d7d1c06515349b9d17ec1fddce,8cda5fd98865bccfe8601ace6f9a27d5a835513e,degradations,0.0,count
detectors,S4_step_fault,rls,10,10.0,True,S4_step_fault__rls__seed10__detect_cusum,b97f4fa67d55b0a4900a4dc84b9f38b152ab85aa07d9118de95bac234f41360d,f148dc11752161354c3021f05b1fe526c43baf276ba3893e2b36806f990aaf93,8cda5fd98865bccfe8601ace6f9a27d5a835513e,degradations,1.0,count
detectors,S4_step_fault,rls,10,10.0,True,S4_step_fault__rls__seed10__detect_ph,b97f4fa67d55b0a4900a4dc84b9f38b152ab85aa07d9118de95bac234f41360d,e5360505f8c49a15eebb5ef47f7d7477818e9b19f26155854e4ff574f74f5811,8cda5fd98865bccfe8601ace6f9a27d5a835513e,degradations,1.0,count
detectors,S4_step_fault,rls,10,10.0,True,S4_step_fault__rls__seed10__detect_adwin,b97f4fa67d55b0a4900a4dc84b9f38b152ab85aa07d9118de95bac234f41360d,ba90eb10e4e1f7500a344f9b4e5e676713fa49fa355f420971a75285e0b9c298,8cda5fd98865bccfe8601ace6f9a27d5a835513e,degradations,1.0,count
detectors,S4_step_fault,rls,10,10.0,True,S4_step_fault__rls__seed10__detect_ks,b97f4fa67d55b0a4900a4dc84b9f38b152ab85aa07d9118de95bac234f41360d,e68694c868384201c53bdaf13449887c7b05c2ad9ef5f3f7d7b8bf5cddc0bcb0,8cda5fd98865bccfe8601ace6f9a27d5a835513e,degradations,0.0,count
detectors,S4_step_fault,rls,10,10.0,True,S4_step_fault__rls__seed10__detect_all4,b97f4fa67d55b0a4900a4dc84b9f38b152ab85aa07d9118de95bac234f41360d,6c765cc69f3e4bb20e44be0e55caf8daf8c407d7d1c06515349b9d17ec1fddce,8cda5fd98865bccfe8601ace6f9a27d5a835513e,degradations,1.0,count
detectors,S6_combined,rls,1,10.0,True,S6_combined__rls__seed1__detect_cusum,b3cf8d14b3aed8b1d65ab4497dcbfb879dbda2ce1da03bb07f6401c9b4b9bd4a,f148dc11752161354c3021f05b1fe526c43baf276ba3893e2b36806f990aaf93,8cda5fd98865bccfe8601ace6f9a27d5a835513e,degradations,0.0,count
detectors,S6_combined,rls,1,10.0,True,S6_combined__rls__seed1__detect_ph,b3cf8d14b3aed8b1d65ab4497dcbfb879dbda2ce1da03bb07f6401c9b4b9bd4a,e5360505f8c49a15eebb5ef47f7d7477818e9b19f26155854e4ff574f74f5811,8cda5fd98865bccfe8601ace6f9a27d5a835513e,degradations,0.0,count
detectors,S6_combined,rls,1,10.0,True,S6_combined__rls__seed1__detect_adwin,b3cf8d14b3aed8b1d65ab4497dcbfb879dbda2ce1da03bb07f6401c9b4b9bd4a,ba90eb10e4e1f7500a344f9b4e5e676713fa49fa355f420971a75285e0b9c298,8cda5fd98865bccfe8601ace6f9a27d5a835513e,degradations,0.0,count
detectors,S6_combined,rls,1,10.0,True,S6_combined__rls__seed1__detect_ks,b3cf8d14b3aed8b1d65ab4497dcbfb879dbda2ce1da03bb07f6401c9b4b9bd4a,e68694c868384201c53bdaf13449887c7b05c2ad9ef5f3f7d7b8bf5cddc0bcb0,8cda5fd98865bccfe8601ace6f9a27d5a835513e,degradations,0.0,count
detectors,S6_combined,rls,1,10.0,True,S6_combined__rls__seed1__detect_all4,b3cf8d14b3aed8b1d65ab4497dcbfb879dbda2ce1da03bb07f6401c9b4b9bd4a,6c765cc69f3e4bb20e44be0e55caf8daf8c407d7d1c06515349b9d17ec1fddce,8cda5fd98865bccfe8601ace6f9a27d5a835513e,degradations,0.0,count
detectors,S6_combined,rls,2,10.0,True,S6_combined__rls__seed2__detect_cusum,e4f7ab87faf6982be139dc8af97757bff8d540d357c41e3d06ec298e4dd75854,f148dc11752161354c3021f05b1fe526c43baf276ba3893e2b36806f990aaf93,8cda5fd98865bccfe8601ace6f9a27d5a835513e,degradations,0.0,count
detectors,S6_combined,rls,2,10.0,True,S6_combined__rls__seed2__detect_ph,e4f7ab87faf6982be139dc8af97757bff8d540d357c41e3d06ec298e4dd75854,e5360505f8c49a15eebb5ef47f7d7477818e9b19f26155854e4ff574f74f5811,8cda5fd98865bccfe8601ace6f9a27d5a835513e,degradations,0.0,count
detectors,S6_combined,rls,2,10.0,True,S6_combined__rls__seed2__detect_adwin,e4f7ab87faf6982be139dc8af97757bff8d540d357c41e3d06ec298e4dd75854,ba90eb10e4e1f7500a344f9b4e5e676713fa49fa355f420971a75285e0b9c298,8cda5fd98865bccfe8601ace6f9a27d5a835513e,degradations,0.0,count
detectors,S6_combined,rls,2,10.0,True,S6_combined__rls__seed2__detect_ks,e4f7ab87faf6982be139dc8af97757bff8d540d357c41e3d06ec298e4dd75854,e68694c868384201c53bdaf13449887c7b05c2ad9ef5f3f7d7b8bf5cddc0bcb0,8cda5fd98865bccfe8601ace6f9a27d5a835513e,degradations,0.0,count
detectors,S6_combined,rls,2,10.0,True,S6_combined__rls__seed2__detect_all4,e4f7ab87faf6982be139dc8af97757bff8d540d357c41e3d06ec298e4dd75854,6c765cc69f3e4bb20e44be0e55caf8daf8c407d7d1c06515349b9d17ec1fddce,8cda5fd98865bccfe8601ace6f9a27d5a835513e,degradations,0.0,count
detectors,S6_combined,rls,3,10.0,True,S6_combined__rls__seed3__detect_cusum,c371bfebbbdb510b204e19fcaedea3c47a4e8b6d77499f04ee6ac55d13fed988,f148dc11752161354c3021f05b1fe526c43baf276ba3893e2b36806f990aaf93,8cda5fd98865bccfe8601ace6f9a27d5a835513e,degradations,0.0,count
detectors,S6_combined,rls,3,10.0,True,S6_combined__rls__seed3__detect_ph,c371bfebbbdb510b204e19fcaedea3c47a4e8b6d77499f04ee6ac55d13fed988,e5360505f8c49a15eebb5ef47f7d7477818e9b19f26155854e4ff574f74f5811,8cda5fd98865bccfe8601ace6f9a27d5a835513e,degradations,0.0,count
detectors,S6_combined,rls,3,10.0,True,S6_combined__rls__seed3__detect_adwin,c371bfebbbdb510b204e19fcaedea3c47a4e8b6d77499f04ee6ac55d13fed988,ba90eb10e4e1f7500a344f9b4e5e676713fa49fa355f420971a75285e0b9c298,8cda5fd98865bccfe8601ace6f9a27d5a835513e,degradations,0.0,count
detectors,S6_combined,rls,3,10.0,True,S6_combined__rls__seed3__detect_ks,c371bfebbbdb510b204e19fcaedea3c47a4e8b6d77499f04ee6ac55d13fed988,e68694c868384201c53bdaf13449887c7b05c2ad9ef5f3f7d7b8bf5cddc0bcb0,8cda5fd98865bccfe8601ace6f9a27d5a835513e,degradations,0.0,count
detectors,S6_combined,rls,3,10.0,True,S6_combined__rls__seed3__detect_all4,c371bfebbbdb510b204e19fcaedea3c47a4e8b6d77499f04ee6ac55d13fed988,6c765cc69f3e4bb20e44be0e55caf8daf8c407d7d1c06515349b9d17ec1fddce,8cda5fd98865bccfe8601ace6f9a27d5a835513e,degradations,0.0,count
detectors,S6_combined,rls,4,10.0,True,S6_combined__rls__seed4__detect_cusum,091893e2b20fe4f1f4ec71b10a24db6c43dabefaa37c7ef75c67f5a78f00f2b7,f148dc11752161354c3021f05b1fe526c43baf276ba3893e2b36806f990aaf93,8cda5fd98865bccfe8601ace6f9a27d5a835513e,degradations,0.0,count
detectors,S6_combined,rls,4,10.0,True,S6_combined__rls__seed4__detect_ph,091893e2b20fe4f1f4ec71b10a24db6c43dabefaa37c7ef75c67f5a78f00f2b7,e5360505f8c49a15eebb5ef47f7d7477818e9b19f26155854e4ff574f74f5811,8cda5fd98865bccfe8601ace6f9a27d5a835513e,degradations,0.0,count
detectors,S6_combined,rls,4,10.0,True,S6_combined__rls__seed4__detect_adwin,091893e2b20fe4f1f4ec71b10a24db6c43dabefaa37c7ef75c67f5a78f00f2b7,ba90eb10e4e1f7500a344f9b4e5e676713fa49fa355f420971a75285e0b9c298,8cda5fd98865bccfe8601ace6f9a27d5a835513e,degradations,0.0,count
detectors,S6_combined,rls,4,10.0,True,S6_combined__rls__seed4__detect_ks,091893e2b20fe4f1f4ec71b10a24db6c43dabefaa37c7ef75c67f5a78f00f2b7,e68694c868384201c53bdaf13449887c7b05c2ad9ef5f3f7d7b8bf5cddc0bcb0,8cda5fd98865bccfe8601ace6f9a27d5a835513e,degradations,0.0,count
detectors,S6_combined,rls,4,10.0,True,S6_combined__rls__seed4__detect_all4,091893e2b20fe4f1f4ec71b10a24db6c43dabefaa37c7ef75c67f5a78f00f2b7,6c765cc69f3e4bb20e44be0e55caf8daf8c407d7d1c06515349b9d17ec1fddce,8cda5fd98865bccfe8601ace6f9a27d5a835513e,degradations,0.0,count
detectors,S6_combined,rls,5,10.0,True,S6_combined__rls__seed5__detect_cusum,c1d9d4a7d46d9a42ad59de704b5ae8b21c9bf2f17d4576d9bfa6e10e6c6f4b13,f148dc11752161354c3021f05b1fe526c43baf276ba3893e2b36806f990aaf93,8cda5fd98865bccfe8601ace6f9a27d5a835513e,degradations,0.0,count
detectors,S6_combined,rls,5,10.0,True,S6_combined__rls__seed5__detect_ph,c1d9d4a7d46d9a42ad59de704b5ae8b21c9bf2f17d4576d9bfa6e10e6c6f4b13,e5360505f8c49a15eebb5ef47f7d7477818e9b19f26155854e4ff574f74f5811,8cda5fd98865bccfe8601ace6f9a27d5a835513e,degradations,0.0,count
detectors,S6_combined,rls,5,10.0,True,S6_combined__rls__seed5__detect_adwin,c1d9d4a7d46d9a42ad59de704b5ae8b21c9bf2f17d4576d9bfa6e10e6c6f4b13,ba90eb10e4e1f7500a344f9b4e5e676713fa49fa355f420971a75285e0b9c298,8cda5fd98865bccfe8601ace6f9a27d5a835513e,degradations,0.0,count
detectors,S6_combined,rls,5,10.0,True,S6_combined__rls__seed5__detect_ks,c1d9d4a7d46d9a42ad59de704b5ae8b21c9bf2f17d4576d9bfa6e10e6c6f4b13,e68694c868384201c53bdaf13449887c7b05c2ad9ef5f3f7d7b8bf5cddc0bcb0,8cda5fd98865bccfe8601ace6f9a27d5a835513e,degradations,0.0,count
detectors,S6_combined,rls,5,10.0,True,S6_combined__rls__seed5__detect_all4,c1d9d4a7d46d9a42ad59de704b5ae8b21c9bf2f17d4576d9bfa6e10e6c6f4b13,6c765cc69f3e4bb20e44be0e55caf8daf8c407d7d1c06515349b9d17ec1fddce,8cda5fd98865bccfe8601ace6f9a27d5a835513e,degradations,0.0,count
detectors,S6_combined,rls,6,10.0,True,S6_combined__rls__seed6__detect_cusum,8fbcb1374a66e26dea4a0e8dbcf64db42ebcd88dd11b5cd3bb5d44e8d4b0665a,f148dc11752161354c3021f05b1fe526c43baf276ba3893e2b36806f990aaf93,8cda5fd98865bccfe8601ace6f9a27d5a835513e,degradations,0.0,count
detectors,S6_combined,rls,6,10.0,True,S6_combined__rls__seed6__detect_ph,8fbcb1374a66e26dea4a0e8dbcf64db42ebcd88dd11b5cd3bb5d44e8d4b0665a,e5360505f8c49a15eebb5ef47f7d7477818e9b19f26155854e4ff574f74f5811,8cda5fd98865bccfe8601ace6f9a27d5a835513e,degradations,0.0,count
detectors,S6_combined,rls,6,10.0,True,S6_combined__rls__seed6__detect_adwin,8fbcb1374a66e26dea4a0e8dbcf64db42ebcd88dd11b5cd3bb5d44e8d4b0665a,ba90eb10e4e1f7500a344f9b4e5e676713fa49fa355f420971a75285e0b9c298,8cda5fd98865bccfe8601ace6f9a27d5a835513e,degradations,0.0,count
detectors,S6_combined,rls,6,10.0,True,S6_combined__rls__seed6__detect_ks,8fbcb1374a66e26dea4a0e8dbcf64db42ebcd88dd11b5cd3bb5d44e8d4b0665a,e68694c868384201c53bdaf13449887c7b05c2ad9ef5f3f7d7b8bf5cddc0bcb0,8cda5fd98865bccfe8601ace6f9a27d5a835513e,degradations,0.0,count
detectors,S6_combined,rls,6,10.0,True,S6_combined__rls__seed6__detect_all4,8fbcb1374a66e26dea4a0e8dbcf64db42ebcd88dd11b5cd3bb5d44e8d4b0665a,6c765cc69f3e4bb20e44be0e55caf8daf8c407d7d1c06515349b9d17ec1fddce,8cda5fd98865bccfe8601ace6f9a27d5a835513e,degradations,0.0,count
detectors,S6_combined,rls,7,10.0,True,S6_combined__rls__seed7__detect_cusum,eb12037c60287858e9925e83fcaf2aa6789246ee5a2aa0c936402930de58eb1c,f148dc11752161354c3021f05b1fe526c43baf276ba3893e2b36806f990aaf93,8cda5fd98865bccfe8601ace6f9a27d5a835513e,degradations,0.0,count
detectors,S6_combined,rls,7,10.0,True,S6_combined__rls__seed7__detect_ph,eb12037c60287858e9925e83fcaf2aa6789246ee5a2aa0c936402930de58eb1c,e5360505f8c49a15eebb5ef47f7d7477818e9b19f26155854e4ff574f74f5811,8cda5fd98865bccfe8601ace6f9a27d5a835513e,degradations,0.0,count
detectors,S6_combined,rls,7,10.0,True,S6_combined__rls__seed7__detect_adwin,eb12037c60287858e9925e83fcaf2aa6789246ee5a2aa0c936402930de58eb1c,ba90eb10e4e1f7500a344f9b4e5e676713fa49fa355f420971a75285e0b9c298,8cda5fd98865bccfe8601ace6f9a27d5a835513e,degradations,0.0,count
detectors,S6_combined,rls,7,10.0,True,S6_combined__rls__seed7__detect_ks,eb12037c60287858e9925e83fcaf2aa6789246ee5a2aa0c936402930de58eb1c,e68694c868384201c53bdaf13449887c7b05c2ad9ef5f3f7d7b8bf5cddc0bcb0,8cda5fd98865bccfe8601ace6f9a27d5a835513e,degradations,0.0,count
detectors,S6_combined,rls,7,10.0,True,S6_combined__rls__seed7__detect_all4,eb12037c60287858e9925e83fcaf2aa6789246ee5a2aa0c936402930de58eb1c,6c765cc69f3e4bb20e44be0e55caf8daf8c407d7d1c06515349b9d17ec1fddce,8cda5fd98865bccfe8601ace6f9a27d5a835513e,degradations,0.0,count
detectors,S6_combined,rls,8,10.0,True,S6_combined__rls__seed8__detect_cusum,da4740837e6cf85b5c7d22d84cf556133cbff181edcbfd4d107db823d7c1f164,f148dc11752161354c3021f05b1fe526c43baf276ba3893e2b36806f990aaf93,8cda5fd98865bccfe8601ace6f9a27d5a835513e,degradations,0.0,count
detectors,S6_combined,rls,8,10.0,True,S6_combined__rls__seed8__detect_ph,da4740837e6cf85b5c7d22d84cf556133cbff181edcbfd4d107db823d7c1f164,e5360505f8c49a15eebb5ef47f7d7477818e9b19f26155854e4ff574f74f5811,8cda5fd98865bccfe8601ace6f9a27d5a835513e,degradations,0.0,count
detectors,S6_combined,rls,8,10.0,True,S6_combined__rls__seed8__detect_adwin,da4740837e6cf85b5c7d22d84cf556133cbff181edcbfd4d107db823d7c1f164,ba90eb10e4e1f7500a344f9b4e5e676713fa49fa355f420971a75285e0b9c298,8cda5fd98865bccfe8601ace6f9a27d5a835513e,degradations,0.0,count
detectors,S6_combined,rls,8,10.0,True,S6_combined__rls__seed8__detect_ks,da4740837e6cf85b5c7d22d84cf556133cbff181edcbfd4d107db823d7c1f164,e68694c868384201c53bdaf13449887c7b05c2ad9ef5f3f7d7b8bf5cddc0bcb0,8cda5fd98865bccfe8601ace6f9a27d5a835513e,degradations,0.0,count
detectors,S6_combined,rls,8,10.0,True,S6_combined__rls__seed8__detect_all4,da4740837e6cf85b5c7d22d84cf556133cbff181edcbfd4d107db823d7c1f164,6c765cc69f3e4bb20e44be0e55caf8daf8c407d7d1c06515349b9d17ec1fddce,8cda5fd98865bccfe8601ace6f9a27d5a835513e,degradations,0.0,count
detectors,S6_combined,rls,9,10.0,True,S6_combined__rls__seed9__detect_cusum,29718e114c21c01b04a983f185bbf01430cfac8dd9e8b5808281b0434dac26fc,f148dc11752161354c3021f05b1fe526c43baf276ba3893e2b36806f990aaf93,8cda5fd98865bccfe8601ace6f9a27d5a835513e,degradations,0.0,count
detectors,S6_combined,rls,9,10.0,True,S6_combined__rls__seed9__detect_ph,29718e114c21c01b04a983f185bbf01430cfac8dd9e8b5808281b0434dac26fc,e5360505f8c49a15eebb5ef47f7d7477818e9b19f26155854e4ff574f74f5811,8cda5fd98865bccfe8601ace6f9a27d5a835513e,degradations,0.0,count
detectors,S6_combined,rls,9,10.0,True,S6_combined__rls__seed9__detect_adwin,29718e114c21c01b04a983f185bbf01430cfac8dd9e8b5808281b0434dac26fc,ba90eb10e4e1f7500a344f9b4e5e676713fa49fa355f420971a75285e0b9c298,8cda5fd98865bccfe8601ace6f9a27d5a835513e,degradations,0.0,count
detectors,S6_combined,rls,9,10.0,True,S6_combined__rls__seed9__detect_ks,29718e114c21c01b04a983f185bbf01430cfac8dd9e8b5808281b0434dac26fc,e68694c868384201c53bdaf13449887c7b05c2ad9ef5f3f7d7b8bf5cddc0bcb0,8cda5fd98865bccfe8601ace6f9a27d5a835513e,degradations,0.0,count
detectors,S6_combined,rls,9,10.0,True,S6_combined__rls__seed9__detect_all4,29718e114c21c01b04a983f185bbf01430cfac8dd9e8b5808281b0434dac26fc,6c765cc69f3e4bb20e44be0e55caf8daf8c407d7d1c06515349b9d17ec1fddce,8cda5fd98865bccfe8601ace6f9a27d5a835513e,degradations,0.0,count
detectors,S6_combined,rls,10,10.0,True,S6_combined__rls__seed10__detect_cusum,4054ab96937dfc6eef3c9c4f46347db001fd4eea59432509f786c95b51d12234,f148dc11752161354c3021f05b1fe526c43baf276ba3893e2b36806f990aaf93,8cda5fd98865bccfe8601ace6f9a27d5a835513e,degradations,0.0,count
detectors,S6_combined,rls,10,10.0,True,S6_combined__rls__seed10__detect_ph,4054ab96937dfc6eef3c9c4f46347db001fd4eea59432509f786c95b51d12234,e5360505f8c49a15eebb5ef47f7d7477818e9b19f26155854e4ff574f74f5811,8cda5fd98865bccfe8601ace6f9a27d5a835513e,degradations,0.0,count
detectors,S6_combined,rls,10,10.0,True,S6_combined__rls__seed10__detect_adwin,4054ab96937dfc6eef3c9c4f46347db001fd4eea59432509f786c95b51d12234,ba90eb10e4e1f7500a344f9b4e5e676713fa49fa355f420971a75285e0b9c298,8cda5fd98865bccfe8601ace6f9a27d5a835513e,degradations,0.0,count
detectors,S6_combined,rls,10,10.0,True,S6_combined__rls__seed10__detect_ks,4054ab96937dfc6eef3c9c4f46347db001fd4eea59432509f786c95b51d12234,e68694c868384201c53bdaf13449887c7b05c2ad9ef5f3f7d7b8bf5cddc0bcb0,8cda5fd98865bccfe8601ace6f9a27d5a835513e,degradations,0.0,count
detectors,S6_combined,rls,10,10.0,True,S6_combined__rls__seed10__detect_all4,4054ab96937dfc6eef3c9c4f46347db001fd4eea59432509f786c95b51d12234,6c765cc69f3e4bb20e44be0e55caf8daf8c407d7d1c06515349b9d17ec1fddce,8cda5fd98865bccfe8601ace6f9a27d5a835513e,degradations,0.0,count
detectors,S4_step_fault,rls,1,10.0,True,S4_step_fault__rls__seed1__detect_cusum,7d29a6d7dca932314e512c265e0e559ec6cc02e548aa25349a95d1f29dbf9ef1,f148dc11752161354c3021f05b1fe526c43baf276ba3893e2b36806f990aaf93,8cda5fd98865bccfe8601ace6f9a27d5a835513e,n_profiles,2.0,count
detectors,S4_step_fault,rls,1,10.0,True,S4_step_fault__rls__seed1__detect_ph,7d29a6d7dca932314e512c265e0e559ec6cc02e548aa25349a95d1f29dbf9ef1,e5360505f8c49a15eebb5ef47f7d7477818e9b19f26155854e4ff574f74f5811,8cda5fd98865bccfe8601ace6f9a27d5a835513e,n_profiles,1.0,count
detectors,S4_step_fault,rls,1,10.0,True,S4_step_fault__rls__seed1__detect_adwin,7d29a6d7dca932314e512c265e0e559ec6cc02e548aa25349a95d1f29dbf9ef1,ba90eb10e4e1f7500a344f9b4e5e676713fa49fa355f420971a75285e0b9c298,8cda5fd98865bccfe8601ace6f9a27d5a835513e,n_profiles,1.0,count
detectors,S4_step_fault,rls,1,10.0,True,S4_step_fault__rls__seed1__detect_ks,7d29a6d7dca932314e512c265e0e559ec6cc02e548aa25349a95d1f29dbf9ef1,e68694c868384201c53bdaf13449887c7b05c2ad9ef5f3f7d7b8bf5cddc0bcb0,8cda5fd98865bccfe8601ace6f9a27d5a835513e,n_profiles,1.0,count
detectors,S4_step_fault,rls,1,10.0,True,S4_step_fault__rls__seed1__detect_all4,7d29a6d7dca932314e512c265e0e559ec6cc02e548aa25349a95d1f29dbf9ef1,6c765cc69f3e4bb20e44be0e55caf8daf8c407d7d1c06515349b9d17ec1fddce,8cda5fd98865bccfe8601ace6f9a27d5a835513e,n_profiles,2.0,count
detectors,S4_step_fault,rls,2,10.0,True,S4_step_fault__rls__seed2__detect_cusum,adc80992e5ad2b0074c2ccb5fd189429c3fd11d2d51d242aa1caec078b0db1d2,f148dc11752161354c3021f05b1fe526c43baf276ba3893e2b36806f990aaf93,8cda5fd98865bccfe8601ace6f9a27d5a835513e,n_profiles,2.0,count
detectors,S4_step_fault,rls,2,10.0,True,S4_step_fault__rls__seed2__detect_ph,adc80992e5ad2b0074c2ccb5fd189429c3fd11d2d51d242aa1caec078b0db1d2,e5360505f8c49a15eebb5ef47f7d7477818e9b19f26155854e4ff574f74f5811,8cda5fd98865bccfe8601ace6f9a27d5a835513e,n_profiles,1.0,count
detectors,S4_step_fault,rls,2,10.0,True,S4_step_fault__rls__seed2__detect_adwin,adc80992e5ad2b0074c2ccb5fd189429c3fd11d2d51d242aa1caec078b0db1d2,ba90eb10e4e1f7500a344f9b4e5e676713fa49fa355f420971a75285e0b9c298,8cda5fd98865bccfe8601ace6f9a27d5a835513e,n_profiles,1.0,count
detectors,S4_step_fault,rls,2,10.0,True,S4_step_fault__rls__seed2__detect_ks,adc80992e5ad2b0074c2ccb5fd189429c3fd11d2d51d242aa1caec078b0db1d2,e68694c868384201c53bdaf13449887c7b05c2ad9ef5f3f7d7b8bf5cddc0bcb0,8cda5fd98865bccfe8601ace6f9a27d5a835513e,n_profiles,1.0,count
detectors,S4_step_fault,rls,2,10.0,True,S4_step_fault__rls__seed2__detect_all4,adc80992e5ad2b0074c2ccb5fd189429c3fd11d2d51d242aa1caec078b0db1d2,6c765cc69f3e4bb20e44be0e55caf8daf8c407d7d1c06515349b9d17ec1fddce,8cda5fd98865bccfe8601ace6f9a27d5a835513e,n_profiles,2.0,count
detectors,S4_step_fault,rls,3,10.0,True,S4_step_fault__rls__seed3__detect_cusum,755a0aa70d2f3fe05534c8cb137d5df18ed16325d4692fc840c3daee2c8a8c92,f148dc11752161354c3021f05b1fe526c43baf276ba3893e2b36806f990aaf93,8cda5fd98865bccfe8601ace6f9a27d5a835513e,n_profiles,1.0,count
detectors,S4_step_fault,rls,3,10.0,True,S4_step_fault__rls__seed3__detect_ph,755a0aa70d2f3fe05534c8cb137d5df18ed16325d4692fc840c3daee2c8a8c92,e5360505f8c49a15eebb5ef47f7d7477818e9b19f26155854e4ff574f74f5811,8cda5fd98865bccfe8601ace6f9a27d5a835513e,n_profiles,1.0,count
detectors,S4_step_fault,rls,3,10.0,True,S4_step_fault__rls__seed3__detect_adwin,755a0aa70d2f3fe05534c8cb137d5df18ed16325d4692fc840c3daee2c8a8c92,ba90eb10e4e1f7500a344f9b4e5e676713fa49fa355f420971a75285e0b9c298,8cda5fd98865bccfe8601ace6f9a27d5a835513e,n_profiles,1.0,count
detectors,S4_step_fault,rls,3,10.0,True,S4_step_fault__rls__seed3__detect_ks,755a0aa70d2f3fe05534c8cb137d5df18ed16325d4692fc840c3daee2c8a8c92,e68694c868384201c53bdaf13449887c7b05c2ad9ef5f3f7d7b8bf5cddc0bcb0,8cda5fd98865bccfe8601ace6f9a27d5a835513e,n_profiles,1.0,count
detectors,S4_step_fault,rls,3,10.0,True,S4_step_fault__rls__seed3__detect_all4,755a0aa70d2f3fe05534c8cb137d5df18ed16325d4692fc840c3daee2c8a8c92,6c765cc69f3e4bb20e44be0e55caf8daf8c407d7d1c06515349b9d17ec1fddce,8cda5fd98865bccfe8601ace6f9a27d5a835513e,n_profiles,1.0,count
detectors,S4_step_fault,rls,4,10.0,True,S4_step_fault__rls__seed4__detect_cusum,57d0146db86c059173927b479ffa5908a6e01f3cdeb9f10b63e58e983cd88fb2,f148dc11752161354c3021f05b1fe526c43baf276ba3893e2b36806f990aaf93,8cda5fd98865bccfe8601ace6f9a27d5a835513e,n_profiles,2.0,count
detectors,S4_step_fault,rls,4,10.0,True,S4_step_fault__rls__seed4__detect_ph,57d0146db86c059173927b479ffa5908a6e01f3cdeb9f10b63e58e983cd88fb2,e5360505f8c49a15eebb5ef47f7d7477818e9b19f26155854e4ff574f74f5811,8cda5fd98865bccfe8601ace6f9a27d5a835513e,n_profiles,1.0,count
detectors,S4_step_fault,rls,4,10.0,True,S4_step_fault__rls__seed4__detect_adwin,57d0146db86c059173927b479ffa5908a6e01f3cdeb9f10b63e58e983cd88fb2,ba90eb10e4e1f7500a344f9b4e5e676713fa49fa355f420971a75285e0b9c298,8cda5fd98865bccfe8601ace6f9a27d5a835513e,n_profiles,1.0,count
detectors,S4_step_fault,rls,4,10.0,True,S4_step_fault__rls__seed4__detect_ks,57d0146db86c059173927b479ffa5908a6e01f3cdeb9f10b63e58e983cd88fb2,e68694c868384201c53bdaf13449887c7b05c2ad9ef5f3f7d7b8bf5cddc0bcb0,8cda5fd98865bccfe8601ace6f9a27d5a835513e,n_profiles,1.0,count
detectors,S4_step_fault,rls,4,10.0,True,S4_step_fault__rls__seed4__detect_all4,57d0146db86c059173927b479ffa5908a6e01f3cdeb9f10b63e58e983cd88fb2,6c765cc69f3e4bb20e44be0e55caf8daf8c407d7d1c06515349b9d17ec1fddce,8cda5fd98865bccfe8601ace6f9a27d5a835513e,n_profiles,2.0,count
detectors,S4_step_fault,rls,5,10.0,True,S4_step_fault__rls__seed5__detect_cusum,1efe02364dacd47e4d9a937957614582b8530ef56f2b525678988666500727b7,f148dc11752161354c3021f05b1fe526c43baf276ba3893e2b36806f990aaf93,8cda5fd98865bccfe8601ace6f9a27d5a835513e,n_profiles,1.0,count
detectors,S4_step_fault,rls,5,10.0,True,S4_step_fault__rls__seed5__detect_ph,1efe02364dacd47e4d9a937957614582b8530ef56f2b525678988666500727b7,e5360505f8c49a15eebb5ef47f7d7477818e9b19f26155854e4ff574f74f5811,8cda5fd98865bccfe8601ace6f9a27d5a835513e,n_profiles,1.0,count
detectors,S4_step_fault,rls,5,10.0,True,S4_step_fault__rls__seed5__detect_adwin,1efe02364dacd47e4d9a937957614582b8530ef56f2b525678988666500727b7,ba90eb10e4e1f7500a344f9b4e5e676713fa49fa355f420971a75285e0b9c298,8cda5fd98865bccfe8601ace6f9a27d5a835513e,n_profiles,1.0,count
detectors,S4_step_fault,rls,5,10.0,True,S4_step_fault__rls__seed5__detect_ks,1efe02364dacd47e4d9a937957614582b8530ef56f2b525678988666500727b7,e68694c868384201c53bdaf13449887c7b05c2ad9ef5f3f7d7b8bf5cddc0bcb0,8cda5fd98865bccfe8601ace6f9a27d5a835513e,n_profiles,1.0,count
detectors,S4_step_fault,rls,5,10.0,True,S4_step_fault__rls__seed5__detect_all4,1efe02364dacd47e4d9a937957614582b8530ef56f2b525678988666500727b7,6c765cc69f3e4bb20e44be0e55caf8daf8c407d7d1c06515349b9d17ec1fddce,8cda5fd98865bccfe8601ace6f9a27d5a835513e,n_profiles,1.0,count
detectors,S4_step_fault,rls,6,10.0,True,S4_step_fault__rls__seed6__detect_cusum,edb8fb013b7aeb64e877b749783afa62d6864702f69cf9e7c539d6cd9df4f86d,f148dc11752161354c3021f05b1fe526c43baf276ba3893e2b36806f990aaf93,8cda5fd98865bccfe8601ace6f9a27d5a835513e,n_profiles,1.0,count
detectors,S4_step_fault,rls,6,10.0,True,S4_step_fault__rls__seed6__detect_ph,edb8fb013b7aeb64e877b749783afa62d6864702f69cf9e7c539d6cd9df4f86d,e5360505f8c49a15eebb5ef47f7d7477818e9b19f26155854e4ff574f74f5811,8cda5fd98865bccfe8601ace6f9a27d5a835513e,n_profiles,1.0,count
detectors,S4_step_fault,rls,6,10.0,True,S4_step_fault__rls__seed6__detect_adwin,edb8fb013b7aeb64e877b749783afa62d6864702f69cf9e7c539d6cd9df4f86d,ba90eb10e4e1f7500a344f9b4e5e676713fa49fa355f420971a75285e0b9c298,8cda5fd98865bccfe8601ace6f9a27d5a835513e,n_profiles,2.0,count
detectors,S4_step_fault,rls,6,10.0,True,S4_step_fault__rls__seed6__detect_ks,edb8fb013b7aeb64e877b749783afa62d6864702f69cf9e7c539d6cd9df4f86d,e68694c868384201c53bdaf13449887c7b05c2ad9ef5f3f7d7b8bf5cddc0bcb0,8cda5fd98865bccfe8601ace6f9a27d5a835513e,n_profiles,1.0,count
detectors,S4_step_fault,rls,6,10.0,True,S4_step_fault__rls__seed6__detect_all4,edb8fb013b7aeb64e877b749783afa62d6864702f69cf9e7c539d6cd9df4f86d,6c765cc69f3e4bb20e44be0e55caf8daf8c407d7d1c06515349b9d17ec1fddce,8cda5fd98865bccfe8601ace6f9a27d5a835513e,n_profiles,1.0,count
detectors,S4_step_fault,rls,7,10.0,True,S4_step_fault__rls__seed7__detect_cusum,5cf17843f3bfe6e9f5ce0f88df6e9f0fa19691e7d0781a28d2e0071debfacd13,f148dc11752161354c3021f05b1fe526c43baf276ba3893e2b36806f990aaf93,8cda5fd98865bccfe8601ace6f9a27d5a835513e,n_profiles,1.0,count
detectors,S4_step_fault,rls,7,10.0,True,S4_step_fault__rls__seed7__detect_ph,5cf17843f3bfe6e9f5ce0f88df6e9f0fa19691e7d0781a28d2e0071debfacd13,e5360505f8c49a15eebb5ef47f7d7477818e9b19f26155854e4ff574f74f5811,8cda5fd98865bccfe8601ace6f9a27d5a835513e,n_profiles,1.0,count
detectors,S4_step_fault,rls,7,10.0,True,S4_step_fault__rls__seed7__detect_adwin,5cf17843f3bfe6e9f5ce0f88df6e9f0fa19691e7d0781a28d2e0071debfacd13,ba90eb10e4e1f7500a344f9b4e5e676713fa49fa355f420971a75285e0b9c298,8cda5fd98865bccfe8601ace6f9a27d5a835513e,n_profiles,1.0,count
detectors,S4_step_fault,rls,7,10.0,True,S4_step_fault__rls__seed7__detect_ks,5cf17843f3bfe6e9f5ce0f88df6e9f0fa19691e7d0781a28d2e0071debfacd13,e68694c868384201c53bdaf13449887c7b05c2ad9ef5f3f7d7b8bf5cddc0bcb0,8cda5fd98865bccfe8601ace6f9a27d5a835513e,n_profiles,1.0,count
detectors,S4_step_fault,rls,7,10.0,True,S4_step_fault__rls__seed7__detect_all4,5cf17843f3bfe6e9f5ce0f88df6e9f0fa19691e7d0781a28d2e0071debfacd13,6c765cc69f3e4bb20e44be0e55caf8daf8c407d7d1c06515349b9d17ec1fddce,8cda5fd98865bccfe8601ace6f9a27d5a835513e,n_profiles,1.0,count
detectors,S4_step_fault,rls,8,10.0,True,S4_step_fault__rls__seed8__detect_cusum,4471998ed306e877216c6c1b12b8ba9d62e309093746866fb7f4d683dd3b0138,f148dc11752161354c3021f05b1fe526c43baf276ba3893e2b36806f990aaf93,8cda5fd98865bccfe8601ace6f9a27d5a835513e,n_profiles,1.0,count
detectors,S4_step_fault,rls,8,10.0,True,S4_step_fault__rls__seed8__detect_ph,4471998ed306e877216c6c1b12b8ba9d62e309093746866fb7f4d683dd3b0138,e5360505f8c49a15eebb5ef47f7d7477818e9b19f26155854e4ff574f74f5811,8cda5fd98865bccfe8601ace6f9a27d5a835513e,n_profiles,1.0,count
detectors,S4_step_fault,rls,8,10.0,True,S4_step_fault__rls__seed8__detect_adwin,4471998ed306e877216c6c1b12b8ba9d62e309093746866fb7f4d683dd3b0138,ba90eb10e4e1f7500a344f9b4e5e676713fa49fa355f420971a75285e0b9c298,8cda5fd98865bccfe8601ace6f9a27d5a835513e,n_profiles,1.0,count
detectors,S4_step_fault,rls,8,10.0,True,S4_step_fault__rls__seed8__detect_ks,4471998ed306e877216c6c1b12b8ba9d62e309093746866fb7f4d683dd3b0138,e68694c868384201c53bdaf13449887c7b05c2ad9ef5f3f7d7b8bf5cddc0bcb0,8cda5fd98865bccfe8601ace6f9a27d5a835513e,n_profiles,1.0,count
detectors,S4_step_fault,rls,8,10.0,True,S4_step_fault__rls__seed8__detect_all4,4471998ed306e877216c6c1b12b8ba9d62e309093746866fb7f4d683dd3b0138,6c765cc69f3e4bb20e44be0e55caf8daf8c407d7d1c06515349b9d17ec1fddce,8cda5fd98865bccfe8601ace6f9a27d5a835513e,n_profiles,1.0,count
detectors,S4_step_fault,rls,9,10.0,True,S4_step_fault__rls__seed9__detect_cusum,af86278540fa1654a3e5819e52691400963a2f43bbaf4be0dd151148c2836411,f148dc11752161354c3021f05b1fe526c43baf276ba3893e2b36806f990aaf93,8cda5fd98865bccfe8601ace6f9a27d5a835513e,n_profiles,2.0,count
detectors,S4_step_fault,rls,9,10.0,True,S4_step_fault__rls__seed9__detect_ph,af86278540fa1654a3e5819e52691400963a2f43bbaf4be0dd151148c2836411,e5360505f8c49a15eebb5ef47f7d7477818e9b19f26155854e4ff574f74f5811,8cda5fd98865bccfe8601ace6f9a27d5a835513e,n_profiles,2.0,count
detectors,S4_step_fault,rls,9,10.0,True,S4_step_fault__rls__seed9__detect_adwin,af86278540fa1654a3e5819e52691400963a2f43bbaf4be0dd151148c2836411,ba90eb10e4e1f7500a344f9b4e5e676713fa49fa355f420971a75285e0b9c298,8cda5fd98865bccfe8601ace6f9a27d5a835513e,n_profiles,2.0,count
detectors,S4_step_fault,rls,9,10.0,True,S4_step_fault__rls__seed9__detect_ks,af86278540fa1654a3e5819e52691400963a2f43bbaf4be0dd151148c2836411,e68694c868384201c53bdaf13449887c7b05c2ad9ef5f3f7d7b8bf5cddc0bcb0,8cda5fd98865bccfe8601ace6f9a27d5a835513e,n_profiles,1.0,count
detectors,S4_step_fault,rls,9,10.0,True,S4_step_fault__rls__seed9__detect_all4,af86278540fa1654a3e5819e52691400963a2f43bbaf4be0dd151148c2836411,6c765cc69f3e4bb20e44be0e55caf8daf8c407d7d1c06515349b9d17ec1fddce,8cda5fd98865bccfe8601ace6f9a27d5a835513e,n_profiles,2.0,count
detectors,S4_step_fault,rls,10,10.0,True,S4_step_fault__rls__seed10__detect_cusum,b97f4fa67d55b0a4900a4dc84b9f38b152ab85aa07d9118de95bac234f41360d,f148dc11752161354c3021f05b1fe526c43baf276ba3893e2b36806f990aaf93,8cda5fd98865bccfe8601ace6f9a27d5a835513e,n_profiles,3.0,count
detectors,S4_step_fault,rls,10,10.0,True,S4_step_fault__rls__seed10__detect_ph,b97f4fa67d55b0a4900a4dc84b9f38b152ab85aa07d9118de95bac234f41360d,e5360505f8c49a15eebb5ef47f7d7477818e9b19f26155854e4ff574f74f5811,8cda5fd98865bccfe8601ace6f9a27d5a835513e,n_profiles,3.0,count
detectors,S4_step_fault,rls,10,10.0,True,S4_step_fault__rls__seed10__detect_adwin,b97f4fa67d55b0a4900a4dc84b9f38b152ab85aa07d9118de95bac234f41360d,ba90eb10e4e1f7500a344f9b4e5e676713fa49fa355f420971a75285e0b9c298,8cda5fd98865bccfe8601ace6f9a27d5a835513e,n_profiles,3.0,count
detectors,S4_step_fault,rls,10,10.0,True,S4_step_fault__rls__seed10__detect_ks,b97f4fa67d55b0a4900a4dc84b9f38b152ab85aa07d9118de95bac234f41360d,e68694c868384201c53bdaf13449887c7b05c2ad9ef5f3f7d7b8bf5cddc0bcb0,8cda5fd98865bccfe8601ace6f9a27d5a835513e,n_profiles,1.0,count
detectors,S4_step_fault,rls,10,10.0,True,S4_step_fault__rls__seed10__detect_all4,b97f4fa67d55b0a4900a4dc84b9f38b152ab85aa07d9118de95bac234f41360d,6c765cc69f3e4bb20e44be0e55caf8daf8c407d7d1c06515349b9d17ec1fddce,8cda5fd98865bccfe8601ace6f9a27d5a835513e,n_profiles,3.0,count
detectors,S6_combined,rls,1,10.0,True,S6_combined__rls__seed1__detect_cusum,b3cf8d14b3aed8b1d65ab4497dcbfb879dbda2ce1da03bb07f6401c9b4b9bd4a,f148dc11752161354c3021f05b1fe526c43baf276ba3893e2b36806f990aaf93,8cda5fd98865bccfe8601ace6f9a27d5a835513e,n_profiles,1.0,count
detectors,S6_combined,rls,1,10.0,True,S6_combined__rls__seed1__detect_ph,b3cf8d14b3aed8b1d65ab4497dcbfb879dbda2ce1da03bb07f6401c9b4b9bd4a,e5360505f8c49a15eebb5ef47f7d7477818e9b19f26155854e4ff574f74f5811,8cda5fd98865bccfe8601ace6f9a27d5a835513e,n_profiles,1.0,count
detectors,S6_combined,rls,1,10.0,True,S6_combined__rls__seed1__detect_adwin,b3cf8d14b3aed8b1d65ab4497dcbfb879dbda2ce1da03bb07f6401c9b4b9bd4a,ba90eb10e4e1f7500a344f9b4e5e676713fa49fa355f420971a75285e0b9c298,8cda5fd98865bccfe8601ace6f9a27d5a835513e,n_profiles,1.0,count
detectors,S6_combined,rls,1,10.0,True,S6_combined__rls__seed1__detect_ks,b3cf8d14b3aed8b1d65ab4497dcbfb879dbda2ce1da03bb07f6401c9b4b9bd4a,e68694c868384201c53bdaf13449887c7b05c2ad9ef5f3f7d7b8bf5cddc0bcb0,8cda5fd98865bccfe8601ace6f9a27d5a835513e,n_profiles,1.0,count
detectors,S6_combined,rls,1,10.0,True,S6_combined__rls__seed1__detect_all4,b3cf8d14b3aed8b1d65ab4497dcbfb879dbda2ce1da03bb07f6401c9b4b9bd4a,6c765cc69f3e4bb20e44be0e55caf8daf8c407d7d1c06515349b9d17ec1fddce,8cda5fd98865bccfe8601ace6f9a27d5a835513e,n_profiles,1.0,count
detectors,S6_combined,rls,2,10.0,True,S6_combined__rls__seed2__detect_cusum,e4f7ab87faf6982be139dc8af97757bff8d540d357c41e3d06ec298e4dd75854,f148dc11752161354c3021f05b1fe526c43baf276ba3893e2b36806f990aaf93,8cda5fd98865bccfe8601ace6f9a27d5a835513e,n_profiles,1.0,count
detectors,S6_combined,rls,2,10.0,True,S6_combined__rls__seed2__detect_ph,e4f7ab87faf6982be139dc8af97757bff8d540d357c41e3d06ec298e4dd75854,e5360505f8c49a15eebb5ef47f7d7477818e9b19f26155854e4ff574f74f5811,8cda5fd98865bccfe8601ace6f9a27d5a835513e,n_profiles,1.0,count
detectors,S6_combined,rls,2,10.0,True,S6_combined__rls__seed2__detect_adwin,e4f7ab87faf6982be139dc8af97757bff8d540d357c41e3d06ec298e4dd75854,ba90eb10e4e1f7500a344f9b4e5e676713fa49fa355f420971a75285e0b9c298,8cda5fd98865bccfe8601ace6f9a27d5a835513e,n_profiles,1.0,count
detectors,S6_combined,rls,2,10.0,True,S6_combined__rls__seed2__detect_ks,e4f7ab87faf6982be139dc8af97757bff8d540d357c41e3d06ec298e4dd75854,e68694c868384201c53bdaf13449887c7b05c2ad9ef5f3f7d7b8bf5cddc0bcb0,8cda5fd98865bccfe8601ace6f9a27d5a835513e,n_profiles,1.0,count
detectors,S6_combined,rls,2,10.0,True,S6_combined__rls__seed2__detect_all4,e4f7ab87faf6982be139dc8af97757bff8d540d357c41e3d06ec298e4dd75854,6c765cc69f3e4bb20e44be0e55caf8daf8c407d7d1c06515349b9d17ec1fddce,8cda5fd98865bccfe8601ace6f9a27d5a835513e,n_profiles,1.0,count
detectors,S6_combined,rls,3,10.0,True,S6_combined__rls__seed3__detect_cusum,c371bfebbbdb510b204e19fcaedea3c47a4e8b6d77499f04ee6ac55d13fed988,f148dc11752161354c3021f05b1fe526c43baf276ba3893e2b36806f990aaf93,8cda5fd98865bccfe8601ace6f9a27d5a835513e,n_profiles,2.0,count
detectors,S6_combined,rls,3,10.0,True,S6_combined__rls__seed3__detect_ph,c371bfebbbdb510b204e19fcaedea3c47a4e8b6d77499f04ee6ac55d13fed988,e5360505f8c49a15eebb5ef47f7d7477818e9b19f26155854e4ff574f74f5811,8cda5fd98865bccfe8601ace6f9a27d5a835513e,n_profiles,1.0,count
detectors,S6_combined,rls,3,10.0,True,S6_combined__rls__seed3__detect_adwin,c371bfebbbdb510b204e19fcaedea3c47a4e8b6d77499f04ee6ac55d13fed988,ba90eb10e4e1f7500a344f9b4e5e676713fa49fa355f420971a75285e0b9c298,8cda5fd98865bccfe8601ace6f9a27d5a835513e,n_profiles,1.0,count
detectors,S6_combined,rls,3,10.0,True,S6_combined__rls__seed3__detect_ks,c371bfebbbdb510b204e19fcaedea3c47a4e8b6d77499f04ee6ac55d13fed988,e68694c868384201c53bdaf13449887c7b05c2ad9ef5f3f7d7b8bf5cddc0bcb0,8cda5fd98865bccfe8601ace6f9a27d5a835513e,n_profiles,1.0,count
detectors,S6_combined,rls,3,10.0,True,S6_combined__rls__seed3__detect_all4,c371bfebbbdb510b204e19fcaedea3c47a4e8b6d77499f04ee6ac55d13fed988,6c765cc69f3e4bb20e44be0e55caf8daf8c407d7d1c06515349b9d17ec1fddce,8cda5fd98865bccfe8601ace6f9a27d5a835513e,n_profiles,2.0,count
detectors,S6_combined,rls,4,10.0,True,S6_combined__rls__seed4__detect_cusum,091893e2b20fe4f1f4ec71b10a24db6c43dabefaa37c7ef75c67f5a78f00f2b7,f148dc11752161354c3021f05b1fe526c43baf276ba3893e2b36806f990aaf93,8cda5fd98865bccfe8601ace6f9a27d5a835513e,n_profiles,1.0,count
detectors,S6_combined,rls,4,10.0,True,S6_combined__rls__seed4__detect_ph,091893e2b20fe4f1f4ec71b10a24db6c43dabefaa37c7ef75c67f5a78f00f2b7,e5360505f8c49a15eebb5ef47f7d7477818e9b19f26155854e4ff574f74f5811,8cda5fd98865bccfe8601ace6f9a27d5a835513e,n_profiles,1.0,count
detectors,S6_combined,rls,4,10.0,True,S6_combined__rls__seed4__detect_adwin,091893e2b20fe4f1f4ec71b10a24db6c43dabefaa37c7ef75c67f5a78f00f2b7,ba90eb10e4e1f7500a344f9b4e5e676713fa49fa355f420971a75285e0b9c298,8cda5fd98865bccfe8601ace6f9a27d5a835513e,n_profiles,1.0,count
detectors,S6_combined,rls,4,10.0,True,S6_combined__rls__seed4__detect_ks,091893e2b20fe4f1f4ec71b10a24db6c43dabefaa37c7ef75c67f5a78f00f2b7,e68694c868384201c53bdaf13449887c7b05c2ad9ef5f3f7d7b8bf5cddc0bcb0,8cda5fd98865bccfe8601ace6f9a27d5a835513e,n_profiles,1.0,count
detectors,S6_combined,rls,4,10.0,True,S6_combined__rls__seed4__detect_all4,091893e2b20fe4f1f4ec71b10a24db6c43dabefaa37c7ef75c67f5a78f00f2b7,6c765cc69f3e4bb20e44be0e55caf8daf8c407d7d1c06515349b9d17ec1fddce,8cda5fd98865bccfe8601ace6f9a27d5a835513e,n_profiles,1.0,count
detectors,S6_combined,rls,5,10.0,True,S6_combined__rls__seed5__detect_cusum,c1d9d4a7d46d9a42ad59de704b5ae8b21c9bf2f17d4576d9bfa6e10e6c6f4b13,f148dc11752161354c3021f05b1fe526c43baf276ba3893e2b36806f990aaf93,8cda5fd98865bccfe8601ace6f9a27d5a835513e,n_profiles,1.0,count
detectors,S6_combined,rls,5,10.0,True,S6_combined__rls__seed5__detect_ph,c1d9d4a7d46d9a42ad59de704b5ae8b21c9bf2f17d4576d9bfa6e10e6c6f4b13,e5360505f8c49a15eebb5ef47f7d7477818e9b19f26155854e4ff574f74f5811,8cda5fd98865bccfe8601ace6f9a27d5a835513e,n_profiles,1.0,count
detectors,S6_combined,rls,5,10.0,True,S6_combined__rls__seed5__detect_adwin,c1d9d4a7d46d9a42ad59de704b5ae8b21c9bf2f17d4576d9bfa6e10e6c6f4b13,ba90eb10e4e1f7500a344f9b4e5e676713fa49fa355f420971a75285e0b9c298,8cda5fd98865bccfe8601ace6f9a27d5a835513e,n_profiles,1.0,count
detectors,S6_combined,rls,5,10.0,True,S6_combined__rls__seed5__detect_ks,c1d9d4a7d46d9a42ad59de704b5ae8b21c9bf2f17d4576d9bfa6e10e6c6f4b13,e68694c868384201c53bdaf13449887c7b05c2ad9ef5f3f7d7b8bf5cddc0bcb0,8cda5fd98865bccfe8601ace6f9a27d5a835513e,n_profiles,1.0,count
detectors,S6_combined,rls,5,10.0,True,S6_combined__rls__seed5__detect_all4,c1d9d4a7d46d9a42ad59de704b5ae8b21c9bf2f17d4576d9bfa6e10e6c6f4b13,6c765cc69f3e4bb20e44be0e55caf8daf8c407d7d1c06515349b9d17ec1fddce,8cda5fd98865bccfe8601ace6f9a27d5a835513e,n_profiles,1.0,count
detectors,S6_combined,rls,6,10.0,True,S6_combined__rls__seed6__detect_cusum,8fbcb1374a66e26dea4a0e8dbcf64db42ebcd88dd11b5cd3bb5d44e8d4b0665a,f148dc11752161354c3021f05b1fe526c43baf276ba3893e2b36806f990aaf93,8cda5fd98865bccfe8601ace6f9a27d5a835513e,n_profiles,2.0,count
detectors,S6_combined,rls,6,10.0,True,S6_combined__rls__seed6__detect_ph,8fbcb1374a66e26dea4a0e8dbcf64db42ebcd88dd11b5cd3bb5d44e8d4b0665a,e5360505f8c49a15eebb5ef47f7d7477818e9b19f26155854e4ff574f74f5811,8cda5fd98865bccfe8601ace6f9a27d5a835513e,n_profiles,2.0,count
detectors,S6_combined,rls,6,10.0,True,S6_combined__rls__seed6__detect_adwin,8fbcb1374a66e26dea4a0e8dbcf64db42ebcd88dd11b5cd3bb5d44e8d4b0665a,ba90eb10e4e1f7500a344f9b4e5e676713fa49fa355f420971a75285e0b9c298,8cda5fd98865bccfe8601ace6f9a27d5a835513e,n_profiles,2.0,count
detectors,S6_combined,rls,6,10.0,True,S6_combined__rls__seed6__detect_ks,8fbcb1374a66e26dea4a0e8dbcf64db42ebcd88dd11b5cd3bb5d44e8d4b0665a,e68694c868384201c53bdaf13449887c7b05c2ad9ef5f3f7d7b8bf5cddc0bcb0,8cda5fd98865bccfe8601ace6f9a27d5a835513e,n_profiles,1.0,count
detectors,S6_combined,rls,6,10.0,True,S6_combined__rls__seed6__detect_all4,8fbcb1374a66e26dea4a0e8dbcf64db42ebcd88dd11b5cd3bb5d44e8d4b0665a,6c765cc69f3e4bb20e44be0e55caf8daf8c407d7d1c06515349b9d17ec1fddce,8cda5fd98865bccfe8601ace6f9a27d5a835513e,n_profiles,2.0,count
detectors,S6_combined,rls,7,10.0,True,S6_combined__rls__seed7__detect_cusum,eb12037c60287858e9925e83fcaf2aa6789246ee5a2aa0c936402930de58eb1c,f148dc11752161354c3021f05b1fe526c43baf276ba3893e2b36806f990aaf93,8cda5fd98865bccfe8601ace6f9a27d5a835513e,n_profiles,2.0,count
detectors,S6_combined,rls,7,10.0,True,S6_combined__rls__seed7__detect_ph,eb12037c60287858e9925e83fcaf2aa6789246ee5a2aa0c936402930de58eb1c,e5360505f8c49a15eebb5ef47f7d7477818e9b19f26155854e4ff574f74f5811,8cda5fd98865bccfe8601ace6f9a27d5a835513e,n_profiles,2.0,count
detectors,S6_combined,rls,7,10.0,True,S6_combined__rls__seed7__detect_adwin,eb12037c60287858e9925e83fcaf2aa6789246ee5a2aa0c936402930de58eb1c,ba90eb10e4e1f7500a344f9b4e5e676713fa49fa355f420971a75285e0b9c298,8cda5fd98865bccfe8601ace6f9a27d5a835513e,n_profiles,2.0,count
detectors,S6_combined,rls,7,10.0,True,S6_combined__rls__seed7__detect_ks,eb12037c60287858e9925e83fcaf2aa6789246ee5a2aa0c936402930de58eb1c,e68694c868384201c53bdaf13449887c7b05c2ad9ef5f3f7d7b8bf5cddc0bcb0,8cda5fd98865bccfe8601ace6f9a27d5a835513e,n_profiles,1.0,count
detectors,S6_combined,rls,7,10.0,True,S6_combined__rls__seed7__detect_all4,eb12037c60287858e9925e83fcaf2aa6789246ee5a2aa0c936402930de58eb1c,6c765cc69f3e4bb20e44be0e55caf8daf8c407d7d1c06515349b9d17ec1fddce,8cda5fd98865bccfe8601ace6f9a27d5a835513e,n_profiles,2.0,count
detectors,S6_combined,rls,8,10.0,True,S6_combined__rls__seed8__detect_cusum,da4740837e6cf85b5c7d22d84cf556133cbff181edcbfd4d107db823d7c1f164,f148dc11752161354c3021f05b1fe526c43baf276ba3893e2b36806f990aaf93,8cda5fd98865bccfe8601ace6f9a27d5a835513e,n_profiles,1.0,count
detectors,S6_combined,rls,8,10.0,True,S6_combined__rls__seed8__detect_ph,da4740837e6cf85b5c7d22d84cf556133cbff181edcbfd4d107db823d7c1f164,e5360505f8c49a15eebb5ef47f7d7477818e9b19f26155854e4ff574f74f5811,8cda5fd98865bccfe8601ace6f9a27d5a835513e,n_profiles,2.0,count
detectors,S6_combined,rls,8,10.0,True,S6_combined__rls__seed8__detect_adwin,da4740837e6cf85b5c7d22d84cf556133cbff181edcbfd4d107db823d7c1f164,ba90eb10e4e1f7500a344f9b4e5e676713fa49fa355f420971a75285e0b9c298,8cda5fd98865bccfe8601ace6f9a27d5a835513e,n_profiles,2.0,count
detectors,S6_combined,rls,8,10.0,True,S6_combined__rls__seed8__detect_ks,da4740837e6cf85b5c7d22d84cf556133cbff181edcbfd4d107db823d7c1f164,e68694c868384201c53bdaf13449887c7b05c2ad9ef5f3f7d7b8bf5cddc0bcb0,8cda5fd98865bccfe8601ace6f9a27d5a835513e,n_profiles,1.0,count
detectors,S6_combined,rls,8,10.0,True,S6_combined__rls__seed8__detect_all4,da4740837e6cf85b5c7d22d84cf556133cbff181edcbfd4d107db823d7c1f164,6c765cc69f3e4bb20e44be0e55caf8daf8c407d7d1c06515349b9d17ec1fddce,8cda5fd98865bccfe8601ace6f9a27d5a835513e,n_profiles,2.0,count
detectors,S6_combined,rls,9,10.0,True,S6_combined__rls__seed9__detect_cusum,29718e114c21c01b04a983f185bbf01430cfac8dd9e8b5808281b0434dac26fc,f148dc11752161354c3021f05b1fe526c43baf276ba3893e2b36806f990aaf93,8cda5fd98865bccfe8601ace6f9a27d5a835513e,n_profiles,2.0,count
detectors,S6_combined,rls,9,10.0,True,S6_combined__rls__seed9__detect_ph,29718e114c21c01b04a983f185bbf01430cfac8dd9e8b5808281b0434dac26fc,e5360505f8c49a15eebb5ef47f7d7477818e9b19f26155854e4ff574f74f5811,8cda5fd98865bccfe8601ace6f9a27d5a835513e,n_profiles,2.0,count
detectors,S6_combined,rls,9,10.0,True,S6_combined__rls__seed9__detect_adwin,29718e114c21c01b04a983f185bbf01430cfac8dd9e8b5808281b0434dac26fc,ba90eb10e4e1f7500a344f9b4e5e676713fa49fa355f420971a75285e0b9c298,8cda5fd98865bccfe8601ace6f9a27d5a835513e,n_profiles,2.0,count
detectors,S6_combined,rls,9,10.0,True,S6_combined__rls__seed9__detect_ks,29718e114c21c01b04a983f185bbf01430cfac8dd9e8b5808281b0434dac26fc,e68694c868384201c53bdaf13449887c7b05c2ad9ef5f3f7d7b8bf5cddc0bcb0,8cda5fd98865bccfe8601ace6f9a27d5a835513e,n_profiles,1.0,count
detectors,S6_combined,rls,9,10.0,True,S6_combined__rls__seed9__detect_all4,29718e114c21c01b04a983f185bbf01430cfac8dd9e8b5808281b0434dac26fc,6c765cc69f3e4bb20e44be0e55caf8daf8c407d7d1c06515349b9d17ec1fddce,8cda5fd98865bccfe8601ace6f9a27d5a835513e,n_profiles,2.0,count
detectors,S6_combined,rls,10,10.0,True,S6_combined__rls__seed10__detect_cusum,4054ab96937dfc6eef3c9c4f46347db001fd4eea59432509f786c95b51d12234,f148dc11752161354c3021f05b1fe526c43baf276ba3893e2b36806f990aaf93,8cda5fd98865bccfe8601ace6f9a27d5a835513e,n_profiles,1.0,count
detectors,S6_combined,rls,10,10.0,True,S6_combined__rls__seed10__detect_ph,4054ab96937dfc6eef3c9c4f46347db001fd4eea59432509f786c95b51d12234,e5360505f8c49a15eebb5ef47f7d7477818e9b19f26155854e4ff574f74f5811,8cda5fd98865bccfe8601ace6f9a27d5a835513e,n_profiles,1.0,count
detectors,S6_combined,rls,10,10.0,True,S6_combined__rls__seed10__detect_adwin,4054ab96937dfc6eef3c9c4f46347db001fd4eea59432509f786c95b51d12234,ba90eb10e4e1f7500a344f9b4e5e676713fa49fa355f420971a75285e0b9c298,8cda5fd98865bccfe8601ace6f9a27d5a835513e,n_profiles,1.0,count
detectors,S6_combined,rls,10,10.0,True,S6_combined__rls__seed10__detect_ks,4054ab96937dfc6eef3c9c4f46347db001fd4eea59432509f786c95b51d12234,e68694c868384201c53bdaf13449887c7b05c2ad9ef5f3f7d7b8bf5cddc0bcb0,8cda5fd98865bccfe8601ace6f9a27d5a835513e,n_profiles,1.0,count
detectors,S6_combined,rls,10,10.0,True,S6_combined__rls__seed10__detect_all4,4054ab96937dfc6eef3c9c4f46347db001fd4eea59432509f786c95b51d12234,6c765cc69f3e4bb20e44be0e55caf8daf8c407d7d1c06515349b9d17ec1fddce,8cda5fd98865bccfe8601ace6f9a27d5a835513e,n_profiles,1.0,count
detectors,S4_step_fault,rls,1,10.0,True,S4_step_fault__rls__seed1__detect_cusum,7d29a6d7dca932314e512c265e0e559ec6cc02e548aa25349a95d1f29dbf9ef1,f148dc11752161354c3021f05b1fe526c43baf276ba3893e2b36806f990aaf93,8cda5fd98865bccfe8601ace6f9a27d5a835513e,detected,0.0,count
detectors,S4_step_fault,rls,1,10.0,True,S4_step_fault__rls__seed1__detect_ph,7d29a6d7dca932314e512c265e0e559ec6cc02e548aa25349a95d1f29dbf9ef1,e5360505f8c49a15eebb5ef47f7d7477818e9b19f26155854e4ff574f74f5811,8cda5fd98865bccfe8601ace6f9a27d5a835513e,detected,0.0,count
detectors,S4_step_fault,rls,1,10.0,True,S4_step_fault__rls__seed1__detect_adwin,7d29a6d7dca932314e512c265e0e559ec6cc02e548aa25349a95d1f29dbf9ef1,ba90eb10e4e1f7500a344f9b4e5e676713fa49fa355f420971a75285e0b9c298,8cda5fd98865bccfe8601ace6f9a27d5a835513e,detected,0.0,count
detectors,S4_step_fault,rls,1,10.0,True,S4_step_fault__rls__seed1__detect_ks,7d29a6d7dca932314e512c265e0e559ec6cc02e548aa25349a95d1f29dbf9ef1,e68694c868384201c53bdaf13449887c7b05c2ad9ef5f3f7d7b8bf5cddc0bcb0,8cda5fd98865bccfe8601ace6f9a27d5a835513e,detected,0.0,count
detectors,S4_step_fault,rls,1,10.0,True,S4_step_fault__rls__seed1__detect_all4,7d29a6d7dca932314e512c265e0e559ec6cc02e548aa25349a95d1f29dbf9ef1,6c765cc69f3e4bb20e44be0e55caf8daf8c407d7d1c06515349b9d17ec1fddce,8cda5fd98865bccfe8601ace6f9a27d5a835513e,detected,0.0,count
detectors,S4_step_fault,rls,2,10.0,True,S4_step_fault__rls__seed2__detect_cusum,adc80992e5ad2b0074c2ccb5fd189429c3fd11d2d51d242aa1caec078b0db1d2,f148dc11752161354c3021f05b1fe526c43baf276ba3893e2b36806f990aaf93,8cda5fd98865bccfe8601ace6f9a27d5a835513e,detected,0.0,count
detectors,S4_step_fault,rls,2,10.0,True,S4_step_fault__rls__seed2__detect_ph,adc80992e5ad2b0074c2ccb5fd189429c3fd11d2d51d242aa1caec078b0db1d2,e5360505f8c49a15eebb5ef47f7d7477818e9b19f26155854e4ff574f74f5811,8cda5fd98865bccfe8601ace6f9a27d5a835513e,detected,0.0,count
detectors,S4_step_fault,rls,2,10.0,True,S4_step_fault__rls__seed2__detect_adwin,adc80992e5ad2b0074c2ccb5fd189429c3fd11d2d51d242aa1caec078b0db1d2,ba90eb10e4e1f7500a344f9b4e5e676713fa49fa355f420971a75285e0b9c298,8cda5fd98865bccfe8601ace6f9a27d5a835513e,detected,0.0,count
detectors,S4_step_fault,rls,2,10.0,True,S4_step_fault__rls__seed2__detect_ks,adc80992e5ad2b0074c2ccb5fd189429c3fd11d2d51d242aa1caec078b0db1d2,e68694c868384201c53bdaf13449887c7b05c2ad9ef5f3f7d7b8bf5cddc0bcb0,8cda5fd98865bccfe8601ace6f9a27d5a835513e,detected,0.0,count
detectors,S4_step_fault,rls,2,10.0,True,S4_step_fault__rls__seed2__detect_all4,adc80992e5ad2b0074c2ccb5fd189429c3fd11d2d51d242aa1caec078b0db1d2,6c765cc69f3e4bb20e44be0e55caf8daf8c407d7d1c06515349b9d17ec1fddce,8cda5fd98865bccfe8601ace6f9a27d5a835513e,detected,0.0,count
detectors,S4_step_fault,rls,3,10.0,True,S4_step_fault__rls__seed3__detect_cusum,755a0aa70d2f3fe05534c8cb137d5df18ed16325d4692fc840c3daee2c8a8c92,f148dc11752161354c3021f05b1fe526c43baf276ba3893e2b36806f990aaf93,8cda5fd98865bccfe8601ace6f9a27d5a835513e,detected,1.0,count
detectors,S4_step_fault,rls,3,10.0,True,S4_step_fault__rls__seed3__detect_ph,755a0aa70d2f3fe05534c8cb137d5df18ed16325d4692fc840c3daee2c8a8c92,e5360505f8c49a15eebb5ef47f7d7477818e9b19f26155854e4ff574f74f5811,8cda5fd98865bccfe8601ace6f9a27d5a835513e,detected,0.0,count
detectors,S4_step_fault,rls,3,10.0,True,S4_step_fault__rls__seed3__detect_adwin,755a0aa70d2f3fe05534c8cb137d5df18ed16325d4692fc840c3daee2c8a8c92,ba90eb10e4e1f7500a344f9b4e5e676713fa49fa355f420971a75285e0b9c298,8cda5fd98865bccfe8601ace6f9a27d5a835513e,detected,0.0,count
detectors,S4_step_fault,rls,3,10.0,True,S4_step_fault__rls__seed3__detect_ks,755a0aa70d2f3fe05534c8cb137d5df18ed16325d4692fc840c3daee2c8a8c92,e68694c868384201c53bdaf13449887c7b05c2ad9ef5f3f7d7b8bf5cddc0bcb0,8cda5fd98865bccfe8601ace6f9a27d5a835513e,detected,0.0,count
detectors,S4_step_fault,rls,3,10.0,True,S4_step_fault__rls__seed3__detect_all4,755a0aa70d2f3fe05534c8cb137d5df18ed16325d4692fc840c3daee2c8a8c92,6c765cc69f3e4bb20e44be0e55caf8daf8c407d7d1c06515349b9d17ec1fddce,8cda5fd98865bccfe8601ace6f9a27d5a835513e,detected,1.0,count
detectors,S4_step_fault,rls,4,10.0,True,S4_step_fault__rls__seed4__detect_cusum,57d0146db86c059173927b479ffa5908a6e01f3cdeb9f10b63e58e983cd88fb2,f148dc11752161354c3021f05b1fe526c43baf276ba3893e2b36806f990aaf93,8cda5fd98865bccfe8601ace6f9a27d5a835513e,detected,0.0,count
detectors,S4_step_fault,rls,4,10.0,True,S4_step_fault__rls__seed4__detect_ph,57d0146db86c059173927b479ffa5908a6e01f3cdeb9f10b63e58e983cd88fb2,e5360505f8c49a15eebb5ef47f7d7477818e9b19f26155854e4ff574f74f5811,8cda5fd98865bccfe8601ace6f9a27d5a835513e,detected,0.0,count
detectors,S4_step_fault,rls,4,10.0,True,S4_step_fault__rls__seed4__detect_adwin,57d0146db86c059173927b479ffa5908a6e01f3cdeb9f10b63e58e983cd88fb2,ba90eb10e4e1f7500a344f9b4e5e676713fa49fa355f420971a75285e0b9c298,8cda5fd98865bccfe8601ace6f9a27d5a835513e,detected,0.0,count
detectors,S4_step_fault,rls,4,10.0,True,S4_step_fault__rls__seed4__detect_ks,57d0146db86c059173927b479ffa5908a6e01f3cdeb9f10b63e58e983cd88fb2,e68694c868384201c53bdaf13449887c7b05c2ad9ef5f3f7d7b8bf5cddc0bcb0,8cda5fd98865bccfe8601ace6f9a27d5a835513e,detected,0.0,count
detectors,S4_step_fault,rls,4,10.0,True,S4_step_fault__rls__seed4__detect_all4,57d0146db86c059173927b479ffa5908a6e01f3cdeb9f10b63e58e983cd88fb2,6c765cc69f3e4bb20e44be0e55caf8daf8c407d7d1c06515349b9d17ec1fddce,8cda5fd98865bccfe8601ace6f9a27d5a835513e,detected,0.0,count
detectors,S4_step_fault,rls,5,10.0,True,S4_step_fault__rls__seed5__detect_cusum,1efe02364dacd47e4d9a937957614582b8530ef56f2b525678988666500727b7,f148dc11752161354c3021f05b1fe526c43baf276ba3893e2b36806f990aaf93,8cda5fd98865bccfe8601ace6f9a27d5a835513e,detected,0.0,count
detectors,S4_step_fault,rls,5,10.0,True,S4_step_fault__rls__seed5__detect_ph,1efe02364dacd47e4d9a937957614582b8530ef56f2b525678988666500727b7,e5360505f8c49a15eebb5ef47f7d7477818e9b19f26155854e4ff574f74f5811,8cda5fd98865bccfe8601ace6f9a27d5a835513e,detected,0.0,count
detectors,S4_step_fault,rls,5,10.0,True,S4_step_fault__rls__seed5__detect_adwin,1efe02364dacd47e4d9a937957614582b8530ef56f2b525678988666500727b7,ba90eb10e4e1f7500a344f9b4e5e676713fa49fa355f420971a75285e0b9c298,8cda5fd98865bccfe8601ace6f9a27d5a835513e,detected,0.0,count
detectors,S4_step_fault,rls,5,10.0,True,S4_step_fault__rls__seed5__detect_ks,1efe02364dacd47e4d9a937957614582b8530ef56f2b525678988666500727b7,e68694c868384201c53bdaf13449887c7b05c2ad9ef5f3f7d7b8bf5cddc0bcb0,8cda5fd98865bccfe8601ace6f9a27d5a835513e,detected,0.0,count
detectors,S4_step_fault,rls,5,10.0,True,S4_step_fault__rls__seed5__detect_all4,1efe02364dacd47e4d9a937957614582b8530ef56f2b525678988666500727b7,6c765cc69f3e4bb20e44be0e55caf8daf8c407d7d1c06515349b9d17ec1fddce,8cda5fd98865bccfe8601ace6f9a27d5a835513e,detected,0.0,count
detectors,S4_step_fault,rls,6,10.0,True,S4_step_fault__rls__seed6__detect_cusum,edb8fb013b7aeb64e877b749783afa62d6864702f69cf9e7c539d6cd9df4f86d,f148dc11752161354c3021f05b1fe526c43baf276ba3893e2b36806f990aaf93,8cda5fd98865bccfe8601ace6f9a27d5a835513e,detected,1.0,count
detectors,S4_step_fault,rls,6,10.0,True,S4_step_fault__rls__seed6__detect_ph,edb8fb013b7aeb64e877b749783afa62d6864702f69cf9e7c539d6cd9df4f86d,e5360505f8c49a15eebb5ef47f7d7477818e9b19f26155854e4ff574f74f5811,8cda5fd98865bccfe8601ace6f9a27d5a835513e,detected,0.0,count
detectors,S4_step_fault,rls,6,10.0,True,S4_step_fault__rls__seed6__detect_adwin,edb8fb013b7aeb64e877b749783afa62d6864702f69cf9e7c539d6cd9df4f86d,ba90eb10e4e1f7500a344f9b4e5e676713fa49fa355f420971a75285e0b9c298,8cda5fd98865bccfe8601ace6f9a27d5a835513e,detected,0.0,count
detectors,S4_step_fault,rls,6,10.0,True,S4_step_fault__rls__seed6__detect_ks,edb8fb013b7aeb64e877b749783afa62d6864702f69cf9e7c539d6cd9df4f86d,e68694c868384201c53bdaf13449887c7b05c2ad9ef5f3f7d7b8bf5cddc0bcb0,8cda5fd98865bccfe8601ace6f9a27d5a835513e,detected,0.0,count
detectors,S4_step_fault,rls,6,10.0,True,S4_step_fault__rls__seed6__detect_all4,edb8fb013b7aeb64e877b749783afa62d6864702f69cf9e7c539d6cd9df4f86d,6c765cc69f3e4bb20e44be0e55caf8daf8c407d7d1c06515349b9d17ec1fddce,8cda5fd98865bccfe8601ace6f9a27d5a835513e,detected,1.0,count
detectors,S4_step_fault,rls,7,10.0,True,S4_step_fault__rls__seed7__detect_cusum,5cf17843f3bfe6e9f5ce0f88df6e9f0fa19691e7d0781a28d2e0071debfacd13,f148dc11752161354c3021f05b1fe526c43baf276ba3893e2b36806f990aaf93,8cda5fd98865bccfe8601ace6f9a27d5a835513e,detected,1.0,count
detectors,S4_step_fault,rls,7,10.0,True,S4_step_fault__rls__seed7__detect_ph,5cf17843f3bfe6e9f5ce0f88df6e9f0fa19691e7d0781a28d2e0071debfacd13,e5360505f8c49a15eebb5ef47f7d7477818e9b19f26155854e4ff574f74f5811,8cda5fd98865bccfe8601ace6f9a27d5a835513e,detected,1.0,count
detectors,S4_step_fault,rls,7,10.0,True,S4_step_fault__rls__seed7__detect_adwin,5cf17843f3bfe6e9f5ce0f88df6e9f0fa19691e7d0781a28d2e0071debfacd13,ba90eb10e4e1f7500a344f9b4e5e676713fa49fa355f420971a75285e0b9c298,8cda5fd98865bccfe8601ace6f9a27d5a835513e,detected,0.0,count
detectors,S4_step_fault,rls,7,10.0,True,S4_step_fault__rls__seed7__detect_ks,5cf17843f3bfe6e9f5ce0f88df6e9f0fa19691e7d0781a28d2e0071debfacd13,e68694c868384201c53bdaf13449887c7b05c2ad9ef5f3f7d7b8bf5cddc0bcb0,8cda5fd98865bccfe8601ace6f9a27d5a835513e,detected,0.0,count
detectors,S4_step_fault,rls,7,10.0,True,S4_step_fault__rls__seed7__detect_all4,5cf17843f3bfe6e9f5ce0f88df6e9f0fa19691e7d0781a28d2e0071debfacd13,6c765cc69f3e4bb20e44be0e55caf8daf8c407d7d1c06515349b9d17ec1fddce,8cda5fd98865bccfe8601ace6f9a27d5a835513e,detected,1.0,count
detectors,S4_step_fault,rls,8,10.0,True,S4_step_fault__rls__seed8__detect_cusum,4471998ed306e877216c6c1b12b8ba9d62e309093746866fb7f4d683dd3b0138,f148dc11752161354c3021f05b1fe526c43baf276ba3893e2b36806f990aaf93,8cda5fd98865bccfe8601ace6f9a27d5a835513e,detected,0.0,count
detectors,S4_step_fault,rls,8,10.0,True,S4_step_fault__rls__seed8__detect_ph,4471998ed306e877216c6c1b12b8ba9d62e309093746866fb7f4d683dd3b0138,e5360505f8c49a15eebb5ef47f7d7477818e9b19f26155854e4ff574f74f5811,8cda5fd98865bccfe8601ace6f9a27d5a835513e,detected,0.0,count
detectors,S4_step_fault,rls,8,10.0,True,S4_step_fault__rls__seed8__detect_adwin,4471998ed306e877216c6c1b12b8ba9d62e309093746866fb7f4d683dd3b0138,ba90eb10e4e1f7500a344f9b4e5e676713fa49fa355f420971a75285e0b9c298,8cda5fd98865bccfe8601ace6f9a27d5a835513e,detected,0.0,count
detectors,S4_step_fault,rls,8,10.0,True,S4_step_fault__rls__seed8__detect_ks,4471998ed306e877216c6c1b12b8ba9d62e309093746866fb7f4d683dd3b0138,e68694c868384201c53bdaf13449887c7b05c2ad9ef5f3f7d7b8bf5cddc0bcb0,8cda5fd98865bccfe8601ace6f9a27d5a835513e,detected,0.0,count
detectors,S4_step_fault,rls,8,10.0,True,S4_step_fault__rls__seed8__detect_all4,4471998ed306e877216c6c1b12b8ba9d62e309093746866fb7f4d683dd3b0138,6c765cc69f3e4bb20e44be0e55caf8daf8c407d7d1c06515349b9d17ec1fddce,8cda5fd98865bccfe8601ace6f9a27d5a835513e,detected,0.0,count
detectors,S4_step_fault,rls,9,10.0,True,S4_step_fault__rls__seed9__detect_cusum,af86278540fa1654a3e5819e52691400963a2f43bbaf4be0dd151148c2836411,f148dc11752161354c3021f05b1fe526c43baf276ba3893e2b36806f990aaf93,8cda5fd98865bccfe8601ace6f9a27d5a835513e,detected,0.0,count
detectors,S4_step_fault,rls,9,10.0,True,S4_step_fault__rls__seed9__detect_ph,af86278540fa1654a3e5819e52691400963a2f43bbaf4be0dd151148c2836411,e5360505f8c49a15eebb5ef47f7d7477818e9b19f26155854e4ff574f74f5811,8cda5fd98865bccfe8601ace6f9a27d5a835513e,detected,0.0,count
detectors,S4_step_fault,rls,9,10.0,True,S4_step_fault__rls__seed9__detect_adwin,af86278540fa1654a3e5819e52691400963a2f43bbaf4be0dd151148c2836411,ba90eb10e4e1f7500a344f9b4e5e676713fa49fa355f420971a75285e0b9c298,8cda5fd98865bccfe8601ace6f9a27d5a835513e,detected,0.0,count
detectors,S4_step_fault,rls,9,10.0,True,S4_step_fault__rls__seed9__detect_ks,af86278540fa1654a3e5819e52691400963a2f43bbaf4be0dd151148c2836411,e68694c868384201c53bdaf13449887c7b05c2ad9ef5f3f7d7b8bf5cddc0bcb0,8cda5fd98865bccfe8601ace6f9a27d5a835513e,detected,0.0,count
detectors,S4_step_fault,rls,9,10.0,True,S4_step_fault__rls__seed9__detect_all4,af86278540fa1654a3e5819e52691400963a2f43bbaf4be0dd151148c2836411,6c765cc69f3e4bb20e44be0e55caf8daf8c407d7d1c06515349b9d17ec1fddce,8cda5fd98865bccfe8601ace6f9a27d5a835513e,detected,0.0,count
detectors,S4_step_fault,rls,10,10.0,True,S4_step_fault__rls__seed10__detect_cusum,b97f4fa67d55b0a4900a4dc84b9f38b152ab85aa07d9118de95bac234f41360d,f148dc11752161354c3021f05b1fe526c43baf276ba3893e2b36806f990aaf93,8cda5fd98865bccfe8601ace6f9a27d5a835513e,detected,0.0,count
detectors,S4_step_fault,rls,10,10.0,True,S4_step_fault__rls__seed10__detect_ph,b97f4fa67d55b0a4900a4dc84b9f38b152ab85aa07d9118de95bac234f41360d,e5360505f8c49a15eebb5ef47f7d7477818e9b19f26155854e4ff574f74f5811,8cda5fd98865bccfe8601ace6f9a27d5a835513e,detected,0.0,count
detectors,S4_step_fault,rls,10,10.0,True,S4_step_fault__rls__seed10__detect_adwin,b97f4fa67d55b0a4900a4dc84b9f38b152ab85aa07d9118de95bac234f41360d,ba90eb10e4e1f7500a344f9b4e5e676713fa49fa355f420971a75285e0b9c298,8cda5fd98865bccfe8601ace6f9a27d5a835513e,detected,0.0,count
detectors,S4_step_fault,rls,10,10.0,True,S4_step_fault__rls__seed10__detect_ks,b97f4fa67d55b0a4900a4dc84b9f38b152ab85aa07d9118de95bac234f41360d,e68694c868384201c53bdaf13449887c7b05c2ad9ef5f3f7d7b8bf5cddc0bcb0,8cda5fd98865bccfe8601ace6f9a27d5a835513e,detected,0.0,count
detectors,S4_step_fault,rls,10,10.0,True,S4_step_fault__rls__seed10__detect_all4,b97f4fa67d55b0a4900a4dc84b9f38b152ab85aa07d9118de95bac234f41360d,6c765cc69f3e4bb20e44be0e55caf8daf8c407d7d1c06515349b9d17ec1fddce,8cda5fd98865bccfe8601ace6f9a27d5a835513e,detected,0.0,count
detectors,S6_combined,rls,1,10.0,True,S6_combined__rls__seed1__detect_cusum,b3cf8d14b3aed8b1d65ab4497dcbfb879dbda2ce1da03bb07f6401c9b4b9bd4a,f148dc11752161354c3021f05b1fe526c43baf276ba3893e2b36806f990aaf93,8cda5fd98865bccfe8601ace6f9a27d5a835513e,detected,0.0,count
detectors,S6_combined,rls,1,10.0,True,S6_combined__rls__seed1__detect_ph,b3cf8d14b3aed8b1d65ab4497dcbfb879dbda2ce1da03bb07f6401c9b4b9bd4a,e5360505f8c49a15eebb5ef47f7d7477818e9b19f26155854e4ff574f74f5811,8cda5fd98865bccfe8601ace6f9a27d5a835513e,detected,0.0,count
detectors,S6_combined,rls,1,10.0,True,S6_combined__rls__seed1__detect_adwin,b3cf8d14b3aed8b1d65ab4497dcbfb879dbda2ce1da03bb07f6401c9b4b9bd4a,ba90eb10e4e1f7500a344f9b4e5e676713fa49fa355f420971a75285e0b9c298,8cda5fd98865bccfe8601ace6f9a27d5a835513e,detected,0.0,count
detectors,S6_combined,rls,1,10.0,True,S6_combined__rls__seed1__detect_ks,b3cf8d14b3aed8b1d65ab4497dcbfb879dbda2ce1da03bb07f6401c9b4b9bd4a,e68694c868384201c53bdaf13449887c7b05c2ad9ef5f3f7d7b8bf5cddc0bcb0,8cda5fd98865bccfe8601ace6f9a27d5a835513e,detected,0.0,count
detectors,S6_combined,rls,1,10.0,True,S6_combined__rls__seed1__detect_all4,b3cf8d14b3aed8b1d65ab4497dcbfb879dbda2ce1da03bb07f6401c9b4b9bd4a,6c765cc69f3e4bb20e44be0e55caf8daf8c407d7d1c06515349b9d17ec1fddce,8cda5fd98865bccfe8601ace6f9a27d5a835513e,detected,0.0,count
detectors,S6_combined,rls,2,10.0,True,S6_combined__rls__seed2__detect_cusum,e4f7ab87faf6982be139dc8af97757bff8d540d357c41e3d06ec298e4dd75854,f148dc11752161354c3021f05b1fe526c43baf276ba3893e2b36806f990aaf93,8cda5fd98865bccfe8601ace6f9a27d5a835513e,detected,0.0,count
detectors,S6_combined,rls,2,10.0,True,S6_combined__rls__seed2__detect_ph,e4f7ab87faf6982be139dc8af97757bff8d540d357c41e3d06ec298e4dd75854,e5360505f8c49a15eebb5ef47f7d7477818e9b19f26155854e4ff574f74f5811,8cda5fd98865bccfe8601ace6f9a27d5a835513e,detected,0.0,count
detectors,S6_combined,rls,2,10.0,True,S6_combined__rls__seed2__detect_adwin,e4f7ab87faf6982be139dc8af97757bff8d540d357c41e3d06ec298e4dd75854,ba90eb10e4e1f7500a344f9b4e5e676713fa49fa355f420971a75285e0b9c298,8cda5fd98865bccfe8601ace6f9a27d5a835513e,detected,0.0,count
detectors,S6_combined,rls,2,10.0,True,S6_combined__rls__seed2__detect_ks,e4f7ab87faf6982be139dc8af97757bff8d540d357c41e3d06ec298e4dd75854,e68694c868384201c53bdaf13449887c7b05c2ad9ef5f3f7d7b8bf5cddc0bcb0,8cda5fd98865bccfe8601ace6f9a27d5a835513e,detected,0.0,count
detectors,S6_combined,rls,2,10.0,True,S6_combined__rls__seed2__detect_all4,e4f7ab87faf6982be139dc8af97757bff8d540d357c41e3d06ec298e4dd75854,6c765cc69f3e4bb20e44be0e55caf8daf8c407d7d1c06515349b9d17ec1fddce,8cda5fd98865bccfe8601ace6f9a27d5a835513e,detected,0.0,count
detectors,S6_combined,rls,3,10.0,True,S6_combined__rls__seed3__detect_cusum,c371bfebbbdb510b204e19fcaedea3c47a4e8b6d77499f04ee6ac55d13fed988,f148dc11752161354c3021f05b1fe526c43baf276ba3893e2b36806f990aaf93,8cda5fd98865bccfe8601ace6f9a27d5a835513e,detected,0.0,count
detectors,S6_combined,rls,3,10.0,True,S6_combined__rls__seed3__detect_ph,c371bfebbbdb510b204e19fcaedea3c47a4e8b6d77499f04ee6ac55d13fed988,e5360505f8c49a15eebb5ef47f7d7477818e9b19f26155854e4ff574f74f5811,8cda5fd98865bccfe8601ace6f9a27d5a835513e,detected,0.0,count
detectors,S6_combined,rls,3,10.0,True,S6_combined__rls__seed3__detect_adwin,c371bfebbbdb510b204e19fcaedea3c47a4e8b6d77499f04ee6ac55d13fed988,ba90eb10e4e1f7500a344f9b4e5e676713fa49fa355f420971a75285e0b9c298,8cda5fd98865bccfe8601ace6f9a27d5a835513e,detected,0.0,count
detectors,S6_combined,rls,3,10.0,True,S6_combined__rls__seed3__detect_ks,c371bfebbbdb510b204e19fcaedea3c47a4e8b6d77499f04ee6ac55d13fed988,e68694c868384201c53bdaf13449887c7b05c2ad9ef5f3f7d7b8bf5cddc0bcb0,8cda5fd98865bccfe8601ace6f9a27d5a835513e,detected,0.0,count
detectors,S6_combined,rls,3,10.0,True,S6_combined__rls__seed3__detect_all4,c371bfebbbdb510b204e19fcaedea3c47a4e8b6d77499f04ee6ac55d13fed988,6c765cc69f3e4bb20e44be0e55caf8daf8c407d7d1c06515349b9d17ec1fddce,8cda5fd98865bccfe8601ace6f9a27d5a835513e,detected,0.0,count
detectors,S6_combined,rls,4,10.0,True,S6_combined__rls__seed4__detect_cusum,091893e2b20fe4f1f4ec71b10a24db6c43dabefaa37c7ef75c67f5a78f00f2b7,f148dc11752161354c3021f05b1fe526c43baf276ba3893e2b36806f990aaf93,8cda5fd98865bccfe8601ace6f9a27d5a835513e,detected,0.0,count
detectors,S6_combined,rls,4,10.0,True,S6_combined__rls__seed4__detect_ph,091893e2b20fe4f1f4ec71b10a24db6c43dabefaa37c7ef75c67f5a78f00f2b7,e5360505f8c49a15eebb5ef47f7d7477818e9b19f26155854e4ff574f74f5811,8cda5fd98865bccfe8601ace6f9a27d5a835513e,detected,0.0,count
detectors,S6_combined,rls,4,10.0,True,S6_combined__rls__seed4__detect_adwin,091893e2b20fe4f1f4ec71b10a24db6c43dabefaa37c7ef75c67f5a78f00f2b7,ba90eb10e4e1f7500a344f9b4e5e676713fa49fa355f420971a75285e0b9c298,8cda5fd98865bccfe8601ace6f9a27d5a835513e,detected,0.0,count
detectors,S6_combined,rls,4,10.0,True,S6_combined__rls__seed4__detect_ks,091893e2b20fe4f1f4ec71b10a24db6c43dabefaa37c7ef75c67f5a78f00f2b7,e68694c868384201c53bdaf13449887c7b05c2ad9ef5f3f7d7b8bf5cddc0bcb0,8cda5fd98865bccfe8601ace6f9a27d5a835513e,detected,0.0,count
detectors,S6_combined,rls,4,10.0,True,S6_combined__rls__seed4__detect_all4,091893e2b20fe4f1f4ec71b10a24db6c43dabefaa37c7ef75c67f5a78f00f2b7,6c765cc69f3e4bb20e44be0e55caf8daf8c407d7d1c06515349b9d17ec1fddce,8cda5fd98865bccfe8601ace6f9a27d5a835513e,detected,0.0,count
detectors,S6_combined,rls,5,10.0,True,S6_combined__rls__seed5__detect_cusum,c1d9d4a7d46d9a42ad59de704b5ae8b21c9bf2f17d4576d9bfa6e10e6c6f4b13,f148dc11752161354c3021f05b1fe526c43baf276ba3893e2b36806f990aaf93,8cda5fd98865bccfe8601ace6f9a27d5a835513e,detected,0.0,count
detectors,S6_combined,rls,5,10.0,True,S6_combined__rls__seed5__detect_ph,c1d9d4a7d46d9a42ad59de704b5ae8b21c9bf2f17d4576d9bfa6e10e6c6f4b13,e5360505f8c49a15eebb5ef47f7d7477818e9b19f26155854e4ff574f74f5811,8cda5fd98865bccfe8601ace6f9a27d5a835513e,detected,0.0,count
detectors,S6_combined,rls,5,10.0,True,S6_combined__rls__seed5__detect_adwin,c1d9d4a7d46d9a42ad59de704b5ae8b21c9bf2f17d4576d9bfa6e10e6c6f4b13,ba90eb10e4e1f7500a344f9b4e5e676713fa49fa355f420971a75285e0b9c298,8cda5fd98865bccfe8601ace6f9a27d5a835513e,detected,0.0,count
detectors,S6_combined,rls,5,10.0,True,S6_combined__rls__seed5__detect_ks,c1d9d4a7d46d9a42ad59de704b5ae8b21c9bf2f17d4576d9bfa6e10e6c6f4b13,e68694c868384201c53bdaf13449887c7b05c2ad9ef5f3f7d7b8bf5cddc0bcb0,8cda5fd98865bccfe8601ace6f9a27d5a835513e,detected,0.0,count
detectors,S6_combined,rls,5,10.0,True,S6_combined__rls__seed5__detect_all4,c1d9d4a7d46d9a42ad59de704b5ae8b21c9bf2f17d4576d9bfa6e10e6c6f4b13,6c765cc69f3e4bb20e44be0e55caf8daf8c407d7d1c06515349b9d17ec1fddce,8cda5fd98865bccfe8601ace6f9a27d5a835513e,detected,0.0,count
detectors,S6_combined,rls,6,10.0,True,S6_combined__rls__seed6__detect_cusum,8fbcb1374a66e26dea4a0e8dbcf64db42ebcd88dd11b5cd3bb5d44e8d4b0665a,f148dc11752161354c3021f05b1fe526c43baf276ba3893e2b36806f990aaf93,8cda5fd98865bccfe8601ace6f9a27d5a835513e,detected,0.0,count
detectors,S6_combined,rls,6,10.0,True,S6_combined__rls__seed6__detect_ph,8fbcb1374a66e26dea4a0e8dbcf64db42ebcd88dd11b5cd3bb5d44e8d4b0665a,e5360505f8c49a15eebb5ef47f7d7477818e9b19f26155854e4ff574f74f5811,8cda5fd98865bccfe8601ace6f9a27d5a835513e,detected,0.0,count
detectors,S6_combined,rls,6,10.0,True,S6_combined__rls__seed6__detect_adwin,8fbcb1374a66e26dea4a0e8dbcf64db42ebcd88dd11b5cd3bb5d44e8d4b0665a,ba90eb10e4e1f7500a344f9b4e5e676713fa49fa355f420971a75285e0b9c298,8cda5fd98865bccfe8601ace6f9a27d5a835513e,detected,0.0,count
detectors,S6_combined,rls,6,10.0,True,S6_combined__rls__seed6__detect_ks,8fbcb1374a66e26dea4a0e8dbcf64db42ebcd88dd11b5cd3bb5d44e8d4b0665a,e68694c868384201c53bdaf13449887c7b05c2ad9ef5f3f7d7b8bf5cddc0bcb0,8cda5fd98865bccfe8601ace6f9a27d5a835513e,detected,0.0,count
detectors,S6_combined,rls,6,10.0,True,S6_combined__rls__seed6__detect_all4,8fbcb1374a66e26dea4a0e8dbcf64db42ebcd88dd11b5cd3bb5d44e8d4b0665a,6c765cc69f3e4bb20e44be0e55caf8daf8c407d7d1c06515349b9d17ec1fddce,8cda5fd98865bccfe8601ace6f9a27d5a835513e,detected,0.0,count
detectors,S6_combined,rls,7,10.0,True,S6_combined__rls__seed7__detect_cusum,eb12037c60287858e9925e83fcaf2aa6789246ee5a2aa0c936402930de58eb1c,f148dc11752161354c3021f05b1fe526c43baf276ba3893e2b36806f990aaf93,8cda5fd98865bccfe8601ace6f9a27d5a835513e,detected,0.0,count
detectors,S6_combined,rls,7,10.0,True,S6_combined__rls__seed7__detect_ph,eb12037c60287858e9925e83fcaf2aa6789246ee5a2aa0c936402930de58eb1c,e5360505f8c49a15eebb5ef47f7d7477818e9b19f26155854e4ff574f74f5811,8cda5fd98865bccfe8601ace6f9a27d5a835513e,detected,0.0,count
detectors,S6_combined,rls,7,10.0,True,S6_combined__rls__seed7__detect_adwin,eb12037c60287858e9925e83fcaf2aa6789246ee5a2aa0c936402930de58eb1c,ba90eb10e4e1f7500a344f9b4e5e676713fa49fa355f420971a75285e0b9c298,8cda5fd98865bccfe8601ace6f9a27d5a835513e,detected,0.0,count
detectors,S6_combined,rls,7,10.0,True,S6_combined__rls__seed7__detect_ks,eb12037c60287858e9925e83fcaf2aa6789246ee5a2aa0c936402930de58eb1c,e68694c868384201c53bdaf13449887c7b05c2ad9ef5f3f7d7b8bf5cddc0bcb0,8cda5fd98865bccfe8601ace6f9a27d5a835513e,detected,0.0,count
detectors,S6_combined,rls,7,10.0,True,S6_combined__rls__seed7__detect_all4,eb12037c60287858e9925e83fcaf2aa6789246ee5a2aa0c936402930de58eb1c,6c765cc69f3e4bb20e44be0e55caf8daf8c407d7d1c06515349b9d17ec1fddce,8cda5fd98865bccfe8601ace6f9a27d5a835513e,detected,0.0,count
detectors,S6_combined,rls,8,10.0,True,S6_combined__rls__seed8__detect_cusum,da4740837e6cf85b5c7d22d84cf556133cbff181edcbfd4d107db823d7c1f164,f148dc11752161354c3021f05b1fe526c43baf276ba3893e2b36806f990aaf93,8cda5fd98865bccfe8601ace6f9a27d5a835513e,detected,0.0,count
detectors,S6_combined,rls,8,10.0,True,S6_combined__rls__seed8__detect_ph,da4740837e6cf85b5c7d22d84cf556133cbff181edcbfd4d107db823d7c1f164,e5360505f8c49a15eebb5ef47f7d7477818e9b19f26155854e4ff574f74f5811,8cda5fd98865bccfe8601ace6f9a27d5a835513e,detected,0.0,count
detectors,S6_combined,rls,8,10.0,True,S6_combined__rls__seed8__detect_adwin,da4740837e6cf85b5c7d22d84cf556133cbff181edcbfd4d107db823d7c1f164,ba90eb10e4e1f7500a344f9b4e5e676713fa49fa355f420971a75285e0b9c298,8cda5fd98865bccfe8601ace6f9a27d5a835513e,detected,0.0,count
detectors,S6_combined,rls,8,10.0,True,S6_combined__rls__seed8__detect_ks,da4740837e6cf85b5c7d22d84cf556133cbff181edcbfd4d107db823d7c1f164,e68694c868384201c53bdaf13449887c7b05c2ad9ef5f3f7d7b8bf5cddc0bcb0,8cda5fd98865bccfe8601ace6f9a27d5a835513e,detected,0.0,count
detectors,S6_combined,rls,8,10.0,True,S6_combined__rls__seed8__detect_all4,da4740837e6cf85b5c7d22d84cf556133cbff181edcbfd4d107db823d7c1f164,6c765cc69f3e4bb20e44be0e55caf8daf8c407d7d1c06515349b9d17ec1fddce,8cda5fd98865bccfe8601ace6f9a27d5a835513e,detected,0.0,count
detectors,S6_combined,rls,9,10.0,True,S6_combined__rls__seed9__detect_cusum,29718e114c21c01b04a983f185bbf01430cfac8dd9e8b5808281b0434dac26fc,f148dc11752161354c3021f05b1fe526c43baf276ba3893e2b36806f990aaf93,8cda5fd98865bccfe8601ace6f9a27d5a835513e,detected,0.0,count
detectors,S6_combined,rls,9,10.0,True,S6_combined__rls__seed9__detect_ph,29718e114c21c01b04a983f185bbf01430cfac8dd9e8b5808281b0434dac26fc,e5360505f8c49a15eebb5ef47f7d7477818e9b19f26155854e4ff574f74f5811,8cda5fd98865bccfe8601ace6f9a27d5a835513e,detected,0.0,count
detectors,S6_combined,rls,9,10.0,True,S6_combined__rls__seed9__detect_adwin,29718e114c21c01b04a983f185bbf01430cfac8dd9e8b5808281b0434dac26fc,ba90eb10e4e1f7500a344f9b4e5e676713fa49fa355f420971a75285e0b9c298,8cda5fd98865bccfe8601ace6f9a27d5a835513e,detected,0.0,count
detectors,S6_combined,rls,9,10.0,True,S6_combined__rls__seed9__detect_ks,29718e114c21c01b04a983f185bbf01430cfac8dd9e8b5808281b0434dac26fc,e68694c868384201c53bdaf13449887c7b05c2ad9ef5f3f7d7b8bf5cddc0bcb0,8cda5fd98865bccfe8601ace6f9a27d5a835513e,detected,0.0,count
detectors,S6_combined,rls,9,10.0,True,S6_combined__rls__seed9__detect_all4,29718e114c21c01b04a983f185bbf01430cfac8dd9e8b5808281b0434dac26fc,6c765cc69f3e4bb20e44be0e55caf8daf8c407d7d1c06515349b9d17ec1fddce,8cda5fd98865bccfe8601ace6f9a27d5a835513e,detected,0.0,count
detectors,S6_combined,rls,10,10.0,True,S6_combined__rls__seed10__detect_cusum,4054ab96937dfc6eef3c9c4f46347db001fd4eea59432509f786c95b51d12234,f148dc11752161354c3021f05b1fe526c43baf276ba3893e2b36806f990aaf93,8cda5fd98865bccfe8601ace6f9a27d5a835513e,detected,0.0,count
detectors,S6_combined,rls,10,10.0,True,S6_combined__rls__seed10__detect_ph,4054ab96937dfc6eef3c9c4f46347db001fd4eea59432509f786c95b51d12234,e5360505f8c49a15eebb5ef47f7d7477818e9b19f26155854e4ff574f74f5811,8cda5fd98865bccfe8601ace6f9a27d5a835513e,detected,0.0,count
detectors,S6_combined,rls,10,10.0,True,S6_combined__rls__seed10__detect_adwin,4054ab96937dfc6eef3c9c4f46347db001fd4eea59432509f786c95b51d12234,ba90eb10e4e1f7500a344f9b4e5e676713fa49fa355f420971a75285e0b9c298,8cda5fd98865bccfe8601ace6f9a27d5a835513e,detected,0.0,count
detectors,S6_combined,rls,10,10.0,True,S6_combined__rls__seed10__detect_ks,4054ab96937dfc6eef3c9c4f46347db001fd4eea59432509f786c95b51d12234,e68694c868384201c53bdaf13449887c7b05c2ad9ef5f3f7d7b8bf5cddc0bcb0,8cda5fd98865bccfe8601ace6f9a27d5a835513e,detected,0.0,count
detectors,S6_combined,rls,10,10.0,True,S6_combined__rls__seed10__detect_all4,4054ab96937dfc6eef3c9c4f46347db001fd4eea59432509f786c95b51d12234,6c765cc69f3e4bb20e44be0e55caf8daf8c407d7d1c06515349b9d17ec1fddce,8cda5fd98865bccfe8601ace6f9a27d5a835513e,detected,0.0,count
detectors,S4_step_fault,rls,1,10.0,True,S4_step_fault__rls__seed1__detect_cusum,7d29a6d7dca932314e512c265e0e559ec6cc02e548aa25349a95d1f29dbf9ef1,f148dc11752161354c3021f05b1fe526c43baf276ba3893e2b36806f990aaf93,8cda5fd98865bccfe8601ace6f9a27d5a835513e,missed,2.0,count
detectors,S4_step_fault,rls,1,10.0,True,S4_step_fault__rls__seed1__detect_ph,7d29a6d7dca932314e512c265e0e559ec6cc02e548aa25349a95d1f29dbf9ef1,e5360505f8c49a15eebb5ef47f7d7477818e9b19f26155854e4ff574f74f5811,8cda5fd98865bccfe8601ace6f9a27d5a835513e,missed,2.0,count
detectors,S4_step_fault,rls,1,10.0,True,S4_step_fault__rls__seed1__detect_adwin,7d29a6d7dca932314e512c265e0e559ec6cc02e548aa25349a95d1f29dbf9ef1,ba90eb10e4e1f7500a344f9b4e5e676713fa49fa355f420971a75285e0b9c298,8cda5fd98865bccfe8601ace6f9a27d5a835513e,missed,2.0,count
detectors,S4_step_fault,rls,1,10.0,True,S4_step_fault__rls__seed1__detect_ks,7d29a6d7dca932314e512c265e0e559ec6cc02e548aa25349a95d1f29dbf9ef1,e68694c868384201c53bdaf13449887c7b05c2ad9ef5f3f7d7b8bf5cddc0bcb0,8cda5fd98865bccfe8601ace6f9a27d5a835513e,missed,2.0,count
detectors,S4_step_fault,rls,1,10.0,True,S4_step_fault__rls__seed1__detect_all4,7d29a6d7dca932314e512c265e0e559ec6cc02e548aa25349a95d1f29dbf9ef1,6c765cc69f3e4bb20e44be0e55caf8daf8c407d7d1c06515349b9d17ec1fddce,8cda5fd98865bccfe8601ace6f9a27d5a835513e,missed,2.0,count
detectors,S4_step_fault,rls,2,10.0,True,S4_step_fault__rls__seed2__detect_cusum,adc80992e5ad2b0074c2ccb5fd189429c3fd11d2d51d242aa1caec078b0db1d2,f148dc11752161354c3021f05b1fe526c43baf276ba3893e2b36806f990aaf93,8cda5fd98865bccfe8601ace6f9a27d5a835513e,missed,2.0,count
detectors,S4_step_fault,rls,2,10.0,True,S4_step_fault__rls__seed2__detect_ph,adc80992e5ad2b0074c2ccb5fd189429c3fd11d2d51d242aa1caec078b0db1d2,e5360505f8c49a15eebb5ef47f7d7477818e9b19f26155854e4ff574f74f5811,8cda5fd98865bccfe8601ace6f9a27d5a835513e,missed,2.0,count
detectors,S4_step_fault,rls,2,10.0,True,S4_step_fault__rls__seed2__detect_adwin,adc80992e5ad2b0074c2ccb5fd189429c3fd11d2d51d242aa1caec078b0db1d2,ba90eb10e4e1f7500a344f9b4e5e676713fa49fa355f420971a75285e0b9c298,8cda5fd98865bccfe8601ace6f9a27d5a835513e,missed,2.0,count
detectors,S4_step_fault,rls,2,10.0,True,S4_step_fault__rls__seed2__detect_ks,adc80992e5ad2b0074c2ccb5fd189429c3fd11d2d51d242aa1caec078b0db1d2,e68694c868384201c53bdaf13449887c7b05c2ad9ef5f3f7d7b8bf5cddc0bcb0,8cda5fd98865bccfe8601ace6f9a27d5a835513e,missed,2.0,count
detectors,S4_step_fault,rls,2,10.0,True,S4_step_fault__rls__seed2__detect_all4,adc80992e5ad2b0074c2ccb5fd189429c3fd11d2d51d242aa1caec078b0db1d2,6c765cc69f3e4bb20e44be0e55caf8daf8c407d7d1c06515349b9d17ec1fddce,8cda5fd98865bccfe8601ace6f9a27d5a835513e,missed,2.0,count
detectors,S4_step_fault,rls,3,10.0,True,S4_step_fault__rls__seed3__detect_cusum,755a0aa70d2f3fe05534c8cb137d5df18ed16325d4692fc840c3daee2c8a8c92,f148dc11752161354c3021f05b1fe526c43baf276ba3893e2b36806f990aaf93,8cda5fd98865bccfe8601ace6f9a27d5a835513e,missed,1.0,count
detectors,S4_step_fault,rls,3,10.0,True,S4_step_fault__rls__seed3__detect_ph,755a0aa70d2f3fe05534c8cb137d5df18ed16325d4692fc840c3daee2c8a8c92,e5360505f8c49a15eebb5ef47f7d7477818e9b19f26155854e4ff574f74f5811,8cda5fd98865bccfe8601ace6f9a27d5a835513e,missed,2.0,count
detectors,S4_step_fault,rls,3,10.0,True,S4_step_fault__rls__seed3__detect_adwin,755a0aa70d2f3fe05534c8cb137d5df18ed16325d4692fc840c3daee2c8a8c92,ba90eb10e4e1f7500a344f9b4e5e676713fa49fa355f420971a75285e0b9c298,8cda5fd98865bccfe8601ace6f9a27d5a835513e,missed,2.0,count
detectors,S4_step_fault,rls,3,10.0,True,S4_step_fault__rls__seed3__detect_ks,755a0aa70d2f3fe05534c8cb137d5df18ed16325d4692fc840c3daee2c8a8c92,e68694c868384201c53bdaf13449887c7b05c2ad9ef5f3f7d7b8bf5cddc0bcb0,8cda5fd98865bccfe8601ace6f9a27d5a835513e,missed,2.0,count
detectors,S4_step_fault,rls,3,10.0,True,S4_step_fault__rls__seed3__detect_all4,755a0aa70d2f3fe05534c8cb137d5df18ed16325d4692fc840c3daee2c8a8c92,6c765cc69f3e4bb20e44be0e55caf8daf8c407d7d1c06515349b9d17ec1fddce,8cda5fd98865bccfe8601ace6f9a27d5a835513e,missed,1.0,count
detectors,S4_step_fault,rls,4,10.0,True,S4_step_fault__rls__seed4__detect_cusum,57d0146db86c059173927b479ffa5908a6e01f3cdeb9f10b63e58e983cd88fb2,f148dc11752161354c3021f05b1fe526c43baf276ba3893e2b36806f990aaf93,8cda5fd98865bccfe8601ace6f9a27d5a835513e,missed,2.0,count
detectors,S4_step_fault,rls,4,10.0,True,S4_step_fault__rls__seed4__detect_ph,57d0146db86c059173927b479ffa5908a6e01f3cdeb9f10b63e58e983cd88fb2,e5360505f8c49a15eebb5ef47f7d7477818e9b19f26155854e4ff574f74f5811,8cda5fd98865bccfe8601ace6f9a27d5a835513e,missed,2.0,count
detectors,S4_step_fault,rls,4,10.0,True,S4_step_fault__rls__seed4__detect_adwin,57d0146db86c059173927b479ffa5908a6e01f3cdeb9f10b63e58e983cd88fb2,ba90eb10e4e1f7500a344f9b4e5e676713fa49fa355f420971a75285e0b9c298,8cda5fd98865bccfe8601ace6f9a27d5a835513e,missed,2.0,count
detectors,S4_step_fault,rls,4,10.0,True,S4_step_fault__rls__seed4__detect_ks,57d0146db86c059173927b479ffa5908a6e01f3cdeb9f10b63e58e983cd88fb2,e68694c868384201c53bdaf13449887c7b05c2ad9ef5f3f7d7b8bf5cddc0bcb0,8cda5fd98865bccfe8601ace6f9a27d5a835513e,missed,2.0,count
detectors,S4_step_fault,rls,4,10.0,True,S4_step_fault__rls__seed4__detect_all4,57d0146db86c059173927b479ffa5908a6e01f3cdeb9f10b63e58e983cd88fb2,6c765cc69f3e4bb20e44be0e55caf8daf8c407d7d1c06515349b9d17ec1fddce,8cda5fd98865bccfe8601ace6f9a27d5a835513e,missed,2.0,count
detectors,S4_step_fault,rls,5,10.0,True,S4_step_fault__rls__seed5__detect_cusum,1efe02364dacd47e4d9a937957614582b8530ef56f2b525678988666500727b7,f148dc11752161354c3021f05b1fe526c43baf276ba3893e2b36806f990aaf93,8cda5fd98865bccfe8601ace6f9a27d5a835513e,missed,2.0,count
detectors,S4_step_fault,rls,5,10.0,True,S4_step_fault__rls__seed5__detect_ph,1efe02364dacd47e4d9a937957614582b8530ef56f2b525678988666500727b7,e5360505f8c49a15eebb5ef47f7d7477818e9b19f26155854e4ff574f74f5811,8cda5fd98865bccfe8601ace6f9a27d5a835513e,missed,2.0,count
detectors,S4_step_fault,rls,5,10.0,True,S4_step_fault__rls__seed5__detect_adwin,1efe02364dacd47e4d9a937957614582b8530ef56f2b525678988666500727b7,ba90eb10e4e1f7500a344f9b4e5e676713fa49fa355f420971a75285e0b9c298,8cda5fd98865bccfe8601ace6f9a27d5a835513e,missed,2.0,count
detectors,S4_step_fault,rls,5,10.0,True,S4_step_fault__rls__seed5__detect_ks,1efe02364dacd47e4d9a937957614582b8530ef56f2b525678988666500727b7,e68694c868384201c53bdaf13449887c7b05c2ad9ef5f3f7d7b8bf5cddc0bcb0,8cda5fd98865bccfe8601ace6f9a27d5a835513e,missed,2.0,count
detectors,S4_step_fault,rls,5,10.0,True,S4_step_fault__rls__seed5__detect_all4,1efe02364dacd47e4d9a937957614582b8530ef56f2b525678988666500727b7,6c765cc69f3e4bb20e44be0e55caf8daf8c407d7d1c06515349b9d17ec1fddce,8cda5fd98865bccfe8601ace6f9a27d5a835513e,missed,2.0,count
detectors,S4_step_fault,rls,6,10.0,True,S4_step_fault__rls__seed6__detect_cusum,edb8fb013b7aeb64e877b749783afa62d6864702f69cf9e7c539d6cd9df4f86d,f148dc11752161354c3021f05b1fe526c43baf276ba3893e2b36806f990aaf93,8cda5fd98865bccfe8601ace6f9a27d5a835513e,missed,1.0,count
detectors,S4_step_fault,rls,6,10.0,True,S4_step_fault__rls__seed6__detect_ph,edb8fb013b7aeb64e877b749783afa62d6864702f69cf9e7c539d6cd9df4f86d,e5360505f8c49a15eebb5ef47f7d7477818e9b19f26155854e4ff574f74f5811,8cda5fd98865bccfe8601ace6f9a27d5a835513e,missed,2.0,count
detectors,S4_step_fault,rls,6,10.0,True,S4_step_fault__rls__seed6__detect_adwin,edb8fb013b7aeb64e877b749783afa62d6864702f69cf9e7c539d6cd9df4f86d,ba90eb10e4e1f7500a344f9b4e5e676713fa49fa355f420971a75285e0b9c298,8cda5fd98865bccfe8601ace6f9a27d5a835513e,missed,2.0,count
detectors,S4_step_fault,rls,6,10.0,True,S4_step_fault__rls__seed6__detect_ks,edb8fb013b7aeb64e877b749783afa62d6864702f69cf9e7c539d6cd9df4f86d,e68694c868384201c53bdaf13449887c7b05c2ad9ef5f3f7d7b8bf5cddc0bcb0,8cda5fd98865bccfe8601ace6f9a27d5a835513e,missed,2.0,count
detectors,S4_step_fault,rls,6,10.0,True,S4_step_fault__rls__seed6__detect_all4,edb8fb013b7aeb64e877b749783afa62d6864702f69cf9e7c539d6cd9df4f86d,6c765cc69f3e4bb20e44be0e55caf8daf8c407d7d1c06515349b9d17ec1fddce,8cda5fd98865bccfe8601ace6f9a27d5a835513e,missed,1.0,count
detectors,S4_step_fault,rls,7,10.0,True,S4_step_fault__rls__seed7__detect_cusum,5cf17843f3bfe6e9f5ce0f88df6e9f0fa19691e7d0781a28d2e0071debfacd13,f148dc11752161354c3021f05b1fe526c43baf276ba3893e2b36806f990aaf93,8cda5fd98865bccfe8601ace6f9a27d5a835513e,missed,1.0,count
detectors,S4_step_fault,rls,7,10.0,True,S4_step_fault__rls__seed7__detect_ph,5cf17843f3bfe6e9f5ce0f88df6e9f0fa19691e7d0781a28d2e0071debfacd13,e5360505f8c49a15eebb5ef47f7d7477818e9b19f26155854e4ff574f74f5811,8cda5fd98865bccfe8601ace6f9a27d5a835513e,missed,1.0,count
detectors,S4_step_fault,rls,7,10.0,True,S4_step_fault__rls__seed7__detect_adwin,5cf17843f3bfe6e9f5ce0f88df6e9f0fa19691e7d0781a28d2e0071debfacd13,ba90eb10e4e1f7500a344f9b4e5e676713fa49fa355f420971a75285e0b9c298,8cda5fd98865bccfe8601ace6f9a27d5a835513e,missed,2.0,count
detectors,S4_step_fault,rls,7,10.0,True,S4_step_fault__rls__seed7__detect_ks,5cf17843f3bfe6e9f5ce0f88df6e9f0fa19691e7d0781a28d2e0071debfacd13,e68694c868384201c53bdaf13449887c7b05c2ad9ef5f3f7d7b8bf5cddc0bcb0,8cda5fd98865bccfe8601ace6f9a27d5a835513e,missed,2.0,count
detectors,S4_step_fault,rls,7,10.0,True,S4_step_fault__rls__seed7__detect_all4,5cf17843f3bfe6e9f5ce0f88df6e9f0fa19691e7d0781a28d2e0071debfacd13,6c765cc69f3e4bb20e44be0e55caf8daf8c407d7d1c06515349b9d17ec1fddce,8cda5fd98865bccfe8601ace6f9a27d5a835513e,missed,1.0,count
detectors,S4_step_fault,rls,8,10.0,True,S4_step_fault__rls__seed8__detect_cusum,4471998ed306e877216c6c1b12b8ba9d62e309093746866fb7f4d683dd3b0138,f148dc11752161354c3021f05b1fe526c43baf276ba3893e2b36806f990aaf93,8cda5fd98865bccfe8601ace6f9a27d5a835513e,missed,2.0,count
detectors,S4_step_fault,rls,8,10.0,True,S4_step_fault__rls__seed8__detect_ph,4471998ed306e877216c6c1b12b8ba9d62e309093746866fb7f4d683dd3b0138,e5360505f8c49a15eebb5ef47f7d7477818e9b19f26155854e4ff574f74f5811,8cda5fd98865bccfe8601ace6f9a27d5a835513e,missed,2.0,count
detectors,S4_step_fault,rls,8,10.0,True,S4_step_fault__rls__seed8__detect_adwin,4471998ed306e877216c6c1b12b8ba9d62e309093746866fb7f4d683dd3b0138,ba90eb10e4e1f7500a344f9b4e5e676713fa49fa355f420971a75285e0b9c298,8cda5fd98865bccfe8601ace6f9a27d5a835513e,missed,2.0,count
detectors,S4_step_fault,rls,8,10.0,True,S4_step_fault__rls__seed8__detect_ks,4471998ed306e877216c6c1b12b8ba9d62e309093746866fb7f4d683dd3b0138,e68694c868384201c53bdaf13449887c7b05c2ad9ef5f3f7d7b8bf5cddc0bcb0,8cda5fd98865bccfe8601ace6f9a27d5a835513e,missed,2.0,count
detectors,S4_step_fault,rls,8,10.0,True,S4_step_fault__rls__seed8__detect_all4,4471998ed306e877216c6c1b12b8ba9d62e309093746866fb7f4d683dd3b0138,6c765cc69f3e4bb20e44be0e55caf8daf8c407d7d1c06515349b9d17ec1fddce,8cda5fd98865bccfe8601ace6f9a27d5a835513e,missed,2.0,count
detectors,S4_step_fault,rls,9,10.0,True,S4_step_fault__rls__seed9__detect_cusum,af86278540fa1654a3e5819e52691400963a2f43bbaf4be0dd151148c2836411,f148dc11752161354c3021f05b1fe526c43baf276ba3893e2b36806f990aaf93,8cda5fd98865bccfe8601ace6f9a27d5a835513e,missed,2.0,count
detectors,S4_step_fault,rls,9,10.0,True,S4_step_fault__rls__seed9__detect_ph,af86278540fa1654a3e5819e52691400963a2f43bbaf4be0dd151148c2836411,e5360505f8c49a15eebb5ef47f7d7477818e9b19f26155854e4ff574f74f5811,8cda5fd98865bccfe8601ace6f9a27d5a835513e,missed,2.0,count
detectors,S4_step_fault,rls,9,10.0,True,S4_step_fault__rls__seed9__detect_adwin,af86278540fa1654a3e5819e52691400963a2f43bbaf4be0dd151148c2836411,ba90eb10e4e1f7500a344f9b4e5e676713fa49fa355f420971a75285e0b9c298,8cda5fd98865bccfe8601ace6f9a27d5a835513e,missed,2.0,count
detectors,S4_step_fault,rls,9,10.0,True,S4_step_fault__rls__seed9__detect_ks,af86278540fa1654a3e5819e52691400963a2f43bbaf4be0dd151148c2836411,e68694c868384201c53bdaf13449887c7b05c2ad9ef5f3f7d7b8bf5cddc0bcb0,8cda5fd98865bccfe8601ace6f9a27d5a835513e,missed,2.0,count
detectors,S4_step_fault,rls,9,10.0,True,S4_step_fault__rls__seed9__detect_all4,af86278540fa1654a3e5819e52691400963a2f43bbaf4be0dd151148c2836411,6c765cc69f3e4bb20e44be0e55caf8daf8c407d7d1c06515349b9d17ec1fddce,8cda5fd98865bccfe8601ace6f9a27d5a835513e,missed,2.0,count
detectors,S4_step_fault,rls,10,10.0,True,S4_step_fault__rls__seed10__detect_cusum,b97f4fa67d55b0a4900a4dc84b9f38b152ab85aa07d9118de95bac234f41360d,f148dc11752161354c3021f05b1fe526c43baf276ba3893e2b36806f990aaf93,8cda5fd98865bccfe8601ace6f9a27d5a835513e,missed,2.0,count
detectors,S4_step_fault,rls,10,10.0,True,S4_step_fault__rls__seed10__detect_ph,b97f4fa67d55b0a4900a4dc84b9f38b152ab85aa07d9118de95bac234f41360d,e5360505f8c49a15eebb5ef47f7d7477818e9b19f26155854e4ff574f74f5811,8cda5fd98865bccfe8601ace6f9a27d5a835513e,missed,2.0,count
detectors,S4_step_fault,rls,10,10.0,True,S4_step_fault__rls__seed10__detect_adwin,b97f4fa67d55b0a4900a4dc84b9f38b152ab85aa07d9118de95bac234f41360d,ba90eb10e4e1f7500a344f9b4e5e676713fa49fa355f420971a75285e0b9c298,8cda5fd98865bccfe8601ace6f9a27d5a835513e,missed,2.0,count
detectors,S4_step_fault,rls,10,10.0,True,S4_step_fault__rls__seed10__detect_ks,b97f4fa67d55b0a4900a4dc84b9f38b152ab85aa07d9118de95bac234f41360d,e68694c868384201c53bdaf13449887c7b05c2ad9ef5f3f7d7b8bf5cddc0bcb0,8cda5fd98865bccfe8601ace6f9a27d5a835513e,missed,2.0,count
detectors,S4_step_fault,rls,10,10.0,True,S4_step_fault__rls__seed10__detect_all4,b97f4fa67d55b0a4900a4dc84b9f38b152ab85aa07d9118de95bac234f41360d,6c765cc69f3e4bb20e44be0e55caf8daf8c407d7d1c06515349b9d17ec1fddce,8cda5fd98865bccfe8601ace6f9a27d5a835513e,missed,2.0,count
detectors,S6_combined,rls,1,10.0,True,S6_combined__rls__seed1__detect_cusum,b3cf8d14b3aed8b1d65ab4497dcbfb879dbda2ce1da03bb07f6401c9b4b9bd4a,f148dc11752161354c3021f05b1fe526c43baf276ba3893e2b36806f990aaf93,8cda5fd98865bccfe8601ace6f9a27d5a835513e,missed,2.0,count
detectors,S6_combined,rls,1,10.0,True,S6_combined__rls__seed1__detect_ph,b3cf8d14b3aed8b1d65ab4497dcbfb879dbda2ce1da03bb07f6401c9b4b9bd4a,e5360505f8c49a15eebb5ef47f7d7477818e9b19f26155854e4ff574f74f5811,8cda5fd98865bccfe8601ace6f9a27d5a835513e,missed,2.0,count
detectors,S6_combined,rls,1,10.0,True,S6_combined__rls__seed1__detect_adwin,b3cf8d14b3aed8b1d65ab4497dcbfb879dbda2ce1da03bb07f6401c9b4b9bd4a,ba90eb10e4e1f7500a344f9b4e5e676713fa49fa355f420971a75285e0b9c298,8cda5fd98865bccfe8601ace6f9a27d5a835513e,missed,2.0,count
detectors,S6_combined,rls,1,10.0,True,S6_combined__rls__seed1__detect_ks,b3cf8d14b3aed8b1d65ab4497dcbfb879dbda2ce1da03bb07f6401c9b4b9bd4a,e68694c868384201c53bdaf13449887c7b05c2ad9ef5f3f7d7b8bf5cddc0bcb0,8cda5fd98865bccfe8601ace6f9a27d5a835513e,missed,2.0,count
detectors,S6_combined,rls,1,10.0,True,S6_combined__rls__seed1__detect_all4,b3cf8d14b3aed8b1d65ab4497dcbfb879dbda2ce1da03bb07f6401c9b4b9bd4a,6c765cc69f3e4bb20e44be0e55caf8daf8c407d7d1c06515349b9d17ec1fddce,8cda5fd98865bccfe8601ace6f9a27d5a835513e,missed,2.0,count
detectors,S6_combined,rls,2,10.0,True,S6_combined__rls__seed2__detect_cusum,e4f7ab87faf6982be139dc8af97757bff8d540d357c41e3d06ec298e4dd75854,f148dc11752161354c3021f05b1fe526c43baf276ba3893e2b36806f990aaf93,8cda5fd98865bccfe8601ace6f9a27d5a835513e,missed,2.0,count
detectors,S6_combined,rls,2,10.0,True,S6_combined__rls__seed2__detect_ph,e4f7ab87faf6982be139dc8af97757bff8d540d357c41e3d06ec298e4dd75854,e5360505f8c49a15eebb5ef47f7d7477818e9b19f26155854e4ff574f74f5811,8cda5fd98865bccfe8601ace6f9a27d5a835513e,missed,2.0,count
detectors,S6_combined,rls,2,10.0,True,S6_combined__rls__seed2__detect_adwin,e4f7ab87faf6982be139dc8af97757bff8d540d357c41e3d06ec298e4dd75854,ba90eb10e4e1f7500a344f9b4e5e676713fa49fa355f420971a75285e0b9c298,8cda5fd98865bccfe8601ace6f9a27d5a835513e,missed,2.0,count
detectors,S6_combined,rls,2,10.0,True,S6_combined__rls__seed2__detect_ks,e4f7ab87faf6982be139dc8af97757bff8d540d357c41e3d06ec298e4dd75854,e68694c868384201c53bdaf13449887c7b05c2ad9ef5f3f7d7b8bf5cddc0bcb0,8cda5fd98865bccfe8601ace6f9a27d5a835513e,missed,2.0,count
detectors,S6_combined,rls,2,10.0,True,S6_combined__rls__seed2__detect_all4,e4f7ab87faf6982be139dc8af97757bff8d540d357c41e3d06ec298e4dd75854,6c765cc69f3e4bb20e44be0e55caf8daf8c407d7d1c06515349b9d17ec1fddce,8cda5fd98865bccfe8601ace6f9a27d5a835513e,missed,2.0,count
detectors,S6_combined,rls,3,10.0,True,S6_combined__rls__seed3__detect_cusum,c371bfebbbdb510b204e19fcaedea3c47a4e8b6d77499f04ee6ac55d13fed988,f148dc11752161354c3021f05b1fe526c43baf276ba3893e2b36806f990aaf93,8cda5fd98865bccfe8601ace6f9a27d5a835513e,missed,2.0,count
detectors,S6_combined,rls,3,10.0,True,S6_combined__rls__seed3__detect_ph,c371bfebbbdb510b204e19fcaedea3c47a4e8b6d77499f04ee6ac55d13fed988,e5360505f8c49a15eebb5ef47f7d7477818e9b19f26155854e4ff574f74f5811,8cda5fd98865bccfe8601ace6f9a27d5a835513e,missed,2.0,count
detectors,S6_combined,rls,3,10.0,True,S6_combined__rls__seed3__detect_adwin,c371bfebbbdb510b204e19fcaedea3c47a4e8b6d77499f04ee6ac55d13fed988,ba90eb10e4e1f7500a344f9b4e5e676713fa49fa355f420971a75285e0b9c298,8cda5fd98865bccfe8601ace6f9a27d5a835513e,missed,2.0,count
detectors,S6_combined,rls,3,10.0,True,S6_combined__rls__seed3__detect_ks,c371bfebbbdb510b204e19fcaedea3c47a4e8b6d77499f04ee6ac55d13fed988,e68694c868384201c53bdaf13449887c7b05c2ad9ef5f3f7d7b8bf5cddc0bcb0,8cda5fd98865bccfe8601ace6f9a27d5a835513e,missed,2.0,count
detectors,S6_combined,rls,3,10.0,True,S6_combined__rls__seed3__detect_all4,c371bfebbbdb510b204e19fcaedea3c47a4e8b6d77499f04ee6ac55d13fed988,6c765cc69f3e4bb20e44be0e55caf8daf8c407d7d1c06515349b9d17ec1fddce,8cda5fd98865bccfe8601ace6f9a27d5a835513e,missed,2.0,count
detectors,S6_combined,rls,4,10.0,True,S6_combined__rls__seed4__detect_cusum,091893e2b20fe4f1f4ec71b10a24db6c43dabefaa37c7ef75c67f5a78f00f2b7,f148dc11752161354c3021f05b1fe526c43baf276ba3893e2b36806f990aaf93,8cda5fd98865bccfe8601ace6f9a27d5a835513e,missed,2.0,count
detectors,S6_combined,rls,4,10.0,True,S6_combined__rls__seed4__detect_ph,091893e2b20fe4f1f4ec71b10a24db6c43dabefaa37c7ef75c67f5a78f00f2b7,e5360505f8c49a15eebb5ef47f7d7477818e9b19f26155854e4ff574f74f5811,8cda5fd98865bccfe8601ace6f9a27d5a835513e,missed,2.0,count
detectors,S6_combined,rls,4,10.0,True,S6_combined__rls__seed4__detect_adwin,091893e2b20fe4f1f4ec71b10a24db6c43dabefaa37c7ef75c67f5a78f00f2b7,ba90eb10e4e1f7500a344f9b4e5e676713fa49fa355f420971a75285e0b9c298,8cda5fd98865bccfe8601ace6f9a27d5a835513e,missed,2.0,count
detectors,S6_combined,rls,4,10.0,True,S6_combined__rls__seed4__detect_ks,091893e2b20fe4f1f4ec71b10a24db6c43dabefaa37c7ef75c67f5a78f00f2b7,e68694c868384201c53bdaf13449887c7b05c2ad9ef5f3f7d7b8bf5cddc0bcb0,8cda5fd98865bccfe8601ace6f9a27d5a835513e,missed,2.0,count
detectors,S6_combined,rls,4,10.0,True,S6_combined__rls__seed4__detect_all4,091893e2b20fe4f1f4ec71b10a24db6c43dabefaa37c7ef75c67f5a78f00f2b7,6c765cc69f3e4bb20e44be0e55caf8daf8c407d7d1c06515349b9d17ec1fddce,8cda5fd98865bccfe8601ace6f9a27d5a835513e,missed,2.0,count
detectors,S6_combined,rls,5,10.0,True,S6_combined__rls__seed5__detect_cusum,c1d9d4a7d46d9a42ad59de704b5ae8b21c9bf2f17d4576d9bfa6e10e6c6f4b13,f148dc11752161354c3021f05b1fe526c43baf276ba3893e2b36806f990aaf93,8cda5fd98865bccfe8601ace6f9a27d5a835513e,missed,2.0,count
detectors,S6_combined,rls,5,10.0,True,S6_combined__rls__seed5__detect_ph,c1d9d4a7d46d9a42ad59de704b5ae8b21c9bf2f17d4576d9bfa6e10e6c6f4b13,e5360505f8c49a15eebb5ef47f7d7477818e9b19f26155854e4ff574f74f5811,8cda5fd98865bccfe8601ace6f9a27d5a835513e,missed,2.0,count
detectors,S6_combined,rls,5,10.0,True,S6_combined__rls__seed5__detect_adwin,c1d9d4a7d46d9a42ad59de704b5ae8b21c9bf2f17d4576d9bfa6e10e6c6f4b13,ba90eb10e4e1f7500a344f9b4e5e676713fa49fa355f420971a75285e0b9c298,8cda5fd98865bccfe8601ace6f9a27d5a835513e,missed,2.0,count
detectors,S6_combined,rls,5,10.0,True,S6_combined__rls__seed5__detect_ks,c1d9d4a7d46d9a42ad59de704b5ae8b21c9bf2f17d4576d9bfa6e10e6c6f4b13,e68694c868384201c53bdaf13449887c7b05c2ad9ef5f3f7d7b8bf5cddc0bcb0,8cda5fd98865bccfe8601ace6f9a27d5a835513e,missed,2.0,count
detectors,S6_combined,rls,5,10.0,True,S6_combined__rls__seed5__detect_all4,c1d9d4a7d46d9a42ad59de704b5ae8b21c9bf2f17d4576d9bfa6e10e6c6f4b13,6c765cc69f3e4bb20e44be0e55caf8daf8c407d7d1c06515349b9d17ec1fddce,8cda5fd98865bccfe8601ace6f9a27d5a835513e,missed,2.0,count
detectors,S6_combined,rls,6,10.0,True,S6_combined__rls__seed6__detect_cusum,8fbcb1374a66e26dea4a0e8dbcf64db42ebcd88dd11b5cd3bb5d44e8d4b0665a,f148dc11752161354c3021f05b1fe526c43baf276ba3893e2b36806f990aaf93,8cda5fd98865bccfe8601ace6f9a27d5a835513e,missed,2.0,count
detectors,S6_combined,rls,6,10.0,True,S6_combined__rls__seed6__detect_ph,8fbcb1374a66e26dea4a0e8dbcf64db42ebcd88dd11b5cd3bb5d44e8d4b0665a,e5360505f8c49a15eebb5ef47f7d7477818e9b19f26155854e4ff574f74f5811,8cda5fd98865bccfe8601ace6f9a27d5a835513e,missed,2.0,count
detectors,S6_combined,rls,6,10.0,True,S6_combined__rls__seed6__detect_adwin,8fbcb1374a66e26dea4a0e8dbcf64db42ebcd88dd11b5cd3bb5d44e8d4b0665a,ba90eb10e4e1f7500a344f9b4e5e676713fa49fa355f420971a75285e0b9c298,8cda5fd98865bccfe8601ace6f9a27d5a835513e,missed,2.0,count
detectors,S6_combined,rls,6,10.0,True,S6_combined__rls__seed6__detect_ks,8fbcb1374a66e26dea4a0e8dbcf64db42ebcd88dd11b5cd3bb5d44e8d4b0665a,e68694c868384201c53bdaf13449887c7b05c2ad9ef5f3f7d7b8bf5cddc0bcb0,8cda5fd98865bccfe8601ace6f9a27d5a835513e,missed,2.0,count
detectors,S6_combined,rls,6,10.0,True,S6_combined__rls__seed6__detect_all4,8fbcb1374a66e26dea4a0e8dbcf64db42ebcd88dd11b5cd3bb5d44e8d4b0665a,6c765cc69f3e4bb20e44be0e55caf8daf8c407d7d1c06515349b9d17ec1fddce,8cda5fd98865bccfe8601ace6f9a27d5a835513e,missed,2.0,count
detectors,S6_combined,rls,7,10.0,True,S6_combined__rls__seed7__detect_cusum,eb12037c60287858e9925e83fcaf2aa6789246ee5a2aa0c936402930de58eb1c,f148dc11752161354c3021f05b1fe526c43baf276ba3893e2b36806f990aaf93,8cda5fd98865bccfe8601ace6f9a27d5a835513e,missed,2.0,count
detectors,S6_combined,rls,7,10.0,True,S6_combined__rls__seed7__detect_ph,eb12037c60287858e9925e83fcaf2aa6789246ee5a2aa0c936402930de58eb1c,e5360505f8c49a15eebb5ef47f7d7477818e9b19f26155854e4ff574f74f5811,8cda5fd98865bccfe8601ace6f9a27d5a835513e,missed,2.0,count
detectors,S6_combined,rls,7,10.0,True,S6_combined__rls__seed7__detect_adwin,eb12037c60287858e9925e83fcaf2aa6789246ee5a2aa0c936402930de58eb1c,ba90eb10e4e1f7500a344f9b4e5e676713fa49fa355f420971a75285e0b9c298,8cda5fd98865bccfe8601ace6f9a27d5a835513e,missed,2.0,count
detectors,S6_combined,rls,7,10.0,True,S6_combined__rls__seed7__detect_ks,eb12037c60287858e9925e83fcaf2aa6789246ee5a2aa0c936402930de58eb1c,e68694c868384201c53bdaf13449887c7b05c2ad9ef5f3f7d7b8bf5cddc0bcb0,8cda5fd98865bccfe8601ace6f9a27d5a835513e,missed,2.0,count
detectors,S6_combined,rls,7,10.0,True,S6_combined__rls__seed7__detect_all4,eb12037c60287858e9925e83fcaf2aa6789246ee5a2aa0c936402930de58eb1c,6c765cc69f3e4bb20e44be0e55caf8daf8c407d7d1c06515349b9d17ec1fddce,8cda5fd98865bccfe8601ace6f9a27d5a835513e,missed,2.0,count
detectors,S6_combined,rls,8,10.0,True,S6_combined__rls__seed8__detect_cusum,da4740837e6cf85b5c7d22d84cf556133cbff181edcbfd4d107db823d7c1f164,f148dc11752161354c3021f05b1fe526c43baf276ba3893e2b36806f990aaf93,8cda5fd98865bccfe8601ace6f9a27d5a835513e,missed,2.0,count
detectors,S6_combined,rls,8,10.0,True,S6_combined__rls__seed8__detect_ph,da4740837e6cf85b5c7d22d84cf556133cbff181edcbfd4d107db823d7c1f164,e5360505f8c49a15eebb5ef47f7d7477818e9b19f26155854e4ff574f74f5811,8cda5fd98865bccfe8601ace6f9a27d5a835513e,missed,2.0,count
detectors,S6_combined,rls,8,10.0,True,S6_combined__rls__seed8__detect_adwin,da4740837e6cf85b5c7d22d84cf556133cbff181edcbfd4d107db823d7c1f164,ba90eb10e4e1f7500a344f9b4e5e676713fa49fa355f420971a75285e0b9c298,8cda5fd98865bccfe8601ace6f9a27d5a835513e,missed,2.0,count
detectors,S6_combined,rls,8,10.0,True,S6_combined__rls__seed8__detect_ks,da4740837e6cf85b5c7d22d84cf556133cbff181edcbfd4d107db823d7c1f164,e68694c868384201c53bdaf13449887c7b05c2ad9ef5f3f7d7b8bf5cddc0bcb0,8cda5fd98865bccfe8601ace6f9a27d5a835513e,missed,2.0,count
detectors,S6_combined,rls,8,10.0,True,S6_combined__rls__seed8__detect_all4,da4740837e6cf85b5c7d22d84cf556133cbff181edcbfd4d107db823d7c1f164,6c765cc69f3e4bb20e44be0e55caf8daf8c407d7d1c06515349b9d17ec1fddce,8cda5fd98865bccfe8601ace6f9a27d5a835513e,missed,2.0,count
detectors,S6_combined,rls,9,10.0,True,S6_combined__rls__seed9__detect_cusum,29718e114c21c01b04a983f185bbf01430cfac8dd9e8b5808281b0434dac26fc,f148dc11752161354c3021f05b1fe526c43baf276ba3893e2b36806f990aaf93,8cda5fd98865bccfe8601ace6f9a27d5a835513e,missed,2.0,count
detectors,S6_combined,rls,9,10.0,True,S6_combined__rls__seed9__detect_ph,29718e114c21c01b04a983f185bbf01430cfac8dd9e8b5808281b0434dac26fc,e5360505f8c49a15eebb5ef47f7d7477818e9b19f26155854e4ff574f74f5811,8cda5fd98865bccfe8601ace6f9a27d5a835513e,missed,2.0,count
detectors,S6_combined,rls,9,10.0,True,S6_combined__rls__seed9__detect_adwin,29718e114c21c01b04a983f185bbf01430cfac8dd9e8b5808281b0434dac26fc,ba90eb10e4e1f7500a344f9b4e5e676713fa49fa355f420971a75285e0b9c298,8cda5fd98865bccfe8601ace6f9a27d5a835513e,missed,2.0,count
detectors,S6_combined,rls,9,10.0,True,S6_combined__rls__seed9__detect_ks,29718e114c21c01b04a983f185bbf01430cfac8dd9e8b5808281b0434dac26fc,e68694c868384201c53bdaf13449887c7b05c2ad9ef5f3f7d7b8bf5cddc0bcb0,8cda5fd98865bccfe8601ace6f9a27d5a835513e,missed,2.0,count
detectors,S6_combined,rls,9,10.0,True,S6_combined__rls__seed9__detect_all4,29718e114c21c01b04a983f185bbf01430cfac8dd9e8b5808281b0434dac26fc,6c765cc69f3e4bb20e44be0e55caf8daf8c407d7d1c06515349b9d17ec1fddce,8cda5fd98865bccfe8601ace6f9a27d5a835513e,missed,2.0,count
detectors,S6_combined,rls,10,10.0,True,S6_combined__rls__seed10__detect_cusum,4054ab96937dfc6eef3c9c4f46347db001fd4eea59432509f786c95b51d12234,f148dc11752161354c3021f05b1fe526c43baf276ba3893e2b36806f990aaf93,8cda5fd98865bccfe8601ace6f9a27d5a835513e,missed,2.0,count
detectors,S6_combined,rls,10,10.0,True,S6_combined__rls__seed10__detect_ph,4054ab96937dfc6eef3c9c4f46347db001fd4eea59432509f786c95b51d12234,e5360505f8c49a15eebb5ef47f7d7477818e9b19f26155854e4ff574f74f5811,8cda5fd98865bccfe8601ace6f9a27d5a835513e,missed,2.0,count
detectors,S6_combined,rls,10,10.0,True,S6_combined__rls__seed10__detect_adwin,4054ab96937dfc6eef3c9c4f46347db001fd4eea59432509f786c95b51d12234,ba90eb10e4e1f7500a344f9b4e5e676713fa49fa355f420971a75285e0b9c298,8cda5fd98865bccfe8601ace6f9a27d5a835513e,missed,2.0,count
detectors,S6_combined,rls,10,10.0,True,S6_combined__rls__seed10__detect_ks,4054ab96937dfc6eef3c9c4f46347db001fd4eea59432509f786c95b51d12234,e68694c868384201c53bdaf13449887c7b05c2ad9ef5f3f7d7b8bf5cddc0bcb0,8cda5fd98865bccfe8601ace6f9a27d5a835513e,missed,2.0,count
detectors,S6_combined,rls,10,10.0,True,S6_combined__rls__seed10__detect_all4,4054ab96937dfc6eef3c9c4f46347db001fd4eea59432509f786c95b51d12234,6c765cc69f3e4bb20e44be0e55caf8daf8c407d7d1c06515349b9d17ec1fddce,8cda5fd98865bccfe8601ace6f9a27d5a835513e,missed,2.0,count
detectors,S4_step_fault,rls,1,10.0,True,S4_step_fault__rls__seed1__detect_cusum,7d29a6d7dca932314e512c265e0e559ec6cc02e548aa25349a95d1f29dbf9ef1,f148dc11752161354c3021f05b1fe526c43baf276ba3893e2b36806f990aaf93,8cda5fd98865bccfe8601ace6f9a27d5a835513e,false_alarms,2.0,count
detectors,S4_step_fault,rls,1,10.0,True,S4_step_fault__rls__seed1__detect_ph,7d29a6d7dca932314e512c265e0e559ec6cc02e548aa25349a95d1f29dbf9ef1,e5360505f8c49a15eebb5ef47f7d7477818e9b19f26155854e4ff574f74f5811,8cda5fd98865bccfe8601ace6f9a27d5a835513e,false_alarms,1.0,count
detectors,S4_step_fault,rls,1,10.0,True,S4_step_fault__rls__seed1__detect_adwin,7d29a6d7dca932314e512c265e0e559ec6cc02e548aa25349a95d1f29dbf9ef1,ba90eb10e4e1f7500a344f9b4e5e676713fa49fa355f420971a75285e0b9c298,8cda5fd98865bccfe8601ace6f9a27d5a835513e,false_alarms,1.0,count
detectors,S4_step_fault,rls,1,10.0,True,S4_step_fault__rls__seed1__detect_ks,7d29a6d7dca932314e512c265e0e559ec6cc02e548aa25349a95d1f29dbf9ef1,e68694c868384201c53bdaf13449887c7b05c2ad9ef5f3f7d7b8bf5cddc0bcb0,8cda5fd98865bccfe8601ace6f9a27d5a835513e,false_alarms,1.0,count
detectors,S4_step_fault,rls,1,10.0,True,S4_step_fault__rls__seed1__detect_all4,7d29a6d7dca932314e512c265e0e559ec6cc02e548aa25349a95d1f29dbf9ef1,6c765cc69f3e4bb20e44be0e55caf8daf8c407d7d1c06515349b9d17ec1fddce,8cda5fd98865bccfe8601ace6f9a27d5a835513e,false_alarms,2.0,count
detectors,S4_step_fault,rls,2,10.0,True,S4_step_fault__rls__seed2__detect_cusum,adc80992e5ad2b0074c2ccb5fd189429c3fd11d2d51d242aa1caec078b0db1d2,f148dc11752161354c3021f05b1fe526c43baf276ba3893e2b36806f990aaf93,8cda5fd98865bccfe8601ace6f9a27d5a835513e,false_alarms,1.0,count
detectors,S4_step_fault,rls,2,10.0,True,S4_step_fault__rls__seed2__detect_ph,adc80992e5ad2b0074c2ccb5fd189429c3fd11d2d51d242aa1caec078b0db1d2,e5360505f8c49a15eebb5ef47f7d7477818e9b19f26155854e4ff574f74f5811,8cda5fd98865bccfe8601ace6f9a27d5a835513e,false_alarms,1.0,count
detectors,S4_step_fault,rls,2,10.0,True,S4_step_fault__rls__seed2__detect_adwin,adc80992e5ad2b0074c2ccb5fd189429c3fd11d2d51d242aa1caec078b0db1d2,ba90eb10e4e1f7500a344f9b4e5e676713fa49fa355f420971a75285e0b9c298,8cda5fd98865bccfe8601ace6f9a27d5a835513e,false_alarms,1.0,count
detectors,S4_step_fault,rls,2,10.0,True,S4_step_fault__rls__seed2__detect_ks,adc80992e5ad2b0074c2ccb5fd189429c3fd11d2d51d242aa1caec078b0db1d2,e68694c868384201c53bdaf13449887c7b05c2ad9ef5f3f7d7b8bf5cddc0bcb0,8cda5fd98865bccfe8601ace6f9a27d5a835513e,false_alarms,0.0,count
detectors,S4_step_fault,rls,2,10.0,True,S4_step_fault__rls__seed2__detect_all4,adc80992e5ad2b0074c2ccb5fd189429c3fd11d2d51d242aa1caec078b0db1d2,6c765cc69f3e4bb20e44be0e55caf8daf8c407d7d1c06515349b9d17ec1fddce,8cda5fd98865bccfe8601ace6f9a27d5a835513e,false_alarms,1.0,count
detectors,S4_step_fault,rls,3,10.0,True,S4_step_fault__rls__seed3__detect_cusum,755a0aa70d2f3fe05534c8cb137d5df18ed16325d4692fc840c3daee2c8a8c92,f148dc11752161354c3021f05b1fe526c43baf276ba3893e2b36806f990aaf93,8cda5fd98865bccfe8601ace6f9a27d5a835513e,false_alarms,1.0,count
detectors,S4_step_fault,rls,3,10.0,True,S4_step_fault__rls__seed3__detect_ph,755a0aa70d2f3fe05534c8cb137d5df18ed16325d4692fc840c3daee2c8a8c92,e5360505f8c49a15eebb5ef47f7d7477818e9b19f26155854e4ff574f74f5811,8cda5fd98865bccfe8601ace6f9a27d5a835513e,false_alarms,1.0,count
detectors,S4_step_fault,rls,3,10.0,True,S4_step_fault__rls__seed3__detect_adwin,755a0aa70d2f3fe05534c8cb137d5df18ed16325d4692fc840c3daee2c8a8c92,ba90eb10e4e1f7500a344f9b4e5e676713fa49fa355f420971a75285e0b9c298,8cda5fd98865bccfe8601ace6f9a27d5a835513e,false_alarms,1.0,count
detectors,S4_step_fault,rls,3,10.0,True,S4_step_fault__rls__seed3__detect_ks,755a0aa70d2f3fe05534c8cb137d5df18ed16325d4692fc840c3daee2c8a8c92,e68694c868384201c53bdaf13449887c7b05c2ad9ef5f3f7d7b8bf5cddc0bcb0,8cda5fd98865bccfe8601ace6f9a27d5a835513e,false_alarms,0.0,count
detectors,S4_step_fault,rls,3,10.0,True,S4_step_fault__rls__seed3__detect_all4,755a0aa70d2f3fe05534c8cb137d5df18ed16325d4692fc840c3daee2c8a8c92,6c765cc69f3e4bb20e44be0e55caf8daf8c407d7d1c06515349b9d17ec1fddce,8cda5fd98865bccfe8601ace6f9a27d5a835513e,false_alarms,1.0,count
detectors,S4_step_fault,rls,4,10.0,True,S4_step_fault__rls__seed4__detect_cusum,57d0146db86c059173927b479ffa5908a6e01f3cdeb9f10b63e58e983cd88fb2,f148dc11752161354c3021f05b1fe526c43baf276ba3893e2b36806f990aaf93,8cda5fd98865bccfe8601ace6f9a27d5a835513e,false_alarms,2.0,count
detectors,S4_step_fault,rls,4,10.0,True,S4_step_fault__rls__seed4__detect_ph,57d0146db86c059173927b479ffa5908a6e01f3cdeb9f10b63e58e983cd88fb2,e5360505f8c49a15eebb5ef47f7d7477818e9b19f26155854e4ff574f74f5811,8cda5fd98865bccfe8601ace6f9a27d5a835513e,false_alarms,1.0,count
detectors,S4_step_fault,rls,4,10.0,True,S4_step_fault__rls__seed4__detect_adwin,57d0146db86c059173927b479ffa5908a6e01f3cdeb9f10b63e58e983cd88fb2,ba90eb10e4e1f7500a344f9b4e5e676713fa49fa355f420971a75285e0b9c298,8cda5fd98865bccfe8601ace6f9a27d5a835513e,false_alarms,1.0,count
detectors,S4_step_fault,rls,4,10.0,True,S4_step_fault__rls__seed4__detect_ks,57d0146db86c059173927b479ffa5908a6e01f3cdeb9f10b63e58e983cd88fb2,e68694c868384201c53bdaf13449887c7b05c2ad9ef5f3f7d7b8bf5cddc0bcb0,8cda5fd98865bccfe8601ace6f9a27d5a835513e,false_alarms,0.0,count
detectors,S4_step_fault,rls,4,10.0,True,S4_step_fault__rls__seed4__detect_all4,57d0146db86c059173927b479ffa5908a6e01f3cdeb9f10b63e58e983cd88fb2,6c765cc69f3e4bb20e44be0e55caf8daf8c407d7d1c06515349b9d17ec1fddce,8cda5fd98865bccfe8601ace6f9a27d5a835513e,false_alarms,2.0,count
detectors,S4_step_fault,rls,5,10.0,True,S4_step_fault__rls__seed5__detect_cusum,1efe02364dacd47e4d9a937957614582b8530ef56f2b525678988666500727b7,f148dc11752161354c3021f05b1fe526c43baf276ba3893e2b36806f990aaf93,8cda5fd98865bccfe8601ace6f9a27d5a835513e,false_alarms,1.0,count
detectors,S4_step_fault,rls,5,10.0,True,S4_step_fault__rls__seed5__detect_ph,1efe02364dacd47e4d9a937957614582b8530ef56f2b525678988666500727b7,e5360505f8c49a15eebb5ef47f7d7477818e9b19f26155854e4ff574f74f5811,8cda5fd98865bccfe8601ace6f9a27d5a835513e,false_alarms,1.0,count
detectors,S4_step_fault,rls,5,10.0,True,S4_step_fault__rls__seed5__detect_adwin,1efe02364dacd47e4d9a937957614582b8530ef56f2b525678988666500727b7,ba90eb10e4e1f7500a344f9b4e5e676713fa49fa355f420971a75285e0b9c298,8cda5fd98865bccfe8601ace6f9a27d5a835513e,false_alarms,1.0,count
detectors,S4_step_fault,rls,5,10.0,True,S4_step_fault__rls__seed5__detect_ks,1efe02364dacd47e4d9a937957614582b8530ef56f2b525678988666500727b7,e68694c868384201c53bdaf13449887c7b05c2ad9ef5f3f7d7b8bf5cddc0bcb0,8cda5fd98865bccfe8601ace6f9a27d5a835513e,false_alarms,1.0,count
detectors,S4_step_fault,rls,5,10.0,True,S4_step_fault__rls__seed5__detect_all4,1efe02364dacd47e4d9a937957614582b8530ef56f2b525678988666500727b7,6c765cc69f3e4bb20e44be0e55caf8daf8c407d7d1c06515349b9d17ec1fddce,8cda5fd98865bccfe8601ace6f9a27d5a835513e,false_alarms,1.0,count
detectors,S4_step_fault,rls,6,10.0,True,S4_step_fault__rls__seed6__detect_cusum,edb8fb013b7aeb64e877b749783afa62d6864702f69cf9e7c539d6cd9df4f86d,f148dc11752161354c3021f05b1fe526c43baf276ba3893e2b36806f990aaf93,8cda5fd98865bccfe8601ace6f9a27d5a835513e,false_alarms,0.0,count
detectors,S4_step_fault,rls,6,10.0,True,S4_step_fault__rls__seed6__detect_ph,edb8fb013b7aeb64e877b749783afa62d6864702f69cf9e7c539d6cd9df4f86d,e5360505f8c49a15eebb5ef47f7d7477818e9b19f26155854e4ff574f74f5811,8cda5fd98865bccfe8601ace6f9a27d5a835513e,false_alarms,0.0,count
detectors,S4_step_fault,rls,6,10.0,True,S4_step_fault__rls__seed6__detect_adwin,edb8fb013b7aeb64e877b749783afa62d6864702f69cf9e7c539d6cd9df4f86d,ba90eb10e4e1f7500a344f9b4e5e676713fa49fa355f420971a75285e0b9c298,8cda5fd98865bccfe8601ace6f9a27d5a835513e,false_alarms,2.0,count
detectors,S4_step_fault,rls,6,10.0,True,S4_step_fault__rls__seed6__detect_ks,edb8fb013b7aeb64e877b749783afa62d6864702f69cf9e7c539d6cd9df4f86d,e68694c868384201c53bdaf13449887c7b05c2ad9ef5f3f7d7b8bf5cddc0bcb0,8cda5fd98865bccfe8601ace6f9a27d5a835513e,false_alarms,0.0,count
detectors,S4_step_fault,rls,6,10.0,True,S4_step_fault__rls__seed6__detect_all4,edb8fb013b7aeb64e877b749783afa62d6864702f69cf9e7c539d6cd9df4f86d,6c765cc69f3e4bb20e44be0e55caf8daf8c407d7d1c06515349b9d17ec1fddce,8cda5fd98865bccfe8601ace6f9a27d5a835513e,false_alarms,0.0,count
detectors,S4_step_fault,rls,7,10.0,True,S4_step_fault__rls__seed7__detect_cusum,5cf17843f3bfe6e9f5ce0f88df6e9f0fa19691e7d0781a28d2e0071debfacd13,f148dc11752161354c3021f05b1fe526c43baf276ba3893e2b36806f990aaf93,8cda5fd98865bccfe8601ace6f9a27d5a835513e,false_alarms,0.0,count
detectors,S4_step_fault,rls,7,10.0,True,S4_step_fault__rls__seed7__detect_ph,5cf17843f3bfe6e9f5ce0f88df6e9f0fa19691e7d0781a28d2e0071debfacd13,e5360505f8c49a15eebb5ef47f7d7477818e9b19f26155854e4ff574f74f5811,8cda5fd98865bccfe8601ace6f9a27d5a835513e,false_alarms,0.0,count
detectors,S4_step_fault,rls,7,10.0,True,S4_step_fault__rls__seed7__detect_adwin,5cf17843f3bfe6e9f5ce0f88df6e9f0fa19691e7d0781a28d2e0071debfacd13,ba90eb10e4e1f7500a344f9b4e5e676713fa49fa355f420971a75285e0b9c298,8cda5fd98865bccfe8601ace6f9a27d5a835513e,false_alarms,1.0,count
detectors,S4_step_fault,rls,7,10.0,True,S4_step_fault__rls__seed7__detect_ks,5cf17843f3bfe6e9f5ce0f88df6e9f0fa19691e7d0781a28d2e0071debfacd13,e68694c868384201c53bdaf13449887c7b05c2ad9ef5f3f7d7b8bf5cddc0bcb0,8cda5fd98865bccfe8601ace6f9a27d5a835513e,false_alarms,0.0,count
detectors,S4_step_fault,rls,7,10.0,True,S4_step_fault__rls__seed7__detect_all4,5cf17843f3bfe6e9f5ce0f88df6e9f0fa19691e7d0781a28d2e0071debfacd13,6c765cc69f3e4bb20e44be0e55caf8daf8c407d7d1c06515349b9d17ec1fddce,8cda5fd98865bccfe8601ace6f9a27d5a835513e,false_alarms,0.0,count
detectors,S4_step_fault,rls,8,10.0,True,S4_step_fault__rls__seed8__detect_cusum,4471998ed306e877216c6c1b12b8ba9d62e309093746866fb7f4d683dd3b0138,f148dc11752161354c3021f05b1fe526c43baf276ba3893e2b36806f990aaf93,8cda5fd98865bccfe8601ace6f9a27d5a835513e,false_alarms,1.0,count
detectors,S4_step_fault,rls,8,10.0,True,S4_step_fault__rls__seed8__detect_ph,4471998ed306e877216c6c1b12b8ba9d62e309093746866fb7f4d683dd3b0138,e5360505f8c49a15eebb5ef47f7d7477818e9b19f26155854e4ff574f74f5811,8cda5fd98865bccfe8601ace6f9a27d5a835513e,false_alarms,1.0,count
detectors,S4_step_fault,rls,8,10.0,True,S4_step_fault__rls__seed8__detect_adwin,4471998ed306e877216c6c1b12b8ba9d62e309093746866fb7f4d683dd3b0138,ba90eb10e4e1f7500a344f9b4e5e676713fa49fa355f420971a75285e0b9c298,8cda5fd98865bccfe8601ace6f9a27d5a835513e,false_alarms,1.0,count
detectors,S4_step_fault,rls,8,10.0,True,S4_step_fault__rls__seed8__detect_ks,4471998ed306e877216c6c1b12b8ba9d62e309093746866fb7f4d683dd3b0138,e68694c868384201c53bdaf13449887c7b05c2ad9ef5f3f7d7b8bf5cddc0bcb0,8cda5fd98865bccfe8601ace6f9a27d5a835513e,false_alarms,0.0,count
detectors,S4_step_fault,rls,8,10.0,True,S4_step_fault__rls__seed8__detect_all4,4471998ed306e877216c6c1b12b8ba9d62e309093746866fb7f4d683dd3b0138,6c765cc69f3e4bb20e44be0e55caf8daf8c407d7d1c06515349b9d17ec1fddce,8cda5fd98865bccfe8601ace6f9a27d5a835513e,false_alarms,1.0,count
detectors,S4_step_fault,rls,9,10.0,True,S4_step_fault__rls__seed9__detect_cusum,af86278540fa1654a3e5819e52691400963a2f43bbaf4be0dd151148c2836411,f148dc11752161354c3021f05b1fe526c43baf276ba3893e2b36806f990aaf93,8cda5fd98865bccfe8601ace6f9a27d5a835513e,false_alarms,2.0,count
detectors,S4_step_fault,rls,9,10.0,True,S4_step_fault__rls__seed9__detect_ph,af86278540fa1654a3e5819e52691400963a2f43bbaf4be0dd151148c2836411,e5360505f8c49a15eebb5ef47f7d7477818e9b19f26155854e4ff574f74f5811,8cda5fd98865bccfe8601ace6f9a27d5a835513e,false_alarms,1.0,count
detectors,S4_step_fault,rls,9,10.0,True,S4_step_fault__rls__seed9__detect_adwin,af86278540fa1654a3e5819e52691400963a2f43bbaf4be0dd151148c2836411,ba90eb10e4e1f7500a344f9b4e5e676713fa49fa355f420971a75285e0b9c298,8cda5fd98865bccfe8601ace6f9a27d5a835513e,false_alarms,1.0,count
detectors,S4_step_fault,rls,9,10.0,True,S4_step_fault__rls__seed9__detect_ks,af86278540fa1654a3e5819e52691400963a2f43bbaf4be0dd151148c2836411,e68694c868384201c53bdaf13449887c7b05c2ad9ef5f3f7d7b8bf5cddc0bcb0,8cda5fd98865bccfe8601ace6f9a27d5a835513e,false_alarms,1.0,count
detectors,S4_step_fault,rls,9,10.0,True,S4_step_fault__rls__seed9__detect_all4,af86278540fa1654a3e5819e52691400963a2f43bbaf4be0dd151148c2836411,6c765cc69f3e4bb20e44be0e55caf8daf8c407d7d1c06515349b9d17ec1fddce,8cda5fd98865bccfe8601ace6f9a27d5a835513e,false_alarms,2.0,count
detectors,S4_step_fault,rls,10,10.0,True,S4_step_fault__rls__seed10__detect_cusum,b97f4fa67d55b0a4900a4dc84b9f38b152ab85aa07d9118de95bac234f41360d,f148dc11752161354c3021f05b1fe526c43baf276ba3893e2b36806f990aaf93,8cda5fd98865bccfe8601ace6f9a27d5a835513e,false_alarms,2.0,count
detectors,S4_step_fault,rls,10,10.0,True,S4_step_fault__rls__seed10__detect_ph,b97f4fa67d55b0a4900a4dc84b9f38b152ab85aa07d9118de95bac234f41360d,e5360505f8c49a15eebb5ef47f7d7477818e9b19f26155854e4ff574f74f5811,8cda5fd98865bccfe8601ace6f9a27d5a835513e,false_alarms,1.0,count
detectors,S4_step_fault,rls,10,10.0,True,S4_step_fault__rls__seed10__detect_adwin,b97f4fa67d55b0a4900a4dc84b9f38b152ab85aa07d9118de95bac234f41360d,ba90eb10e4e1f7500a344f9b4e5e676713fa49fa355f420971a75285e0b9c298,8cda5fd98865bccfe8601ace6f9a27d5a835513e,false_alarms,2.0,count
detectors,S4_step_fault,rls,10,10.0,True,S4_step_fault__rls__seed10__detect_ks,b97f4fa67d55b0a4900a4dc84b9f38b152ab85aa07d9118de95bac234f41360d,e68694c868384201c53bdaf13449887c7b05c2ad9ef5f3f7d7b8bf5cddc0bcb0,8cda5fd98865bccfe8601ace6f9a27d5a835513e,false_alarms,1.0,count
detectors,S4_step_fault,rls,10,10.0,True,S4_step_fault__rls__seed10__detect_all4,b97f4fa67d55b0a4900a4dc84b9f38b152ab85aa07d9118de95bac234f41360d,6c765cc69f3e4bb20e44be0e55caf8daf8c407d7d1c06515349b9d17ec1fddce,8cda5fd98865bccfe8601ace6f9a27d5a835513e,false_alarms,2.0,count
detectors,S6_combined,rls,1,10.0,True,S6_combined__rls__seed1__detect_cusum,b3cf8d14b3aed8b1d65ab4497dcbfb879dbda2ce1da03bb07f6401c9b4b9bd4a,f148dc11752161354c3021f05b1fe526c43baf276ba3893e2b36806f990aaf93,8cda5fd98865bccfe8601ace6f9a27d5a835513e,false_alarms,2.0,count
detectors,S6_combined,rls,1,10.0,True,S6_combined__rls__seed1__detect_ph,b3cf8d14b3aed8b1d65ab4497dcbfb879dbda2ce1da03bb07f6401c9b4b9bd4a,e5360505f8c49a15eebb5ef47f7d7477818e9b19f26155854e4ff574f74f5811,8cda5fd98865bccfe8601ace6f9a27d5a835513e,false_alarms,2.0,count
detectors,S6_combined,rls,1,10.0,True,S6_combined__rls__seed1__detect_adwin,b3cf8d14b3aed8b1d65ab4497dcbfb879dbda2ce1da03bb07f6401c9b4b9bd4a,ba90eb10e4e1f7500a344f9b4e5e676713fa49fa355f420971a75285e0b9c298,8cda5fd98865bccfe8601ace6f9a27d5a835513e,false_alarms,2.0,count
detectors,S6_combined,rls,1,10.0,True,S6_combined__rls__seed1__detect_ks,b3cf8d14b3aed8b1d65ab4497dcbfb879dbda2ce1da03bb07f6401c9b4b9bd4a,e68694c868384201c53bdaf13449887c7b05c2ad9ef5f3f7d7b8bf5cddc0bcb0,8cda5fd98865bccfe8601ace6f9a27d5a835513e,false_alarms,0.0,count
detectors,S6_combined,rls,1,10.0,True,S6_combined__rls__seed1__detect_all4,b3cf8d14b3aed8b1d65ab4497dcbfb879dbda2ce1da03bb07f6401c9b4b9bd4a,6c765cc69f3e4bb20e44be0e55caf8daf8c407d7d1c06515349b9d17ec1fddce,8cda5fd98865bccfe8601ace6f9a27d5a835513e,false_alarms,2.0,count
detectors,S6_combined,rls,2,10.0,True,S6_combined__rls__seed2__detect_cusum,e4f7ab87faf6982be139dc8af97757bff8d540d357c41e3d06ec298e4dd75854,f148dc11752161354c3021f05b1fe526c43baf276ba3893e2b36806f990aaf93,8cda5fd98865bccfe8601ace6f9a27d5a835513e,false_alarms,2.0,count
detectors,S6_combined,rls,2,10.0,True,S6_combined__rls__seed2__detect_ph,e4f7ab87faf6982be139dc8af97757bff8d540d357c41e3d06ec298e4dd75854,e5360505f8c49a15eebb5ef47f7d7477818e9b19f26155854e4ff574f74f5811,8cda5fd98865bccfe8601ace6f9a27d5a835513e,false_alarms,2.0,count
detectors,S6_combined,rls,2,10.0,True,S6_combined__rls__seed2__detect_adwin,e4f7ab87faf6982be139dc8af97757bff8d540d357c41e3d06ec298e4dd75854,ba90eb10e4e1f7500a344f9b4e5e676713fa49fa355f420971a75285e0b9c298,8cda5fd98865bccfe8601ace6f9a27d5a835513e,false_alarms,2.0,count
detectors,S6_combined,rls,2,10.0,True,S6_combined__rls__seed2__detect_ks,e4f7ab87faf6982be139dc8af97757bff8d540d357c41e3d06ec298e4dd75854,e68694c868384201c53bdaf13449887c7b05c2ad9ef5f3f7d7b8bf5cddc0bcb0,8cda5fd98865bccfe8601ace6f9a27d5a835513e,false_alarms,0.0,count
detectors,S6_combined,rls,2,10.0,True,S6_combined__rls__seed2__detect_all4,e4f7ab87faf6982be139dc8af97757bff8d540d357c41e3d06ec298e4dd75854,6c765cc69f3e4bb20e44be0e55caf8daf8c407d7d1c06515349b9d17ec1fddce,8cda5fd98865bccfe8601ace6f9a27d5a835513e,false_alarms,2.0,count
detectors,S6_combined,rls,3,10.0,True,S6_combined__rls__seed3__detect_cusum,c371bfebbbdb510b204e19fcaedea3c47a4e8b6d77499f04ee6ac55d13fed988,f148dc11752161354c3021f05b1fe526c43baf276ba3893e2b36806f990aaf93,8cda5fd98865bccfe8601ace6f9a27d5a835513e,false_alarms,2.0,count
detectors,S6_combined,rls,3,10.0,True,S6_combined__rls__seed3__detect_ph,c371bfebbbdb510b204e19fcaedea3c47a4e8b6d77499f04ee6ac55d13fed988,e5360505f8c49a15eebb5ef47f7d7477818e9b19f26155854e4ff574f74f5811,8cda5fd98865bccfe8601ace6f9a27d5a835513e,false_alarms,1.0,count
detectors,S6_combined,rls,3,10.0,True,S6_combined__rls__seed3__detect_adwin,c371bfebbbdb510b204e19fcaedea3c47a4e8b6d77499f04ee6ac55d13fed988,ba90eb10e4e1f7500a344f9b4e5e676713fa49fa355f420971a75285e0b9c298,8cda5fd98865bccfe8601ace6f9a27d5a835513e,false_alarms,1.0,count
detectors,S6_combined,rls,3,10.0,True,S6_combined__rls__seed3__detect_ks,c371bfebbbdb510b204e19fcaedea3c47a4e8b6d77499f04ee6ac55d13fed988,e68694c868384201c53bdaf13449887c7b05c2ad9ef5f3f7d7b8bf5cddc0bcb0,8cda5fd98865bccfe8601ace6f9a27d5a835513e,false_alarms,0.0,count
detectors,S6_combined,rls,3,10.0,True,S6_combined__rls__seed3__detect_all4,c371bfebbbdb510b204e19fcaedea3c47a4e8b6d77499f04ee6ac55d13fed988,6c765cc69f3e4bb20e44be0e55caf8daf8c407d7d1c06515349b9d17ec1fddce,8cda5fd98865bccfe8601ace6f9a27d5a835513e,false_alarms,2.0,count
detectors,S6_combined,rls,4,10.0,True,S6_combined__rls__seed4__detect_cusum,091893e2b20fe4f1f4ec71b10a24db6c43dabefaa37c7ef75c67f5a78f00f2b7,f148dc11752161354c3021f05b1fe526c43baf276ba3893e2b36806f990aaf93,8cda5fd98865bccfe8601ace6f9a27d5a835513e,false_alarms,2.0,count
detectors,S6_combined,rls,4,10.0,True,S6_combined__rls__seed4__detect_ph,091893e2b20fe4f1f4ec71b10a24db6c43dabefaa37c7ef75c67f5a78f00f2b7,e5360505f8c49a15eebb5ef47f7d7477818e9b19f26155854e4ff574f74f5811,8cda5fd98865bccfe8601ace6f9a27d5a835513e,false_alarms,2.0,count
detectors,S6_combined,rls,4,10.0,True,S6_combined__rls__seed4__detect_adwin,091893e2b20fe4f1f4ec71b10a24db6c43dabefaa37c7ef75c67f5a78f00f2b7,ba90eb10e4e1f7500a344f9b4e5e676713fa49fa355f420971a75285e0b9c298,8cda5fd98865bccfe8601ace6f9a27d5a835513e,false_alarms,1.0,count
detectors,S6_combined,rls,4,10.0,True,S6_combined__rls__seed4__detect_ks,091893e2b20fe4f1f4ec71b10a24db6c43dabefaa37c7ef75c67f5a78f00f2b7,e68694c868384201c53bdaf13449887c7b05c2ad9ef5f3f7d7b8bf5cddc0bcb0,8cda5fd98865bccfe8601ace6f9a27d5a835513e,false_alarms,0.0,count
detectors,S6_combined,rls,4,10.0,True,S6_combined__rls__seed4__detect_all4,091893e2b20fe4f1f4ec71b10a24db6c43dabefaa37c7ef75c67f5a78f00f2b7,6c765cc69f3e4bb20e44be0e55caf8daf8c407d7d1c06515349b9d17ec1fddce,8cda5fd98865bccfe8601ace6f9a27d5a835513e,false_alarms,2.0,count
detectors,S6_combined,rls,5,10.0,True,S6_combined__rls__seed5__detect_cusum,c1d9d4a7d46d9a42ad59de704b5ae8b21c9bf2f17d4576d9bfa6e10e6c6f4b13,f148dc11752161354c3021f05b1fe526c43baf276ba3893e2b36806f990aaf93,8cda5fd98865bccfe8601ace6f9a27d5a835513e,false_alarms,1.0,count
detectors,S6_combined,rls,5,10.0,True,S6_combined__rls__seed5__detect_ph,c1d9d4a7d46d9a42ad59de704b5ae8b21c9bf2f17d4576d9bfa6e10e6c6f4b13,e5360505f8c49a15eebb5ef47f7d7477818e9b19f26155854e4ff574f74f5811,8cda5fd98865bccfe8601ace6f9a27d5a835513e,false_alarms,0.0,count
detectors,S6_combined,rls,5,10.0,True,S6_combined__rls__seed5__detect_adwin,c1d9d4a7d46d9a42ad59de704b5ae8b21c9bf2f17d4576d9bfa6e10e6c6f4b13,ba90eb10e4e1f7500a344f9b4e5e676713fa49fa355f420971a75285e0b9c298,8cda5fd98865bccfe8601ace6f9a27d5a835513e,false_alarms,1.0,count
detectors,S6_combined,rls,5,10.0,True,S6_combined__rls__seed5__detect_ks,c1d9d4a7d46d9a42ad59de704b5ae8b21c9bf2f17d4576d9bfa6e10e6c6f4b13,e68694c868384201c53bdaf13449887c7b05c2ad9ef5f3f7d7b8bf5cddc0bcb0,8cda5fd98865bccfe8601ace6f9a27d5a835513e,false_alarms,0.0,count
detectors,S6_combined,rls,5,10.0,True,S6_combined__rls__seed5__detect_all4,c1d9d4a7d46d9a42ad59de704b5ae8b21c9bf2f17d4576d9bfa6e10e6c6f4b13,6c765cc69f3e4bb20e44be0e55caf8daf8c407d7d1c06515349b9d17ec1fddce,8cda5fd98865bccfe8601ace6f9a27d5a835513e,false_alarms,1.0,count
detectors,S6_combined,rls,6,10.0,True,S6_combined__rls__seed6__detect_cusum,8fbcb1374a66e26dea4a0e8dbcf64db42ebcd88dd11b5cd3bb5d44e8d4b0665a,f148dc11752161354c3021f05b1fe526c43baf276ba3893e2b36806f990aaf93,8cda5fd98865bccfe8601ace6f9a27d5a835513e,false_alarms,3.0,count
detectors,S6_combined,rls,6,10.0,True,S6_combined__rls__seed6__detect_ph,8fbcb1374a66e26dea4a0e8dbcf64db42ebcd88dd11b5cd3bb5d44e8d4b0665a,e5360505f8c49a15eebb5ef47f7d7477818e9b19f26155854e4ff574f74f5811,8cda5fd98865bccfe8601ace6f9a27d5a835513e,false_alarms,2.0,count
detectors,S6_combined,rls,6,10.0,True,S6_combined__rls__seed6__detect_adwin,8fbcb1374a66e26dea4a0e8dbcf64db42ebcd88dd11b5cd3bb5d44e8d4b0665a,ba90eb10e4e1f7500a344f9b4e5e676713fa49fa355f420971a75285e0b9c298,8cda5fd98865bccfe8601ace6f9a27d5a835513e,false_alarms,1.0,count
detectors,S6_combined,rls,6,10.0,True,S6_combined__rls__seed6__detect_ks,8fbcb1374a66e26dea4a0e8dbcf64db42ebcd88dd11b5cd3bb5d44e8d4b0665a,e68694c868384201c53bdaf13449887c7b05c2ad9ef5f3f7d7b8bf5cddc0bcb0,8cda5fd98865bccfe8601ace6f9a27d5a835513e,false_alarms,1.0,count
detectors,S6_combined,rls,6,10.0,True,S6_combined__rls__seed6__detect_all4,8fbcb1374a66e26dea4a0e8dbcf64db42ebcd88dd11b5cd3bb5d44e8d4b0665a,6c765cc69f3e4bb20e44be0e55caf8daf8c407d7d1c06515349b9d17ec1fddce,8cda5fd98865bccfe8601ace6f9a27d5a835513e,false_alarms,3.0,count
detectors,S6_combined,rls,7,10.0,True,S6_combined__rls__seed7__detect_cusum,eb12037c60287858e9925e83fcaf2aa6789246ee5a2aa0c936402930de58eb1c,f148dc11752161354c3021f05b1fe526c43baf276ba3893e2b36806f990aaf93,8cda5fd98865bccfe8601ace6f9a27d5a835513e,false_alarms,1.0,count
detectors,S6_combined,rls,7,10.0,True,S6_combined__rls__seed7__detect_ph,eb12037c60287858e9925e83fcaf2aa6789246ee5a2aa0c936402930de58eb1c,e5360505f8c49a15eebb5ef47f7d7477818e9b19f26155854e4ff574f74f5811,8cda5fd98865bccfe8601ace6f9a27d5a835513e,false_alarms,1.0,count
detectors,S6_combined,rls,7,10.0,True,S6_combined__rls__seed7__detect_adwin,eb12037c60287858e9925e83fcaf2aa6789246ee5a2aa0c936402930de58eb1c,ba90eb10e4e1f7500a344f9b4e5e676713fa49fa355f420971a75285e0b9c298,8cda5fd98865bccfe8601ace6f9a27d5a835513e,false_alarms,1.0,count
detectors,S6_combined,rls,7,10.0,True,S6_combined__rls__seed7__detect_ks,eb12037c60287858e9925e83fcaf2aa6789246ee5a2aa0c936402930de58eb1c,e68694c868384201c53bdaf13449887c7b05c2ad9ef5f3f7d7b8bf5cddc0bcb0,8cda5fd98865bccfe8601ace6f9a27d5a835513e,false_alarms,0.0,count
detectors,S6_combined,rls,7,10.0,True,S6_combined__rls__seed7__detect_all4,eb12037c60287858e9925e83fcaf2aa6789246ee5a2aa0c936402930de58eb1c,6c765cc69f3e4bb20e44be0e55caf8daf8c407d7d1c06515349b9d17ec1fddce,8cda5fd98865bccfe8601ace6f9a27d5a835513e,false_alarms,1.0,count
detectors,S6_combined,rls,8,10.0,True,S6_combined__rls__seed8__detect_cusum,da4740837e6cf85b5c7d22d84cf556133cbff181edcbfd4d107db823d7c1f164,f148dc11752161354c3021f05b1fe526c43baf276ba3893e2b36806f990aaf93,8cda5fd98865bccfe8601ace6f9a27d5a835513e,false_alarms,1.0,count
detectors,S6_combined,rls,8,10.0,True,S6_combined__rls__seed8__detect_ph,da4740837e6cf85b5c7d22d84cf556133cbff181edcbfd4d107db823d7c1f164,e5360505f8c49a15eebb5ef47f7d7477818e9b19f26155854e4ff574f74f5811,8cda5fd98865bccfe8601ace6f9a27d5a835513e,false_alarms,1.0,count
detectors,S6_combined,rls,8,10.0,True,S6_combined__rls__seed8__detect_adwin,da4740837e6cf85b5c7d22d84cf556133cbff181edcbfd4d107db823d7c1f164,ba90eb10e4e1f7500a344f9b4e5e676713fa49fa355f420971a75285e0b9c298,8cda5fd98865bccfe8601ace6f9a27d5a835513e,false_alarms,1.0,count
detectors,S6_combined,rls,8,10.0,True,S6_combined__rls__seed8__detect_ks,da4740837e6cf85b5c7d22d84cf556133cbff181edcbfd4d107db823d7c1f164,e68694c868384201c53bdaf13449887c7b05c2ad9ef5f3f7d7b8bf5cddc0bcb0,8cda5fd98865bccfe8601ace6f9a27d5a835513e,false_alarms,0.0,count
detectors,S6_combined,rls,8,10.0,True,S6_combined__rls__seed8__detect_all4,da4740837e6cf85b5c7d22d84cf556133cbff181edcbfd4d107db823d7c1f164,6c765cc69f3e4bb20e44be0e55caf8daf8c407d7d1c06515349b9d17ec1fddce,8cda5fd98865bccfe8601ace6f9a27d5a835513e,false_alarms,1.0,count
detectors,S6_combined,rls,9,10.0,True,S6_combined__rls__seed9__detect_cusum,29718e114c21c01b04a983f185bbf01430cfac8dd9e8b5808281b0434dac26fc,f148dc11752161354c3021f05b1fe526c43baf276ba3893e2b36806f990aaf93,8cda5fd98865bccfe8601ace6f9a27d5a835513e,false_alarms,3.0,count
detectors,S6_combined,rls,9,10.0,True,S6_combined__rls__seed9__detect_ph,29718e114c21c01b04a983f185bbf01430cfac8dd9e8b5808281b0434dac26fc,e5360505f8c49a15eebb5ef47f7d7477818e9b19f26155854e4ff574f74f5811,8cda5fd98865bccfe8601ace6f9a27d5a835513e,false_alarms,2.0,count
detectors,S6_combined,rls,9,10.0,True,S6_combined__rls__seed9__detect_adwin,29718e114c21c01b04a983f185bbf01430cfac8dd9e8b5808281b0434dac26fc,ba90eb10e4e1f7500a344f9b4e5e676713fa49fa355f420971a75285e0b9c298,8cda5fd98865bccfe8601ace6f9a27d5a835513e,false_alarms,3.0,count
detectors,S6_combined,rls,9,10.0,True,S6_combined__rls__seed9__detect_ks,29718e114c21c01b04a983f185bbf01430cfac8dd9e8b5808281b0434dac26fc,e68694c868384201c53bdaf13449887c7b05c2ad9ef5f3f7d7b8bf5cddc0bcb0,8cda5fd98865bccfe8601ace6f9a27d5a835513e,false_alarms,0.0,count
detectors,S6_combined,rls,9,10.0,True,S6_combined__rls__seed9__detect_all4,29718e114c21c01b04a983f185bbf01430cfac8dd9e8b5808281b0434dac26fc,6c765cc69f3e4bb20e44be0e55caf8daf8c407d7d1c06515349b9d17ec1fddce,8cda5fd98865bccfe8601ace6f9a27d5a835513e,false_alarms,3.0,count
detectors,S6_combined,rls,10,10.0,True,S6_combined__rls__seed10__detect_cusum,4054ab96937dfc6eef3c9c4f46347db001fd4eea59432509f786c95b51d12234,f148dc11752161354c3021f05b1fe526c43baf276ba3893e2b36806f990aaf93,8cda5fd98865bccfe8601ace6f9a27d5a835513e,false_alarms,2.0,count
detectors,S6_combined,rls,10,10.0,True,S6_combined__rls__seed10__detect_ph,4054ab96937dfc6eef3c9c4f46347db001fd4eea59432509f786c95b51d12234,e5360505f8c49a15eebb5ef47f7d7477818e9b19f26155854e4ff574f74f5811,8cda5fd98865bccfe8601ace6f9a27d5a835513e,false_alarms,1.0,count
detectors,S6_combined,rls,10,10.0,True,S6_combined__rls__seed10__detect_adwin,4054ab96937dfc6eef3c9c4f46347db001fd4eea59432509f786c95b51d12234,ba90eb10e4e1f7500a344f9b4e5e676713fa49fa355f420971a75285e0b9c298,8cda5fd98865bccfe8601ace6f9a27d5a835513e,false_alarms,1.0,count
detectors,S6_combined,rls,10,10.0,True,S6_combined__rls__seed10__detect_ks,4054ab96937dfc6eef3c9c4f46347db001fd4eea59432509f786c95b51d12234,e68694c868384201c53bdaf13449887c7b05c2ad9ef5f3f7d7b8bf5cddc0bcb0,8cda5fd98865bccfe8601ace6f9a27d5a835513e,false_alarms,0.0,count
detectors,S6_combined,rls,10,10.0,True,S6_combined__rls__seed10__detect_all4,4054ab96937dfc6eef3c9c4f46347db001fd4eea59432509f786c95b51d12234,6c765cc69f3e4bb20e44be0e55caf8daf8c407d7d1c06515349b9d17ec1fddce,8cda5fd98865bccfe8601ace6f9a27d5a835513e,false_alarms,2.0,count
detectors,S4_step_fault,rls,1,10.0,True,S4_step_fault__rls__seed1__detect_cusum,7d29a6d7dca932314e512c265e0e559ec6cc02e548aa25349a95d1f29dbf9ef1,f148dc11752161354c3021f05b1fe526c43baf276ba3893e2b36806f990aaf93,8cda5fd98865bccfe8601ace6f9a27d5a835513e,reconverge_passes,239.0,count
detectors,S4_step_fault,rls,1,10.0,True,S4_step_fault__rls__seed1__detect_ph,7d29a6d7dca932314e512c265e0e559ec6cc02e548aa25349a95d1f29dbf9ef1,e5360505f8c49a15eebb5ef47f7d7477818e9b19f26155854e4ff574f74f5811,8cda5fd98865bccfe8601ace6f9a27d5a835513e,reconverge_passes,239.0,count
detectors,S4_step_fault,rls,1,10.0,True,S4_step_fault__rls__seed1__detect_adwin,7d29a6d7dca932314e512c265e0e559ec6cc02e548aa25349a95d1f29dbf9ef1,ba90eb10e4e1f7500a344f9b4e5e676713fa49fa355f420971a75285e0b9c298,8cda5fd98865bccfe8601ace6f9a27d5a835513e,reconverge_passes,239.0,count
detectors,S4_step_fault,rls,1,10.0,True,S4_step_fault__rls__seed1__detect_ks,7d29a6d7dca932314e512c265e0e559ec6cc02e548aa25349a95d1f29dbf9ef1,e68694c868384201c53bdaf13449887c7b05c2ad9ef5f3f7d7b8bf5cddc0bcb0,8cda5fd98865bccfe8601ace6f9a27d5a835513e,reconverge_passes,239.0,count
detectors,S4_step_fault,rls,1,10.0,True,S4_step_fault__rls__seed1__detect_all4,7d29a6d7dca932314e512c265e0e559ec6cc02e548aa25349a95d1f29dbf9ef1,6c765cc69f3e4bb20e44be0e55caf8daf8c407d7d1c06515349b9d17ec1fddce,8cda5fd98865bccfe8601ace6f9a27d5a835513e,reconverge_passes,239.0,count
detectors,S4_step_fault,rls,2,10.0,True,S4_step_fault__rls__seed2__detect_cusum,adc80992e5ad2b0074c2ccb5fd189429c3fd11d2d51d242aa1caec078b0db1d2,f148dc11752161354c3021f05b1fe526c43baf276ba3893e2b36806f990aaf93,8cda5fd98865bccfe8601ace6f9a27d5a835513e,reconverge_passes,518.0,count
detectors,S4_step_fault,rls,2,10.0,True,S4_step_fault__rls__seed2__detect_ph,adc80992e5ad2b0074c2ccb5fd189429c3fd11d2d51d242aa1caec078b0db1d2,e5360505f8c49a15eebb5ef47f7d7477818e9b19f26155854e4ff574f74f5811,8cda5fd98865bccfe8601ace6f9a27d5a835513e,reconverge_passes,518.0,count
detectors,S4_step_fault,rls,2,10.0,True,S4_step_fault__rls__seed2__detect_adwin,adc80992e5ad2b0074c2ccb5fd189429c3fd11d2d51d242aa1caec078b0db1d2,ba90eb10e4e1f7500a344f9b4e5e676713fa49fa355f420971a75285e0b9c298,8cda5fd98865bccfe8601ace6f9a27d5a835513e,reconverge_passes,518.0,count
detectors,S4_step_fault,rls,2,10.0,True,S4_step_fault__rls__seed2__detect_ks,adc80992e5ad2b0074c2ccb5fd189429c3fd11d2d51d242aa1caec078b0db1d2,e68694c868384201c53bdaf13449887c7b05c2ad9ef5f3f7d7b8bf5cddc0bcb0,8cda5fd98865bccfe8601ace6f9a27d5a835513e,reconverge_passes,518.0,count
detectors,S4_step_fault,rls,2,10.0,True,S4_step_fault__rls__seed2__detect_all4,adc80992e5ad2b0074c2ccb5fd189429c3fd11d2d51d242aa1caec078b0db1d2,6c765cc69f3e4bb20e44be0e55caf8daf8c407d7d1c06515349b9d17ec1fddce,8cda5fd98865bccfe8601ace6f9a27d5a835513e,reconverge_passes,518.0,count
detectors,S4_step_fault,rls,3,10.0,True,S4_step_fault__rls__seed3__detect_cusum,755a0aa70d2f3fe05534c8cb137d5df18ed16325d4692fc840c3daee2c8a8c92,f148dc11752161354c3021f05b1fe526c43baf276ba3893e2b36806f990aaf93,8cda5fd98865bccfe8601ace6f9a27d5a835513e,reconverge_passes,492.0,count
detectors,S4_step_fault,rls,3,10.0,True,S4_step_fault__rls__seed3__detect_ph,755a0aa70d2f3fe05534c8cb137d5df18ed16325d4692fc840c3daee2c8a8c92,e5360505f8c49a15eebb5ef47f7d7477818e9b19f26155854e4ff574f74f5811,8cda5fd98865bccfe8601ace6f9a27d5a835513e,reconverge_passes,492.0,count
detectors,S4_step_fault,rls,3,10.0,True,S4_step_fault__rls__seed3__detect_adwin,755a0aa70d2f3fe05534c8cb137d5df18ed16325d4692fc840c3daee2c8a8c92,ba90eb10e4e1f7500a344f9b4e5e676713fa49fa355f420971a75285e0b9c298,8cda5fd98865bccfe8601ace6f9a27d5a835513e,reconverge_passes,492.0,count
detectors,S4_step_fault,rls,3,10.0,True,S4_step_fault__rls__seed3__detect_ks,755a0aa70d2f3fe05534c8cb137d5df18ed16325d4692fc840c3daee2c8a8c92,e68694c868384201c53bdaf13449887c7b05c2ad9ef5f3f7d7b8bf5cddc0bcb0,8cda5fd98865bccfe8601ace6f9a27d5a835513e,reconverge_passes,492.0,count
detectors,S4_step_fault,rls,3,10.0,True,S4_step_fault__rls__seed3__detect_all4,755a0aa70d2f3fe05534c8cb137d5df18ed16325d4692fc840c3daee2c8a8c92,6c765cc69f3e4bb20e44be0e55caf8daf8c407d7d1c06515349b9d17ec1fddce,8cda5fd98865bccfe8601ace6f9a27d5a835513e,reconverge_passes,492.0,count
detectors,S4_step_fault,rls,4,10.0,True,S4_step_fault__rls__seed4__detect_cusum,57d0146db86c059173927b479ffa5908a6e01f3cdeb9f10b63e58e983cd88fb2,f148dc11752161354c3021f05b1fe526c43baf276ba3893e2b36806f990aaf93,8cda5fd98865bccfe8601ace6f9a27d5a835513e,reconverge_passes,373.0,count
detectors,S4_step_fault,rls,4,10.0,True,S4_step_fault__rls__seed4__detect_ph,57d0146db86c059173927b479ffa5908a6e01f3cdeb9f10b63e58e983cd88fb2,e5360505f8c49a15eebb5ef47f7d7477818e9b19f26155854e4ff574f74f5811,8cda5fd98865bccfe8601ace6f9a27d5a835513e,reconverge_passes,373.0,count
detectors,S4_step_fault,rls,4,10.0,True,S4_step_fault__rls__seed4__detect_adwin,57d0146db86c059173927b479ffa5908a6e01f3cdeb9f10b63e58e983cd88fb2,ba90eb10e4e1f7500a344f9b4e5e676713fa49fa355f420971a75285e0b9c298,8cda5fd98865bccfe8601ace6f9a27d5a835513e,reconverge_passes,373.0,count
detectors,S4_step_fault,rls,4,10.0,True,S4_step_fault__rls__seed4__detect_ks,57d0146db86c059173927b479ffa5908a6e01f3cdeb9f10b63e58e983cd88fb2,e68694c868384201c53bdaf13449887c7b05c2ad9ef5f3f7d7b8bf5cddc0bcb0,8cda5fd98865bccfe8601ace6f9a27d5a835513e,reconverge_passes,373.0,count
detectors,S4_step_fault,rls,4,10.0,True,S4_step_fault__rls__seed4__detect_all4,57d0146db86c059173927b479ffa5908a6e01f3cdeb9f10b63e58e983cd88fb2,6c765cc69f3e4bb20e44be0e55caf8daf8c407d7d1c06515349b9d17ec1fddce,8cda5fd98865bccfe8601ace6f9a27d5a835513e,reconverge_passes,373.0,count
detectors,S4_step_fault,rls,5,10.0,True,S4_step_fault__rls__seed5__detect_cusum,1efe02364dacd47e4d9a937957614582b8530ef56f2b525678988666500727b7,f148dc11752161354c3021f05b1fe526c43baf276ba3893e2b36806f990aaf93,8cda5fd98865bccfe8601ace6f9a27d5a835513e,reconverge_passes,342.0,count
detectors,S4_step_fault,rls,5,10.0,True,S4_step_fault__rls__seed5__detect_ph,1efe02364dacd47e4d9a937957614582b8530ef56f2b525678988666500727b7,e5360505f8c49a15eebb5ef47f7d7477818e9b19f26155854e4ff574f74f5811,8cda5fd98865bccfe8601ace6f9a27d5a835513e,reconverge_passes,342.0,count
detectors,S4_step_fault,rls,5,10.0,True,S4_step_fault__rls__seed5__detect_adwin,1efe02364dacd47e4d9a937957614582b8530ef56f2b525678988666500727b7,ba90eb10e4e1f7500a344f9b4e5e676713fa49fa355f420971a75285e0b9c298,8cda5fd98865bccfe8601ace6f9a27d5a835513e,reconverge_passes,342.0,count
detectors,S4_step_fault,rls,5,10.0,True,S4_step_fault__rls__seed5__detect_ks,1efe02364dacd47e4d9a937957614582b8530ef56f2b525678988666500727b7,e68694c868384201c53bdaf13449887c7b05c2ad9ef5f3f7d7b8bf5cddc0bcb0,8cda5fd98865bccfe8601ace6f9a27d5a835513e,reconverge_passes,342.0,count
detectors,S4_step_fault,rls,5,10.0,True,S4_step_fault__rls__seed5__detect_all4,1efe02364dacd47e4d9a937957614582b8530ef56f2b525678988666500727b7,6c765cc69f3e4bb20e44be0e55caf8daf8c407d7d1c06515349b9d17ec1fddce,8cda5fd98865bccfe8601ace6f9a27d5a835513e,reconverge_passes,342.0,count
detectors,S4_step_fault,rls,6,10.0,True,S4_step_fault__rls__seed6__detect_cusum,edb8fb013b7aeb64e877b749783afa62d6864702f69cf9e7c539d6cd9df4f86d,f148dc11752161354c3021f05b1fe526c43baf276ba3893e2b36806f990aaf93,8cda5fd98865bccfe8601ace6f9a27d5a835513e,reconverge_passes,118.0,count
detectors,S4_step_fault,rls,6,10.0,True,S4_step_fault__rls__seed6__detect_ph,edb8fb013b7aeb64e877b749783afa62d6864702f69cf9e7c539d6cd9df4f86d,e5360505f8c49a15eebb5ef47f7d7477818e9b19f26155854e4ff574f74f5811,8cda5fd98865bccfe8601ace6f9a27d5a835513e,reconverge_passes,118.0,count
detectors,S4_step_fault,rls,6,10.0,True,S4_step_fault__rls__seed6__detect_adwin,edb8fb013b7aeb64e877b749783afa62d6864702f69cf9e7c539d6cd9df4f86d,ba90eb10e4e1f7500a344f9b4e5e676713fa49fa355f420971a75285e0b9c298,8cda5fd98865bccfe8601ace6f9a27d5a835513e,reconverge_passes,118.0,count
detectors,S4_step_fault,rls,6,10.0,True,S4_step_fault__rls__seed6__detect_ks,edb8fb013b7aeb64e877b749783afa62d6864702f69cf9e7c539d6cd9df4f86d,e68694c868384201c53bdaf13449887c7b05c2ad9ef5f3f7d7b8bf5cddc0bcb0,8cda5fd98865bccfe8601ace6f9a27d5a835513e,reconverge_passes,118.0,count
detectors,S4_step_fault,rls,6,10.0,True,S4_step_fault__rls__seed6__detect_all4,edb8fb013b7aeb64e877b749783afa62d6864702f69cf9e7c539d6cd9df4f86d,6c765cc69f3e4bb20e44be0e55caf8daf8c407d7d1c06515349b9d17ec1fddce,8cda5fd98865bccfe8601ace6f9a27d5a835513e,reconverge_passes,118.0,count
detectors,S4_step_fault,rls,7,10.0,True,S4_step_fault__rls__seed7__detect_cusum,5cf17843f3bfe6e9f5ce0f88df6e9f0fa19691e7d0781a28d2e0071debfacd13,f148dc11752161354c3021f05b1fe526c43baf276ba3893e2b36806f990aaf93,8cda5fd98865bccfe8601ace6f9a27d5a835513e,reconverge_passes,255.0,count
detectors,S4_step_fault,rls,7,10.0,True,S4_step_fault__rls__seed7__detect_ph,5cf17843f3bfe6e9f5ce0f88df6e9f0fa19691e7d0781a28d2e0071debfacd13,e5360505f8c49a15eebb5ef47f7d7477818e9b19f26155854e4ff574f74f5811,8cda5fd98865bccfe8601ace6f9a27d5a835513e,reconverge_passes,255.0,count
detectors,S4_step_fault,rls,7,10.0,True,S4_step_fault__rls__seed7__detect_adwin,5cf17843f3bfe6e9f5ce0f88df6e9f0fa19691e7d0781a28d2e0071debfacd13,ba90eb10e4e1f7500a344f9b4e5e676713fa49fa355f420971a75285e0b9c298,8cda5fd98865bccfe8601ace6f9a27d5a835513e,reconverge_passes,255.0,count
detectors,S4_step_fault,rls,7,10.0,True,S4_step_fault__rls__seed7__detect_ks,5cf17843f3bfe6e9f5ce0f88df6e9f0fa19691e7d0781a28d2e0071debfacd13,e68694c868384201c53bdaf13449887c7b05c2ad9ef5f3f7d7b8bf5cddc0bcb0,8cda5fd98865bccfe8601ace6f9a27d5a835513e,reconverge_passes,255.0,count
detectors,S4_step_fault,rls,7,10.0,True,S4_step_fault__rls__seed7__detect_all4,5cf17843f3bfe6e9f5ce0f88df6e9f0fa19691e7d0781a28d2e0071debfacd13,6c765cc69f3e4bb20e44be0e55caf8daf8c407d7d1c06515349b9d17ec1fddce,8cda5fd98865bccfe8601ace6f9a27d5a835513e,reconverge_passes,255.0,count
detectors,S4_step_fault,rls,8,10.0,True,S4_step_fault__rls__seed8__detect_cusum,4471998ed306e877216c6c1b12b8ba9d62e309093746866fb7f4d683dd3b0138,f148dc11752161354c3021f05b1fe526c43baf276ba3893e2b36806f990aaf93,8cda5fd98865bccfe8601ace6f9a27d5a835513e,reconverge_passes,240.0,count
detectors,S4_step_fault,rls,8,10.0,True,S4_step_fault__rls__seed8__detect_ph,4471998ed306e877216c6c1b12b8ba9d62e309093746866fb7f4d683dd3b0138,e5360505f8c49a15eebb5ef47f7d7477818e9b19f26155854e4ff574f74f5811,8cda5fd98865bccfe8601ace6f9a27d5a835513e,reconverge_passes,240.0,count
detectors,S4_step_fault,rls,8,10.0,True,S4_step_fault__rls__seed8__detect_adwin,4471998ed306e877216c6c1b12b8ba9d62e309093746866fb7f4d683dd3b0138,ba90eb10e4e1f7500a344f9b4e5e676713fa49fa355f420971a75285e0b9c298,8cda5fd98865bccfe8601ace6f9a27d5a835513e,reconverge_passes,240.0,count
detectors,S4_step_fault,rls,8,10.0,True,S4_step_fault__rls__seed8__detect_ks,4471998ed306e877216c6c1b12b8ba9d62e309093746866fb7f4d683dd3b0138,e68694c868384201c53bdaf13449887c7b05c2ad9ef5f3f7d7b8bf5cddc0bcb0,8cda5fd98865bccfe8601ace6f9a27d5a835513e,reconverge_passes,240.0,count
detectors,S4_step_fault,rls,8,10.0,True,S4_step_fault__rls__seed8__detect_all4,4471998ed306e877216c6c1b12b8ba9d62e309093746866fb7f4d683dd3b0138,6c765cc69f3e4bb20e44be0e55caf8daf8c407d7d1c06515349b9d17ec1fddce,8cda5fd98865bccfe8601ace6f9a27d5a835513e,reconverge_passes,240.0,count
detectors,S4_step_fault,rls,9,10.0,True,S4_step_fault__rls__seed9__detect_cusum,af86278540fa1654a3e5819e52691400963a2f43bbaf4be0dd151148c2836411,f148dc11752161354c3021f05b1fe526c43baf276ba3893e2b36806f990aaf93,8cda5fd98865bccfe8601ace6f9a27d5a835513e,reconverge_passes,652.0,count
detectors,S4_step_fault,rls,9,10.0,True,S4_step_fault__rls__seed9__detect_ph,af86278540fa1654a3e5819e52691400963a2f43bbaf4be0dd151148c2836411,e5360505f8c49a15eebb5ef47f7d7477818e9b19f26155854e4ff574f74f5811,8cda5fd98865bccfe8601ace6f9a27d5a835513e,reconverge_passes,652.0,count
detectors,S4_step_fault,rls,9,10.0,True,S4_step_fault__rls__seed9__detect_adwin,af86278540fa1654a3e5819e52691400963a2f43bbaf4be0dd151148c2836411,ba90eb10e4e1f7500a344f9b4e5e676713fa49fa355f420971a75285e0b9c298,8cda5fd98865bccfe8601ace6f9a27d5a835513e,reconverge_passes,652.0,count
detectors,S4_step_fault,rls,9,10.0,True,S4_step_fault__rls__seed9__detect_ks,af86278540fa1654a3e5819e52691400963a2f43bbaf4be0dd151148c2836411,e68694c868384201c53bdaf13449887c7b05c2ad9ef5f3f7d7b8bf5cddc0bcb0,8cda5fd98865bccfe8601ace6f9a27d5a835513e,reconverge_passes,652.0,count
detectors,S4_step_fault,rls,9,10.0,True,S4_step_fault__rls__seed9__detect_all4,af86278540fa1654a3e5819e52691400963a2f43bbaf4be0dd151148c2836411,6c765cc69f3e4bb20e44be0e55caf8daf8c407d7d1c06515349b9d17ec1fddce,8cda5fd98865bccfe8601ace6f9a27d5a835513e,reconverge_passes,652.0,count
detectors,S4_step_fault,rls,10,10.0,True,S4_step_fault__rls__seed10__detect_cusum,b97f4fa67d55b0a4900a4dc84b9f38b152ab85aa07d9118de95bac234f41360d,f148dc11752161354c3021f05b1fe526c43baf276ba3893e2b36806f990aaf93,8cda5fd98865bccfe8601ace6f9a27d5a835513e,reconverge_passes,692.0,count
detectors,S4_step_fault,rls,10,10.0,True,S4_step_fault__rls__seed10__detect_ph,b97f4fa67d55b0a4900a4dc84b9f38b152ab85aa07d9118de95bac234f41360d,e5360505f8c49a15eebb5ef47f7d7477818e9b19f26155854e4ff574f74f5811,8cda5fd98865bccfe8601ace6f9a27d5a835513e,reconverge_passes,820.0,count
detectors,S4_step_fault,rls,10,10.0,True,S4_step_fault__rls__seed10__detect_adwin,b97f4fa67d55b0a4900a4dc84b9f38b152ab85aa07d9118de95bac234f41360d,ba90eb10e4e1f7500a344f9b4e5e676713fa49fa355f420971a75285e0b9c298,8cda5fd98865bccfe8601ace6f9a27d5a835513e,reconverge_passes,765.0,count
detectors,S4_step_fault,rls,10,10.0,True,S4_step_fault__rls__seed10__detect_ks,b97f4fa67d55b0a4900a4dc84b9f38b152ab85aa07d9118de95bac234f41360d,e68694c868384201c53bdaf13449887c7b05c2ad9ef5f3f7d7b8bf5cddc0bcb0,8cda5fd98865bccfe8601ace6f9a27d5a835513e,reconverge_passes,943.0,count
detectors,S4_step_fault,rls,10,10.0,True,S4_step_fault__rls__seed10__detect_all4,b97f4fa67d55b0a4900a4dc84b9f38b152ab85aa07d9118de95bac234f41360d,6c765cc69f3e4bb20e44be0e55caf8daf8c407d7d1c06515349b9d17ec1fddce,8cda5fd98865bccfe8601ace6f9a27d5a835513e,reconverge_passes,692.0,count
detectors,S6_combined,rls,1,10.0,True,S6_combined__rls__seed1__detect_cusum,b3cf8d14b3aed8b1d65ab4497dcbfb879dbda2ce1da03bb07f6401c9b4b9bd4a,f148dc11752161354c3021f05b1fe526c43baf276ba3893e2b36806f990aaf93,8cda5fd98865bccfe8601ace6f9a27d5a835513e,reconverge_passes,,count
detectors,S6_combined,rls,1,10.0,True,S6_combined__rls__seed1__detect_ph,b3cf8d14b3aed8b1d65ab4497dcbfb879dbda2ce1da03bb07f6401c9b4b9bd4a,e5360505f8c49a15eebb5ef47f7d7477818e9b19f26155854e4ff574f74f5811,8cda5fd98865bccfe8601ace6f9a27d5a835513e,reconverge_passes,,count
detectors,S6_combined,rls,1,10.0,True,S6_combined__rls__seed1__detect_adwin,b3cf8d14b3aed8b1d65ab4497dcbfb879dbda2ce1da03bb07f6401c9b4b9bd4a,ba90eb10e4e1f7500a344f9b4e5e676713fa49fa355f420971a75285e0b9c298,8cda5fd98865bccfe8601ace6f9a27d5a835513e,reconverge_passes,,count
detectors,S6_combined,rls,1,10.0,True,S6_combined__rls__seed1__detect_ks,b3cf8d14b3aed8b1d65ab4497dcbfb879dbda2ce1da03bb07f6401c9b4b9bd4a,e68694c868384201c53bdaf13449887c7b05c2ad9ef5f3f7d7b8bf5cddc0bcb0,8cda5fd98865bccfe8601ace6f9a27d5a835513e,reconverge_passes,,count
detectors,S6_combined,rls,1,10.0,True,S6_combined__rls__seed1__detect_all4,b3cf8d14b3aed8b1d65ab4497dcbfb879dbda2ce1da03bb07f6401c9b4b9bd4a,6c765cc69f3e4bb20e44be0e55caf8daf8c407d7d1c06515349b9d17ec1fddce,8cda5fd98865bccfe8601ace6f9a27d5a835513e,reconverge_passes,,count
detectors,S6_combined,rls,2,10.0,True,S6_combined__rls__seed2__detect_cusum,e4f7ab87faf6982be139dc8af97757bff8d540d357c41e3d06ec298e4dd75854,f148dc11752161354c3021f05b1fe526c43baf276ba3893e2b36806f990aaf93,8cda5fd98865bccfe8601ace6f9a27d5a835513e,reconverge_passes,2503.0,count
detectors,S6_combined,rls,2,10.0,True,S6_combined__rls__seed2__detect_ph,e4f7ab87faf6982be139dc8af97757bff8d540d357c41e3d06ec298e4dd75854,e5360505f8c49a15eebb5ef47f7d7477818e9b19f26155854e4ff574f74f5811,8cda5fd98865bccfe8601ace6f9a27d5a835513e,reconverge_passes,2503.0,count
detectors,S6_combined,rls,2,10.0,True,S6_combined__rls__seed2__detect_adwin,e4f7ab87faf6982be139dc8af97757bff8d540d357c41e3d06ec298e4dd75854,ba90eb10e4e1f7500a344f9b4e5e676713fa49fa355f420971a75285e0b9c298,8cda5fd98865bccfe8601ace6f9a27d5a835513e,reconverge_passes,2503.0,count
detectors,S6_combined,rls,2,10.0,True,S6_combined__rls__seed2__detect_ks,e4f7ab87faf6982be139dc8af97757bff8d540d357c41e3d06ec298e4dd75854,e68694c868384201c53bdaf13449887c7b05c2ad9ef5f3f7d7b8bf5cddc0bcb0,8cda5fd98865bccfe8601ace6f9a27d5a835513e,reconverge_passes,2503.0,count
detectors,S6_combined,rls,2,10.0,True,S6_combined__rls__seed2__detect_all4,e4f7ab87faf6982be139dc8af97757bff8d540d357c41e3d06ec298e4dd75854,6c765cc69f3e4bb20e44be0e55caf8daf8c407d7d1c06515349b9d17ec1fddce,8cda5fd98865bccfe8601ace6f9a27d5a835513e,reconverge_passes,2503.0,count
detectors,S6_combined,rls,3,10.0,True,S6_combined__rls__seed3__detect_cusum,c371bfebbbdb510b204e19fcaedea3c47a4e8b6d77499f04ee6ac55d13fed988,f148dc11752161354c3021f05b1fe526c43baf276ba3893e2b36806f990aaf93,8cda5fd98865bccfe8601ace6f9a27d5a835513e,reconverge_passes,351.0,count
detectors,S6_combined,rls,3,10.0,True,S6_combined__rls__seed3__detect_ph,c371bfebbbdb510b204e19fcaedea3c47a4e8b6d77499f04ee6ac55d13fed988,e5360505f8c49a15eebb5ef47f7d7477818e9b19f26155854e4ff574f74f5811,8cda5fd98865bccfe8601ace6f9a27d5a835513e,reconverge_passes,351.0,count
detectors,S6_combined,rls,3,10.0,True,S6_combined__rls__seed3__detect_adwin,c371bfebbbdb510b204e19fcaedea3c47a4e8b6d77499f04ee6ac55d13fed988,ba90eb10e4e1f7500a344f9b4e5e676713fa49fa355f420971a75285e0b9c298,8cda5fd98865bccfe8601ace6f9a27d5a835513e,reconverge_passes,351.0,count
detectors,S6_combined,rls,3,10.0,True,S6_combined__rls__seed3__detect_ks,c371bfebbbdb510b204e19fcaedea3c47a4e8b6d77499f04ee6ac55d13fed988,e68694c868384201c53bdaf13449887c7b05c2ad9ef5f3f7d7b8bf5cddc0bcb0,8cda5fd98865bccfe8601ace6f9a27d5a835513e,reconverge_passes,351.0,count
detectors,S6_combined,rls,3,10.0,True,S6_combined__rls__seed3__detect_all4,c371bfebbbdb510b204e19fcaedea3c47a4e8b6d77499f04ee6ac55d13fed988,6c765cc69f3e4bb20e44be0e55caf8daf8c407d7d1c06515349b9d17ec1fddce,8cda5fd98865bccfe8601ace6f9a27d5a835513e,reconverge_passes,351.0,count
detectors,S6_combined,rls,4,10.0,True,S6_combined__rls__seed4__detect_cusum,091893e2b20fe4f1f4ec71b10a24db6c43dabefaa37c7ef75c67f5a78f00f2b7,f148dc11752161354c3021f05b1fe526c43baf276ba3893e2b36806f990aaf93,8cda5fd98865bccfe8601ace6f9a27d5a835513e,reconverge_passes,,count
detectors,S6_combined,rls,4,10.0,True,S6_combined__rls__seed4__detect_ph,091893e2b20fe4f1f4ec71b10a24db6c43dabefaa37c7ef75c67f5a78f00f2b7,e5360505f8c49a15eebb5ef47f7d7477818e9b19f26155854e4ff574f74f5811,8cda5fd98865bccfe8601ace6f9a27d5a835513e,reconverge_passes,,count
detectors,S6_combined,rls,4,10.0,True,S6_combined__rls__seed4__detect_adwin,091893e2b20fe4f1f4ec71b10a24db6c43dabefaa37c7ef75c67f5a78f00f2b7,ba90eb10e4e1f7500a344f9b4e5e676713fa49fa355f420971a75285e0b9c298,8cda5fd98865bccfe8601ace6f9a27d5a835513e,reconverge_passes,,count
detectors,S6_combined,rls,4,10.0,True,S6_combined__rls__seed4__detect_ks,091893e2b20fe4f1f4ec71b10a24db6c43dabefaa37c7ef75c67f5a78f00f2b7,e68694c868384201c53bdaf13449887c7b05c2ad9ef5f3f7d7b8bf5cddc0bcb0,8cda5fd98865bccfe8601ace6f9a27d5a835513e,reconverge_passes,,count
detectors,S6_combined,rls,4,10.0,True,S6_combined__rls__seed4__detect_all4,091893e2b20fe4f1f4ec71b10a24db6c43dabefaa37c7ef75c67f5a78f00f2b7,6c765cc69f3e4bb20e44be0e55caf8daf8c407d7d1c06515349b9d17ec1fddce,8cda5fd98865bccfe8601ace6f9a27d5a835513e,reconverge_passes,,count
detectors,S6_combined,rls,5,10.0,True,S6_combined__rls__seed5__detect_cusum,c1d9d4a7d46d9a42ad59de704b5ae8b21c9bf2f17d4576d9bfa6e10e6c6f4b13,f148dc11752161354c3021f05b1fe526c43baf276ba3893e2b36806f990aaf93,8cda5fd98865bccfe8601ace6f9a27d5a835513e,reconverge_passes,252.0,count
detectors,S6_combined,rls,5,10.0,True,S6_combined__rls__seed5__detect_ph,c1d9d4a7d46d9a42ad59de704b5ae8b21c9bf2f17d4576d9bfa6e10e6c6f4b13,e5360505f8c49a15eebb5ef47f7d7477818e9b19f26155854e4ff574f74f5811,8cda5fd98865bccfe8601ace6f9a27d5a835513e,reconverge_passes,252.0,count
detectors,S6_combined,rls,5,10.0,True,S6_combined__rls__seed5__detect_adwin,c1d9d4a7d46d9a42ad59de704b5ae8b21c9bf2f17d4576d9bfa6e10e6c6f4b13,ba90eb10e4e1f7500a344f9b4e5e676713fa49fa355f420971a75285e0b9c298,8cda5fd98865bccfe8601ace6f9a27d5a835513e,reconverge_passes,252.0,count
detectors,S6_combined,rls,5,10.0,True,S6_combined__rls__seed5__detect_ks,c1d9d4a7d46d9a42ad59de704b5ae8b21c9bf2f17d4576d9bfa6e10e6c6f4b13,e68694c868384201c53bdaf13449887c7b05c2ad9ef5f3f7d7b8bf5cddc0bcb0,8cda5fd98865bccfe8601ace6f9a27d5a835513e,reconverge_passes,252.0,count
detectors,S6_combined,rls,5,10.0,True,S6_combined__rls__seed5__detect_all4,c1d9d4a7d46d9a42ad59de704b5ae8b21c9bf2f17d4576d9bfa6e10e6c6f4b13,6c765cc69f3e4bb20e44be0e55caf8daf8c407d7d1c06515349b9d17ec1fddce,8cda5fd98865bccfe8601ace6f9a27d5a835513e,reconverge_passes,252.0,count
detectors,S6_combined,rls,6,10.0,True,S6_combined__rls__seed6__detect_cusum,8fbcb1374a66e26dea4a0e8dbcf64db42ebcd88dd11b5cd3bb5d44e8d4b0665a,f148dc11752161354c3021f05b1fe526c43baf276ba3893e2b36806f990aaf93,8cda5fd98865bccfe8601ace6f9a27d5a835513e,reconverge_passes,657.0,count
detectors,S6_combined,rls,6,10.0,True,S6_combined__rls__seed6__detect_ph,8fbcb1374a66e26dea4a0e8dbcf64db42ebcd88dd11b5cd3bb5d44e8d4b0665a,e5360505f8c49a15eebb5ef47f7d7477818e9b19f26155854e4ff574f74f5811,8cda5fd98865bccfe8601ace6f9a27d5a835513e,reconverge_passes,657.0,count
detectors,S6_combined,rls,6,10.0,True,S6_combined__rls__seed6__detect_adwin,8fbcb1374a66e26dea4a0e8dbcf64db42ebcd88dd11b5cd3bb5d44e8d4b0665a,ba90eb10e4e1f7500a344f9b4e5e676713fa49fa355f420971a75285e0b9c298,8cda5fd98865bccfe8601ace6f9a27d5a835513e,reconverge_passes,657.0,count
detectors,S6_combined,rls,6,10.0,True,S6_combined__rls__seed6__detect_ks,8fbcb1374a66e26dea4a0e8dbcf64db42ebcd88dd11b5cd3bb5d44e8d4b0665a,e68694c868384201c53bdaf13449887c7b05c2ad9ef5f3f7d7b8bf5cddc0bcb0,8cda5fd98865bccfe8601ace6f9a27d5a835513e,reconverge_passes,657.0,count
detectors,S6_combined,rls,6,10.0,True,S6_combined__rls__seed6__detect_all4,8fbcb1374a66e26dea4a0e8dbcf64db42ebcd88dd11b5cd3bb5d44e8d4b0665a,6c765cc69f3e4bb20e44be0e55caf8daf8c407d7d1c06515349b9d17ec1fddce,8cda5fd98865bccfe8601ace6f9a27d5a835513e,reconverge_passes,657.0,count
detectors,S6_combined,rls,7,10.0,True,S6_combined__rls__seed7__detect_cusum,eb12037c60287858e9925e83fcaf2aa6789246ee5a2aa0c936402930de58eb1c,f148dc11752161354c3021f05b1fe526c43baf276ba3893e2b36806f990aaf93,8cda5fd98865bccfe8601ace6f9a27d5a835513e,reconverge_passes,449.0,count
detectors,S6_combined,rls,7,10.0,True,S6_combined__rls__seed7__detect_ph,eb12037c60287858e9925e83fcaf2aa6789246ee5a2aa0c936402930de58eb1c,e5360505f8c49a15eebb5ef47f7d7477818e9b19f26155854e4ff574f74f5811,8cda5fd98865bccfe8601ace6f9a27d5a835513e,reconverge_passes,449.0,count
detectors,S6_combined,rls,7,10.0,True,S6_combined__rls__seed7__detect_adwin,eb12037c60287858e9925e83fcaf2aa6789246ee5a2aa0c936402930de58eb1c,ba90eb10e4e1f7500a344f9b4e5e676713fa49fa355f420971a75285e0b9c298,8cda5fd98865bccfe8601ace6f9a27d5a835513e,reconverge_passes,449.0,count
detectors,S6_combined,rls,7,10.0,True,S6_combined__rls__seed7__detect_ks,eb12037c60287858e9925e83fcaf2aa6789246ee5a2aa0c936402930de58eb1c,e68694c868384201c53bdaf13449887c7b05c2ad9ef5f3f7d7b8bf5cddc0bcb0,8cda5fd98865bccfe8601ace6f9a27d5a835513e,reconverge_passes,449.0,count
detectors,S6_combined,rls,7,10.0,True,S6_combined__rls__seed7__detect_all4,eb12037c60287858e9925e83fcaf2aa6789246ee5a2aa0c936402930de58eb1c,6c765cc69f3e4bb20e44be0e55caf8daf8c407d7d1c06515349b9d17ec1fddce,8cda5fd98865bccfe8601ace6f9a27d5a835513e,reconverge_passes,449.0,count
detectors,S6_combined,rls,8,10.0,True,S6_combined__rls__seed8__detect_cusum,da4740837e6cf85b5c7d22d84cf556133cbff181edcbfd4d107db823d7c1f164,f148dc11752161354c3021f05b1fe526c43baf276ba3893e2b36806f990aaf93,8cda5fd98865bccfe8601ace6f9a27d5a835513e,reconverge_passes,205.0,count
detectors,S6_combined,rls,8,10.0,True,S6_combined__rls__seed8__detect_ph,da4740837e6cf85b5c7d22d84cf556133cbff181edcbfd4d107db823d7c1f164,e5360505f8c49a15eebb5ef47f7d7477818e9b19f26155854e4ff574f74f5811,8cda5fd98865bccfe8601ace6f9a27d5a835513e,reconverge_passes,205.0,count
detectors,S6_combined,rls,8,10.0,True,S6_combined__rls__seed8__detect_adwin,da4740837e6cf85b5c7d22d84cf556133cbff181edcbfd4d107db823d7c1f164,ba90eb10e4e1f7500a344f9b4e5e676713fa49fa355f420971a75285e0b9c298,8cda5fd98865bccfe8601ace6f9a27d5a835513e,reconverge_passes,205.0,count
detectors,S6_combined,rls,8,10.0,True,S6_combined__rls__seed8__detect_ks,da4740837e6cf85b5c7d22d84cf556133cbff181edcbfd4d107db823d7c1f164,e68694c868384201c53bdaf13449887c7b05c2ad9ef5f3f7d7b8bf5cddc0bcb0,8cda5fd98865bccfe8601ace6f9a27d5a835513e,reconverge_passes,205.0,count
detectors,S6_combined,rls,8,10.0,True,S6_combined__rls__seed8__detect_all4,da4740837e6cf85b5c7d22d84cf556133cbff181edcbfd4d107db823d7c1f164,6c765cc69f3e4bb20e44be0e55caf8daf8c407d7d1c06515349b9d17ec1fddce,8cda5fd98865bccfe8601ace6f9a27d5a835513e,reconverge_passes,205.0,count
detectors,S6_combined,rls,9,10.0,True,S6_combined__rls__seed9__detect_cusum,29718e114c21c01b04a983f185bbf01430cfac8dd9e8b5808281b0434dac26fc,f148dc11752161354c3021f05b1fe526c43baf276ba3893e2b36806f990aaf93,8cda5fd98865bccfe8601ace6f9a27d5a835513e,reconverge_passes,2471.0,count
detectors,S6_combined,rls,9,10.0,True,S6_combined__rls__seed9__detect_ph,29718e114c21c01b04a983f185bbf01430cfac8dd9e8b5808281b0434dac26fc,e5360505f8c49a15eebb5ef47f7d7477818e9b19f26155854e4ff574f74f5811,8cda5fd98865bccfe8601ace6f9a27d5a835513e,reconverge_passes,2471.0,count
detectors,S6_combined,rls,9,10.0,True,S6_combined__rls__seed9__detect_adwin,29718e114c21c01b04a983f185bbf01430cfac8dd9e8b5808281b0434dac26fc,ba90eb10e4e1f7500a344f9b4e5e676713fa49fa355f420971a75285e0b9c298,8cda5fd98865bccfe8601ace6f9a27d5a835513e,reconverge_passes,2471.0,count
detectors,S6_combined,rls,9,10.0,True,S6_combined__rls__seed9__detect_ks,29718e114c21c01b04a983f185bbf01430cfac8dd9e8b5808281b0434dac26fc,e68694c868384201c53bdaf13449887c7b05c2ad9ef5f3f7d7b8bf5cddc0bcb0,8cda5fd98865bccfe8601ace6f9a27d5a835513e,reconverge_passes,2471.0,count
detectors,S6_combined,rls,9,10.0,True,S6_combined__rls__seed9__detect_all4,29718e114c21c01b04a983f185bbf01430cfac8dd9e8b5808281b0434dac26fc,6c765cc69f3e4bb20e44be0e55caf8daf8c407d7d1c06515349b9d17ec1fddce,8cda5fd98865bccfe8601ace6f9a27d5a835513e,reconverge_passes,2471.0,count
detectors,S6_combined,rls,10,10.0,True,S6_combined__rls__seed10__detect_cusum,4054ab96937dfc6eef3c9c4f46347db001fd4eea59432509f786c95b51d12234,f148dc11752161354c3021f05b1fe526c43baf276ba3893e2b36806f990aaf93,8cda5fd98865bccfe8601ace6f9a27d5a835513e,reconverge_passes,2600.0,count
detectors,S6_combined,rls,10,10.0,True,S6_combined__rls__seed10__detect_ph,4054ab96937dfc6eef3c9c4f46347db001fd4eea59432509f786c95b51d12234,e5360505f8c49a15eebb5ef47f7d7477818e9b19f26155854e4ff574f74f5811,8cda5fd98865bccfe8601ace6f9a27d5a835513e,reconverge_passes,2600.0,count
detectors,S6_combined,rls,10,10.0,True,S6_combined__rls__seed10__detect_adwin,4054ab96937dfc6eef3c9c4f46347db001fd4eea59432509f786c95b51d12234,ba90eb10e4e1f7500a344f9b4e5e676713fa49fa355f420971a75285e0b9c298,8cda5fd98865bccfe8601ace6f9a27d5a835513e,reconverge_passes,2600.0,count
detectors,S6_combined,rls,10,10.0,True,S6_combined__rls__seed10__detect_ks,4054ab96937dfc6eef3c9c4f46347db001fd4eea59432509f786c95b51d12234,e68694c868384201c53bdaf13449887c7b05c2ad9ef5f3f7d7b8bf5cddc0bcb0,8cda5fd98865bccfe8601ace6f9a27d5a835513e,reconverge_passes,2600.0,count
detectors,S6_combined,rls,10,10.0,True,S6_combined__rls__seed10__detect_all4,4054ab96937dfc6eef3c9c4f46347db001fd4eea59432509f786c95b51d12234,6c765cc69f3e4bb20e44be0e55caf8daf8c407d7d1c06515349b9d17ec1fddce,8cda5fd98865bccfe8601ace6f9a27d5a835513e,reconverge_passes,2600.0,count
detectors,S4_step_fault,rls,1,10.0,True,S4_step_fault__rls__seed1__detect_cusum,7d29a6d7dca932314e512c265e0e559ec6cc02e548aa25349a95d1f29dbf9ef1,f148dc11752161354c3021f05b1fe526c43baf276ba3893e2b36806f990aaf93,8cda5fd98865bccfe8601ace6f9a27d5a835513e,n_interval_fallback,311.0,count
detectors,S4_step_fault,rls,1,10.0,True,S4_step_fault__rls__seed1__detect_ph,7d29a6d7dca932314e512c265e0e559ec6cc02e548aa25349a95d1f29dbf9ef1,e5360505f8c49a15eebb5ef47f7d7477818e9b19f26155854e4ff574f74f5811,8cda5fd98865bccfe8601ace6f9a27d5a835513e,n_interval_fallback,121.0,count
detectors,S4_step_fault,rls,1,10.0,True,S4_step_fault__rls__seed1__detect_adwin,7d29a6d7dca932314e512c265e0e559ec6cc02e548aa25349a95d1f29dbf9ef1,ba90eb10e4e1f7500a344f9b4e5e676713fa49fa355f420971a75285e0b9c298,8cda5fd98865bccfe8601ace6f9a27d5a835513e,n_interval_fallback,121.0,count
detectors,S4_step_fault,rls,1,10.0,True,S4_step_fault__rls__seed1__detect_ks,7d29a6d7dca932314e512c265e0e559ec6cc02e548aa25349a95d1f29dbf9ef1,e68694c868384201c53bdaf13449887c7b05c2ad9ef5f3f7d7b8bf5cddc0bcb0,8cda5fd98865bccfe8601ace6f9a27d5a835513e,n_interval_fallback,121.0,count
detectors,S4_step_fault,rls,1,10.0,True,S4_step_fault__rls__seed1__detect_all4,7d29a6d7dca932314e512c265e0e559ec6cc02e548aa25349a95d1f29dbf9ef1,6c765cc69f3e4bb20e44be0e55caf8daf8c407d7d1c06515349b9d17ec1fddce,8cda5fd98865bccfe8601ace6f9a27d5a835513e,n_interval_fallback,311.0,count
detectors,S4_step_fault,rls,2,10.0,True,S4_step_fault__rls__seed2__detect_cusum,adc80992e5ad2b0074c2ccb5fd189429c3fd11d2d51d242aa1caec078b0db1d2,f148dc11752161354c3021f05b1fe526c43baf276ba3893e2b36806f990aaf93,8cda5fd98865bccfe8601ace6f9a27d5a835513e,n_interval_fallback,311.0,count
detectors,S4_step_fault,rls,2,10.0,True,S4_step_fault__rls__seed2__detect_ph,adc80992e5ad2b0074c2ccb5fd189429c3fd11d2d51d242aa1caec078b0db1d2,e5360505f8c49a15eebb5ef47f7d7477818e9b19f26155854e4ff574f74f5811,8cda5fd98865bccfe8601ace6f9a27d5a835513e,n_interval_fallback,121.0,count
detectors,S4_step_fault,rls,2,10.0,True,S4_step_fault__rls__seed2__detect_adwin,adc80992e5ad2b0074c2ccb5fd189429c3fd11d2d51d242aa1caec078b0db1d2,ba90eb10e4e1f7500a344f9b4e5e676713fa49fa355f420971a75285e0b9c298,8cda5fd98865bccfe8601ace6f9a27d5a835513e,n_interval_fallback,121.0,count
detectors,S4_step_fault,rls,2,10.0,True,S4_step_fault__rls__seed2__detect_ks,adc80992e5ad2b0074c2ccb5fd189429c3fd11d2d51d242aa1caec078b0db1d2,e68694c868384201c53bdaf13449887c7b05c2ad9ef5f3f7d7b8bf5cddc0bcb0,8cda5fd98865bccfe8601ace6f9a27d5a835513e,n_interval_fallback,121.0,count
detectors,S4_step_fault,rls,2,10.0,True,S4_step_fault__rls__seed2__detect_all4,adc80992e5ad2b0074c2ccb5fd189429c3fd11d2d51d242aa1caec078b0db1d2,6c765cc69f3e4bb20e44be0e55caf8daf8c407d7d1c06515349b9d17ec1fddce,8cda5fd98865bccfe8601ace6f9a27d5a835513e,n_interval_fallback,311.0,count
detectors,S4_step_fault,rls,3,10.0,True,S4_step_fault__rls__seed3__detect_cusum,755a0aa70d2f3fe05534c8cb137d5df18ed16325d4692fc840c3daee2c8a8c92,f148dc11752161354c3021f05b1fe526c43baf276ba3893e2b36806f990aaf93,8cda5fd98865bccfe8601ace6f9a27d5a835513e,n_interval_fallback,121.0,count
detectors,S4_step_fault,rls,3,10.0,True,S4_step_fault__rls__seed3__detect_ph,755a0aa70d2f3fe05534c8cb137d5df18ed16325d4692fc840c3daee2c8a8c92,e5360505f8c49a15eebb5ef47f7d7477818e9b19f26155854e4ff574f74f5811,8cda5fd98865bccfe8601ace6f9a27d5a835513e,n_interval_fallback,121.0,count
detectors,S4_step_fault,rls,3,10.0,True,S4_step_fault__rls__seed3__detect_adwin,755a0aa70d2f3fe05534c8cb137d5df18ed16325d4692fc840c3daee2c8a8c92,ba90eb10e4e1f7500a344f9b4e5e676713fa49fa355f420971a75285e0b9c298,8cda5fd98865bccfe8601ace6f9a27d5a835513e,n_interval_fallback,121.0,count
detectors,S4_step_fault,rls,3,10.0,True,S4_step_fault__rls__seed3__detect_ks,755a0aa70d2f3fe05534c8cb137d5df18ed16325d4692fc840c3daee2c8a8c92,e68694c868384201c53bdaf13449887c7b05c2ad9ef5f3f7d7b8bf5cddc0bcb0,8cda5fd98865bccfe8601ace6f9a27d5a835513e,n_interval_fallback,121.0,count
detectors,S4_step_fault,rls,3,10.0,True,S4_step_fault__rls__seed3__detect_all4,755a0aa70d2f3fe05534c8cb137d5df18ed16325d4692fc840c3daee2c8a8c92,6c765cc69f3e4bb20e44be0e55caf8daf8c407d7d1c06515349b9d17ec1fddce,8cda5fd98865bccfe8601ace6f9a27d5a835513e,n_interval_fallback,121.0,count
detectors,S4_step_fault,rls,4,10.0,True,S4_step_fault__rls__seed4__detect_cusum,57d0146db86c059173927b479ffa5908a6e01f3cdeb9f10b63e58e983cd88fb2,f148dc11752161354c3021f05b1fe526c43baf276ba3893e2b36806f990aaf93,8cda5fd98865bccfe8601ace6f9a27d5a835513e,n_interval_fallback,311.0,count
detectors,S4_step_fault,rls,4,10.0,True,S4_step_fault__rls__seed4__detect_ph,57d0146db86c059173927b479ffa5908a6e01f3cdeb9f10b63e58e983cd88fb2,e5360505f8c49a15eebb5ef47f7d7477818e9b19f26155854e4ff574f74f5811,8cda5fd98865bccfe8601ace6f9a27d5a835513e,n_interval_fallback,121.0,count
detectors,S4_step_fault,rls,4,10.0,True,S4_step_fault__rls__seed4__detect_adwin,57d0146db86c059173927b479ffa5908a6e01f3cdeb9f10b63e58e983cd88fb2,ba90eb10e4e1f7500a344f9b4e5e676713fa49fa355f420971a75285e0b9c298,8cda5fd98865bccfe8601ace6f9a27d5a835513e,n_interval_fallback,121.0,count
detectors,S4_step_fault,rls,4,10.0,True,S4_step_fault__rls__seed4__detect_ks,57d0146db86c059173927b479ffa5908a6e01f3cdeb9f10b63e58e983cd88fb2,e68694c868384201c53bdaf13449887c7b05c2ad9ef5f3f7d7b8bf5cddc0bcb0,8cda5fd98865bccfe8601ace6f9a27d5a835513e,n_interval_fallback,121.0,count
detectors,S4_step_fault,rls,4,10.0,True,S4_step_fault__rls__seed4__detect_all4,57d0146db86c059173927b479ffa5908a6e01f3cdeb9f10b63e58e983cd88fb2,6c765cc69f3e4bb20e44be0e55caf8daf8c407d7d1c06515349b9d17ec1fddce,8cda5fd98865bccfe8601ace6f9a27d5a835513e,n_interval_fallback,311.0,count
detectors,S4_step_fault,rls,5,10.0,True,S4_step_fault__rls__seed5__detect_cusum,1efe02364dacd47e4d9a937957614582b8530ef56f2b525678988666500727b7,f148dc11752161354c3021f05b1fe526c43baf276ba3893e2b36806f990aaf93,8cda5fd98865bccfe8601ace6f9a27d5a835513e,n_interval_fallback,121.0,count
detectors,S4_step_fault,rls,5,10.0,True,S4_step_fault__rls__seed5__detect_ph,1efe02364dacd47e4d9a937957614582b8530ef56f2b525678988666500727b7,e5360505f8c49a15eebb5ef47f7d7477818e9b19f26155854e4ff574f74f5811,8cda5fd98865bccfe8601ace6f9a27d5a835513e,n_interval_fallback,121.0,count
detectors,S4_step_fault,rls,5,10.0,True,S4_step_fault__rls__seed5__detect_adwin,1efe02364dacd47e4d9a937957614582b8530ef56f2b525678988666500727b7,ba90eb10e4e1f7500a344f9b4e5e676713fa49fa355f420971a75285e0b9c298,8cda5fd98865bccfe8601ace6f9a27d5a835513e,n_interval_fallback,121.0,count
detectors,S4_step_fault,rls,5,10.0,True,S4_step_fault__rls__seed5__detect_ks,1efe02364dacd47e4d9a937957614582b8530ef56f2b525678988666500727b7,e68694c868384201c53bdaf13449887c7b05c2ad9ef5f3f7d7b8bf5cddc0bcb0,8cda5fd98865bccfe8601ace6f9a27d5a835513e,n_interval_fallback,121.0,count
detectors,S4_step_fault,rls,5,10.0,True,S4_step_fault__rls__seed5__detect_all4,1efe02364dacd47e4d9a937957614582b8530ef56f2b525678988666500727b7,6c765cc69f3e4bb20e44be0e55caf8daf8c407d7d1c06515349b9d17ec1fddce,8cda5fd98865bccfe8601ace6f9a27d5a835513e,n_interval_fallback,121.0,count
detectors,S4_step_fault,rls,6,10.0,True,S4_step_fault__rls__seed6__detect_cusum,edb8fb013b7aeb64e877b749783afa62d6864702f69cf9e7c539d6cd9df4f86d,f148dc11752161354c3021f05b1fe526c43baf276ba3893e2b36806f990aaf93,8cda5fd98865bccfe8601ace6f9a27d5a835513e,n_interval_fallback,121.0,count
detectors,S4_step_fault,rls,6,10.0,True,S4_step_fault__rls__seed6__detect_ph,edb8fb013b7aeb64e877b749783afa62d6864702f69cf9e7c539d6cd9df4f86d,e5360505f8c49a15eebb5ef47f7d7477818e9b19f26155854e4ff574f74f5811,8cda5fd98865bccfe8601ace6f9a27d5a835513e,n_interval_fallback,121.0,count
detectors,S4_step_fault,rls,6,10.0,True,S4_step_fault__rls__seed6__detect_adwin,edb8fb013b7aeb64e877b749783afa62d6864702f69cf9e7c539d6cd9df4f86d,ba90eb10e4e1f7500a344f9b4e5e676713fa49fa355f420971a75285e0b9c298,8cda5fd98865bccfe8601ace6f9a27d5a835513e,n_interval_fallback,311.0,count
detectors,S4_step_fault,rls,6,10.0,True,S4_step_fault__rls__seed6__detect_ks,edb8fb013b7aeb64e877b749783afa62d6864702f69cf9e7c539d6cd9df4f86d,e68694c868384201c53bdaf13449887c7b05c2ad9ef5f3f7d7b8bf5cddc0bcb0,8cda5fd98865bccfe8601ace6f9a27d5a835513e,n_interval_fallback,121.0,count
detectors,S4_step_fault,rls,6,10.0,True,S4_step_fault__rls__seed6__detect_all4,edb8fb013b7aeb64e877b749783afa62d6864702f69cf9e7c539d6cd9df4f86d,6c765cc69f3e4bb20e44be0e55caf8daf8c407d7d1c06515349b9d17ec1fddce,8cda5fd98865bccfe8601ace6f9a27d5a835513e,n_interval_fallback,121.0,count
detectors,S4_step_fault,rls,7,10.0,True,S4_step_fault__rls__seed7__detect_cusum,5cf17843f3bfe6e9f5ce0f88df6e9f0fa19691e7d0781a28d2e0071debfacd13,f148dc11752161354c3021f05b1fe526c43baf276ba3893e2b36806f990aaf93,8cda5fd98865bccfe8601ace6f9a27d5a835513e,n_interval_fallback,121.0,count
detectors,S4_step_fault,rls,7,10.0,True,S4_step_fault__rls__seed7__detect_ph,5cf17843f3bfe6e9f5ce0f88df6e9f0fa19691e7d0781a28d2e0071debfacd13,e5360505f8c49a15eebb5ef47f7d7477818e9b19f26155854e4ff574f74f5811,8cda5fd98865bccfe8601ace6f9a27d5a835513e,n_interval_fallback,121.0,count
detectors,S4_step_fault,rls,7,10.0,True,S4_step_fault__rls__seed7__detect_adwin,5cf17843f3bfe6e9f5ce0f88df6e9f0fa19691e7d0781a28d2e0071debfacd13,ba90eb10e4e1f7500a344f9b4e5e676713fa49fa355f420971a75285e0b9c298,8cda5fd98865bccfe8601ace6f9a27d5a835513e,n_interval_fallback,121.0,count
detectors,S4_step_fault,rls,7,10.0,True,S4_step_fault__rls__seed7__detect_ks,5cf17843f3bfe6e9f5ce0f88df6e9f0fa19691e7d0781a28d2e0071debfacd13,e68694c868384201c53bdaf13449887c7b05c2ad9ef5f3f7d7b8bf5cddc0bcb0,8cda5fd98865bccfe8601ace6f9a27d5a835513e,n_interval_fallback,121.0,count
detectors,S4_step_fault,rls,7,10.0,True,S4_step_fault__rls__seed7__detect_all4,5cf17843f3bfe6e9f5ce0f88df6e9f0fa19691e7d0781a28d2e0071debfacd13,6c765cc69f3e4bb20e44be0e55caf8daf8c407d7d1c06515349b9d17ec1fddce,8cda5fd98865bccfe8601ace6f9a27d5a835513e,n_interval_fallback,121.0,count
detectors,S4_step_fault,rls,8,10.0,True,S4_step_fault__rls__seed8__detect_cusum,4471998ed306e877216c6c1b12b8ba9d62e309093746866fb7f4d683dd3b0138,f148dc11752161354c3021f05b1fe526c43baf276ba3893e2b36806f990aaf93,8cda5fd98865bccfe8601ace6f9a27d5a835513e,n_interval_fallback,121.0,count
detectors,S4_step_fault,rls,8,10.0,True,S4_step_fault__rls__seed8__detect_ph,4471998ed306e877216c6c1b12b8ba9d62e309093746866fb7f4d683dd3b0138,e5360505f8c49a15eebb5ef47f7d7477818e9b19f26155854e4ff574f74f5811,8cda5fd98865bccfe8601ace6f9a27d5a835513e,n_interval_fallback,121.0,count
detectors,S4_step_fault,rls,8,10.0,True,S4_step_fault__rls__seed8__detect_adwin,4471998ed306e877216c6c1b12b8ba9d62e309093746866fb7f4d683dd3b0138,ba90eb10e4e1f7500a344f9b4e5e676713fa49fa355f420971a75285e0b9c298,8cda5fd98865bccfe8601ace6f9a27d5a835513e,n_interval_fallback,121.0,count
detectors,S4_step_fault,rls,8,10.0,True,S4_step_fault__rls__seed8__detect_ks,4471998ed306e877216c6c1b12b8ba9d62e309093746866fb7f4d683dd3b0138,e68694c868384201c53bdaf13449887c7b05c2ad9ef5f3f7d7b8bf5cddc0bcb0,8cda5fd98865bccfe8601ace6f9a27d5a835513e,n_interval_fallback,121.0,count
detectors,S4_step_fault,rls,8,10.0,True,S4_step_fault__rls__seed8__detect_all4,4471998ed306e877216c6c1b12b8ba9d62e309093746866fb7f4d683dd3b0138,6c765cc69f3e4bb20e44be0e55caf8daf8c407d7d1c06515349b9d17ec1fddce,8cda5fd98865bccfe8601ace6f9a27d5a835513e,n_interval_fallback,121.0,count
detectors,S4_step_fault,rls,9,10.0,True,S4_step_fault__rls__seed9__detect_cusum,af86278540fa1654a3e5819e52691400963a2f43bbaf4be0dd151148c2836411,f148dc11752161354c3021f05b1fe526c43baf276ba3893e2b36806f990aaf93,8cda5fd98865bccfe8601ace6f9a27d5a835513e,n_interval_fallback,311.0,count
detectors,S4_step_fault,rls,9,10.0,True,S4_step_fault__rls__seed9__detect_ph,af86278540fa1654a3e5819e52691400963a2f43bbaf4be0dd151148c2836411,e5360505f8c49a15eebb5ef47f7d7477818e9b19f26155854e4ff574f74f5811,8cda5fd98865bccfe8601ace6f9a27d5a835513e,n_interval_fallback,311.0,count
detectors,S4_step_fault,rls,9,10.0,True,S4_step_fault__rls__seed9__detect_adwin,af86278540fa1654a3e5819e52691400963a2f43bbaf4be0dd151148c2836411,ba90eb10e4e1f7500a344f9b4e5e676713fa49fa355f420971a75285e0b9c298,8cda5fd98865bccfe8601ace6f9a27d5a835513e,n_interval_fallback,311.0,count
detectors,S4_step_fault,rls,9,10.0,True,S4_step_fault__rls__seed9__detect_ks,af86278540fa1654a3e5819e52691400963a2f43bbaf4be0dd151148c2836411,e68694c868384201c53bdaf13449887c7b05c2ad9ef5f3f7d7b8bf5cddc0bcb0,8cda5fd98865bccfe8601ace6f9a27d5a835513e,n_interval_fallback,121.0,count
detectors,S4_step_fault,rls,9,10.0,True,S4_step_fault__rls__seed9__detect_all4,af86278540fa1654a3e5819e52691400963a2f43bbaf4be0dd151148c2836411,6c765cc69f3e4bb20e44be0e55caf8daf8c407d7d1c06515349b9d17ec1fddce,8cda5fd98865bccfe8601ace6f9a27d5a835513e,n_interval_fallback,311.0,count
detectors,S4_step_fault,rls,10,10.0,True,S4_step_fault__rls__seed10__detect_cusum,b97f4fa67d55b0a4900a4dc84b9f38b152ab85aa07d9118de95bac234f41360d,f148dc11752161354c3021f05b1fe526c43baf276ba3893e2b36806f990aaf93,8cda5fd98865bccfe8601ace6f9a27d5a835513e,n_interval_fallback,501.0,count
detectors,S4_step_fault,rls,10,10.0,True,S4_step_fault__rls__seed10__detect_ph,b97f4fa67d55b0a4900a4dc84b9f38b152ab85aa07d9118de95bac234f41360d,e5360505f8c49a15eebb5ef47f7d7477818e9b19f26155854e4ff574f74f5811,8cda5fd98865bccfe8601ace6f9a27d5a835513e,n_interval_fallback,501.0,count
detectors,S4_step_fault,rls,10,10.0,True,S4_step_fault__rls__seed10__detect_adwin,b97f4fa67d55b0a4900a4dc84b9f38b152ab85aa07d9118de95bac234f41360d,ba90eb10e4e1f7500a344f9b4e5e676713fa49fa355f420971a75285e0b9c298,8cda5fd98865bccfe8601ace6f9a27d5a835513e,n_interval_fallback,501.0,count
detectors,S4_step_fault,rls,10,10.0,True,S4_step_fault__rls__seed10__detect_ks,b97f4fa67d55b0a4900a4dc84b9f38b152ab85aa07d9118de95bac234f41360d,e68694c868384201c53bdaf13449887c7b05c2ad9ef5f3f7d7b8bf5cddc0bcb0,8cda5fd98865bccfe8601ace6f9a27d5a835513e,n_interval_fallback,121.0,count
detectors,S4_step_fault,rls,10,10.0,True,S4_step_fault__rls__seed10__detect_all4,b97f4fa67d55b0a4900a4dc84b9f38b152ab85aa07d9118de95bac234f41360d,6c765cc69f3e4bb20e44be0e55caf8daf8c407d7d1c06515349b9d17ec1fddce,8cda5fd98865bccfe8601ace6f9a27d5a835513e,n_interval_fallback,501.0,count
detectors,S6_combined,rls,1,10.0,True,S6_combined__rls__seed1__detect_cusum,b3cf8d14b3aed8b1d65ab4497dcbfb879dbda2ce1da03bb07f6401c9b4b9bd4a,f148dc11752161354c3021f05b1fe526c43baf276ba3893e2b36806f990aaf93,8cda5fd98865bccfe8601ace6f9a27d5a835513e,n_interval_fallback,121.0,count
detectors,S6_combined,rls,1,10.0,True,S6_combined__rls__seed1__detect_ph,b3cf8d14b3aed8b1d65ab4497dcbfb879dbda2ce1da03bb07f6401c9b4b9bd4a,e5360505f8c49a15eebb5ef47f7d7477818e9b19f26155854e4ff574f74f5811,8cda5fd98865bccfe8601ace6f9a27d5a835513e,n_interval_fallback,121.0,count
detectors,S6_combined,rls,1,10.0,True,S6_combined__rls__seed1__detect_adwin,b3cf8d14b3aed8b1d65ab4497dcbfb879dbda2ce1da03bb07f6401c9b4b9bd4a,ba90eb10e4e1f7500a344f9b4e5e676713fa49fa355f420971a75285e0b9c298,8cda5fd98865bccfe8601ace6f9a27d5a835513e,n_interval_fallback,121.0,count
detectors,S6_combined,rls,1,10.0,True,S6_combined__rls__seed1__detect_ks,b3cf8d14b3aed8b1d65ab4497dcbfb879dbda2ce1da03bb07f6401c9b4b9bd4a,e68694c868384201c53bdaf13449887c7b05c2ad9ef5f3f7d7b8bf5cddc0bcb0,8cda5fd98865bccfe8601ace6f9a27d5a835513e,n_interval_fallback,121.0,count
detectors,S6_combined,rls,1,10.0,True,S6_combined__rls__seed1__detect_all4,b3cf8d14b3aed8b1d65ab4497dcbfb879dbda2ce1da03bb07f6401c9b4b9bd4a,6c765cc69f3e4bb20e44be0e55caf8daf8c407d7d1c06515349b9d17ec1fddce,8cda5fd98865bccfe8601ace6f9a27d5a835513e,n_interval_fallback,121.0,count
detectors,S6_combined,rls,2,10.0,True,S6_combined__rls__seed2__detect_cusum,e4f7ab87faf6982be139dc8af97757bff8d540d357c41e3d06ec298e4dd75854,f148dc11752161354c3021f05b1fe526c43baf276ba3893e2b36806f990aaf93,8cda5fd98865bccfe8601ace6f9a27d5a835513e,n_interval_fallback,121.0,count
detectors,S6_combined,rls,2,10.0,True,S6_combined__rls__seed2__detect_ph,e4f7ab87faf6982be139dc8af97757bff8d540d357c41e3d06ec298e4dd75854,e5360505f8c49a15eebb5ef47f7d7477818e9b19f26155854e4ff574f74f5811,8cda5fd98865bccfe8601ace6f9a27d5a835513e,n_interval_fallback,121.0,count
detectors,S6_combined,rls,2,10.0,True,S6_combined__rls__seed2__detect_adwin,e4f7ab87faf6982be139dc8af97757bff8d540d357c41e3d06ec298e4dd75854,ba90eb10e4e1f7500a344f9b4e5e676713fa49fa355f420971a75285e0b9c298,8cda5fd98865bccfe8601ace6f9a27d5a835513e,n_interval_fallback,121.0,count
detectors,S6_combined,rls,2,10.0,True,S6_combined__rls__seed2__detect_ks,e4f7ab87faf6982be139dc8af97757bff8d540d357c41e3d06ec298e4dd75854,e68694c868384201c53bdaf13449887c7b05c2ad9ef5f3f7d7b8bf5cddc0bcb0,8cda5fd98865bccfe8601ace6f9a27d5a835513e,n_interval_fallback,121.0,count
detectors,S6_combined,rls,2,10.0,True,S6_combined__rls__seed2__detect_all4,e4f7ab87faf6982be139dc8af97757bff8d540d357c41e3d06ec298e4dd75854,6c765cc69f3e4bb20e44be0e55caf8daf8c407d7d1c06515349b9d17ec1fddce,8cda5fd98865bccfe8601ace6f9a27d5a835513e,n_interval_fallback,121.0,count
detectors,S6_combined,rls,3,10.0,True,S6_combined__rls__seed3__detect_cusum,c371bfebbbdb510b204e19fcaedea3c47a4e8b6d77499f04ee6ac55d13fed988,f148dc11752161354c3021f05b1fe526c43baf276ba3893e2b36806f990aaf93,8cda5fd98865bccfe8601ace6f9a27d5a835513e,n_interval_fallback,321.0,count
detectors,S6_combined,rls,3,10.0,True,S6_combined__rls__seed3__detect_ph,c371bfebbbdb510b204e19fcaedea3c47a4e8b6d77499f04ee6ac55d13fed988,e5360505f8c49a15eebb5ef47f7d7477818e9b19f26155854e4ff574f74f5811,8cda5fd98865bccfe8601ace6f9a27d5a835513e,n_interval_fallback,131.0,count
detectors,S6_combined,rls,3,10.0,True,S6_combined__rls__seed3__detect_adwin,c371bfebbbdb510b204e19fcaedea3c47a4e8b6d77499f04ee6ac55d13fed988,ba90eb10e4e1f7500a344f9b4e5e676713fa49fa355f420971a75285e0b9c298,8cda5fd98865bccfe8601ace6f9a27d5a835513e,n_interval_fallback,131.0,count
detectors,S6_combined,rls,3,10.0,True,S6_combined__rls__seed3__detect_ks,c371bfebbbdb510b204e19fcaedea3c47a4e8b6d77499f04ee6ac55d13fed988,e68694c868384201c53bdaf13449887c7b05c2ad9ef5f3f7d7b8bf5cddc0bcb0,8cda5fd98865bccfe8601ace6f9a27d5a835513e,n_interval_fallback,131.0,count
detectors,S6_combined,rls,3,10.0,True,S6_combined__rls__seed3__detect_all4,c371bfebbbdb510b204e19fcaedea3c47a4e8b6d77499f04ee6ac55d13fed988,6c765cc69f3e4bb20e44be0e55caf8daf8c407d7d1c06515349b9d17ec1fddce,8cda5fd98865bccfe8601ace6f9a27d5a835513e,n_interval_fallback,321.0,count
detectors,S6_combined,rls,4,10.0,True,S6_combined__rls__seed4__detect_cusum,091893e2b20fe4f1f4ec71b10a24db6c43dabefaa37c7ef75c67f5a78f00f2b7,f148dc11752161354c3021f05b1fe526c43baf276ba3893e2b36806f990aaf93,8cda5fd98865bccfe8601ace6f9a27d5a835513e,n_interval_fallback,121.0,count
detectors,S6_combined,rls,4,10.0,True,S6_combined__rls__seed4__detect_ph,091893e2b20fe4f1f4ec71b10a24db6c43dabefaa37c7ef75c67f5a78f00f2b7,e5360505f8c49a15eebb5ef47f7d7477818e9b19f26155854e4ff574f74f5811,8cda5fd98865bccfe8601ace6f9a27d5a835513e,n_interval_fallback,121.0,count
detectors,S6_combined,rls,4,10.0,True,S6_combined__rls__seed4__detect_adwin,091893e2b20fe4f1f4ec71b10a24db6c43dabefaa37c7ef75c67f5a78f00f2b7,ba90eb10e4e1f7500a344f9b4e5e676713fa49fa355f420971a75285e0b9c298,8cda5fd98865bccfe8601ace6f9a27d5a835513e,n_interval_fallback,121.0,count
detectors,S6_combined,rls,4,10.0,True,S6_combined__rls__seed4__detect_ks,091893e2b20fe4f1f4ec71b10a24db6c43dabefaa37c7ef75c67f5a78f00f2b7,e68694c868384201c53bdaf13449887c7b05c2ad9ef5f3f7d7b8bf5cddc0bcb0,8cda5fd98865bccfe8601ace6f9a27d5a835513e,n_interval_fallback,121.0,count
detectors,S6_combined,rls,4,10.0,True,S6_combined__rls__seed4__detect_all4,091893e2b20fe4f1f4ec71b10a24db6c43dabefaa37c7ef75c67f5a78f00f2b7,6c765cc69f3e4bb20e44be0e55caf8daf8c407d7d1c06515349b9d17ec1fddce,8cda5fd98865bccfe8601ace6f9a27d5a835513e,n_interval_fallback,121.0,count
detectors,S6_combined,rls,5,10.0,True,S6_combined__rls__seed5__detect_cusum,c1d9d4a7d46d9a42ad59de704b5ae8b21c9bf2f17d4576d9bfa6e10e6c6f4b13,f148dc11752161354c3021f05b1fe526c43baf276ba3893e2b36806f990aaf93,8cda5fd98865bccfe8601ace6f9a27d5a835513e,n_interval_fallback,121.0,count
detectors,S6_combined,rls,5,10.0,True,S6_combined__rls__seed5__detect_ph,c1d9d4a7d46d9a42ad59de704b5ae8b21c9bf2f17d4576d9bfa6e10e6c6f4b13,e5360505f8c49a15eebb5ef47f7d7477818e9b19f26155854e4ff574f74f5811,8cda5fd98865bccfe8601ace6f9a27d5a835513e,n_interval_fallback,121.0,count
detectors,S6_combined,rls,5,10.0,True,S6_combined__rls__seed5__detect_adwin,c1d9d4a7d46d9a42ad59de704b5ae8b21c9bf2f17d4576d9bfa6e10e6c6f4b13,ba90eb10e4e1f7500a344f9b4e5e676713fa49fa355f420971a75285e0b9c298,8cda5fd98865bccfe8601ace6f9a27d5a835513e,n_interval_fallback,121.0,count
detectors,S6_combined,rls,5,10.0,True,S6_combined__rls__seed5__detect_ks,c1d9d4a7d46d9a42ad59de704b5ae8b21c9bf2f17d4576d9bfa6e10e6c6f4b13,e68694c868384201c53bdaf13449887c7b05c2ad9ef5f3f7d7b8bf5cddc0bcb0,8cda5fd98865bccfe8601ace6f9a27d5a835513e,n_interval_fallback,121.0,count
detectors,S6_combined,rls,5,10.0,True,S6_combined__rls__seed5__detect_all4,c1d9d4a7d46d9a42ad59de704b5ae8b21c9bf2f17d4576d9bfa6e10e6c6f4b13,6c765cc69f3e4bb20e44be0e55caf8daf8c407d7d1c06515349b9d17ec1fddce,8cda5fd98865bccfe8601ace6f9a27d5a835513e,n_interval_fallback,121.0,count
detectors,S6_combined,rls,6,10.0,True,S6_combined__rls__seed6__detect_cusum,8fbcb1374a66e26dea4a0e8dbcf64db42ebcd88dd11b5cd3bb5d44e8d4b0665a,f148dc11752161354c3021f05b1fe526c43baf276ba3893e2b36806f990aaf93,8cda5fd98865bccfe8601ace6f9a27d5a835513e,n_interval_fallback,311.0,count
detectors,S6_combined,rls,6,10.0,True,S6_combined__rls__seed6__detect_ph,8fbcb1374a66e26dea4a0e8dbcf64db42ebcd88dd11b5cd3bb5d44e8d4b0665a,e5360505f8c49a15eebb5ef47f7d7477818e9b19f26155854e4ff574f74f5811,8cda5fd98865bccfe8601ace6f9a27d5a835513e,n_interval_fallback,311.0,count
detectors,S6_combined,rls,6,10.0,True,S6_combined__rls__seed6__detect_adwin,8fbcb1374a66e26dea4a0e8dbcf64db42ebcd88dd11b5cd3bb5d44e8d4b0665a,ba90eb10e4e1f7500a344f9b4e5e676713fa49fa355f420971a75285e0b9c298,8cda5fd98865bccfe8601ace6f9a27d5a835513e,n_interval_fallback,311.0,count
detectors,S6_combined,rls,6,10.0,True,S6_combined__rls__seed6__detect_ks,8fbcb1374a66e26dea4a0e8dbcf64db42ebcd88dd11b5cd3bb5d44e8d4b0665a,e68694c868384201c53bdaf13449887c7b05c2ad9ef5f3f7d7b8bf5cddc0bcb0,8cda5fd98865bccfe8601ace6f9a27d5a835513e,n_interval_fallback,121.0,count
detectors,S6_combined,rls,6,10.0,True,S6_combined__rls__seed6__detect_all4,8fbcb1374a66e26dea4a0e8dbcf64db42ebcd88dd11b5cd3bb5d44e8d4b0665a,6c765cc69f3e4bb20e44be0e55caf8daf8c407d7d1c06515349b9d17ec1fddce,8cda5fd98865bccfe8601ace6f9a27d5a835513e,n_interval_fallback,311.0,count
detectors,S6_combined,rls,7,10.0,True,S6_combined__rls__seed7__detect_cusum,eb12037c60287858e9925e83fcaf2aa6789246ee5a2aa0c936402930de58eb1c,f148dc11752161354c3021f05b1fe526c43baf276ba3893e2b36806f990aaf93,8cda5fd98865bccfe8601ace6f9a27d5a835513e,n_interval_fallback,311.0,count
detectors,S6_combined,rls,7,10.0,True,S6_combined__rls__seed7__detect_ph,eb12037c60287858e9925e83fcaf2aa6789246ee5a2aa0c936402930de58eb1c,e5360505f8c49a15eebb5ef47f7d7477818e9b19f26155854e4ff574f74f5811,8cda5fd98865bccfe8601ace6f9a27d5a835513e,n_interval_fallback,311.0,count
detectors,S6_combined,rls,7,10.0,True,S6_combined__rls__seed7__detect_adwin,eb12037c60287858e9925e83fcaf2aa6789246ee5a2aa0c936402930de58eb1c,ba90eb10e4e1f7500a344f9b4e5e676713fa49fa355f420971a75285e0b9c298,8cda5fd98865bccfe8601ace6f9a27d5a835513e,n_interval_fallback,311.0,count
detectors,S6_combined,rls,7,10.0,True,S6_combined__rls__seed7__detect_ks,eb12037c60287858e9925e83fcaf2aa6789246ee5a2aa0c936402930de58eb1c,e68694c868384201c53bdaf13449887c7b05c2ad9ef5f3f7d7b8bf5cddc0bcb0,8cda5fd98865bccfe8601ace6f9a27d5a835513e,n_interval_fallback,121.0,count
detectors,S6_combined,rls,7,10.0,True,S6_combined__rls__seed7__detect_all4,eb12037c60287858e9925e83fcaf2aa6789246ee5a2aa0c936402930de58eb1c,6c765cc69f3e4bb20e44be0e55caf8daf8c407d7d1c06515349b9d17ec1fddce,8cda5fd98865bccfe8601ace6f9a27d5a835513e,n_interval_fallback,311.0,count
detectors,S6_combined,rls,8,10.0,True,S6_combined__rls__seed8__detect_cusum,da4740837e6cf85b5c7d22d84cf556133cbff181edcbfd4d107db823d7c1f164,f148dc11752161354c3021f05b1fe526c43baf276ba3893e2b36806f990aaf93,8cda5fd98865bccfe8601ace6f9a27d5a835513e,n_interval_fallback,121.0,count
detectors,S6_combined,rls,8,10.0,True,S6_combined__rls__seed8__detect_ph,da4740837e6cf85b5c7d22d84cf556133cbff181edcbfd4d107db823d7c1f164,e5360505f8c49a15eebb5ef47f7d7477818e9b19f26155854e4ff574f74f5811,8cda5fd98865bccfe8601ace6f9a27d5a835513e,n_interval_fallback,311.0,count
detectors,S6_combined,rls,8,10.0,True,S6_combined__rls__seed8__detect_adwin,da4740837e6cf85b5c7d22d84cf556133cbff181edcbfd4d107db823d7c1f164,ba90eb10e4e1f7500a344f9b4e5e676713fa49fa355f420971a75285e0b9c298,8cda5fd98865bccfe8601ace6f9a27d5a835513e,n_interval_fallback,311.0,count
detectors,S6_combined,rls,8,10.0,True,S6_combined__rls__seed8__detect_ks,da4740837e6cf85b5c7d22d84cf556133cbff181edcbfd4d107db823d7c1f164,e68694c868384201c53bdaf13449887c7b05c2ad9ef5f3f7d7b8bf5cddc0bcb0,8cda5fd98865bccfe8601ace6f9a27d5a835513e,n_interval_fallback,121.0,count
detectors,S6_combined,rls,8,10.0,True,S6_combined__rls__seed8__detect_all4,da4740837e6cf85b5c7d22d84cf556133cbff181edcbfd4d107db823d7c1f164,6c765cc69f3e4bb20e44be0e55caf8daf8c407d7d1c06515349b9d17ec1fddce,8cda5fd98865bccfe8601ace6f9a27d5a835513e,n_interval_fallback,311.0,count
detectors,S6_combined,rls,9,10.0,True,S6_combined__rls__seed9__detect_cusum,29718e114c21c01b04a983f185bbf01430cfac8dd9e8b5808281b0434dac26fc,f148dc11752161354c3021f05b1fe526c43baf276ba3893e2b36806f990aaf93,8cda5fd98865bccfe8601ace6f9a27d5a835513e,n_interval_fallback,311.0,count
detectors,S6_combined,rls,9,10.0,True,S6_combined__rls__seed9__detect_ph,29718e114c21c01b04a983f185bbf01430cfac8dd9e8b5808281b0434dac26fc,e5360505f8c49a15eebb5ef47f7d7477818e9b19f26155854e4ff574f74f5811,8cda5fd98865bccfe8601ace6f9a27d5a835513e,n_interval_fallback,311.0,count
detectors,S6_combined,rls,9,10.0,True,S6_combined__rls__seed9__detect_adwin,29718e114c21c01b04a983f185bbf01430cfac8dd9e8b5808281b0434dac26fc,ba90eb10e4e1f7500a344f9b4e5e676713fa49fa355f420971a75285e0b9c298,8cda5fd98865bccfe8601ace6f9a27d5a835513e,n_interval_fallback,311.0,count
detectors,S6_combined,rls,9,10.0,True,S6_combined__rls__seed9__detect_ks,29718e114c21c01b04a983f185bbf01430cfac8dd9e8b5808281b0434dac26fc,e68694c868384201c53bdaf13449887c7b05c2ad9ef5f3f7d7b8bf5cddc0bcb0,8cda5fd98865bccfe8601ace6f9a27d5a835513e,n_interval_fallback,121.0,count
detectors,S6_combined,rls,9,10.0,True,S6_combined__rls__seed9__detect_all4,29718e114c21c01b04a983f185bbf01430cfac8dd9e8b5808281b0434dac26fc,6c765cc69f3e4bb20e44be0e55caf8daf8c407d7d1c06515349b9d17ec1fddce,8cda5fd98865bccfe8601ace6f9a27d5a835513e,n_interval_fallback,311.0,count
detectors,S6_combined,rls,10,10.0,True,S6_combined__rls__seed10__detect_cusum,4054ab96937dfc6eef3c9c4f46347db001fd4eea59432509f786c95b51d12234,f148dc11752161354c3021f05b1fe526c43baf276ba3893e2b36806f990aaf93,8cda5fd98865bccfe8601ace6f9a27d5a835513e,n_interval_fallback,121.0,count
detectors,S6_combined,rls,10,10.0,True,S6_combined__rls__seed10__detect_ph,4054ab96937dfc6eef3c9c4f46347db001fd4eea59432509f786c95b51d12234,e5360505f8c49a15eebb5ef47f7d7477818e9b19f26155854e4ff574f74f5811,8cda5fd98865bccfe8601ace6f9a27d5a835513e,n_interval_fallback,121.0,count
detectors,S6_combined,rls,10,10.0,True,S6_combined__rls__seed10__detect_adwin,4054ab96937dfc6eef3c9c4f46347db001fd4eea59432509f786c95b51d12234,ba90eb10e4e1f7500a344f9b4e5e676713fa49fa355f420971a75285e0b9c298,8cda5fd98865bccfe8601ace6f9a27d5a835513e,n_interval_fallback,121.0,count
detectors,S6_combined,rls,10,10.0,True,S6_combined__rls__seed10__detect_ks,4054ab96937dfc6eef3c9c4f46347db001fd4eea59432509f786c95b51d12234,e68694c868384201c53bdaf13449887c7b05c2ad9ef5f3f7d7b8bf5cddc0bcb0,8cda5fd98865bccfe8601ace6f9a27d5a835513e,n_interval_fallback,121.0,count
detectors,S6_combined,rls,10,10.0,True,S6_combined__rls__seed10__detect_all4,4054ab96937dfc6eef3c9c4f46347db001fd4eea59432509f786c95b51d12234,6c765cc69f3e4bb20e44be0e55caf8daf8c407d7d1c06515349b9d17ec1fddce,8cda5fd98865bccfe8601ace6f9a27d5a835513e,n_interval_fallback,121.0,count
