sweep,scenario,estimator,seed,reference_every_n,control_enabled,run_id,config_hash,edge_config_hash,git_commit,metric,value,unit
governance,S6_combined,static_affine,1,10.0,True,S6_combined__static_affine__seed1__control,b3cf8d14b3aed8b1d65ab4497dcbfb879dbda2ce1da03bb07f6401c9b4b9bd4a,535f10e6c30103272f64653e50d0578cbf5af363b23f0ecbad28905519d7af3d,f40ca51840cafb7bec2f9ce25adaa5165987e5eb,mae_kg,792.8477183338067,kg
governance,S6_combined,static_affine,1,10.0,False,S6_combined__static_affine__seed1__open,b3cf8d14b3aed8b1d65ab4497dcbfb879dbda2ce1da03bb07f6401c9b4b9bd4a,c6335bbd24a8e7cb3af8e5d376ac29c401f5a183b2242974930e81df54ac6b9e,f40ca51840cafb7bec2f9ce25adaa5165987e5eb,mae_kg,792.8477183338067,kg
governance,S6_combined,static_affine,2,10.0,True,S6_combined__static_affine__seed2__control,e4f7ab87faf6982be139dc8af97757bff8d540d357c41e3d06ec298e4dd75854,535f10e6c30103272f64653e50d0578cbf5af363b23f0ecbad28905519d7af3d,f40ca51840cafb7bec2f9ce25adaa5165987e5eb,mae_kg,676.4952154645317,kg
governance,S6_combined,static_affine,2,10.0,False,S6_combined__static_affine__seed2__open,e4f7ab87faf6982be139dc8af97757bff8d540d357c41e3d06ec298e4dd75854,c6335bbd24a8e7cb3af8e5d376ac29c401f5a183b2242974930e81df54ac6b9e,f40ca51840cafb7bec2f9ce25adaa5165987e5eb,mae_kg,722.1630967660221,kg
governance,S6_combined,static_affine,3,10.0,True,S6_combined__static_affine__seed3__control,c371bfebbbdb510b204e19fcaedea3c47a4e8b6d77499f04ee6ac55d13fed988,535f10e6c30103272f64653e50d0578cbf5af363b23f0ecbad28905519d7af3d,f40ca51840cafb7bec2f9ce25adaa5165987e5eb,mae_kg,676.6938454715864,kg
governance,S6_combined,static_affine,3,10.0,False,S6_combined__static_affine__seed3__open,c371bfebbbdb510b204e19fcaedea3c47a4e8b6d77499f04ee6ac55d13fed988,c6335bbd24a8e7cb3af8e5d376ac29c401f5a183b2242974930e81df54ac6b9e,f40ca51840cafb7bec2f9ce25adaa5165987e5eb,mae_kg,706.0680503702253,kg
governance,S6_combined,rls,1,10.0,True,S6_combined__rls__seed1__control,b3cf8d14b3aed8b1d65ab4497dcbfb879dbda2ce1da03bb07f6401c9b4b9bd4a,f54c17346089ba805d00d389d8b7c1c3e1cdb89c6515d103c5f0f15f4eb61185,f40ca51840cafb7bec2f9ce25adaa5165987e5eb,mae_kg,724.6885571518839,kg
governance,S6_combined,rls,1,10.0,False,S6_combined__rls__seed1__open,b3cf8d14b3aed8b1d65ab4497dcbfb879dbda2ce1da03bb07f6401c9b4b9bd4a,3bb55daaf14484e291ecf08771b15d5e23b5288c304675b08da573effc37cdb9,f40ca51840cafb7bec2f9ce25adaa5165987e5eb,mae_kg,724.6885571518839,kg
governance,S6_combined,rls,2,10.0,True,S6_combined__rls__seed2__control,e4f7ab87faf6982be139dc8af97757bff8d540d357c41e3d06ec298e4dd75854,f54c17346089ba805d00d389d8b7c1c3e1cdb89c6515d103c5f0f15f4eb61185,f40ca51840cafb7bec2f9ce25adaa5165987e5eb,mae_kg,652.8281580575499,kg
governance,S6_combined,rls,2,10.0,False,S6_combined__rls__seed2__open,e4f7ab87faf6982be139dc8af97757bff8d540d357c41e3d06ec298e4dd75854,3bb55daaf14484e291ecf08771b15d5e23b5288c304675b08da573effc37cdb9,f40ca51840cafb7bec2f9ce25adaa5165987e5eb,mae_kg,652.8281580575499,kg
governance,S6_combined,rls,3,10.0,True,S6_combined__rls__seed3__control,c371bfebbbdb510b204e19fcaedea3c47a4e8b6d77499f04ee6ac55d13fed988,f54c17346089ba805d00d389d8b7c1c3e1cdb89c6515d103c5f0f15f4eb61185,f40ca51840cafb7bec2f9ce25adaa5165987e5eb,mae_kg,624.10103662583,kg
governance,S6_combined,rls,3,10.0,False,S6_combined__rls__seed3__open,c371bfebbbdb510b204e19fcaedea3c47a4e8b6d77499f04ee6ac55d13fed988,3bb55daaf14484e291ecf08771b15d5e23b5288c304675b08da573effc37cdb9,f40ca51840cafb7bec2f9ce25adaa5165987e5eb,mae_kg,625.6007266820359,kg
governance,S6_combined,kalman,1,10.0,True,S6_combined__kalman__seed1__control,b3cf8d14b3aed8b1d65ab4497dcbfb879dbda2ce1da03bb07f6401c9b4b9bd4a,2dcdf9429baa9fcc847cc03bb3eb992a0574d0c81dcfbd456974ff9264223f13,f40ca51840cafb7bec2f9ce25adaa5165987e5eb,mae_kg,791.989061461681,kg
governance,S6_combined,kalman,1,10.0,False,S6_combined__kalman__seed1__open,b3cf8d14b3aed8b1d65ab4497dcbfb879dbda2ce1da03bb07f6401c9b4b9bd4a,4aaa8c3f03ce9dc885a57217fab5963a0f4f62bf0aeb158bd3d5dbbb953f3e3d,f40ca51840cafb7bec2f9ce25adaa5165987e5eb,mae_kg,791.989061461681,kg
governance,S6_combined,kalman,2,10.0,True,S6_combined__kalman__seed2__control,e4f7ab87faf6982be139dc8af97757bff8d540d357c41e3d06ec298e4dd75854,2dcdf9429baa9fcc847cc03bb3eb992a0574d0c81dcfbd456974ff9264223f13,f40ca51840cafb7bec2f9ce25adaa5165987e5eb,mae_kg,684.7901256833572,kg
governance,S6_combined,kalman,2,10.0,False,S6_combined__kalman__seed2__open,e4f7ab87faf6982be139dc8af97757bff8d540d357c41e3d06ec298e4dd75854,4aaa8c3f03ce9dc885a57217fab5963a0f4f62bf0aeb158bd3d5dbbb953f3e3d,f40ca51840cafb7bec2f9ce25adaa5165987e5eb,mae_kg,684.7901256833572,kg
governance,S6_combined,kalman,3,10.0,True,S6_combined__kalman__seed3__control,c371bfebbbdb510b204e19fcaedea3c47a4e8b6d77499f04ee6ac55d13fed988,2dcdf9429baa9fcc847cc03bb3eb992a0574d0c81dcfbd456974ff9264223f13,f40ca51840cafb7bec2f9ce25adaa5165987e5eb,mae_kg,697.9684620595923,kg
governance,S6_combined,kalman,3,10.0,False,S6_combined__kalman__seed3__open,c371bfebbbdb510b204e19fcaedea3c47a4e8b6d77499f04ee6ac55d13fed988,4aaa8c3f03ce9dc885a57217fab5963a0f4f62bf0aeb158bd3d5dbbb953f3e3d,f40ca51840cafb7bec2f9ce25adaa5165987e5eb,mae_kg,697.9684620595923,kg
governance,S6_combined,static_affine,1,10.0,True,S6_combined__static_affine__seed1__control,b3cf8d14b3aed8b1d65ab4497dcbfb879dbda2ce1da03bb07f6401c9b4b9bd4a,535f10e6c30103272f64653e50d0578cbf5af363b23f0ecbad28905519d7af3d,f40ca51840cafb7bec2f9ce25adaa5165987e5eb,rmse_kg,3883.3411392445105,kg
governance,S6_combined,static_affine,1,10.0,False,S6_combined__static_affine__seed1__open,b3cf8d14b3aed8b1d65ab4497dcbfb879dbda2ce1da03bb07f6401c9b4b9bd4a,c6335bbd24a8e7cb3af8e5d376ac29c401f5a183b2242974930e81df54ac6b9e,f40ca51840cafb7bec2f9ce25adaa5165987e5eb,rmse_kg,3883.3411392445105,kg
governance,S6_combined,static_affine,2,10.0,True,S6_combined__static_affine__seed2__control,e4f7ab87faf6982be139dc8af97757bff8d540d357c41e3d06ec298e4dd75854,535f10e6c30103272f64653e50d0578cbf5af363b23f0ecbad28905519d7af3d,f40ca51840cafb7bec2f9ce25adaa5165987e5eb,rmse_kg,3572.099071402512,kg
governance,S6_combined,static_affine,2,10.0,False,S6_combined__static_affine__seed2__open,e4f7ab87faf6982be139dc8af97757bff8d540d357c41e3d06ec298e4dd75854,c6335bbd24a8e7cb3af8e5d376ac29c401f5a183b2242974930e81df54ac6b9e,f40ca51840cafb7bec2f9ce25adaa5165987e5eb,rmse_kg,3513.3018118888212,kg
governance,S6_combined,static_affine,3,10.0,True,S6_combined__static_affine__seed3__control,c371bfebbbdb510b204e19fcaedea3c47a4e8b6d77499f04ee6ac55d13fed988,535f10e6c30103272f64653e50d0578cbf5af363b23f0ecbad28905519d7af3d,f40ca51840cafb7bec2f9ce25adaa5165987e5eb,rmse_kg,3588.496697650494,kg
governance,S6_combined,static_affine,3,10.0,False,S6_combined__static_affine__seed3__open,c371bfebbbdb510b204e19fcaedea3c47a4e8b6d77499f04ee6ac55d13fed988,c6335bbd24a8e7cb3af8e5d376ac29c401f5a183b2242974930e81df54ac6b9e,f40ca51840cafb7bec2f9ce25adaa5165987e5eb,rmse_kg,3523.626710015275,kg
governance,S6_combined,rls,1,10.0,True,S6_combined__rls__seed1__control,b3cf8d14b3aed8b1d65ab4497dcbfb879dbda2ce1da03bb07f6401c9b4b9bd4a,f54c17346089ba805d00d389d8b7c1c3e1cdb89c6515d103c5f0f15f4eb61185,f40ca51840cafb7bec2f9ce25adaa5165987e5eb,rmse_kg,3669.736956301557,kg
governance,S6_combined,rls,1,10.0,False,S6_combined__rls__seed1__open,b3cf8d14b3aed8b1d65ab4497dcbfb879dbda2ce1da03bb07f6401c9b4b9bd4a,3bb55daaf14484e291ecf08771b15d5e23b5288c304675b08da573effc37cdb9,f40ca51840cafb7bec2f9ce25adaa5165987e5eb,rmse_kg,3669.736956301557,kg
governance,S6_combined,rls,2,10.0,True,S6_combined__rls__seed2__control,e4f7ab87faf6982be139dc8af97757bff8d540d357c41e3d06ec298e4dd75854,f54c17346089ba805d00d389d8b7c1c3e1cdb89c6515d103c5f0f15f4eb61185,f40ca51840cafb7bec2f9ce25adaa5165987e5eb,rmse_kg,3457.171501262751,kg
governance,S6_combined,rls,2,10.0,False,S6_combined__rls__seed2__open,e4f7ab87faf6982be139dc8af97757bff8d540d357c41e3d06ec298e4dd75854,3bb55daaf14484e291ecf08771b15d5e23b5288c304675b08da573effc37cdb9,f40ca51840cafb7bec2f9ce25adaa5165987e5eb,rmse_kg,3457.171501262751,kg
governance,S6_combined,rls,3,10.0,True,S6_combined__rls__seed3__control,c371bfebbbdb510b204e19fcaedea3c47a4e8b6d77499f04ee6ac55d13fed988,f54c17346089ba805d00d389d8b7c1c3e1cdb89c6515d103c5f0f15f4eb61185,f40ca51840cafb7bec2f9ce25adaa5165987e5eb,rmse_kg,3272.5261411282054,kg
governance,S6_combined,rls,3,10.0,False,S6_combined__rls__seed3__open,c371bfebbbdb510b204e19fcaedea3c47a4e8b6d77499f04ee6ac55d13fed988,3bb55daaf14484e291ecf08771b15d5e23b5288c304675b08da573effc37cdb9,f40ca51840cafb7bec2f9ce25adaa5165987e5eb,rmse_kg,3284.1051617000503,kg
governance,S6_combined,kalman,1,10.0,True,S6_combined__kalman__seed1__control,b3cf8d14b3aed8b1d65ab4497dcbfb879dbda2ce1da03bb07f6401c9b4b9bd4a,2dcdf9429baa9fcc847cc03bb3eb992a0574d0c81dcfbd456974ff9264223f13,f40ca51840cafb7bec2f9ce25adaa5165987e5eb,rmse_kg,4106.188192745599,kg
governance,S6_combined,kalman,1,10.0,False,S6_combined__kalman__seed1__open,b3cf8d14b3aed8b1d65ab4497dcbfb879dbda2ce1da03bb07f6401c9b4b9bd4a,4aaa8c3f03ce9dc885a57217fab5963a0f4f62bf0aeb158bd3d5dbbb953f3e3d,f40ca51840cafb7bec2f9ce25adaa5165987e5eb,rmse_kg,4106.188192745599,kg
governance,S6_combined,kalman,2,10.0,True,S6_combined__kalman__seed2__control,e4f7ab87faf6982be139dc8af97757bff8d540d357c41e3d06ec298e4dd75854,2dcdf9429baa9fcc847cc03bb3eb992a0574d0c81dcfbd456974ff9264223f13,f40ca51840cafb7bec2f9ce25adaa5165987e5eb,rmse_kg,3647.2752490428,kg
governance,S6_combined,kalman,2,10.0,False,S6_combined__kalman__seed2__open,e4f7ab87faf6982be139dc8af97757bff8d540d357c41e3d06ec298e4dd75854,4aaa8c3f03ce9dc885a57217fab5963a0f4f62bf0aeb158bd3d5dbbb953f3e3d,f40ca51840cafb7bec2f9ce25adaa5165987e5eb,rmse_kg,3647.2752490428,kg
governance,S6_combined,kalman,3,10.0,True,S6_combined__kalman__seed3__control,c371bfebbbdb510b204e19fcaedea3c47a4e8b6d77499f04ee6ac55d13fed988,2dcdf9429baa9fcc847cc03bb3eb992a0574d0c81dcfbd456974ff9264223f13,f40ca51840cafb7bec2f9ce25adaa5165987e5eb,rmse_kg,3849.371530110501,kg
governance,S6_combined,kalman,3,10.0,False,S6_combined__kalman__seed3__open,c371bfebbbdb510b204e19fcaedea3c47a4e8b6d77499f04ee6ac55d13fed988,4aaa8c3f03ce9dc885a57217fab5963a0f4f62bf0aeb158bd3d5dbbb953f3e3d,f40ca51840cafb7bec2f9ce25adaa5165987e5eb,rmse_kg,3849.371530110501,kg
governance,S6_combined,static_affine,1,10.0,True,S6_combined__static_affine__seed1__control,b3cf8d14b3aed8b1d65ab4497dcbfb879dbda2ce1da03bb07f6401c9b4b9bd4a,535f10e6c30103272f64653e50d0578cbf5af363b23f0ecbad28905519d7af3d,f40ca51840cafb7bec2f9ce25adaa5165987e5eb,bias_kg,-94.18003379799637,kg
governance,S6_combined,static_affine,1,10.0,False,S6_combined__static_affine__seed1__open,b3cf8d14b3aed8b1d65ab4497dcbfb879dbda2ce1da03bb07f6401c9b4b9bd4a,c6335bbd24a8e7cb3af8e5d376ac29c401f5a183b2242974930e81df54ac6b9e,f40ca51840cafb7bec2f9ce25adaa5165987e5eb,bias_kg,-94.18003379799637,kg
governance,S6_combined,static_affine,2,10.0,True,S6_combined__static_affine__seed2__control,e4f7ab87faf6982be139dc8af97757bff8d540d357c41e3d06ec298e4dd75854,535f10e6c30103272f64653e50d0578cbf5af363b23f0ecbad28905519d7af3d,f40ca51840cafb7bec2f9ce25adaa5165987e5eb,bias_kg,-70.9362101438891,kg
governance,S6_combined,static_affine,2,10.0,False,S6_combined__static_affine__seed2__open,e4f7ab87faf6982be139dc8af97757bff8d540d357c41e3d06ec298e4dd75854,c6335bbd24a8e7cb3af8e5d376ac29c401f5a183b2242974930e81df54ac6b9e,f40ca51840cafb7bec2f9ce25adaa5165987e5eb,bias_kg,-206.39319863652705,kg
governance,S6_combined,static_affine,3,10.0,True,S6_combined__static_affine__seed3__control,c371bfebbbdb510b204e19fcaedea3c47a4e8b6d77499f04ee6ac55d13fed988,535f10e6c30103272f64653e50d0578cbf5af363b23f0ecbad28905519d7af3d,f40ca51840cafb7bec2f9ce25adaa5165987e5eb,bias_kg,-14.807485810179793,kg
governance,S6_combined,static_affine,3,10.0,False,S6_combined__static_affine__seed3__open,c371bfebbbdb510b204e19fcaedea3c47a4e8b6d77499f04ee6ac55d13fed988,c6335bbd24a8e7cb3af8e5d376ac29c401f5a183b2242974930e81df54ac6b9e,f40ca51840cafb7bec2f9ce25adaa5165987e5eb,bias_kg,-141.67669290188826,kg
governance,S6_combined,rls,1,10.0,True,S6_combined__rls__seed1__control,b3cf8d14b3aed8b1d65ab4497dcbfb879dbda2ce1da03bb07f6401c9b4b9bd4a,f54c17346089ba805d00d389d8b7c1c3e1cdb89c6515d103c5f0f15f4eb61185,f40ca51840cafb7bec2f9ce25adaa5165987e5eb,bias_kg,-16.60118131423586,kg
governance,S6_combined,rls,1,10.0,False,S6_combined__rls__seed1__open,b3cf8d14b3aed8b1d65ab4497dcbfb879dbda2ce1da03bb07f6401c9b4b9bd4a,3bb55daaf14484e291ecf08771b15d5e23b5288c304675b08da573effc37cdb9,f40ca51840cafb7bec2f9ce25adaa5165987e5eb,bias_kg,-16.60118131423586,kg
governance,S6_combined,rls,2,10.0,True,S6_combined__rls__seed2__control,e4f7ab87faf6982be139dc8af97757bff8d540d357c41e3d06ec298e4dd75854,f54c17346089ba805d00d389d8b7c1c3e1cdb89c6515d103c5f0f15f4eb61185,f40ca51840cafb7bec2f9ce25adaa5165987e5eb,bias_kg,-96.2808803667787,kg
governance,S6_combined,rls,2,10.0,False,S6_combined__rls__seed2__open,e4f7ab87faf6982be139dc8af97757bff8d540d357c41e3d06ec298e4dd75854,3bb55daaf14484e291ecf08771b15d5e23b5288c304675b08da573effc37cdb9,f40ca51840cafb7bec2f9ce25adaa5165987e5eb,bias_kg,-96.2808803667787,kg
governance,S6_combined,rls,3,10.0,True,S6_combined__rls__seed3__control,c371bfebbbdb510b204e19fcaedea3c47a4e8b6d77499f04ee6ac55d13fed988,f54c17346089ba805d00d389d8b7c1c3e1cdb89c6515d103c5f0f15f4eb61185,f40ca51840cafb7bec2f9ce25adaa5165987e5eb,bias_kg,-11.45941096184464,kg
governance,S6_combined,rls,3,10.0,False,S6_combined__rls__seed3__open,c371bfebbbdb510b204e19fcaedea3c47a4e8b6d77499f04ee6ac55d13fed988,3bb55daaf14484e291ecf08771b15d5e23b5288c304675b08da573effc37cdb9,f40ca51840cafb7bec2f9ce25adaa5165987e5eb,bias_kg,-32.52532447278031,kg
governance,S6_combined,kalman,1,10.0,True,S6_combined__kalman__seed1__control,b3cf8d14b3aed8b1d65ab4497dcbfb879dbda2ce1da03bb07f6401c9b4b9bd4a,2dcdf9429baa9fcc847cc03bb3eb992a0574d0c81dcfbd456974ff9264223f13,f40ca51840cafb7bec2f9ce25adaa5165987e5eb,bias_kg,34.41669413109707,kg
governance,S6_combined,kalman,1,10.0,False,S6_combined__kalman__seed1__open,b3cf8d14b3aed8b1d65ab4497dcbfb879dbda2ce1da03bb07f6401c9b4b9bd4a,4aaa8c3f03ce9dc885a57217fab5963a0f4f62bf0aeb158bd3d5dbbb953f3e3d,f40ca51840cafb7bec2f9ce25adaa5165987e5eb,bias_kg,34.41669413109707,kg
governance,S6_combined,kalman,2,10.0,True,S6_combined__kalman__seed2__control,e4f7ab87faf6982be139dc8af97757bff8d540d357c41e3d06ec298e4dd75854,2dcdf9429baa9fcc847cc03bb3eb992a0574d0c81dcfbd456974ff9264223f13,f40ca51840cafb7bec2f9ce25adaa5165987e5eb,bias_kg,-75.52810943575139,kg
governance,S6_combined,kalman,2,10.0,False,S6_combined__kalman__seed2__open,e4f7ab87faf6982be139dc8af97757bff8d540d357c41e3d06ec298e4dd75854,4aaa8c3f03ce9dc885a57217fab5963a0f4f62bf0aeb158bd3d5dbbb953f3e3d,f40ca51840cafb7bec2f9ce25adaa5165987e5eb,bias_kg,-75.52810943575139,kg
governance,S6_combined,kalman,3,10.0,True,S6_combined__kalman__seed3__control,c371bfebbbdb510b204e19fcaedea3c47a4e8b6d77499f04ee6ac55d13fed988,2dcdf9429baa9fcc847cc03bb3eb992a0574d0c81dcfbd456974ff9264223f13,f40ca51840cafb7bec2f9ce25adaa5165987e5eb,bias_kg,30.203780714114167,kg
governance,S6_combined,kalman,3,10.0,False,S6_combined__kalman__seed3__open,c371bfebbbdb510b204e19fcaedea3c47a4e8b6d77499f04ee6ac55d13fed988,4aaa8c3f03ce9dc885a57217fab5963a0f4f62bf0aeb158bd3d5dbbb953f3e3d,f40ca51840cafb7bec2f9ce25adaa5165987e5eb,bias_kg,30.203780714114167,kg
governance,S6_combined,static_affine,1,10.0,True,S6_combined__static_affine__seed1__control,b3cf8d14b3aed8b1d65ab4497dcbfb879dbda2ce1da03bb07f6401c9b4b9bd4a,535f10e6c30103272f64653e50d0578cbf5af363b23f0ecbad28905519d7af3d,f40ca51840cafb7bec2f9ce25adaa5165987e5eb,dynamic_floor_kg,193.68324222731306,kg
governance,S6_combined,static_affine,1,10.0,False,S6_combined__static_affine__seed1__open,b3cf8d14b3aed8b1d65ab4497dcbfb879dbda2ce1da03bb07f6401c9b4b9bd4a,c6335bbd24a8e7cb3af8e5d376ac29c401f5a183b2242974930e81df54ac6b9e,f40ca51840cafb7bec2f9ce25adaa5165987e5eb,dynamic_floor_kg,193.68324222731306,kg
governance,S6_combined,static_affine,2,10.0,True,S6_combined__static_affine__seed2__control,e4f7ab87faf6982be139dc8af97757bff8d540d357c41e3d06ec298e4dd75854,535f10e6c30103272f64653e50d0578cbf5af363b23f0ecbad28905519d7af3d,f40ca51840cafb7bec2f9ce25adaa5165987e5eb,dynamic_floor_kg,185.12445235348383,kg
governance,S6_combined,static_affine,2,10.0,False,S6_combined__static_affine__seed2__open,e4f7ab87faf6982be139dc8af97757bff8d540d357c41e3d06ec298e4dd75854,c6335bbd24a8e7cb3af8e5d376ac29c401f5a183b2242974930e81df54ac6b9e,f40ca51840cafb7bec2f9ce25adaa5165987e5eb,dynamic_floor_kg,185.12445235348383,kg
governance,S6_combined,static_affine,3,10.0,True,S6_combined__static_affine__seed3__control,c371bfebbbdb510b204e19fcaedea3c47a4e8b6d77499f04ee6ac55d13fed988,535f10e6c30103272f64653e50d0578cbf5af363b23f0ecbad28905519d7af3d,f40ca51840cafb7bec2f9ce25adaa5165987e5eb,dynamic_floor_kg,183.63809539839113,kg
governance,S6_combined,static_affine,3,10.0,False,S6_combined__static_affine__seed3__open,c371bfebbbdb510b204e19fcaedea3c47a4e8b6d77499f04ee6ac55d13fed988,c6335bbd24a8e7cb3af8e5d376ac29c401f5a183b2242974930e81df54ac6b9e,f40ca51840cafb7bec2f9ce25adaa5165987e5eb,dynamic_floor_kg,183.63809539839113,kg
governance,S6_combined,rls,1,10.0,True,S6_combined__rls__seed1__control,b3cf8d14b3aed8b1d65ab4497dcbfb879dbda2ce1da03bb07f6401c9b4b9bd4a,f54c17346089ba805d00d389d8b7c1c3e1cdb89c6515d103c5f0f15f4eb61185,f40ca51840cafb7bec2f9ce25adaa5165987e5eb,dynamic_floor_kg,193.68324222731306,kg
governance,S6_combined,rls,1,10.0,False,S6_combined__rls__seed1__open,b3cf8d14b3aed8b1d65ab4497dcbfb879dbda2ce1da03bb07f6401c9b4b9bd4a,3bb55daaf14484e291ecf08771b15d5e23b5288c304675b08da573effc37cdb9,f40ca51840cafb7bec2f9ce25adaa5165987e5eb,dynamic_floor_kg,193.68324222731306,kg
governance,S6_combined,rls,2,10.0,True,S6_combined__rls__seed2__control,e4f7ab87faf6982be139dc8af97757bff8d540d357c41e3d06ec298e4dd75854,f54c17346089ba805d00d389d8b7c1c3e1cdb89c6515d103c5f0f15f4eb61185,f40ca51840cafb7bec2f9ce25adaa5165987e5eb,dynamic_floor_kg,185.12445235348383,kg
governance,S6_combined,rls,2,10.0,False,S6_combined__rls__seed2__open,e4f7ab87faf6982be139dc8af97757bff8d540d357c41e3d06ec298e4dd75854,3bb55daaf14484e291ecf08771b15d5e23b5288c304675b08da573effc37cdb9,f40ca51840cafb7bec2f9ce25adaa5165987e5eb,dynamic_floor_kg,185.12445235348383,kg
governance,S6_combined,rls,3,10.0,True,S6_combined__rls__seed3__control,c371bfebbbdb510b204e19fcaedea3c47a4e8b6d77499f04ee6ac55d13fed988,f54c17346089ba805d00d389d8b7c1c3e1cdb89c6515d103c5f0f15f4eb61185,f40ca51840cafb7bec2f9ce25adaa5165987e5eb,dynamic_floor_kg,183.63809539839113,kg
governance,S6_combined,rls,3,10.0,False,S6_combined__rls__seed3__open,c371bfebbbdb510b204e19fcaedea3c47a4e8b6d77499f04ee6ac55d13fed988,3bb55daaf14484e291ecf08771b15d5e23b5288c304675b08da573effc37cdb9,f40ca51840cafb7bec2f9ce25adaa5165987e5eb,dynamic_floor_kg,183.63809539839113,kg
governance,S6_combined,kalman,1,10.0,True,S6_combined__kalman__seed1__control,b3cf8d14b3aed8b1d65ab4497dcbfb879dbda2ce1da03bb07f6401c9b4b9bd4a,2dcdf9429baa9fcc847cc03bb3eb992a0574d0c81dcfbd456974ff9264223f13,f40ca51840cafb7bec2f9ce25adaa5165987e5eb,dynamic_floor_kg,193.68324222731306,kg
governance,S6_combined,kalman,1,10.0,False,S6_combined__kalman__seed1__open,b3cf8d14b3aed8b1d65ab4497dcbfb879dbda2ce1da03bb07f6401c9b4b9bd4a,4aaa8c3f03ce9dc885a57217fab5963a0f4f62bf0aeb158bd3d5dbbb953f3e3d,f40ca51840cafb7bec2f9ce25adaa5165987e5eb,dynamic_floor_kg,193.68324222731306,kg
governance,S6_combined,kalman,2,10.0,True,S6_combined__kalman__seed2__control,e4f7ab87faf6982be139dc8af97757bff8d540d357c41e3d06ec298e4dd75854,2dcdf9429baa9fcc847cc03bb3eb992a0574d0c81dcfbd456974ff9264223f13,f40ca51840cafb7bec2f9ce25adaa5165987e5eb,dynamic_floor_kg,185.12445235348383,kg
governance,S6_combined,kalman,2,10.0,False,S6_combined__kalman__seed2__open,e4f7ab87faf6982be139dc8af97757bff8d540d357c41e3d06ec298e4dd75854,4aaa8c3f03ce9dc885a57217fab5963a0f4f62bf0aeb158bd3d5dbbb953f3e3d,f40ca51840cafb7bec2f9ce25adaa5165987e5eb,dynamic_floor_kg,185.12445235348383,kg
governance,S6_combined,kalman,3,10.0,True,S6_combined__kalman__seed3__control,c371bfebbbdb510b204e19fcaedea3c47a4e8b6d77499f04ee6ac55d13fed988,2dcdf9429baa9fcc847cc03bb3eb992a0574d0c81dcfbd456974ff9264223f13,f40ca51840cafb7bec2f9ce25adaa5165987e5eb,dynamic_floor_kg,183.63809539839113,kg
governance,S6_combined,kalman,3,10.0,False,S6_combined__kalman__seed3__open,c371bfebbbdb510b204e19fcaedea3c47a4e8b6d77499f04ee6ac55d13fed988,4aaa8c3f03ce9dc885a57217fab5963a0f4f62bf0aeb158bd3d5dbbb953f3e3d,f40ca51840cafb7bec2f9ce25adaa5165987e5eb,dynamic_floor_kg,183.63809539839113,kg
governance,S6_combined,static_affine,1,10.0,True,S6_combined__static_affine__seed1__control,b3cf8d14b3aed8b1d65ab4497dcbfb879dbda2ce1da03bb07f6401c9b4b9bd4a,535f10e6c30103272f64653e50d0578cbf5af363b23f0ecbad28905519d7af3d,f40ca51840cafb7bec2f9ce25adaa5165987e5eb,mean_interval_width_kg,1428.6764399657561,kg
governance,S6_combined,static_affine,1,10.0,False,S6_combined__static_affine__seed1__open,b3cf8d14b3aed8b1d65ab4497dcbfb879dbda2ce1da03bb07f6401c9b4b9bd4a,c6335bbd24a8e7cb3af8e5d376ac29c401f5a183b2242974930e81df54ac6b9e,f40ca51840cafb7bec2f9ce25adaa5165987e5eb,mean_interval_width_kg,1428.6764399657561,kg
governance,S6_combined,static_affine,2,10.0,True,S6_combined__static_affine__seed2__control,e4f7ab87faf6982be139dc8af97757bff8d540d357c41e3d06ec298e4dd75854,535f10e6c30103272f64653e50d0578cbf5af363b23f0ecbad28905519d7af3d,f40ca51840cafb7bec2f9ce25adaa5165987e5eb,mean_interval_width_kg,1515.6889433052597,kg
governance,S6_combined,static_affine,2,10.0,False,S6_combined__static_affine__seed2__open,e4f7ab87faf6982be139dc8af97757bff8d540d357c41e3d06ec298e4dd75854,c6335bbd24a8e7cb3af8e5d376ac29c401f5a183b2242974930e81df54ac6b9e,f40ca51840cafb7bec2f9ce25adaa5165987e5eb,mean_interval_width_kg,1310.566340355132,kg
governance,S6_combined,static_affine,3,10.0,True,S6_combined__static_affine__seed3__control,c371bfebbbdb510b204e19fcaedea3c47a4e8b6d77499f04ee6ac55d13fed988,535f10e6c30103272f64653e50d0578cbf5af363b23f0ecbad28905519d7af3d,f40ca51840cafb7bec2f9ce25adaa5165987e5eb,mean_interval_width_kg,1671.542236402821,kg
governance,S6_combined,static_affine,3,10.0,False,S6_combined__static_affine__seed3__open,c371bfebbbdb510b204e19fcaedea3c47a4e8b6d77499f04ee6ac55d13fed988,c6335bbd24a8e7cb3af8e5d376ac29c401f5a183b2242974930e81df54ac6b9e,f40ca51840cafb7bec2f9ce25adaa5165987e5eb,mean_interval_width_kg,1411.135995886126,kg
governance,S6_combined,rls,1,10.0,True,S6_combined__rls__seed1__control,b3cf8d14b3aed8b1d65ab4497dcbfb879dbda2ce1da03bb07f6401c9b4b9bd4a,f54c17346089ba805d00d389d8b7c1c3e1cdb89c6515d103c5f0f15f4eb61185,f40ca51840cafb7bec2f9ce25adaa5165987e5eb,mean_interval_width_kg,1411.1221297732725,kg
governance,S6_combined,rls,1,10.0,False,S6_combined__rls__seed1__open,b3cf8d14b3aed8b1d65ab4497dcbfb879dbda2ce1da03bb07f6401c9b4b9bd4a,3bb55daaf14484e291ecf08771b15d5e23b5288c304675b08da573effc37cdb9,f40ca51840cafb7bec2f9ce25adaa5165987e5eb,mean_interval_width_kg,1411.1221297732725,kg
governance,S6_combined,rls,2,10.0,True,S6_combined__rls__seed2__control,e4f7ab87faf6982be139dc8af97757bff8d540d357c41e3d06ec298e4dd75854,f54c17346089ba805d00d389d8b7c1c3e1cdb89c6515d103c5f0f15f4eb61185,f40ca51840cafb7bec2f9ce25adaa5165987e5eb,mean_interval_width_kg,1272.8687719406294,kg
governance,S6_combined,rls,2,10.0,False,S6_combined__rls__seed2__open,e4f7ab87faf6982be139dc8af97757bff8d540d357c41e3d06ec298e4dd75854,3bb55daaf14484e291ecf08771b15d5e23b5288c304675b08da573effc37cdb9,f40ca51840cafb7bec2f9ce25adaa5165987e5eb,mean_interval_width_kg,1272.8687719406294,kg
governance,S6_combined,rls,3,10.0,True,S6_combined__rls__seed3__control,c371bfebbbdb510b204e19fcaedea3c47a4e8b6d77499f04ee6ac55d13fed988,f54c17346089ba805d00d389d8b7c1c3e1cdb89c6515d103c5f0f15f4eb61185,f40ca51840cafb7bec2f9ce25adaa5165987e5eb,mean_interval_width_kg,1538.9802618746564,kg
governance,S6_combined,rls,3,10.0,False,S6_combined__rls__seed3__open,c371bfebbbdb510b204e19fcaedea3c47a4e8b6d77499f04ee6ac55d13fed988,3bb55daaf14484e291ecf08771b15d5e23b5288c304675b08da573effc37cdb9,f40ca51840cafb7bec2f9ce25adaa5165987e5eb,mean_interval_width_kg,1377.8135071723389,kg
governance,S6_combined,kalman,1,10.0,True,S6_combined__kalman__seed1__control,b3cf8d14b3aed8b1d65ab4497dcbfb879dbda2ce1da03bb07f6401c9b4b9bd4a,2dcdf9429baa9fcc847cc03bb3eb992a0574d0c81dcfbd456974ff9264223f13,f40ca51840cafb7bec2f9ce25adaa5165987e5eb,mean_interval_width_kg,1651.5535608726386,kg
governance,S6_combined,kalman,1,10.0,False,S6_combined__kalman__seed1__open,b3cf8d14b3aed8b1d65ab4497dcbfb879dbda2ce1da03bb07f6401c9b4b9bd4a,4aaa8c3f03ce9dc885a57217fab5963a0f4f62bf0aeb158bd3d5dbbb953f3e3d,f40ca51840cafb7bec2f9ce25adaa5165987e5eb,mean_interval_width_kg,1651.5535608726386,kg
governance,S6_combined,kalman,2,10.0,True,S6_combined__kalman__seed2__control,e4f7ab87faf6982be139dc8af97757bff8d540d357c41e3d06ec298e4dd75854,2dcdf9429baa9fcc847cc03bb3eb992a0574d0c81dcfbd456974ff9264223f13,f40ca51840cafb7bec2f9ce25adaa5165987e5eb,mean_interval_width_kg,1329.4812856183187,kg
governance,S6_combined,kalman,2,10.0,False,S6_combined__kalman__seed2__open,e4f7ab87faf6982be139dc8af97757bff8d540d357c41e3d06ec298e4dd75854,4aaa8c3f03ce9dc885a57217fab5963a0f4f62bf0aeb158bd3d5dbbb953f3e3d,f40ca51840cafb7bec2f9ce25adaa5165987e5eb,mean_interval_width_kg,1329.4812856183187,kg
governance,S6_combined,kalman,3,10.0,True,S6_combined__kalman__seed3__control,c371bfebbbdb510b204e19fcaedea3c47a4e8b6d77499f04ee6ac55d13fed988,2dcdf9429baa9fcc847cc03bb3eb992a0574d0c81dcfbd456974ff9264223f13,f40ca51840cafb7bec2f9ce25adaa5165987e5eb,mean_interval_width_kg,1622.5016131195139,kg
governance,S6_combined,kalman,3,10.0,False,S6_combined__kalman__seed3__open,c371bfebbbdb510b204e19fcaedea3c47a4e8b6d77499f04ee6ac55d13fed988,4aaa8c3f03ce9dc885a57217fab5963a0f4f62bf0aeb158bd3d5dbbb953f3e3d,f40ca51840cafb7bec2f9ce25adaa5165987e5eb,mean_interval_width_kg,1622.5016131195139,kg
governance,S6_combined,static_affine,1,10.0,True,S6_combined__static_affine__seed1__control,b3cf8d14b3aed8b1d65ab4497dcbfb879dbda2ce1da03bb07f6401c9b4b9bd4a,535f10e6c30103272f64653e50d0578cbf5af363b23f0ecbad28905519d7af3d,f40ca51840cafb7bec2f9ce25adaa5165987e5eb,baseline_error_kg,-6.067926690274135,kg
governance,S6_combined,static_affine,1,10.0,False,S6_combined__static_affine__seed1__open,b3cf8d14b3aed8b1d65ab4497dcbfb879dbda2ce1da03bb07f6401c9b4b9bd4a,c6335bbd24a8e7cb3af8e5d376ac29c401f5a183b2242974930e81df54ac6b9e,f40ca51840cafb7bec2f9ce25adaa5165987e5eb,baseline_error_kg,-6.067926690274135,kg
governance,S6_combined,static_affine,2,10.0,True,S6_combined__static_affine__seed2__control,e4f7ab87faf6982be139dc8af97757bff8d540d357c41e3d06ec298e4dd75854,535f10e6c30103272f64653e50d0578cbf5af363b23f0ecbad28905519d7af3d,f40ca51840cafb7bec2f9ce25adaa5165987e5eb,baseline_error_kg,10.38343233894102,kg
governance,S6_combined,static_affine,2,10.0,False,S6_combined__static_affine__seed2__open,e4f7ab87faf6982be139dc8af97757bff8d540d357c41e3d06ec298e4dd75854,c6335bbd24a8e7cb3af8e5d376ac29c401f5a183b2242974930e81df54ac6b9e,f40ca51840cafb7bec2f9ce25adaa5165987e5eb,baseline_error_kg,10.38343233894102,kg
governance,S6_combined,static_affine,3,10.0,True,S6_combined__static_affine__seed3__control,c371bfebbbdb510b204e19fcaedea3c47a4e8b6d77499f04ee6ac55d13fed988,535f10e6c30103272f64653e50d0578cbf5af363b23f0ecbad28905519d7af3d,f40ca51840cafb7bec2f9ce25adaa5165987e5eb,baseline_error_kg,-4.187459822799269,kg
governance,S6_combined,static_affine,3,10.0,False,S6_combined__static_affine__seed3__open,c371bfebbbdb510b204e19fcaedea3c47a4e8b6d77499f04ee6ac55d13fed988,c6335bbd24a8e7cb3af8e5d376ac29c401f5a183b2242974930e81df54ac6b9e,f40ca51840cafb7bec2f9ce25adaa5165987e5eb,baseline_error_kg,-4.187459822799269,kg
governance,S6_combined,rls,1,10.0,True,S6_combined__rls__seed1__control,b3cf8d14b3aed8b1d65ab4497dcbfb879dbda2ce1da03bb07f6401c9b4b9bd4a,f54c17346089ba805d00d389d8b7c1c3e1cdb89c6515d103c5f0f15f4eb61185,f40ca51840cafb7bec2f9ce25adaa5165987e5eb,baseline_error_kg,26.105167171353287,kg
governance,S6_combined,rls,1,10.0,False,S6_combined__rls__seed1__open,b3cf8d14b3aed8b1d65ab4497dcbfb879dbda2ce1da03bb07f6401c9b4b9bd4a,3bb55daaf14484e291ecf08771b15d5e23b5288c304675b08da573effc37cdb9,f40ca51840cafb7bec2f9ce25adaa5165987e5eb,baseline_error_kg,26.105167171353287,kg
governance,S6_combined,rls,2,10.0,True,S6_combined__rls__seed2__control,e4f7ab87faf6982be139dc8af97757bff8d540d357c41e3d06ec298e4dd75854,f54c17346089ba805d00d389d8b7c1c3e1cdb89c6515d103c5f0f15f4eb61185,f40ca51840cafb7bec2f9ce25adaa5165987e5eb,baseline_error_kg,-6.065247330428633,kg
governance,S6_combined,rls,2,10.0,False,S6_combined__rls__seed2__open,e4f7ab87faf6982be139dc8af97757bff8d540d357c41e3d06ec298e4dd75854,3bb55daaf14484e291ecf08771b15d5e23b5288c304675b08da573effc37cdb9,f40ca51840cafb7bec2f9ce25adaa5165987e5eb,baseline_error_kg,-6.065247330428633,kg
governance,S6_combined,rls,3,10.0,True,S6_combined__rls__seed3__control,c371bfebbbdb510b204e19fcaedea3c47a4e8b6d77499f04ee6ac55d13fed988,f54c17346089ba805d00d389d8b7c1c3e1cdb89c6515d103c5f0f15f4eb61185,f40ca51840cafb7bec2f9ce25adaa5165987e5eb,baseline_error_kg,23.044722383523094,kg
governance,S6_combined,rls,3,10.0,False,S6_combined__rls__seed3__open,c371bfebbbdb510b204e19fcaedea3c47a4e8b6d77499f04ee6ac55d13fed988,3bb55daaf14484e291ecf08771b15d5e23b5288c304675b08da573effc37cdb9,f40ca51840cafb7bec2f9ce25adaa5165987e5eb,baseline_error_kg,23.044722383523094,kg
governance,S6_combined,kalman,1,10.0,True,S6_combined__kalman__seed1__control,b3cf8d14b3aed8b1d65ab4497dcbfb879dbda2ce1da03bb07f6401c9b4b9bd4a,2dcdf9429baa9fcc847cc03bb3eb992a0574d0c81dcfbd456974ff9264223f13,f40ca51840cafb7bec2f9ce25adaa5165987e5eb,baseline_error_kg,-11.395261482824594,kg
governance,S6_combined,kalman,1,10.0,False,S6_combined__kalman__seed1__open,b3cf8d14b3aed8b1d65ab4497dcbfb879dbda2ce1da03bb07f6401c9b4b9bd4a,4aaa8c3f03ce9dc885a57217fab5963a0f4f62bf0aeb158bd3d5dbbb953f3e3d,f40ca51840cafb7bec2f9ce25adaa5165987e5eb,baseline_error_kg,-11.395261482824594,kg
governance,S6_combined,kalman,2,10.0,True,S6_combined__kalman__seed2__control,e4f7ab87faf6982be139dc8af97757bff8d540d357c41e3d06ec298e4dd75854,2dcdf9429baa9fcc847cc03bb3eb992a0574d0c81dcfbd456974ff9264223f13,f40ca51840cafb7bec2f9ce25adaa5165987e5eb,baseline_error_kg,-16.89611695270105,kg
governance,S6_combined,kalman,2,10.0,False,S6_combined__kalman__seed2__open,e4f7ab87faf6982be139dc8af97757bff8d540d357c41e3d06ec298e4dd75854,4aaa8c3f03ce9dc885a57217fab5963a0f4f62bf0aeb158bd3d5dbbb953f3e3d,f40ca51840cafb7bec2f9ce25adaa5165987e5eb,baseline_error_kg,-16.89611695270105,kg
governance,S6_combined,kalman,3,10.0,True,S6_combined__kalman__seed3__control,c371bfebbbdb510b204e19fcaedea3c47a4e8b6d77499f04ee6ac55d13fed988,2dcdf9429baa9fcc847cc03bb3eb992a0574d0c81dcfbd456974ff9264223f13,f40ca51840cafb7bec2f9ce25adaa5165987e5eb,baseline_error_kg,9.237440463058988,kg
governance,S6_combined,kalman,3,10.0,False,S6_combined__kalman__seed3__open,c371bfebbbdb510b204e19fcaedea3c47a4e8b6d77499f04ee6ac55d13fed988,4aaa8c3f03ce9dc885a57217fab5963a0f4f62bf0aeb158bd3d5dbbb953f3e3d,f40ca51840cafb7bec2f9ce25adaa5165987e5eb,baseline_error_kg,9.237440463058988,kg
governance,S6_combined,static_affine,1,10.0,True,S6_combined__static_affine__seed1__control,b3cf8d14b3aed8b1d65ab4497dcbfb879dbda2ce1da03bb07f6401c9b4b9bd4a,535f10e6c30103272f64653e50d0578cbf5af363b23f0ecbad28905519d7af3d,f40ca51840cafb7bec2f9ce25adaa5165987e5eb,final_error_kg,-103.68612673895234,kg
governance,S6_combined,static_affine,1,10.0,False,S6_combined__static_affine__seed1__open,b3cf8d14b3aed8b1d65ab4497dcbfb879dbda2ce1da03bb07f6401c9b4b9bd4a,c6335bbd24a8e7cb3af8e5d376ac29c401f5a183b2242974930e81df54ac6b9e,f40ca51840cafb7bec2f9ce25adaa5165987e5eb,final_error_kg,-103.68612673895234,kg
governance,S6_combined,static_affine,2,10.0,True,S6_combined__static_affine__seed2__control,e4f7ab87faf6982be139dc8af97757bff8d540d357c41e3d06ec298e4dd75854,535f10e6c30103272f64653e50d0578cbf5af363b23f0ecbad28905519d7af3d,f40ca51840cafb7bec2f9ce25adaa5165987e5eb,final_error_kg,-1219.3966700831702,kg
governance,S6_combined,static_affine,2,10.0,False,S6_combined__static_affine__seed2__open,e4f7ab87faf6982be139dc8af97757bff8d540d357c41e3d06ec298e4dd75854,c6335bbd24a8e7cb3af8e5d376ac29c401f5a183b2242974930e81df54ac6b9e,f40ca51840cafb7bec2f9ce25adaa5165987e5eb,final_error_kg,-1304.552867216457,kg
governance,S6_combined,static_affine,3,10.0,True,S6_combined__static_affine__seed3__control,c371bfebbbdb510b204e19fcaedea3c47a4e8b6d77499f04ee6ac55d13fed988,535f10e6c30103272f64653e50d0578cbf5af363b23f0ecbad28905519d7af3d,f40ca51840cafb7bec2f9ce25adaa5165987e5eb,final_error_kg,197.31157374932923,kg
governance,S6_combined,static_affine,3,10.0,False,S6_combined__static_affine__seed3__open,c371bfebbbdb510b204e19fcaedea3c47a4e8b6d77499f04ee6ac55d13fed988,c6335bbd24a8e7cb3af8e5d376ac29c401f5a183b2242974930e81df54ac6b9e,f40ca51840cafb7bec2f9ce25adaa5165987e5eb,final_error_kg,18.978518421908802,kg
governance,S6_combined,rls,1,10.0,True,S6_combined__rls__seed1__control,b3cf8d14b3aed8b1d65ab4497dcbfb879dbda2ce1da03bb07f6401c9b4b9bd4a,f54c17346089ba805d00d389d8b7c1c3e1cdb89c6515d103c5f0f15f4eb61185,f40ca51840cafb7bec2f9ce25adaa5165987e5eb,final_error_kg,555.4928149451399,kg
governance,S6_combined,rls,1,10.0,False,S6_combined__rls__seed1__open,b3cf8d14b3aed8b1d65ab4497dcbfb879dbda2ce1da03bb07f6401c9b4b9bd4a,3bb55daaf14484e291ecf08771b15d5e23b5288c304675b08da573effc37cdb9,f40ca51840cafb7bec2f9ce25adaa5165987e5eb,final_error_kg,555.4928149451399,kg
governance,S6_combined,rls,2,10.0,True,S6_combined__rls__seed2__control,e4f7ab87faf6982be139dc8af97757bff8d540d357c41e3d06ec298e4dd75854,f54c17346089ba805d00d389d8b7c1c3e1cdb89c6515d103c5f0f15f4eb61185,f40ca51840cafb7bec2f9ce25adaa5165987e5eb,final_error_kg,-1205.8846051703465,kg
governance,S6_combined,rls,2,10.0,False,S6_combined__rls__seed2__open,e4f7ab87faf6982be139dc8af97757bff8d540d357c41e3d06ec298e4dd75854,3bb55daaf14484e291ecf08771b15d5e23b5288c304675b08da573effc37cdb9,f40ca51840cafb7bec2f9ce25adaa5165987e5eb,final_error_kg,-1205.8846051703465,kg
governance,S6_combined,rls,3,10.0,True,S6_combined__rls__seed3__control,c371bfebbbdb510b204e19fcaedea3c47a4e8b6d77499f04ee6ac55d13fed988,f54c17346089ba805d00d389d8b7c1c3e1cdb89c6515d103c5f0f15f4eb61185,f40ca51840cafb7bec2f9ce25adaa5165987e5eb,final_error_kg,1092.7308775608735,kg
governance,S6_combined,rls,3,10.0,False,S6_combined__rls__seed3__open,c371bfebbbdb510b204e19fcaedea3c47a4e8b6d77499f04ee6ac55d13fed988,3bb55daaf14484e291ecf08771b15d5e23b5288c304675b08da573effc37cdb9,f40ca51840cafb7bec2f9ce25adaa5165987e5eb,final_error_kg,1006.1240817765664,kg
governance,S6_combined,kalman,1,10.0,True,S6_combined__kalman__seed1__control,b3cf8d14b3aed8b1d65ab4497dcbfb879dbda2ce1da03bb07f6401c9b4b9bd4a,2dcdf9429baa9fcc847cc03bb3eb992a0574d0c81dcfbd456974ff9264223f13,f40ca51840cafb7bec2f9ce25adaa5165987e5eb,final_error_kg,-1160.856671989286,kg
governance,S6_combined,kalman,1,10.0,False,S6_combined__kalman__seed1__open,b3cf8d14b3aed8b1d65ab4497dcbfb879dbda2ce1da03bb07f6401c9b4b9bd4a,4aaa8c3f03ce9dc885a57217fab5963a0f4f62bf0aeb158bd3d5dbbb953f3e3d,f40ca51840cafb7bec2f9ce25adaa5165987e5eb,final_error_kg,-1160.856671989286,kg
governance,S6_combined,kalman,2,10.0,True,S6_combined__kalman__seed2__control,e4f7ab87faf6982be139dc8af97757bff8d540d357c41e3d06ec298e4dd75854,2dcdf9429baa9fcc847cc03bb3eb992a0574d0c81dcfbd456974ff9264223f13,f40ca51840cafb7bec2f9ce25adaa5165987e5eb,final_error_kg,-2264.5832176584686,kg
governance,S6_combined,kalman,2,10.0,False,S6_combined__kalman__seed2__open,e4f7ab87faf6982be139dc8af97757bff8d540d357c41e3d06ec298e4dd75854,4aaa8c3f03ce9dc885a57217fab5963a0f4f62bf0aeb158bd3d5dbbb953f3e3d,f40ca51840cafb7bec2f9ce25adaa5165987e5eb,final_error_kg,-2264.5832176584686,kg
governance,S6_combined,kalman,3,10.0,True,S6_combined__kalman__seed3__control,c371bfebbbdb510b204e19fcaedea3c47a4e8b6d77499f04ee6ac55d13fed988,2dcdf9429baa9fcc847cc03bb3eb992a0574d0c81dcfbd456974ff9264223f13,f40ca51840cafb7bec2f9ce25adaa5165987e5eb,final_error_kg,-171.51756480471943,kg
governance,S6_combined,kalman,3,10.0,False,S6_combined__kalman__seed3__open,c371bfebbbdb510b204e19fcaedea3c47a4e8b6d77499f04ee6ac55d13fed988,4aaa8c3f03ce9dc885a57217fab5963a0f4f62bf0aeb158bd3d5dbbb953f3e3d,f40ca51840cafb7bec2f9ce25adaa5165987e5eb,final_error_kg,-171.51756480471943,kg
governance,S6_combined,static_affine,1,10.0,True,S6_combined__static_affine__seed1__control,b3cf8d14b3aed8b1d65ab4497dcbfb879dbda2ce1da03bb07f6401c9b4b9bd4a,535f10e6c30103272f64653e50d0578cbf5af363b23f0ecbad28905519d7af3d,f40ca51840cafb7bec2f9ce25adaa5165987e5eb,mape,0.22774746355632544,fraction
governance,S6_combined,static_affine,1,10.0,False,S6_combined__static_affine__seed1__open,b3cf8d14b3aed8b1d65ab4497dcbfb879dbda2ce1da03bb07f6401c9b4b9bd4a,c6335bbd24a8e7cb3af8e5d376ac29c401f5a183b2242974930e81df54ac6b9e,f40ca51840cafb7bec2f9ce25adaa5165987e5eb,mape,0.22774746355632544,fraction
governance,S6_combined,static_affine,2,10.0,True,S6_combined__static_affine__seed2__control,e4f7ab87faf6982be139dc8af97757bff8d540d357c41e3d06ec298e4dd75854,535f10e6c30103272f64653e50d0578cbf5af363b23f0ecbad28905519d7af3d,f40ca51840cafb7bec2f9ce25adaa5165987e5eb,mape,0.19307424444949683,fraction
governance,S6_combined,static_affine,2,10.0,False,S6_combined__static_affine__seed2__open,e4f7ab87faf6982be139dc8af97757bff8d540d357c41e3d06ec298e4dd75854,c6335bbd24a8e7cb3af8e5d376ac29c401f5a183b2242974930e81df54ac6b9e,f40ca51840cafb7bec2f9ce25adaa5165987e5eb,mape,0.1866680869208122,fraction
governance,S6_combined,static_affine,3,10.0,True,S6_combined__static_affine__seed3__control,c371bfebbbdb510b204e19fcaedea3c47a4e8b6d77499f04ee6ac55d13fed988,535f10e6c30103272f64653e50d0578cbf5af363b23f0ecbad28905519d7af3d,f40ca51840cafb7bec2f9ce25adaa5165987e5eb,mape,0.22287367262714894,fraction
governance,S6_combined,static_affine,3,10.0,False,S6_combined__static_affine__seed3__open,c371bfebbbdb510b204e19fcaedea3c47a4e8b6d77499f04ee6ac55d13fed988,c6335bbd24a8e7cb3af8e5d376ac29c401f5a183b2242974930e81df54ac6b9e,f40ca51840cafb7bec2f9ce25adaa5165987e5eb,mape,0.20970620318833397,fraction
governance,S6_combined,rls,1,10.0,True,S6_combined__rls__seed1__control,b3cf8d14b3aed8b1d65ab4497dcbfb879dbda2ce1da03bb07f6401c9b4b9bd4a,f54c17346089ba805d00d389d8b7c1c3e1cdb89c6515d103c5f0f15f4eb61185,f40ca51840cafb7bec2f9ce25adaa5165987e5eb,mape,0.21607150134838496,fraction
governance,S6_combined,rls,1,10.0,False,S6_combined__rls__seed1__open,b3cf8d14b3aed8b1d65ab4497dcbfb879dbda2ce1da03bb07f6401c9b4b9bd4a,3bb55daaf14484e291ecf08771b15d5e23b5288c304675b08da573effc37cdb9,f40ca51840cafb7bec2f9ce25adaa5165987e5eb,mape,0.21607150134838496,fraction
governance,S6_combined,rls,2,10.0,True,S6_combined__rls__seed2__control,e4f7ab87faf6982be139dc8af97757bff8d540d357c41e3d06ec298e4dd75854,f54c17346089ba805d00d389d8b7c1c3e1cdb89c6515d103c5f0f15f4eb61185,f40ca51840cafb7bec2f9ce25adaa5165987e5eb,mape,0.18061469892944093,fraction
governance,S6_combined,rls,2,10.0,False,S6_combined__rls__seed2__open,e4f7ab87faf6982be139dc8af97757bff8d540d357c41e3d06ec298e4dd75854,3bb55daaf14484e291ecf08771b15d5e23b5288c304675b08da573effc37cdb9,f40ca51840cafb7bec2f9ce25adaa5165987e5eb,mape,0.18061469892944093,fraction
governance,S6_combined,rls,3,10.0,True,S6_combined__rls__seed3__control,c371bfebbbdb510b204e19fcaedea3c47a4e8b6d77499f04ee6ac55d13fed988,f54c17346089ba805d00d389d8b7c1c3e1cdb89c6515d103c5f0f15f4eb61185,f40ca51840cafb7bec2f9ce25adaa5165987e5eb,mape,0.2002998913546432,fraction
governance,S6_combined,rls,3,10.0,False,S6_combined__rls__seed3__open,c371bfebbbdb510b204e19fcaedea3c47a4e8b6d77499f04ee6ac55d13fed988,3bb55daaf14484e291ecf08771b15d5e23b5288c304675b08da573effc37cdb9,f40ca51840cafb7bec2f9ce25adaa5165987e5eb,mape,0.19852672699694052,fraction
governance,S6_combined,kalman,1,10.0,True,S6_combined__kalman__seed1__control,b3cf8d14b3aed8b1d65ab4497dcbfb879dbda2ce1da03bb07f6401c9b4b9bd4a,2dcdf9429baa9fcc847cc03bb3eb992a0574d0c81dcfbd456974ff9264223f13,f40ca51840cafb7bec2f9ce25adaa5165987e5eb,mape,0.2495201143605278,fraction
governance,S6_combined,kalman,1,10.0,False,S6_combined__kalman__seed1__open,b3cf8d14b3aed8b1d65ab4497dcbfb879dbda2ce1da03bb07f6401c9b4b9bd4a,4aaa8c3f03ce9dc885a57217fab5963a0f4f62bf0aeb158bd3d5dbbb953f3e3d,f40ca51840cafb7bec2f9ce25adaa5165987e5eb,mape,0.2495201143605278,fraction
governance,S6_combined,kalman,2,10.0,True,S6_combined__kalman__seed2__control,e4f7ab87faf6982be139dc8af97757bff8d540d357c41e3d06ec298e4dd75854,2dcdf9429baa9fcc847cc03bb3eb992a0574d0c81dcfbd456974ff9264223f13,f40ca51840cafb7bec2f9ce25adaa5165987e5eb,mape,0.19807650194090407,fraction
governance,S6_combined,kalman,2,10.0,False,S6_combined__kalman__seed2__open,e4f7ab87faf6982be139dc8af97757bff8d540d357c41e3d06ec298e4dd75854,4aaa8c3f03ce9dc885a57217fab5963a0f4f62bf0aeb158bd3d5dbbb953f3e3d,f40ca51840cafb7bec2f9ce25adaa5165987e5eb,mape,0.19807650194090407,fraction
governance,S6_combined,kalman,3,10.0,True,S6_combined__kalman__seed3__control,c371bfebbbdb510b204e19fcaedea3c47a4e8b6d77499f04ee6ac55d13fed988,2dcdf9429baa9fcc847cc03bb3eb992a0574d0c81dcfbd456974ff9264223f13,f40ca51840cafb7bec2f9ce25adaa5165987e5eb,mape,0.2429252592576394,fraction
governance,S6_combined,kalman,3,10.0,False,S6_combined__kalman__seed3__open,c371bfebbbdb510b204e19fcaedea3c47a4e8b6d77499f04ee6ac55d13fed988,4aaa8c3f03ce9dc885a57217fab5963a0f4f62bf0aeb158bd3d5dbbb953f3e3d,f40ca51840cafb7bec2f9ce25adaa5165987e5eb,mape,0.2429252592576394,fraction
governance,S6_combined,static_affine,1,10.0,True,S6_combined__static_affine__seed1__control,b3cf8d14b3aed8b1d65ab4497dcbfb879dbda2ce1da03bb07f6401c9b4b9bd4a,535f10e6c30103272f64653e50d0578cbf5af363b23f0ecbad28905519d7af3d,f40ca51840cafb7bec2f9ce25adaa5165987e5eb,coverage,0.9016393442622951,fraction
governance,S6_combined,static_affine,1,10.0,False,S6_combined__static_affine__seed1__open,b3cf8d14b3aed8b1d65ab4497dcbfb879dbda2ce1da03bb07f6401c9b4b9bd4a,c6335bbd24a8e7cb3af8e5d376ac29c401f5a183b2242974930e81df54ac6b9e,f40ca51840cafb7bec2f9ce25adaa5165987e5eb,coverage,0.9016393442622951,fraction
governance,S6_combined,static_affine,2,10.0,True,S6_combined__static_affine__seed2__control,e4f7ab87faf6982be139dc8af97757bff8d540d357c41e3d06ec298e4dd75854,535f10e6c30103272f64653e50d0578cbf5af363b23f0ecbad28905519d7af3d,f40ca51840cafb7bec2f9ce25adaa5165987e5eb,coverage,0.9157458563535912,fraction
governance,S6_combined,static_affine,2,10.0,False,S6_combined__static_affine__seed2__open,e4f7ab87faf6982be139dc8af97757bff8d540d357c41e3d06ec298e4dd75854,c6335bbd24a8e7cb3af8e5d376ac29c401f5a183b2242974930e81df54ac6b9e,f40ca51840cafb7bec2f9ce25adaa5165987e5eb,coverage,0.8924625098658248,fraction
governance,S6_combined,static_affine,3,10.0,True,S6_combined__static_affine__seed3__control,c371bfebbbdb510b204e19fcaedea3c47a4e8b6d77499f04ee6ac55d13fed988,535f10e6c30103272f64653e50d0578cbf5af363b23f0ecbad28905519d7af3d,f40ca51840cafb7bec2f9ce25adaa5165987e5eb,coverage,0.9206569054214484,fraction
governance,S6_combined,static_affine,3,10.0,False,S6_combined__static_affine__seed3__open,c371bfebbbdb510b204e19fcaedea3c47a4e8b6d77499f04ee6ac55d13fed988,c6335bbd24a8e7cb3af8e5d376ac29c401f5a183b2242974930e81df54ac6b9e,f40ca51840cafb7bec2f9ce25adaa5165987e5eb,coverage,0.9020577760189948,fraction
governance,S6_combined,rls,1,10.0,True,S6_combined__rls__seed1__control,b3cf8d14b3aed8b1d65ab4497dcbfb879dbda2ce1da03bb07f6401c9b4b9bd4a,f54c17346089ba805d00d389d8b7c1c3e1cdb89c6515d103c5f0f15f4eb61185,f40ca51840cafb7bec2f9ce25adaa5165987e5eb,coverage,0.9068372650939625,fraction
governance,S6_combined,rls,1,10.0,False,S6_combined__rls__seed1__open,b3cf8d14b3aed8b1d65ab4497dcbfb879dbda2ce1da03bb07f6401c9b4b9bd4a,3bb55daaf14484e291ecf08771b15d5e23b5288c304675b08da573effc37cdb9,f40ca51840cafb7bec2f9ce25adaa5165987e5eb,coverage,0.9068372650939625,fraction
governance,S6_combined,rls,2,10.0,True,S6_combined__rls__seed2__control,e4f7ab87faf6982be139dc8af97757bff8d540d357c41e3d06ec298e4dd75854,f54c17346089ba805d00d389d8b7c1c3e1cdb89c6515d103c5f0f15f4eb61185,f40ca51840cafb7bec2f9ce25adaa5165987e5eb,coverage,0.9114048934490924,fraction
governance,S6_combined,rls,2,10.0,False,S6_combined__rls__seed2__open,e4f7ab87faf6982be139dc8af97757bff8d540d357c41e3d06ec298e4dd75854,3bb55daaf14484e291ecf08771b15d5e23b5288c304675b08da573effc37cdb9,f40ca51840cafb7bec2f9ce25adaa5165987e5eb,coverage,0.9114048934490924,fraction
governance,S6_combined,rls,3,10.0,True,S6_combined__rls__seed3__control,c371bfebbbdb510b204e19fcaedea3c47a4e8b6d77499f04ee6ac55d13fed988,f54c17346089ba805d00d389d8b7c1c3e1cdb89c6515d103c5f0f15f4eb61185,f40ca51840cafb7bec2f9ce25adaa5165987e5eb,coverage,0.9230312623664424,fraction
governance,S6_combined,rls,3,10.0,False,S6_combined__rls__seed3__open,c371bfebbbdb510b204e19fcaedea3c47a4e8b6d77499f04ee6ac55d13fed988,3bb55daaf14484e291ecf08771b15d5e23b5288c304675b08da573effc37cdb9,f40ca51840cafb7bec2f9ce25adaa5165987e5eb,coverage,0.9127423822714681,fraction
governance,S6_combined,kalman,1,10.0,True,S6_combined__kalman__seed1__control,b3cf8d14b3aed8b1d65ab4497dcbfb879dbda2ce1da03bb07f6401c9b4b9bd4a,2dcdf9429baa9fcc847cc03bb3eb992a0574d0c81dcfbd456974ff9264223f13,f40ca51840cafb7bec2f9ce25adaa5165987e5eb,coverage,0.9196321471411435,fraction
governance,S6_combined,kalman,1,10.0,False,S6_combined__kalman__seed1__open,b3cf8d14b3aed8b1d65ab4497dcbfb879dbda2ce1da03bb07f6401c9b4b9bd4a,4aaa8c3f03ce9dc885a57217fab5963a0f4f62bf0aeb158bd3d5dbbb953f3e3d,f40ca51840cafb7bec2f9ce25adaa5165987e5eb,coverage,0.9196321471411435,fraction
governance,S6_combined,kalman,2,10.0,True,S6_combined__kalman__seed2__control,e4f7ab87faf6982be139dc8af97757bff8d540d357c41e3d06ec298e4dd75854,2dcdf9429baa9fcc847cc03bb3eb992a0574d0c81dcfbd456974ff9264223f13,f40ca51840cafb7bec2f9ce25adaa5165987e5eb,coverage,0.9082478295185478,fraction
governance,S6_combined,kalman,2,10.0,False,S6_combined__kalman__seed2__open,e4f7ab87faf6982be139dc8af97757bff8d540d357c41e3d06ec298e4dd75854,4aaa8c3f03ce9dc885a57217fab5963a0f4f62bf0aeb158bd3d5dbbb953f3e3d,f40ca51840cafb7bec2f9ce25adaa5165987e5eb,coverage,0.9082478295185478,fraction
governance,S6_combined,kalman,3,10.0,True,S6_combined__kalman__seed3__control,c371bfebbbdb510b204e19fcaedea3c47a4e8b6d77499f04ee6ac55d13fed988,2dcdf9429baa9fcc847cc03bb3eb992a0574d0c81dcfbd456974ff9264223f13,f40ca51840cafb7bec2f9ce25adaa5165987e5eb,coverage,0.9279778393351801,fraction
governance,S6_combined,kalman,3,10.0,False,S6_combined__kalman__seed3__open,c371bfebbbdb510b204e19fcaedea3c47a4e8b6d77499f04ee6ac55d13fed988,4aaa8c3f03ce9dc885a57217fab5963a0f4f62bf0aeb158bd3d5dbbb953f3e3d,f40ca51840cafb7bec2f9ce25adaa5165987e5eb,coverage,0.9279778393351801,fraction
governance,S6_combined,static_affine,1,10.0,True,S6_combined__static_affine__seed1__control,b3cf8d14b3aed8b1d65ab4497dcbfb879dbda2ce1da03bb07f6401c9b4b9bd4a,535f10e6c30103272f64653e50d0578cbf5af363b23f0ecbad28905519d7af3d,f40ca51840cafb7bec2f9ce25adaa5165987e5eb,coverage_expected,0.901659496004917,fraction
governance,S6_combined,static_affine,1,10.0,False,S6_combined__static_affine__seed1__open,b3cf8d14b3aed8b1d65ab4497dcbfb879dbda2ce1da03bb07f6401c9b4b9bd4a,c6335bbd24a8e7cb3af8e5d376ac29c401f5a183b2242974930e81df54ac6b9e,f40ca51840cafb7bec2f9ce25adaa5165987e5eb,coverage_expected,0.901659496004917,fraction
governance,S6_combined,static_affine,2,10.0,True,S6_combined__static_affine__seed2__control,e4f7ab87faf6982be139dc8af97757bff8d540d357c41e3d06ec298e4dd75854,535f10e6c30103272f64653e50d0578cbf5af363b23f0ecbad28905519d7af3d,f40ca51840cafb7bec2f9ce25adaa5165987e5eb,coverage_expected,0.9169644734076099,fraction
governance,S6_combined,static_affine,2,10.0,False,S6_combined__static_affine__seed2__open,e4f7ab87faf6982be139dc8af97757bff8d540d357c41e3d06ec298e4dd75854,c6335bbd24a8e7cb3af8e5d376ac29c401f5a183b2242974930e81df54ac6b9e,f40ca51840cafb7bec2f9ce25adaa5165987e5eb,coverage_expected,0.8914493632504549,fraction
governance,S6_combined,static_affine,3,10.0,True,S6_combined__static_affine__seed3__control,c371bfebbbdb510b204e19fcaedea3c47a4e8b6d77499f04ee6ac55d13fed988,535f10e6c30103272f64653e50d0578cbf5af363b23f0ecbad28905519d7af3d,f40ca51840cafb7bec2f9ce25adaa5165987e5eb,coverage_expected,0.9186562433974224,fraction
governance,S6_combined,static_affine,3,10.0,False,S6_combined__static_affine__seed3__open,c371bfebbbdb510b204e19fcaedea3c47a4e8b6d77499f04ee6ac55d13fed988,c6335bbd24a8e7cb3af8e5d376ac29c401f5a183b2242974930e81df54ac6b9e,f40ca51840cafb7bec2f9ce25adaa5165987e5eb,coverage_expected,0.9006703229737965,fraction
governance,S6_combined,rls,1,10.0,True,S6_combined__rls__seed1__control,b3cf8d14b3aed8b1d65ab4497dcbfb879dbda2ce1da03bb07f6401c9b4b9bd4a,f54c17346089ba805d00d389d8b7c1c3e1cdb89c6515d103c5f0f15f4eb61185,f40ca51840cafb7bec2f9ce25adaa5165987e5eb,coverage_expected,0.9067813972546609,fraction
governance,S6_combined,rls,1,10.0,False,S6_combined__rls__seed1__open,b3cf8d14b3aed8b1d65ab4497dcbfb879dbda2ce1da03bb07f6401c9b4b9bd4a,3bb55daaf14484e291ecf08771b15d5e23b5288c304675b08da573effc37cdb9,f40ca51840cafb7bec2f9ce25adaa5165987e5eb,coverage_expected,0.9067813972546609,fraction
governance,S6_combined,rls,2,10.0,True,S6_combined__rls__seed2__control,e4f7ab87faf6982be139dc8af97757bff8d540d357c41e3d06ec298e4dd75854,f54c17346089ba805d00d389d8b7c1c3e1cdb89c6515d103c5f0f15f4eb61185,f40ca51840cafb7bec2f9ce25adaa5165987e5eb,coverage_expected,0.9108550636749545,fraction
governance,S6_combined,rls,2,10.0,False,S6_combined__rls__seed2__open,e4f7ab87faf6982be139dc8af97757bff8d540d357c41e3d06ec298e4dd75854,3bb55daaf14484e291ecf08771b15d5e23b5288c304675b08da573effc37cdb9,f40ca51840cafb7bec2f9ce25adaa5165987e5eb,coverage_expected,0.9108550636749545,fraction
governance,S6_combined,rls,3,10.0,True,S6_combined__rls__seed3__control,c371bfebbbdb510b204e19fcaedea3c47a4e8b6d77499f04ee6ac55d13fed988,f54c17346089ba805d00d389d8b7c1c3e1cdb89c6515d103c5f0f15f4eb61185,f40ca51840cafb7bec2f9ce25adaa5165987e5eb,coverage_expected,0.9209803507289246,fraction
governance,S6_combined,rls,3,10.0,False,S6_combined__rls__seed3__open,c371bfebbbdb510b204e19fcaedea3c47a4e8b6d77499f04ee6ac55d13fed988,3bb55daaf14484e291ecf08771b15d5e23b5288c304675b08da573effc37cdb9,f40ca51840cafb7bec2f9ce25adaa5165987e5eb,coverage_expected,0.9116392443631932,fraction
governance,S6_combined,kalman,1,10.0,True,S6_combined__kalman__seed1__control,b3cf8d14b3aed8b1d65ab4497dcbfb879dbda2ce1da03bb07f6401c9b4b9bd4a,2dcdf9429baa9fcc847cc03bb3eb992a0574d0c81dcfbd456974ff9264223f13,f40ca51840cafb7bec2f9ce25adaa5165987e5eb,coverage_expected,0.9192788363040361,fraction
governance,S6_combined,kalman,1,10.0,False,S6_combined__kalman__seed1__open,b3cf8d14b3aed8b1d65ab4497dcbfb879dbda2ce1da03bb07f6401c9b4b9bd4a,4aaa8c3f03ce9dc885a57217fab5963a0f4f62bf0aeb158bd3d5dbbb953f3e3d,f40ca51840cafb7bec2f9ce25adaa5165987e5eb,coverage_expected,0.9192788363040361,fraction
governance,S6_combined,kalman,2,10.0,True,S6_combined__kalman__seed2__control,e4f7ab87faf6982be139dc8af97757bff8d540d357c41e3d06ec298e4dd75854,2dcdf9429baa9fcc847cc03bb3eb992a0574d0c81dcfbd456974ff9264223f13,f40ca51840cafb7bec2f9ce25adaa5165987e5eb,coverage_expected,0.9076207802708712,fraction
governance,S6_combined,kalman,2,10.0,False,S6_combined__kalman__seed2__open,e4f7ab87faf6982be139dc8af97757bff8d540d357c41e3d06ec298e4dd75854,4aaa8c3f03ce9dc885a57217fab5963a0f4f62bf0aeb158bd3d5dbbb953f3e3d,f40ca51840cafb7bec2f9ce25adaa5165987e5eb,coverage_expected,0.9076207802708712,fraction
governance,S6_combined,kalman,3,10.0,True,S6_combined__kalman__seed3__control,c371bfebbbdb510b204e19fcaedea3c47a4e8b6d77499f04ee6ac55d13fed988,2dcdf9429baa9fcc847cc03bb3eb992a0574d0c81dcfbd456974ff9264223f13,f40ca51840cafb7bec2f9ce25adaa5165987e5eb,coverage_expected,0.9264676010562665,fraction
governance,S6_combined,kalman,3,10.0,False,S6_combined__kalman__seed3__open,c371bfebbbdb510b204e19fcaedea3c47a4e8b6d77499f04ee6ac55d13fed988,4aaa8c3f03ce9dc885a57217fab5963a0f4f62bf0aeb158bd3d5dbbb953f3e3d,f40ca51840cafb7bec2f9ce25adaa5165987e5eb,coverage_expected,0.9264676010562665,fraction
governance,S6_combined,static_affine,1,10.0,True,S6_combined__static_affine__seed1__control,b3cf8d14b3aed8b1d65ab4497dcbfb879dbda2ce1da03bb07f6401c9b4b9bd4a,535f10e6c30103272f64653e50d0578cbf5af363b23f0ecbad28905519d7af3d,f40ca51840cafb7bec2f9ce25adaa5165987e5eb,recall,0.5,fraction
governance,S6_combined,static_affine,1,10.0,False,S6_combined__static_affine__seed1__open,b3cf8d14b3aed8b1d65ab4497dcbfb879dbda2ce1da03bb07f6401c9b4b9bd4a,c6335bbd24a8e7cb3af8e5d376ac29c401f5a183b2242974930e81df54ac6b9e,f40ca51840cafb7bec2f9ce25adaa5165987e5eb,recall,0.0,fraction
governance,S6_combined,static_affine,2,10.0,True,S6_combined__static_affine__seed2__control,e4f7ab87faf6982be139dc8af97757bff8d540d357c41e3d06ec298e4dd75854,535f10e6c30103272f64653e50d0578cbf5af363b23f0ecbad28905519d7af3d,f40ca51840cafb7bec2f9ce25adaa5165987e5eb,recall,0.0,fraction
governance,S6_combined,static_affine,2,10.0,False,S6_combined__static_affine__seed2__open,e4f7ab87faf6982be139dc8af97757bff8d540d357c41e3d06ec298e4dd75854,c6335bbd24a8e7cb3af8e5d376ac29c401f5a183b2242974930e81df54ac6b9e,f40ca51840cafb7bec2f9ce25adaa5165987e5eb,recall,0.0,fraction
governance,S6_combined,static_affine,3,10.0,True,S6_combined__static_affine__seed3__control,c371bfebbbdb510b204e19fcaedea3c47a4e8b6d77499f04ee6ac55d13fed988,535f10e6c30103272f64653e50d0578cbf5af363b23f0ecbad28905519d7af3d,f40ca51840cafb7bec2f9ce25adaa5165987e5eb,recall,0.0,fraction
governance,S6_combined,static_affine,3,10.0,False,S6_combined__static_affine__seed3__open,c371bfebbbdb510b204e19fcaedea3c47a4e8b6d77499f04ee6ac55d13fed988,c6335bbd24a8e7cb3af8e5d376ac29c401f5a183b2242974930e81df54ac6b9e,f40ca51840cafb7bec2f9ce25adaa5165987e5eb,recall,0.0,fraction
governance,S6_combined,rls,1,10.0,True,S6_combined__rls__seed1__control,b3cf8d14b3aed8b1d65ab4497dcbfb879dbda2ce1da03bb07f6401c9b4b9bd4a,f54c17346089ba805d00d389d8b7c1c3e1cdb89c6515d103c5f0f15f4eb61185,f40ca51840cafb7bec2f9ce25adaa5165987e5eb,recall,0.0,fraction
governance,S6_combined,rls,1,10.0,False,S6_combined__rls__seed1__open,b3cf8d14b3aed8b1d65ab4497dcbfb879dbda2ce1da03bb07f6401c9b4b9bd4a,3bb55daaf14484e291ecf08771b15d5e23b5288c304675b08da573effc37cdb9,f40ca51840cafb7bec2f9ce25adaa5165987e5eb,recall,0.0,fraction
governance,S6_combined,rls,2,10.0,True,S6_combined__rls__seed2__control,e4f7ab87faf6982be139dc8af97757bff8d540d357c41e3d06ec298e4dd75854,f54c17346089ba805d00d389d8b7c1c3e1cdb89c6515d103c5f0f15f4eb61185,f40ca51840cafb7bec2f9ce25adaa5165987e5eb,recall,0.0,fraction
governance,S6_combined,rls,2,10.0,False,S6_combined__rls__seed2__open,e4f7ab87faf6982be139dc8af97757bff8d540d357c41e3d06ec298e4dd75854,3bb55daaf14484e291ecf08771b15d5e23b5288c304675b08da573effc37cdb9,f40ca51840cafb7bec2f9ce25adaa5165987e5eb,recall,0.0,fraction
governance,S6_combined,rls,3,10.0,True,S6_combined__rls__seed3__control,c371bfebbbdb510b204e19fcaedea3c47a4e8b6d77499f04ee6ac55d13fed988,f54c17346089ba805d00d389d8b7c1c3e1cdb89c6515d103c5f0f15f4eb61185,f40ca51840cafb7bec2f9ce25adaa5165987e5eb,recall,0.0,fraction
governance,S6_combined,rls,3,10.0,False,S6_combined__rls__seed3__open,c371bfebbbdb510b204e19fcaedea3c47a4e8b6d77499f04ee6ac55d13fed988,3bb55daaf14484e291ecf08771b15d5e23b5288c304675b08da573effc37cdb9,f40ca51840cafb7bec2f9ce25adaa5165987e5eb,recall,0.0,fraction
governance,S6_combined,kalman,1,10.0,True,S6_combined__kalman__seed1__control,b3cf8d14b3aed8b1d65ab4497dcbfb879dbda2ce1da03bb07f6401c9b4b9bd4a,2dcdf9429baa9fcc847cc03bb3eb992a0574d0c81dcfbd456974ff9264223f13,f40ca51840cafb7bec2f9ce25adaa5165987e5eb,recall,0.0,fraction
governance,S6_combined,kalman,1,10.0,False,S6_combined__kalman__seed1__open,b3cf8d14b3aed8b1d65ab4497dcbfb879dbda2ce1da03bb07f6401c9b4b9bd4a,4aaa8c3f03ce9dc885a57217fab5963a0f4f62bf0aeb158bd3d5dbbb953f3e3d,f40ca51840cafb7bec2f9ce25adaa5165987e5eb,recall,0.0,fraction
governance,S6_combined,kalman,2,10.0,True,S6_combined__kalman__seed2__control,e4f7ab87faf6982be139dc8af97757bff8d540d357c41e3d06ec298e4dd75854,2dcdf9429baa9fcc847cc03bb3eb992a0574d0c81dcfbd456974ff9264223f13,f40ca51840cafb7bec2f9ce25adaa5165987e5eb,recall,0.0,fraction
governance,S6_combined,kalman,2,10.0,False,S6_combined__kalman__seed2__open,e4f7ab87faf6982be139dc8af97757bff8d540d357c41e3d06ec298e4dd75854,4aaa8c3f03ce9dc885a57217fab5963a0f4f62bf0aeb158bd3d5dbbb953f3e3d,f40ca51840cafb7bec2f9ce25adaa5165987e5eb,recall,0.0,fraction
governance,S6_combined,kalman,3,10.0,True,S6_combined__kalman__seed3__control,c371bfebbbdb510b204e19fcaedea3c47a4e8b6d77499f04ee6ac55d13fed988,2dcdf9429baa9fcc847cc03bb3eb992a0574d0c81dcfbd456974ff9264223f13,f40ca51840cafb7bec2f9ce25adaa5165987e5eb,recall,0.0,fraction
governance,S6_combined,kalman,3,10.0,False,S6_combined__kalman__seed3__open,c371bfebbbdb510b204e19fcaedea3c47a4e8b6d77499f04ee6ac55d13fed988,4aaa8c3f03ce9dc885a57217fab5963a0f4f62bf0aeb158bd3d5dbbb953f3e3d,f40ca51840cafb7bec2f9ce25adaa5165987e5eb,recall,0.0,fraction
governance,S6_combined,static_affine,1,10.0,True,S6_combined__static_affine__seed1__control,b3cf8d14b3aed8b1d65ab4497dcbfb879dbda2ce1da03bb07f6401c9b4b9bd4a,535f10e6c30103272f64653e50d0578cbf5af363b23f0ecbad28905519d7af3d,f40ca51840cafb7bec2f9ce25adaa5165987e5eb,false_positive_rate,0.47688768040158963,fraction
governance,S6_combined,static_affine,1,10.0,False,S6_combined__static_affine__seed1__open,b3cf8d14b3aed8b1d65ab4497dcbfb879dbda2ce1da03bb07f6401c9b4b9bd4a,c6335bbd24a8e7cb3af8e5d376ac29c401f5a183b2242974930e81df54ac6b9e,f40ca51840cafb7bec2f9ce25adaa5165987e5eb,false_positive_rate,0.47688768040158963,fraction
governance,S6_combined,static_affine,2,10.0,True,S6_combined__static_affine__seed2__control,e4f7ab87faf6982be139dc8af97757bff8d540d357c41e3d06ec298e4dd75854,535f10e6c30103272f64653e50d0578cbf5af363b23f0ecbad28905519d7af3d,f40ca51840cafb7bec2f9ce25adaa5165987e5eb,false_positive_rate,0.46859599454755163,fraction
governance,S6_combined,static_affine,2,10.0,False,S6_combined__static_affine__seed2__open,e4f7ab87faf6982be139dc8af97757bff8d540d357c41e3d06ec298e4dd75854,c6335bbd24a8e7cb3af8e5d376ac29c401f5a183b2242974930e81df54ac6b9e,f40ca51840cafb7bec2f9ce25adaa5165987e5eb,false_positive_rate,0.46859599454755163,fraction
governance,S6_combined,static_affine,3,10.0,True,S6_combined__static_affine__seed3__control,c371bfebbbdb510b204e19fcaedea3c47a4e8b6d77499f04ee6ac55d13fed988,535f10e6c30103272f64653e50d0578cbf5af363b23f0ecbad28905519d7af3d,f40ca51840cafb7bec2f9ce25adaa5165987e5eb,false_positive_rate,0.46766378765536126,fraction
governance,S6_combined,static_affine,3,10.0,False,S6_combined__static_affine__seed3__open,c371bfebbbdb510b204e19fcaedea3c47a4e8b6d77499f04ee6ac55d13fed988,c6335bbd24a8e7cb3af8e5d376ac29c401f5a183b2242974930e81df54ac6b9e,f40ca51840cafb7bec2f9ce25adaa5165987e5eb,false_positive_rate,0.46766378765536126,fraction
governance,S6_combined,rls,1,10.0,True,S6_combined__rls__seed1__control,b3cf8d14b3aed8b1d65ab4497dcbfb879dbda2ce1da03bb07f6401c9b4b9bd4a,f54c17346089ba805d00d389d8b7c1c3e1cdb89c6515d103c5f0f15f4eb61185,f40ca51840cafb7bec2f9ce25adaa5165987e5eb,false_positive_rate,0.47688768040158963,fraction
governance,S6_combined,rls,1,10.0,False,S6_combined__rls__seed1__open,b3cf8d14b3aed8b1d65ab4497dcbfb879dbda2ce1da03bb07f6401c9b4b9bd4a,3bb55daaf14484e291ecf08771b15d5e23b5288c304675b08da573effc37cdb9,f40ca51840cafb7bec2f9ce25adaa5165987e5eb,false_positive_rate,0.47688768040158963,fraction
governance,S6_combined,rls,2,10.0,True,S6_combined__rls__seed2__control,e4f7ab87faf6982be139dc8af97757bff8d540d357c41e3d06ec298e4dd75854,f54c17346089ba805d00d389d8b7c1c3e1cdb89c6515d103c5f0f15f4eb61185,f40ca51840cafb7bec2f9ce25adaa5165987e5eb,false_positive_rate,0.46859599454755163,fraction
governance,S6_combined,rls,2,10.0,False,S6_combined__rls__seed2__open,e4f7ab87faf6982be139dc8af97757bff8d540d357c41e3d06ec298e4dd75854,3bb55daaf14484e291ecf08771b15d5e23b5288c304675b08da573effc37cdb9,f40ca51840cafb7bec2f9ce25adaa5165987e5eb,false_positive_rate,0.46859599454755163,fraction
governance,S6_combined,rls,3,10.0,True,S6_combined__rls__seed3__control,c371bfebbbdb510b204e19fcaedea3c47a4e8b6d77499f04ee6ac55d13fed988,f54c17346089ba805d00d389d8b7c1c3e1cdb89c6515d103c5f0f15f4eb61185,f40ca51840cafb7bec2f9ce25adaa5165987e5eb,false_positive_rate,0.46766378765536126,fraction
governance,S6_combined,rls,3,10.0,False,S6_combined__rls__seed3__open,c371bfebbbdb510b204e19fcaedea3c47a4e8b6d77499f04ee6ac55d13fed988,3bb55daaf14484e291ecf08771b15d5e23b5288c304675b08da573effc37cdb9,f40ca51840cafb7bec2f9ce25adaa5165987e5eb,false_positive_rate,0.46766378765536126,fraction
governance,S6_combined,kalman,1,10.0,True,S6_combined__kalman__seed1__control,b3cf8d14b3aed8b1d65ab4497dcbfb879dbda2ce1da03bb07f6401c9b4b9bd4a,2dcdf9429baa9fcc847cc03bb3eb992a0574d0c81dcfbd456974ff9264223f13,f40ca51840cafb7bec2f9ce25adaa5165987e5eb,false_positive_rate,0.47688768040158963,fraction
governance,S6_combined,kalman,1,10.0,False,S6_combined__kalman__seed1__open,b3cf8d14b3aed8b1d65ab4497dcbfb879dbda2ce1da03bb07f6401c9b4b9bd4a,4aaa8c3f03ce9dc885a57217fab5963a0f4f62bf0aeb158bd3d5dbbb953f3e3d,f40ca51840cafb7bec2f9ce25adaa5165987e5eb,false_positive_rate,0.47688768040158963,fraction
governance,S6_combined,kalman,2,10.0,True,S6_combined__kalman__seed2__control,e4f7ab87faf6982be139dc8af97757bff8d540d357c41e3d06ec298e4dd75854,2dcdf9429baa9fcc847cc03bb3eb992a0574d0c81dcfbd456974ff9264223f13,f40ca51840cafb7bec2f9ce25adaa5165987e5eb,false_positive_rate,0.46859599454755163,fraction
governance,S6_combined,kalman,2,10.0,False,S6_combined__kalman__seed2__open,e4f7ab87faf6982be139dc8af97757bff8d540d357c41e3d06ec298e4dd75854,4aaa8c3f03ce9dc885a57217fab5963a0f4f62bf0aeb158bd3d5dbbb953f3e3d,f40ca51840cafb7bec2f9ce25adaa5165987e5eb,false_positive_rate,0.46859599454755163,fraction
governance,S6_combined,kalman,3,10.0,True,S6_combined__kalman__seed3__control,c371bfebbbdb510b204e19fcaedea3c47a4e8b6d77499f04ee6ac55d13fed988,2dcdf9429baa9fcc847cc03bb3eb992a0574d0c81dcfbd456974ff9264223f13,f40ca51840cafb7bec2f9ce25adaa5165987e5eb,false_positive_rate,0.46766378765536126,fraction
governance,S6_combined,kalman,3,10.0,False,S6_combined__kalman__seed3__open,c371bfebbbdb510b204e19fcaedea3c47a4e8b6d77499f04ee6ac55d13fed988,4aaa8c3f03ce9dc885a57217fab5963a0f4f62bf0aeb158bd3d5dbbb953f3e3d,f40ca51840cafb7bec2f9ce25adaa5165987e5eb,false_positive_rate,0.46766378765536126,fraction
governance,S6_combined,static_affine,1,10.0,True,S6_combined__static_affine__seed1__control,b3cf8d14b3aed8b1d65ab4497dcbfb879dbda2ce1da03bb07f6401c9b4b9bd4a,535f10e6c30103272f64653e50d0578cbf5af363b23f0ecbad28905519d7af3d,f40ca51840cafb7bec2f9ce25adaa5165987e5eb,axle_count_accuracy,0.7930827668932428,fraction
governance,S6_combined,static_affine,1,10.0,False,S6_combined__static_affine__seed1__open,b3cf8d14b3aed8b1d65ab4497dcbfb879dbda2ce1da03bb07f6401c9b4b9bd4a,c6335bbd24a8e7cb3af8e5d376ac29c401f5a183b2242974930e81df54ac6b9e,f40ca51840cafb7bec2f9ce25adaa5165987e5eb,axle_count_accuracy,0.7930827668932428,fraction
governance,S6_combined,static_affine,2,10.0,True,S6_combined__static_affine__seed2__control,e4f7ab87faf6982be139dc8af97757bff8d540d357c41e3d06ec298e4dd75854,535f10e6c30103272f64653e50d0578cbf5af363b23f0ecbad28905519d7af3d,f40ca51840cafb7bec2f9ce25adaa5165987e5eb,axle_count_accuracy,0.8038674033149171,fraction
governance,S6_combined,static_affine,2,10.0,False,S6_combined__static_affine__seed2__open,e4f7ab87faf6982be139dc8af97757bff8d540d357c41e3d06ec298e4dd75854,c6335bbd24a8e7cb3af8e5d376ac29c401f5a183b2242974930e81df54ac6b9e,f40ca51840cafb7bec2f9ce25adaa5165987e5eb,axle_count_accuracy,0.8038674033149171,fraction
governance,S6_combined,static_affine,3,10.0,True,S6_combined__static_affine__seed3__control,c371bfebbbdb510b204e19fcaedea3c47a4e8b6d77499f04ee6ac55d13fed988,535f10e6c30103272f64653e50d0578cbf5af363b23f0ecbad28905519d7af3d,f40ca51840cafb7bec2f9ce25adaa5165987e5eb,axle_count_accuracy,0.8088642659279779,fraction
governance,S6_combined,static_affine,3,10.0,False,S6_combined__static_affine__seed3__open,c371bfebbbdb510b204e19fcaedea3c47a4e8b6d77499f04ee6ac55d13fed988,c6335bbd24a8e7cb3af8e5d376ac29c401f5a183b2242974930e81df54ac6b9e,f40ca51840cafb7bec2f9ce25adaa5165987e5eb,axle_count_accuracy,0.8088642659279779,fraction
governance,S6_combined,rls,1,10.0,True,S6_combined__rls__seed1__control,b3cf8d14b3aed8b1d65ab4497dcbfb879dbda2ce1da03bb07f6401c9b4b9bd4a,f54c17346089ba805d00d389d8b7c1c3e1cdb89c6515d103c5f0f15f4eb61185,f40ca51840cafb7bec2f9ce25adaa5165987e5eb,axle_count_accuracy,0.7930827668932428,fraction
governance,S6_combined,rls,1,10.0,False,S6_combined__rls__seed1__open,b3cf8d14b3aed8b1d65ab4497dcbfb879dbda2ce1da03bb07f6401c9b4b9bd4a,3bb55daaf14484e291ecf08771b15d5e23b5288c304675b08da573effc37cdb9,f40ca51840cafb7bec2f9ce25adaa5165987e5eb,axle_count_accuracy,0.7930827668932428,fraction
governance,S6_combined,rls,2,10.0,True,S6_combined__rls__seed2__control,e4f7ab87faf6982be139dc8af97757bff8d540d357c41e3d06ec298e4dd75854,f54c17346089ba805d00d389d8b7c1c3e1cdb89c6515d103c5f0f15f4eb61185,f40ca51840cafb7bec2f9ce25adaa5165987e5eb,axle_count_accuracy,0.8038674033149171,fraction
governance,S6_combined,rls,2,10.0,False,S6_combined__rls__seed2__open,e4f7ab87faf6982be139dc8af97757bff8d540d357c41e3d06ec298e4dd75854,3bb55daaf14484e291ecf08771b15d5e23b5288c304675b08da573effc37cdb9,f40ca51840cafb7bec2f9ce25adaa5165987e5eb,axle_count_accuracy,0.8038674033149171,fraction
governance,S6_combined,rls,3,10.0,True,S6_combined__rls__seed3__control,c371bfebbbdb510b204e19fcaedea3c47a4e8b6d77499f04ee6ac55d13fed988,f54c17346089ba805d00d389d8b7c1c3e1cdb89c6515d103c5f0f15f4eb61185,f40ca51840cafb7bec2f9ce25adaa5165987e5eb,axle_count_accuracy,0.8088642659279779,fraction
governance,S6_combined,rls,3,10.0,False,S6_combined__rls__seed3__open,c371bfebbbdb510b204e19fcaedea3c47a4e8b6d77499f04ee6ac55d13fed988,3bb55daaf14484e291ecf08771b15d5e23b5288c304675b08da573effc37cdb9,f40ca51840cafb7bec2f9ce25adaa5165987e5eb,axle_count_accuracy,0.8088642659279779,fraction
governance,S6_combined,kalman,1,10.0,True,S6_combined__kalman__seed1__control,b3cf8d14b3aed8b1d65ab4497dcbfb879dbda2ce1da03bb07f6401c9b4b9bd4a,2dcdf9429baa9fcc847cc03bb3eb992a0574d0c81dcfbd456974ff9264223f13,f40ca51840cafb7bec2f9ce25adaa5165987e5eb,axle_count_accuracy,0.7930827668932428,fraction
governance,S6_combined,kalman,1,10.0,False,S6_combined__kalman__seed1__open,b3cf8d14b3aed8b1d65ab4497dcbfb879dbda2ce1da03bb07f6401c9b4b9bd4a,4aaa8c3f03ce9dc885a57217fab5963a0f4f62bf0aeb158bd3d5dbbb953f3e3d,f40ca51840cafb7bec2f9ce25adaa5165987e5eb,axle_count_accuracy,0.7930827668932428,fraction
governance,S6_combined,kalman,2,10.0,True,S6_combined__kalman__seed2__control,e4f7ab87faf6982be139dc8af97757bff8d540d357c41e3d06ec298e4dd75854,2dcdf9429baa9fcc847cc03bb3eb992a0574d0c81dcfbd456974ff9264223f13,f40ca51840cafb7bec2f9ce25adaa5165987e5eb,axle_count_accuracy,0.8038674033149171,fraction
governance,S6_combined,kalman,2,10.0,False,S6_combined__kalman__seed2__open,e4f7ab87faf6982be139dc8af97757bff8d540d357c41e3d06ec298e4dd75854,4aaa8c3f03ce9dc885a57217fab5963a0f4f62bf0aeb158bd3d5dbbb953f3e3d,f40ca51840cafb7bec2f9ce25adaa5165987e5eb,axle_count_accuracy,0.8038674033149171,fraction
governance,S6_combined,kalman,3,10.0,True,S6_combined__kalman__seed3__control,c371bfebbbdb510b204e19fcaedea3c47a4e8b6d77499f04ee6ac55d13fed988,2dcdf9429baa9fcc847cc03bb3eb992a0574d0c81dcfbd456974ff9264223f13,f40ca51840cafb7bec2f9ce25adaa5165987e5eb,axle_count_accuracy,0.8088642659279779,fraction
governance,S6_combined,kalman,3,10.0,False,S6_combined__kalman__seed3__open,c371bfebbbdb510b204e19fcaedea3c47a4e8b6d77499f04ee6ac55d13fed988,4aaa8c3f03ce9dc885a57217fab5963a0f4f62bf0aeb158bd3d5dbbb953f3e3d,f40ca51840cafb7bec2f9ce25adaa5165987e5eb,axle_count_accuracy,0.8088642659279779,fraction
governance,S6_combined,static_affine,1,10.0,True,S6_combined__static_affine__seed1__control,b3cf8d14b3aed8b1d65ab4497dcbfb879dbda2ce1da03bb07f6401c9b4b9bd4a,535f10e6c30103272f64653e50d0578cbf5af363b23f0ecbad28905519d7af3d,f40ca51840cafb7bec2f9ce25adaa5165987e5eb,reconverge_s,41262.240155,s
governance,S6_combined,static_affine,1,10.0,False,S6_combined__static_affine__seed1__open,b3cf8d14b3aed8b1d65ab4497dcbfb879dbda2ce1da03bb07f6401c9b4b9bd4a,c6335bbd24a8e7cb3af8e5d376ac29c401f5a183b2242974930e81df54ac6b9e,f40ca51840cafb7bec2f9ce25adaa5165987e5eb,reconverge_s,41262.240155,s
governance,S6_combined,static_affine,2,10.0,True,S6_combined__static_affine__seed2__control,e4f7ab87faf6982be139dc8af97757bff8d540d357c41e3d06ec298e4dd75854,535f10e6c30103272f64653e50d0578cbf5af363b23f0ecbad28905519d7af3d,f40ca51840cafb7bec2f9ce25adaa5165987e5eb,reconverge_s,9375.335591,s
governance,S6_combined,static_affine,2,10.0,False,S6_combined__static_affine__seed2__open,e4f7ab87faf6982be139dc8af97757bff8d540d357c41e3d06ec298e4dd75854,c6335bbd24a8e7cb3af8e5d376ac29c401f5a183b2242974930e81df54ac6b9e,f40ca51840cafb7bec2f9ce25adaa5165987e5eb,reconverge_s,9375.335591,s
governance,S6_combined,static_affine,3,10.0,True,S6_combined__static_affine__seed3__control,c371bfebbbdb510b204e19fcaedea3c47a4e8b6d77499f04ee6ac55d13fed988,535f10e6c30103272f64653e50d0578cbf5af363b23f0ecbad28905519d7af3d,f40ca51840cafb7bec2f9ce25adaa5165987e5eb,reconverge_s,13057.580058,s
governance,S6_combined,static_affine,3,10.0,False,S6_combined__static_affine__seed3__open,c371bfebbbdb510b204e19fcaedea3c47a4e8b6d77499f04ee6ac55d13fed988,c6335bbd24a8e7cb3af8e5d376ac29c401f5a183b2242974930e81df54ac6b9e,f40ca51840cafb7bec2f9ce25adaa5165987e5eb,reconverge_s,13057.580058,s
governance,S6_combined,rls,1,10.0,True,S6_combined__rls__seed1__control,b3cf8d14b3aed8b1d65ab4497dcbfb879dbda2ce1da03bb07f6401c9b4b9bd4a,f54c17346089ba805d00d389d8b7c1c3e1cdb89c6515d103c5f0f15f4eb61185,f40ca51840cafb7bec2f9ce25adaa5165987e5eb,reconverge_s,,s
governance,S6_combined,rls,1,10.0,False,S6_combined__rls__seed1__open,b3cf8d14b3aed8b1d65ab4497dcbfb879dbda2ce1da03bb07f6401c9b4b9bd4a,3bb55daaf14484e291ecf08771b15d5e23b5288c304675b08da573effc37cdb9,f40ca51840cafb7bec2f9ce25adaa5165987e5eb,reconverge_s,,s
governance,S6_combined,rls,2,10.0,True,S6_combined__rls__seed2__control,e4f7ab87faf6982be139dc8af97757bff8d540d357c41e3d06ec298e4dd75854,f54c17346089ba805d00d389d8b7c1c3e1cdb89c6515d103c5f0f15f4eb61185,f40ca51840cafb7bec2f9ce25adaa5165987e5eb,reconverge_s,99407.796201,s
governance,S6_combined,rls,2,10.0,False,S6_combined__rls__seed2__open,e4f7ab87faf6982be139dc8af97757bff8d540d357c41e3d06ec298e4dd75854,3bb55daaf14484e291ecf08771b15d5e23b5288c304675b08da573effc37cdb9,f40ca51840cafb7bec2f9ce25adaa5165987e5eb,reconverge_s,99407.796201,s
governance,S6_combined,rls,3,10.0,True,S6_combined__rls__seed3__control,c371bfebbbdb510b204e19fcaedea3c47a4e8b6d77499f04ee6ac55d13fed988,f54c17346089ba805d00d389d8b7c1c3e1cdb89c6515d103c5f0f15f4eb61185,f40ca51840cafb7bec2f9ce25adaa5165987e5eb,reconverge_s,5916.793585,s
governance,S6_combined,rls,3,10.0,False,S6_combined__rls__seed3__open,c371bfebbbdb510b204e19fcaedea3c47a4e8b6d77499f04ee6ac55d13fed988,3bb55daaf14484e291ecf08771b15d5e23b5288c304675b08da573effc37cdb9,f40ca51840cafb7bec2f9ce25adaa5165987e5eb,reconverge_s,5916.793585,s
governance,S6_combined,kalman,1,10.0,True,S6_combined__kalman__seed1__control,b3cf8d14b3aed8b1d65ab4497dcbfb879dbda2ce1da03bb07f6401c9b4b9bd4a,2dcdf9429baa9fcc847cc03bb3eb992a0574d0c81dcfbd456974ff9264223f13,f40ca51840cafb7bec2f9ce25adaa5165987e5eb,reconverge_s,,s
governance,S6_combined,kalman,1,10.0,False,S6_combined__kalman__seed1__open,b3cf8d14b3aed8b1d65ab4497dcbfb879dbda2ce1da03bb07f6401c9b4b9bd4a,4aaa8c3f03ce9dc885a57217fab5963a0f4f62bf0aeb158bd3d5dbbb953f3e3d,f40ca51840cafb7bec2f9ce25adaa5165987e5eb,reconverge_s,,s
governance,S6_combined,kalman,2,10.0,True,S6_combined__kalman__seed2__control,e4f7ab87faf6982be139dc8af97757bff8d540d357c41e3d06ec298e4dd75854,2dcdf9429baa9fcc847cc03bb3eb992a0574d0c81dcfbd456974ff9264223f13,f40ca51840cafb7bec2f9ce25adaa5165987e5eb,reconverge_s,,s
governance,S6_combined,kalman,2,10.0,False,S6_combined__kalman__seed2__open,e4f7ab87faf6982be139dc8af97757bff8d540d357c41e3d06ec298e4dd75854,4aaa8c3f03ce9dc885a57217fab5963a0f4f62bf0aeb158bd3d5dbbb953f3e3d,f40ca51840cafb7bec2f9ce25adaa5165987e5eb,reconverge_s,,s
governance,S6_combined,kalman,3,10.0,True,S6_combined__kalman__seed3__control,c371bfebbbdb510b204e19fcaedea3c47a4e8b6d77499f04ee6ac55d13fed988,2dcdf9429baa9fcc847cc03bb3eb992a0574d0c81dcfbd456974ff9264223f13,f40ca51840cafb7bec2f9ce25adaa5165987e5eb,reconverge_s,5805.666944,s
governance,S6_combined,kalman,3,10.0,False,S6_combined__kalman__seed3__open,c371bfebbbdb510b204e19fcaedea3c47a4e8b6d77499f04ee6ac55d13fed988,4aaa8c3f03ce9dc885a57217fab5963a0f4f62bf0aeb158bd3d5dbbb953f3e3d,f40ca51840cafb7bec2f9ce25adaa5165987e5eb,reconverge_s,5805.666944,s
governance,S6_combined,static_affine,1,10.0,True,S6_combined__static_affine__seed1__control,b3cf8d14b3aed8b1d65ab4497dcbfb879dbda2ce1da03bb07f6401c9b4b9bd4a,535f10e6c30103272f64653e50d0578cbf5af363b23f0ecbad28905519d7af3d,f40ca51840cafb7bec2f9ce25adaa5165987e5eb,mean_detection_delay_s,1706.50165,s
governance,S6_combined,static_affine,1,10.0,False,S6_combined__static_affine__seed1__open,b3cf8d14b3aed8b1d65ab4497dcbfb879dbda2ce1da03bb07f6401c9b4b9bd4a,c6335bbd24a8e7cb3af8e5d376ac29c401f5a183b2242974930e81df54ac6b9e,f40ca51840cafb7bec2f9ce25adaa5165987e5eb,mean_detection_delay_s,,s
governance,S6_combined,static_affine,2,10.0,True,S6_combined__static_affine__seed2__control,e4f7ab87faf6982be139dc8af97757bff8d540d357c41e3d06ec298e4dd75854,535f10e6c30103272f64653e50d0578cbf5af363b23f0ecbad28905519d7af3d,f40ca51840cafb7bec2f9ce25adaa5165987e5eb,mean_detection_delay_s,,s
governance,S6_combined,static_affine,2,10.0,False,S6_combined__static_affine__seed2__open,e4f7ab87faf6982be139dc8af97757bff8d540d357c41e3d06ec298e4dd75854,c6335bbd24a8e7cb3af8e5d376ac29c401f5a183b2242974930e81df54ac6b9e,f40ca51840cafb7bec2f9ce25adaa5165987e5eb,mean_detection_delay_s,,s
governance,S6_combined,static_affine,3,10.0,True,S6_combined__static_affine__seed3__control,c371bfebbbdb510b204e19fcaedea3c47a4e8b6d77499f04ee6ac55d13fed988,535f10e6c30103272f64653e50d0578cbf5af363b23f0ecbad28905519d7af3d,f40ca51840cafb7bec2f9ce25adaa5165987e5eb,mean_detection_delay_s,,s
governance,S6_combined,static_affine,3,10.0,False,S6_combined__static_affine__seed3__open,c371bfebbbdb510b204e19fcaedea3c47a4e8b6d77499f04ee6ac55d13fed988,c6335bbd24a8e7cb3af8e5d376ac29c401f5a183b2242974930e81df54ac6b9e,f40ca51840cafb7bec2f9ce25adaa5165987e5eb,mean_detection_delay_s,,s
governance,S6_combined,rls,1,10.0,True,S6_combined__rls__seed1__control,b3cf8d14b3aed8b1d65ab4497dcbfb879dbda2ce1da03bb07f6401c9b4b9bd4a,f54c17346089ba805d00d389d8b7c1c3e1cdb89c6515d103c5f0f15f4eb61185,f40ca51840cafb7bec2f9ce25adaa5165987e5eb,mean_detection_delay_s,,s
governance,S6_combined,rls,1,10.0,False,S6_combined__rls__seed1__open,b3cf8d14b3aed8b1d65ab4497dcbfb879dbda2ce1da03bb07f6401c9b4b9bd4a,3bb55daaf14484e291ecf08771b15d5e23b5288c304675b08da573effc37cdb9,f40ca51840cafb7bec2f9ce25adaa5165987e5eb,mean_detection_delay_s,,s
governance,S6_combined,rls,2,10.0,True,S6_combined__rls__seed2__control,e4f7ab87faf6982be139dc8af97757bff8d540d357c41e3d06ec298e4dd75854,f54c17346089ba805d00d389d8b7c1c3e1cdb89c6515d103c5f0f15f4eb61185,f40ca51840cafb7bec2f9ce25adaa5165987e5eb,mean_detection_delay_s,,s
governance,S6_combined,rls,2,10.0,False,S6_combined__rls__seed2__open,e4f7ab87faf6982be139dc8af97757bff8d540d357c41e3d06ec298e4dd75854,3bb55daaf14484e291ecf08771b15d5e23b5288c304675b08da573effc37cdb9,f40ca51840cafb7bec2f9ce25adaa5165987e5eb,mean_detection_delay_s,,s
governance,S6_combined,rls,3,10.0,True,S6_combined__rls__seed3__control,c371bfebbbdb510b204e19fcaedea3c47a4e8b6d77499f04ee6ac55d13fed988,f54c17346089ba805d00d389d8b7c1c3e1cdb89c6515d103c5f0f15f4eb61185,f40ca51840cafb7bec2f9ce25adaa5165987e5eb,mean_detection_delay_s,,s
governance,S6_combined,rls,3,10.0,False,S6_combined__rls__seed3__open,c371bfebbbdb510b204e19fcaedea3c47a4e8b6d77499f04ee6ac55d13fed988,3bb55daaf14484e291ecf08771b15d5e23b5288c304675b08da573effc37cdb9,f40ca51840cafb7bec2f9ce25adaa5165987e5eb,mean_detection_delay_s,,s
governance,S6_combined,kalman,1,10.0,True,S6_combined__kalman__seed1__control,b3cf8d14b3aed8b1d65ab4497dcbfb879dbda2ce1da03bb07f6401c9b4b9bd4a,2dcdf9429baa9fcc847cc03bb3eb992a0574d0c81dcfbd456974ff9264223f13,f40ca51840cafb7bec2f9ce25adaa5165987e5eb,mean_detection_delay_s,,s
governance,S6_combined,kalman,1,10.0,False,S6_combined__kalman__seed1__open,b3cf8d14b3aed8b1d65ab4497dcbfb879dbda2ce1da03bb07f6401c9b4b9bd4a,4aaa8c3f03ce9dc885a57217fab5963a0f4f62bf0aeb158bd3d5dbbb953f3e3d,f40ca51840cafb7bec2f9ce25adaa5165987e5eb,mean_detection_delay_s,,s
governance,S6_combined,kalman,2,10.0,True,S6_combined__kalman__seed2__control,e4f7ab87faf6982be139dc8af97757bff8d540d357c41e3d06ec298e4dd75854,2dcdf9429baa9fcc847cc03bb3eb992a0574d0c81dcfbd456974ff9264223f13,f40ca51840cafb7bec2f9ce25adaa5165987e5eb,mean_detection_delay_s,,s
governance,S6_combined,kalman,2,10.0,False,S6_combined__kalman__seed2__open,e4f7ab87faf6982be139dc8af97757bff8d540d357c41e3d06ec298e4dd75854,4aaa8c3f03ce9dc885a57217fab5963a0f4f62bf0aeb158bd3d5dbbb953f3e3d,f40ca51840cafb7bec2f9ce25adaa5165987e5eb,mean_detection_delay_s,,s
governance,S6_combined,kalman,3,10.0,True,S6_combined__kalman__seed3__control,c371bfebbbdb510b204e19fcaedea3c47a4e8b6d77499f04ee6ac55d13fed988,2dcdf9429baa9fcc847cc03bb3eb992a0574d0c81dcfbd456974ff9264223f13,f40ca51840cafb7bec2f9ce25adaa5165987e5eb,mean_detection_delay_s,,s
governance,S6_combined,kalman,3,10.0,False,S6_combined__kalman__seed3__open,c371bfebbbdb510b204e19fcaedea3c47a4e8b6d77499f04ee6ac55d13fed988,4aaa8c3f03ce9dc885a57217fab5963a0f4f62bf0aeb158bd3d5dbbb953f3e3d,f40ca51840cafb7bec2f9ce25adaa5165987e5eb,mean_detection_delay_s,,s
governance,S6_combined,static_affine,1,10.0,True,S6_combined__static_affine__seed1__control,b3cf8d14b3aed8b1d65ab4497dcbfb879dbda2ce1da03bb07f6401c9b4b9bd4a,535f10e6c30103272f64653e50d0578cbf5af363b23f0ecbad28905519d7af3d,f40ca51840cafb7bec2f9ce25adaa5165987e5eb,duration_s,172800.0,s
governance,S6_combined,static_affine,1,10.0,False,S6_combined__static_affine__seed1__open,b3cf8d14b3aed8b1d65ab4497dcbfb879dbda2ce1da03bb07f6401c9b4b9bd4a,c6335bbd24a8e7cb3af8e5d376ac29c401f5a183b2242974930e81df54ac6b9e,f40ca51840cafb7bec2f9ce25adaa5165987e5eb,duration_s,172800.0,s
governance,S6_combined,static_affine,2,10.0,True,S6_combined__static_affine__seed2__control,e4f7ab87faf6982be139dc8af97757bff8d540d357c41e3d06ec298e4dd75854,535f10e6c30103272f64653e50d0578cbf5af363b23f0ecbad28905519d7af3d,f40ca51840cafb7bec2f9ce25adaa5165987e5eb,duration_s,172800.0,s
governance,S6_combined,static_affine,2,10.0,False,S6_combined__static_affine__seed2__open,e4f7ab87faf6982be139dc8af97757bff8d540d357c41e3d06ec298e4dd75854,c6335bbd24a8e7cb3af8e5d376ac29c401f5a183b2242974930e81df54ac6b9e,f40ca51840cafb7bec2f9ce25adaa5165987e5eb,duration_s,172800.0,s
governance,S6_combined,static_affine,3,10.0,True,S6_combined__static_affine__seed3__control,c371bfebbbdb510b204e19fcaedea3c47a4e8b6d77499f04ee6ac55d13fed988,535f10e6c30103272f64653e50d0578cbf5af363b23f0ecbad28905519d7af3d,f40ca51840cafb7bec2f9ce25adaa5165987e5eb,duration_s,172800.0,s
governance,S6_combined,static_affine,3,10.0,False,S6_combined__static_affine__seed3__open,c371bfebbbdb510b204e19fcaedea3c47a4e8b6d77499f04ee6ac55d13fed988,c6335bbd24a8e7cb3af8e5d376ac29c401f5a183b2242974930e81df54ac6b9e,f40ca51840cafb7bec2f9ce25adaa5165987e5eb,duration_s,172800.0,s
governance,S6_combined,rls,1,10.0,True,S6_combined__rls__seed1__control,b3cf8d14b3aed8b1d65ab4497dcbfb879dbda2ce1da03bb07f6401c9b4b9bd4a,f54c17346089ba805d00d389d8b7c1c3e1cdb89c6515d103c5f0f15f4eb61185,f40ca51840cafb7bec2f9ce25adaa5165987e5eb,duration_s,172800.0,s
governance,S6_combined,rls,1,10.0,False,S6_combined__rls__seed1__open,b3cf8d14b3aed8b1d65ab4497dcbfb879dbda2ce1da03bb07f6401c9b4b9bd4a,3bb55daaf14484e291ecf08771b15d5e23b5288c304675b08da573effc37cdb9,f40ca51840cafb7bec2f9ce25adaa5165987e5eb,duration_s,172800.0,s
governance,S6_combined,rls,2,10.0,True,S6_combined__rls__seed2__control,e4f7ab87faf6982be139dc8af97757bff8d540d357c41e3d06ec298e4dd75854,f54c17346089ba805d00d389d8b7c1c3e1cdb89c6515d103c5f0f15f4eb61185,f40ca51840cafb7bec2f9ce25adaa5165987e5eb,duration_s,172800.0,s
governance,S6_combined,rls,2,10.0,False,S6_combined__rls__seed2__open,e4f7ab87faf6982be139dc8af97757bff8d540d357c41e3d06ec298e4dd75854,3bb55daaf14484e291ecf08771b15d5e23b5288c304675b08da573effc37cdb9,f40ca51840cafb7bec2f9ce25adaa5165987e5eb,duration_s,172800.0,s
governance,S6_combined,rls,3,10.0,True,S6_combined__rls__seed3__control,c371bfebbbdb510b204e19fcaedea3c47a4e8b6d77499f04ee6ac55d13fed988,f54c17346089ba805d00d389d8b7c1c3e1cdb89c6515d103c5f0f15f4eb61185,f40ca51840cafb7bec2f9ce25adaa5165987e5eb,duration_s,172800.0,s
governance,S6_combined,rls,3,10.0,False,S6_combined__rls__seed3__open,c371bfebbbdb510b204e19fcaedea3c47a4e8b6d77499f04ee6ac55d13fed988,3bb55daaf14484e291ecf08771b15d5e23b5288c304675b08da573effc37cdb9,f40ca51840cafb7bec2f9ce25adaa5165987e5eb,duration_s,172800.0,s
governance,S6_combined,kalman,1,10.0,True,S6_combined__kalman__seed1__control,b3cf8d14b3aed8b1d65ab4497dcbfb879dbda2ce1da03bb07f6401c9b4b9bd4a,2dcdf9429baa9fcc847cc03bb3eb992a0574d0c81dcfbd456974ff9264223f13,f40ca51840cafb7bec2f9ce25adaa5165987e5eb,duration_s,172800.0,s
governance,S6_combined,kalman,1,10.0,False,S6_combined__kalman__seed1__open,b3cf8d14b3aed8b1d65ab4497dcbfb879dbda2ce1da03bb07f6401c9b4b9bd4a,4aaa8c3f03ce9dc885a57217fab5963a0f4f62bf0aeb158bd3d5dbbb953f3e3d,f40ca51840cafb7bec2f9ce25adaa5165987e5eb,duration_s,172800.0,s
governance,S6_combined,kalman,2,10.0,True,S6_combined__kalman__seed2__control,e4f7ab87faf6982be139dc8af97757bff8d540d357c41e3d06ec298e4dd75854,2dcdf9429baa9fcc847cc03bb3eb992a0574d0c81dcfbd456974ff9264223f13,f40ca51840cafb7bec2f9ce25adaa5165987e5eb,duration_s,172800.0,s
governance,S6_combined,kalman,2,10.0,False,S6_combined__kalman__seed2__open,e4f7ab87faf6982be139dc8af97757bff8d540d357c41e3d06ec298e4dd75854,4aaa8c3f03ce9dc885a57217fab5963a0f4f62bf0aeb158bd3d5dbbb953f3e3d,f40ca51840cafb7bec2f9ce25adaa5165987e5eb,duration_s,172800.0,s
governance,S6_combined,kalman,3,10.0,True,S6_combined__kalman__seed3__control,c371bfebbbdb510b204e19fcaedea3c47a4e8b6d77499f04ee6ac55d13fed988,2dcdf9429baa9fcc847cc03bb3eb992a0574d0c81dcfbd456974ff9264223f13,f40ca51840cafb7bec2f9ce25adaa5165987e5eb,duration_s,172800.0,s
governance,S6_combined,kalman,3,10.0,False,S6_combined__kalman__seed3__open,c371bfebbbdb510b204e19fcaedea3c47a4e8b6d77499f04ee6ac55d13fed988,4aaa8c3f03ce9dc885a57217fab5963a0f4f62bf0aeb158bd3d5dbbb953f3e3d,f40ca51840cafb7bec2f9ce25adaa5165987e5eb,duration_s,172800.0,s
governance,S6_combined,static_affine,1,10.0,True,S6_combined__static_affine__seed1__control,b3cf8d14b3aed8b1d65ab4497dcbfb879dbda2ce1da03bb07f6401c9b4b9bd4a,535f10e6c30103272f64653e50d0578cbf5af363b23f0ecbad28905519d7af3d,f40ca51840cafb7bec2f9ce25adaa5165987e5eb,elapsed_s,89.6422870000024,s
governance,S6_combined,static_affine,1,10.0,False,S6_combined__static_affine__seed1__open,b3cf8d14b3aed8b1d65ab4497dcbfb879dbda2ce1da03bb07f6401c9b4b9bd4a,c6335bbd24a8e7cb3af8e5d376ac29c401f5a183b2242974930e81df54ac6b9e,f40ca51840cafb7bec2f9ce25adaa5165987e5eb,elapsed_s,88.1899151999969,s
governance,S6_combined,static_affine,2,10.0,True,S6_combined__static_affine__seed2__control,e4f7ab87faf6982be139dc8af97757bff8d540d357c41e3d06ec298e4dd75854,535f10e6c30103272f64653e50d0578cbf5af363b23f0ecbad28905519d7af3d,f40ca51840cafb7bec2f9ce25adaa5165987e5eb,elapsed_s,95.71452000000136,s
governance,S6_combined,static_affine,2,10.0,False,S6_combined__static_affine__seed2__open,e4f7ab87faf6982be139dc8af97757bff8d540d357c41e3d06ec298e4dd75854,c6335bbd24a8e7cb3af8e5d376ac29c401f5a183b2242974930e81df54ac6b9e,f40ca51840cafb7bec2f9ce25adaa5165987e5eb,elapsed_s,100.6136148000005,s
governance,S6_combined,static_affine,3,10.0,True,S6_combined__static_affine__seed3__control,c371bfebbbdb510b204e19fcaedea3c47a4e8b6d77499f04ee6ac55d13fed988,535f10e6c30103272f64653e50d0578cbf5af363b23f0ecbad28905519d7af3d,f40ca51840cafb7bec2f9ce25adaa5165987e5eb,elapsed_s,109.97431620000134,s
governance,S6_combined,static_affine,3,10.0,False,S6_combined__static_affine__seed3__open,c371bfebbbdb510b204e19fcaedea3c47a4e8b6d77499f04ee6ac55d13fed988,c6335bbd24a8e7cb3af8e5d376ac29c401f5a183b2242974930e81df54ac6b9e,f40ca51840cafb7bec2f9ce25adaa5165987e5eb,elapsed_s,108.40844339999603,s
governance,S6_combined,rls,1,10.0,True,S6_combined__rls__seed1__control,b3cf8d14b3aed8b1d65ab4497dcbfb879dbda2ce1da03bb07f6401c9b4b9bd4a,f54c17346089ba805d00d389d8b7c1c3e1cdb89c6515d103c5f0f15f4eb61185,f40ca51840cafb7bec2f9ce25adaa5165987e5eb,elapsed_s,108.24931669999933,s
governance,S6_combined,rls,1,10.0,False,S6_combined__rls__seed1__open,b3cf8d14b3aed8b1d65ab4497dcbfb879dbda2ce1da03bb07f6401c9b4b9bd4a,3bb55daaf14484e291ecf08771b15d5e23b5288c304675b08da573effc37cdb9,f40ca51840cafb7bec2f9ce25adaa5165987e5eb,elapsed_s,108.57948269999906,s
governance,S6_combined,rls,2,10.0,True,S6_combined__rls__seed2__control,e4f7ab87faf6982be139dc8af97757bff8d540d357c41e3d06ec298e4dd75854,f54c17346089ba805d00d389d8b7c1c3e1cdb89c6515d103c5f0f15f4eb61185,f40ca51840cafb7bec2f9ce25adaa5165987e5eb,elapsed_s,137.76017699999647,s
governance,S6_combined,rls,2,10.0,False,S6_combined__rls__seed2__open,e4f7ab87faf6982be139dc8af97757bff8d540d357c41e3d06ec298e4dd75854,3bb55daaf14484e291ecf08771b15d5e23b5288c304675b08da573effc37cdb9,f40ca51840cafb7bec2f9ce25adaa5165987e5eb,elapsed_s,153.01364060000196,s
governance,S6_combined,rls,3,10.0,True,S6_combined__rls__seed3__control,c371bfebbbdb510b204e19fcaedea3c47a4e8b6d77499f04ee6ac55d13fed988,f54c17346089ba805d00d389d8b7c1c3e1cdb89c6515d103c5f0f15f4eb61185,f40ca51840cafb7bec2f9ce25adaa5165987e5eb,elapsed_s,121.29009680000308,s
governance,S6_combined,rls,3,10.0,False,S6_combined__rls__seed3__open,c371bfebbbdb510b204e19fcaedea3c47a4e8b6d77499f04ee6ac55d13fed988,3bb55daaf14484e291ecf08771b15d5e23b5288c304675b08da573effc37cdb9,f40ca51840cafb7bec2f9ce25adaa5165987e5eb,elapsed_s,111.52391209999769,s
governance,S6_combined,kalman,1,10.0,True,S6_combined__kalman__seed1__control,b3cf8d14b3aed8b1d65ab4497dcbfb879dbda2ce1da03bb07f6401c9b4b9bd4a,2dcdf9429baa9fcc847cc03bb3eb992a0574d0c81dcfbd456974ff9264223f13,f40ca51840cafb7bec2f9ce25adaa5165987e5eb,elapsed_s,110.56474329999764,s
governance,S6_combined,kalman,1,10.0,False,S6_combined__kalman__seed1__open,b3cf8d14b3aed8b1d65ab4497dcbfb879dbda2ce1da03bb07f6401c9b4b9bd4a,4aaa8c3f03ce9dc885a57217fab5963a0f4f62bf0aeb158bd3d5dbbb953f3e3d,f40ca51840cafb7bec2f9ce25adaa5165987e5eb,elapsed_s,108.80712029999995,s
governance,S6_combined,kalman,2,10.0,True,S6_combined__kalman__seed2__control,e4f7ab87faf6982be139dc8af97757bff8d540d357c41e3d06ec298e4dd75854,2dcdf9429baa9fcc847cc03bb3eb992a0574d0c81dcfbd456974ff9264223f13,f40ca51840cafb7bec2f9ce25adaa5165987e5eb,elapsed_s,108.46395750000374,s
governance,S6_combined,kalman,2,10.0,False,S6_combined__kalman__seed2__open,e4f7ab87faf6982be139dc8af97757bff8d540d357c41e3d06ec298e4dd75854,4aaa8c3f03ce9dc885a57217fab5963a0f4f62bf0aeb158bd3d5dbbb953f3e3d,f40ca51840cafb7bec2f9ce25adaa5165987e5eb,elapsed_s,108.85699110000132,s
governance,S6_combined,kalman,3,10.0,True,S6_combined__kalman__seed3__control,c371bfebbbdb510b204e19fcaedea3c47a4e8b6d77499f04ee6ac55d13fed988,2dcdf9429baa9fcc847cc03bb3eb992a0574d0c81dcfbd456974ff9264223f13,f40ca51840cafb7bec2f9ce25adaa5165987e5eb,elapsed_s,110.58383250000043,s
governance,S6_combined,kalman,3,10.0,False,S6_combined__kalman__seed3__open,c371bfebbbdb510b204e19fcaedea3c47a4e8b6d77499f04ee6ac55d13fed988,4aaa8c3f03ce9dc885a57217fab5963a0f4f62bf0aeb158bd3d5dbbb953f3e3d,f40ca51840cafb7bec2f9ce25adaa5165987e5eb,elapsed_s,110.13506870000128,s
governance,S6_combined,static_affine,1,10.0,True,S6_combined__static_affine__seed1__control,b3cf8d14b3aed8b1d65ab4497dcbfb879dbda2ce1da03bb07f6401c9b4b9bd4a,535f10e6c30103272f64653e50d0578cbf5af363b23f0ecbad28905519d7af3d,f40ca51840cafb7bec2f9ce25adaa5165987e5eb,false_alarms_per_hour,0.020833333333333332,1/h
governance,S6_combined,static_affine,1,10.0,False,S6_combined__static_affine__seed1__open,b3cf8d14b3aed8b1d65ab4497dcbfb879dbda2ce1da03bb07f6401c9b4b9bd4a,c6335bbd24a8e7cb3af8e5d376ac29c401f5a183b2242974930e81df54ac6b9e,f40ca51840cafb7bec2f9ce25adaa5165987e5eb,false_alarms_per_hour,0.0,1/h
governance,S6_combined,static_affine,2,10.0,True,S6_combined__static_affine__seed2__control,e4f7ab87faf6982be139dc8af97757bff8d540d357c41e3d06ec298e4dd75854,535f10e6c30103272f64653e50d0578cbf5af363b23f0ecbad28905519d7af3d,f40ca51840cafb7bec2f9ce25adaa5165987e5eb,false_alarms_per_hour,0.041666666666666664,1/h
governance,S6_combined,static_affine,2,10.0,False,S6_combined__static_affine__seed2__open,e4f7ab87faf6982be139dc8af97757bff8d540d357c41e3d06ec298e4dd75854,c6335bbd24a8e7cb3af8e5d376ac29c401f5a183b2242974930e81df54ac6b9e,f40ca51840cafb7bec2f9ce25adaa5165987e5eb,false_alarms_per_hour,0.0,1/h
governance,S6_combined,static_affine,3,10.0,True,S6_combined__static_affine__seed3__control,c371bfebbbdb510b204e19fcaedea3c47a4e8b6d77499f04ee6ac55d13fed988,535f10e6c30103272f64653e50d0578cbf5af363b23f0ecbad28905519d7af3d,f40ca51840cafb7bec2f9ce25adaa5165987e5eb,false_alarms_per_hour,0.020833333333333332,1/h
governance,S6_combined,static_affine,3,10.0,False,S6_combined__static_affine__seed3__open,c371bfebbbdb510b204e19fcaedea3c47a4e8b6d77499f04ee6ac55d13fed988,c6335bbd24a8e7cb3af8e5d376ac29c401f5a183b2242974930e81df54ac6b9e,f40ca51840cafb7bec2f9ce25adaa5165987e5eb,false_alarms_per_hour,0.0,1/h
governance,S6_combined,rls,1,10.0,True,S6_combined__rls__seed1__control,b3cf8d14b3aed8b1d65ab4497dcbfb879dbda2ce1da03bb07f6401c9b4b9bd4a,f54c17346089ba805d00d389d8b7c1c3e1cdb89c6515d103c5f0f15f4eb61185,f40ca51840cafb7bec2f9ce25adaa5165987e5eb,false_alarms_per_hour,0.041666666666666664,1/h
governance,S6_combined,rls,1,10.0,False,S6_combined__rls__seed1__open,b3cf8d14b3aed8b1d65ab4497dcbfb879dbda2ce1da03bb07f6401c9b4b9bd4a,3bb55daaf14484e291ecf08771b15d5e23b5288c304675b08da573effc37cdb9,f40ca51840cafb7bec2f9ce25adaa5165987e5eb,false_alarms_per_hour,0.0,1/h
governance,S6_combined,rls,2,10.0,True,S6_combined__rls__seed2__control,e4f7ab87faf6982be139dc8af97757bff8d540d357c41e3d06ec298e4dd75854,f54c17346089ba805d00d389d8b7c1c3e1cdb89c6515d103c5f0f15f4eb61185,f40ca51840cafb7bec2f9ce25adaa5165987e5eb,false_alarms_per_hour,0.041666666666666664,1/h
governance,S6_combined,rls,2,10.0,False,S6_combined__rls__seed2__open,e4f7ab87faf6982be139dc8af97757bff8d540d357c41e3d06ec298e4dd75854,3bb55daaf14484e291ecf08771b15d5e23b5288c304675b08da573effc37cdb9,f40ca51840cafb7bec2f9ce25adaa5165987e5eb,false_alarms_per_hour,0.0,1/h
governance,S6_combined,rls,3,10.0,True,S6_combined__rls__seed3__control,c371bfebbbdb510b204e19fcaedea3c47a4e8b6d77499f04ee6ac55d13fed988,f54c17346089ba805d00d389d8b7c1c3e1cdb89c6515d103c5f0f15f4eb61185,f40ca51840cafb7bec2f9ce25adaa5165987e5eb,false_alarms_per_hour,0.041666666666666664,1/h
governance,S6_combined,rls,3,10.0,False,S6_combined__rls__seed3__open,c371bfebbbdb510b204e19fcaedea3c47a4e8b6d77499f04ee6ac55d13fed988,3bb55daaf14484e291ecf08771b15d5e23b5288c304675b08da573effc37cdb9,f40ca51840cafb7bec2f9ce25adaa5165987e5eb,false_alarms_per_hour,0.0,1/h
governance,S6_combined,kalman,1,10.0,True,S6_combined__kalman__seed1__control,b3cf8d14b3aed8b1d65ab4497dcbfb879dbda2ce1da03bb07f6401c9b4b9bd4a,2dcdf9429baa9fcc847cc03bb3eb992a0574d0c81dcfbd456974ff9264223f13,f40ca51840cafb7bec2f9ce25adaa5165987e5eb,false_alarms_per_hour,0.041666666666666664,1/h
governance,S6_combined,kalman,1,10.0,False,S6_combined__kalman__seed1__open,b3cf8d14b3aed8b1d65ab4497dcbfb879dbda2ce1da03bb07f6401c9b4b9bd4a,4aaa8c3f03ce9dc885a57217fab5963a0f4f62bf0aeb158bd3d5dbbb953f3e3d,f40ca51840cafb7bec2f9ce25adaa5165987e5eb,false_alarms_per_hour,0.0,1/h
governance,S6_combined,kalman,2,10.0,True,S6_combined__kalman__seed2__control,e4f7ab87faf6982be139dc8af97757bff8d540d357c41e3d06ec298e4dd75854,2dcdf9429baa9fcc847cc03bb3eb992a0574d0c81dcfbd456974ff9264223f13,f40ca51840cafb7bec2f9ce25adaa5165987e5eb,false_alarms_per_hour,0.020833333333333332,1/h
governance,S6_combined,kalman,2,10.0,False,S6_combined__kalman__seed2__open,e4f7ab87faf6982be139dc8af97757bff8d540d357c41e3d06ec298e4dd75854,4aaa8c3f03ce9dc885a57217fab5963a0f4f62bf0aeb158bd3d5dbbb953f3e3d,f40ca51840cafb7bec2f9ce25adaa5165987e5eb,false_alarms_per_hour,0.0,1/h
governance,S6_combined,kalman,3,10.0,True,S6_combined__kalman__seed3__control,c371bfebbbdb510b204e19fcaedea3c47a4e8b6d77499f04ee6ac55d13fed988,2dcdf9429baa9fcc847cc03bb3eb992a0574d0c81dcfbd456974ff9264223f13,f40ca51840cafb7bec2f9ce25adaa5165987e5eb,false_alarms_per_hour,0.041666666666666664,1/h
governance,S6_combined,kalman,3,10.0,False,S6_combined__kalman__seed3__open,c371bfebbbdb510b204e19fcaedea3c47a4e8b6d77499f04ee6ac55d13fed988,4aaa8c3f03ce9dc885a57217fab5963a0f4f62bf0aeb158bd3d5dbbb953f3e3d,f40ca51840cafb7bec2f9ce25adaa5165987e5eb,false_alarms_per_hour,0.0,1/h
governance,S6_combined,static_affine,1,10.0,True,S6_combined__static_affine__seed1__control,b3cf8d14b3aed8b1d65ab4497dcbfb879dbda2ce1da03bb07f6401c9b4b9bd4a,535f10e6c30103272f64653e50d0578cbf5af363b23f0ecbad28905519d7af3d,f40ca51840cafb7bec2f9ce25adaa5165987e5eb,n_truth,9570.0,count
governance,S6_combined,static_affine,1,10.0,False,S6_combined__static_affine__seed1__open,b3cf8d14b3aed8b1d65ab4497dcbfb879dbda2ce1da03bb07f6401c9b4b9bd4a,c6335bbd24a8e7cb3af8e5d376ac29c401f5a183b2242974930e81df54ac6b9e,f40ca51840cafb7bec2f9ce25adaa5165987e5eb,n_truth,9570.0,count
governance,S6_combined,static_affine,2,10.0,True,S6_combined__static_affine__seed2__control,e4f7ab87faf6982be139dc8af97757bff8d540d357c41e3d06ec298e4dd75854,535f10e6c30103272f64653e50d0578cbf5af363b23f0ecbad28905519d7af3d,f40ca51840cafb7bec2f9ce25adaa5165987e5eb,n_truth,9542.0,count
governance,S6_combined,static_affine,2,10.0,False,S6_combined__static_affine__seed2__open,e4f7ab87faf6982be139dc8af97757bff8d540d357c41e3d06ec298e4dd75854,c6335bbd24a8e7cb3af8e5d376ac29c401f5a183b2242974930e81df54ac6b9e,f40ca51840cafb7bec2f9ce25adaa5165987e5eb,n_truth,9542.0,count
governance,S6_combined,static_affine,3,10.0,True,S6_combined__static_affine__seed3__control,c371bfebbbdb510b204e19fcaedea3c47a4e8b6d77499f04ee6ac55d13fed988,535f10e6c30103272f64653e50d0578cbf5af363b23f0ecbad28905519d7af3d,f40ca51840cafb7bec2f9ce25adaa5165987e5eb,n_truth,9499.0,count
governance,S6_combined,static_affine,3,10.0,False,S6_combined__static_affine__seed3__open,c371bfebbbdb510b204e19fcaedea3c47a4e8b6d77499f04ee6ac55d13fed988,c6335bbd24a8e7cb3af8e5d376ac29c401f5a183b2242974930e81df54ac6b9e,f40ca51840cafb7bec2f9ce25adaa5165987e5eb,n_truth,9499.0,count
governance,S6_combined,rls,1,10.0,True,S6_combined__rls__seed1__control,b3cf8d14b3aed8b1d65ab4497dcbfb879dbda2ce1da03bb07f6401c9b4b9bd4a,f54c17346089ba805d00d389d8b7c1c3e1cdb89c6515d103c5f0f15f4eb61185,f40ca51840cafb7bec2f9ce25adaa5165987e5eb,n_truth,9570.0,count
governance,S6_combined,rls,1,10.0,False,S6_combined__rls__seed1__open,b3cf8d14b3aed8b1d65ab4497dcbfb879dbda2ce1da03bb07f6401c9b4b9bd4a,3bb55daaf14484e291ecf08771b15d5e23b5288c304675b08da573effc37cdb9,f40ca51840cafb7bec2f9ce25adaa5165987e5eb,n_truth,9570.0,count
governance,S6_combined,rls,2,10.0,True,S6_combined__rls__seed2__control,e4f7ab87faf6982be139dc8af97757bff8d540d357c41e3d06ec298e4dd75854,f54c17346089ba805d00d389d8b7c1c3e1cdb89c6515d103c5f0f15f4eb61185,f40ca51840cafb7bec2f9ce25adaa5165987e5eb,n_truth,9542.0,count
governance,S6_combined,rls,2,10.0,False,S6_combined__rls__seed2__open,e4f7ab87faf6982be139dc8af97757bff8d540d357c41e3d06ec298e4dd75854,3bb55daaf14484e291ecf08771b15d5e23b5288c304675b08da573effc37cdb9,f40ca51840cafb7bec2f9ce25adaa5165987e5eb,n_truth,9542.0,count
governance,S6_combined,rls,3,10.0,True,S6_combined__rls__seed3__control,c371bfebbbdb510b204e19fcaedea3c47a4e8b6d77499f04ee6ac55d13fed988,f54c17346089ba805d00d389d8b7c1c3e1cdb89c6515d103c5f0f15f4eb61185,f40ca51840cafb7bec2f9ce25adaa5165987e5eb,n_truth,9499.0,count
governance,S6_combined,rls,3,10.0,False,S6_combined__rls__seed3__open,c371bfebbbdb510b204e19fcaedea3c47a4e8b6d77499f04ee6ac55d13fed988,3bb55daaf14484e291ecf08771b15d5e23b5288c304675b08da573effc37cdb9,f40ca51840cafb7bec2f9ce25adaa5165987e5eb,n_truth,9499.0,count
governance,S6_combined,kalman,1,10.0,True,S6_combined__kalman__seed1__control,b3cf8d14b3aed8b1d65ab4497dcbfb879dbda2ce1da03bb07f6401c9b4b9bd4a,2dcdf9429baa9fcc847cc03bb3eb992a0574d0c81dcfbd456974ff9264223f13,f40ca51840cafb7bec2f9ce25adaa5165987e5eb,n_truth,9570.0,count
governance,S6_combined,kalman,1,10.0,False,S6_combined__kalman__seed1__open,b3cf8d14b3aed8b1d65ab4497dcbfb879dbda2ce1da03bb07f6401c9b4b9bd4a,4aaa8c3f03ce9dc885a57217fab5963a0f4f62bf0aeb158bd3d5dbbb953f3e3d,f40ca51840cafb7bec2f9ce25adaa5165987e5eb,n_truth,9570.0,count
governance,S6_combined,kalman,2,10.0,True,S6_combined__kalman__seed2__control,e4f7ab87faf6982be139dc8af97757bff8d540d357c41e3d06ec298e4dd75854,2dcdf9429baa9fcc847cc03bb3eb992a0574d0c81dcfbd456974ff9264223f13,f40ca51840cafb7bec2f9ce25adaa5165987e5eb,n_truth,9542.0,count
governance,S6_combined,kalman,2,10.0,False,S6_combined__kalman__seed2__open,e4f7ab87faf6982be139dc8af97757bff8d540d357c41e3d06ec298e4dd75854,4aaa8c3f03ce9dc885a57217fab5963a0f4f62bf0aeb158bd3d5dbbb953f3e3d,f40ca51840cafb7bec2f9ce25adaa5165987e5eb,n_truth,9542.0,count
governance,S6_combined,kalman,3,10.0,True,S6_combined__kalman__seed3__control,c371bfebbbdb510b204e19fcaedea3c47a4e8b6d77499f04ee6ac55d13fed988,2dcdf9429baa9fcc847cc03bb3eb992a0574d0c81dcfbd456974ff9264223f13,f40ca51840cafb7bec2f9ce25adaa5165987e5eb,n_truth,9499.0,count
governance,S6_combined,kalman,3,10.0,False,S6_combined__kalman__seed3__open,c371bfebbbdb510b204e19fcaedea3c47a4e8b6d77499f04ee6ac55d13fed988,4aaa8c3f03ce9dc885a57217fab5963a0f4f62bf0aeb158bd3d5dbbb953f3e3d,f40ca51840cafb7bec2f9ce25adaa5165987e5eb,n_truth,9499.0,count
governance,S6_combined,static_affine,1,10.0,True,S6_combined__static_affine__seed1__control,b3cf8d14b3aed8b1d65ab4497dcbfb879dbda2ce1da03bb07f6401c9b4b9bd4a,535f10e6c30103272f64653e50d0578cbf5af363b23f0ecbad28905519d7af3d,f40ca51840cafb7bec2f9ce25adaa5165987e5eb,n_matched,5002.0,count
governance,S6_combined,static_affine,1,10.0,False,S6_combined__static_affine__seed1__open,b3cf8d14b3aed8b1d65ab4497dcbfb879dbda2ce1da03bb07f6401c9b4b9bd4a,c6335bbd24a8e7cb3af8e5d376ac29c401f5a183b2242974930e81df54ac6b9e,f40ca51840cafb7bec2f9ce25adaa5165987e5eb,n_matched,5002.0,count
governance,S6_combined,static_affine,2,10.0,True,S6_combined__static_affine__seed2__control,e4f7ab87faf6982be139dc8af97757bff8d540d357c41e3d06ec298e4dd75854,535f10e6c30103272f64653e50d0578cbf5af363b23f0ecbad28905519d7af3d,f40ca51840cafb7bec2f9ce25adaa5165987e5eb,n_matched,5068.0,count
governance,S6_combined,static_affine,2,10.0,False,S6_combined__static_affine__seed2__open,e4f7ab87faf6982be139dc8af97757bff8d540d357c41e3d06ec298e4dd75854,c6335bbd24a8e7cb3af8e5d376ac29c401f5a183b2242974930e81df54ac6b9e,f40ca51840cafb7bec2f9ce25adaa5165987e5eb,n_matched,5068.0,count
governance,S6_combined,static_affine,3,10.0,True,S6_combined__static_affine__seed3__control,c371bfebbbdb510b204e19fcaedea3c47a4e8b6d77499f04ee6ac55d13fed988,535f10e6c30103272f64653e50d0578cbf5af363b23f0ecbad28905519d7af3d,f40ca51840cafb7bec2f9ce25adaa5165987e5eb,n_matched,5054.0,count
governance,S6_combined,static_affine,3,10.0,False,S6_combined__static_affine__seed3__open,c371bfebbbdb510b204e19fcaedea3c47a4e8b6d77499f04ee6ac55d13fed988,c6335bbd24a8e7cb3af8e5d376ac29c401f5a183b2242974930e81df54ac6b9e,f40ca51840cafb7bec2f9ce25adaa5165987e5eb,n_matched,5054.0,count
governance,S6_combined,rls,1,10.0,True,S6_combined__rls__seed1__control,b3cf8d14b3aed8b1d65ab4497dcbfb879dbda2ce1da03bb07f6401c9b4b9bd4a,f54c17346089ba805d00d389d8b7c1c3e1cdb89c6515d103c5f0f15f4eb61185,f40ca51840cafb7bec2f9ce25adaa5165987e5eb,n_matched,5002.0,count
governance,S6_combined,rls,1,10.0,False,S6_combined__rls__seed1__open,b3cf8d14b3aed8b1d65ab4497dcbfb879dbda2ce1da03bb07f6401c9b4b9bd4a,3bb55daaf14484e291ecf08771b15d5e23b5288c304675b08da573effc37cdb9,f40ca51840cafb7bec2f9ce25adaa5165987e5eb,n_matched,5002.0,count
governance,S6_combined,rls,2,10.0,True,S6_combined__rls__seed2__control,e4f7ab87faf6982be139dc8af97757bff8d540d357c41e3d06ec298e4dd75854,f54c17346089ba805d00d389d8b7c1c3e1cdb89c6515d103c5f0f15f4eb61185,f40ca51840cafb7bec2f9ce25adaa5165987e5eb,n_matched,5068.0,count
governance,S6_combined,rls,2,10.0,False,S6_combined__rls__seed2__open,e4f7ab87faf6982be139dc8af97757bff8d540d357c41e3d06ec298e4dd75854,3bb55daaf14484e291ecf08771b15d5e23b5288c304675b08da573effc37cdb9,f40ca51840cafb7bec2f9ce25adaa5165987e5eb,n_matched,5068.0,count
governance,S6_combined,rls,3,10.0,True,S6_combined__rls__seed3__control,c371bfebbbdb510b204e19fcaedea3c47a4e8b6d77499f04ee6ac55d13fed988,f54c17346089ba805d00d389d8b7c1c3e1cdb89c6515d103c5f0f15f4eb61185,f40ca51840cafb7bec2f9ce25adaa5165987e5eb,n_matched,5054.0,count
governance,S6_combined,rls,3,10.0,False,S6_combined__rls__seed3__open,c371bfebbbdb510b204e19fcaedea3c47a4e8b6d77499f04ee6ac55d13fed988,3bb55daaf14484e291ecf08771b15d5e23b5288c304675b08da573effc37cdb9,f40ca51840cafb7bec2f9ce25adaa5165987e5eb,n_matched,5054.0,count
governance,S6_combined,kalman,1,10.0,True,S6_combined__kalman__seed1__control,b3cf8d14b3aed8b1d65ab4497dcbfb879dbda2ce1da03bb07f6401c9b4b9bd4a,2dcdf9429baa9fcc847cc03bb3eb992a0574d0c81dcfbd456974ff9264223f13,f40ca51840cafb7bec2f9ce25adaa5165987e5eb,n_matched,5002.0,count
governance,S6_combined,kalman,1,10.0,False,S6_combined__kalman__seed1__open,b3cf8d14b3aed8b1d65ab4497dcbfb879dbda2ce1da03bb07f6401c9b4b9bd4a,4aaa8c3f03ce9dc885a57217fab5963a0f4f62bf0aeb158bd3d5dbbb953f3e3d,f40ca51840cafb7bec2f9ce25adaa5165987e5eb,n_matched,5002.0,count
governance,S6_combined,kalman,2,10.0,True,S6_combined__kalman__seed2__control,e4f7ab87faf6982be139dc8af97757bff8d540d357c41e3d06ec298e4dd75854,2dcdf9429baa9fcc847cc03bb3eb992a0574d0c81dcfbd456974ff9264223f13,f40ca51840cafb7bec2f9ce25adaa5165987e5eb,n_matched,5068.0,count
governance,S6_combined,kalman,2,10.0,False,S6_combined__kalman__seed2__open,e4f7ab87faf6982be139dc8af97757bff8d540d357c41e3d06ec298e4dd75854,4aaa8c3f03ce9dc885a57217fab5963a0f4f62bf0aeb158bd3d5dbbb953f3e3d,f40ca51840cafb7bec2f9ce25adaa5165987e5eb,n_matched,5068.0,count
governance,S6_combined,kalman,3,10.0,True,S6_combined__kalman__seed3__control,c371bfebbbdb510b204e19fcaedea3c47a4e8b6d77499f04ee6ac55d13fed988,2dcdf9429baa9fcc847cc03bb3eb992a0574d0c81dcfbd456974ff9264223f13,f40ca51840cafb7bec2f9ce25adaa5165987e5eb,n_matched,5054.0,count
governance,S6_combined,kalman,3,10.0,False,S6_combined__kalman__seed3__open,c371bfebbbdb510b204e19fcaedea3c47a4e8b6d77499f04ee6ac55d13fed988,4aaa8c3f03ce9dc885a57217fab5963a0f4f62bf0aeb158bd3d5dbbb953f3e3d,f40ca51840cafb7bec2f9ce25adaa5165987e5eb,n_matched,5054.0,count
governance,S6_combined,static_affine,1,10.0,True,S6_combined__static_affine__seed1__control,b3cf8d14b3aed8b1d65ab4497dcbfb879dbda2ce1da03bb07f6401c9b4b9bd4a,535f10e6c30103272f64653e50d0578cbf5af363b23f0ecbad28905519d7af3d,f40ca51840cafb7bec2f9ce25adaa5165987e5eb,n_detected,9622.0,count
governance,S6_combined,static_affine,1,10.0,False,S6_combined__static_affine__seed1__open,b3cf8d14b3aed8b1d65ab4497dcbfb879dbda2ce1da03bb07f6401c9b4b9bd4a,c6335bbd24a8e7cb3af8e5d376ac29c401f5a183b2242974930e81df54ac6b9e,f40ca51840cafb7bec2f9ce25adaa5165987e5eb,n_detected,9622.0,count
governance,S6_combined,static_affine,2,10.0,True,S6_combined__static_affine__seed2__control,e4f7ab87faf6982be139dc8af97757bff8d540d357c41e3d06ec298e4dd75854,535f10e6c30103272f64653e50d0578cbf5af363b23f0ecbad28905519d7af3d,f40ca51840cafb7bec2f9ce25adaa5165987e5eb,n_detected,9597.0,count
governance,S6_combined,static_affine,2,10.0,False,S6_combined__static_affine__seed2__open,e4f7ab87faf6982be139dc8af97757bff8d540d357c41e3d06ec298e4dd75854,c6335bbd24a8e7cb3af8e5d376ac29c401f5a183b2242974930e81df54ac6b9e,f40ca51840cafb7bec2f9ce25adaa5165987e5eb,n_detected,9597.0,count
governance,S6_combined,static_affine,3,10.0,True,S6_combined__static_affine__seed3__control,c371bfebbbdb510b204e19fcaedea3c47a4e8b6d77499f04ee6ac55d13fed988,535f10e6c30103272f64653e50d0578cbf5af363b23f0ecbad28905519d7af3d,f40ca51840cafb7bec2f9ce25adaa5165987e5eb,n_detected,9554.0,count
governance,S6_combined,static_affine,3,10.0,False,S6_combined__static_affine__seed3__open,c371bfebbbdb510b204e19fcaedea3c47a4e8b6d77499f04ee6ac55d13fed988,c6335bbd24a8e7cb3af8e5d376ac29c401f5a183b2242974930e81df54ac6b9e,f40ca51840cafb7bec2f9ce25adaa5165987e5eb,n_detected,9554.0,count
governance,S6_combined,rls,1,10.0,True,S6_combined__rls__seed1__control,b3cf8d14b3aed8b1d65ab4497dcbfb879dbda2ce1da03bb07f6401c9b4b9bd4a,f54c17346089ba805d00d389d8b7c1c3e1cdb89c6515d103c5f0f15f4eb61185,f40ca51840cafb7bec2f9ce25adaa5165987e5eb,n_detected,9622.0,count
governance,S6_combined,rls,1,10.0,False,S6_combined__rls__seed1__open,b3cf8d14b3aed8b1d65ab4497dcbfb879dbda2ce1da03bb07f6401c9b4b9bd4a,3bb55daaf14484e291ecf08771b15d5e23b5288c304675b08da573effc37cdb9,f40ca51840cafb7bec2f9ce25adaa5165987e5eb,n_detected,9622.0,count
governance,S6_combined,rls,2,10.0,True,S6_combined__rls__seed2__control,e4f7ab87faf6982be139dc8af97757bff8d540d357c41e3d06ec298e4dd75854,f54c17346089ba805d00d389d8b7c1c3e1cdb89c6515d103c5f0f15f4eb61185,f40ca51840cafb7bec2f9ce25adaa5165987e5eb,n_detected,9597.0,count
governance,S6_combined,rls,2,10.0,False,S6_combined__rls__seed2__open,e4f7ab87faf6982be139dc8af97757bff8d540d357c41e3d06ec298e4dd75854,3bb55daaf14484e291ecf08771b15d5e23b5288c304675b08da573effc37cdb9,f40ca51840cafb7bec2f9ce25adaa5165987e5eb,n_detected,9597.0,count
governance,S6_combined,rls,3,10.0,True,S6_combined__rls__seed3__control,c371bfebbbdb510b204e19fcaedea3c47a4e8b6d77499f04ee6ac55d13fed988,f54c17346089ba805d00d389d8b7c1c3e1cdb89c6515d103c5f0f15f4eb61185,f40ca51840cafb7bec2f9ce25adaa5165987e5eb,n_detected,9554.0,count
governance,S6_combined,rls,3,10.0,False,S6_combined__rls__seed3__open,c371bfebbbdb510b204e19fcaedea3c47a4e8b6d77499f04ee6ac55d13fed988,3bb55daaf14484e291ecf08771b15d5e23b5288c304675b08da573effc37cdb9,f40ca51840cafb7bec2f9ce25adaa5165987e5eb,n_detected,9554.0,count
governance,S6_combined,kalman,1,10.0,True,S6_combined__kalman__seed1__control,b3cf8d14b3aed8b1d65ab4497dcbfb879dbda2ce1da03bb07f6401c9b4b9bd4a,2dcdf9429baa9fcc847cc03bb3eb992a0574d0c81dcfbd456974ff9264223f13,f40ca51840cafb7bec2f9ce25adaa5165987e5eb,n_detected,9622.0,count
governance,S6_combined,kalman,1,10.0,False,S6_combined__kalman__seed1__open,b3cf8d14b3aed8b1d65ab4497dcbfb879dbda2ce1da03bb07f6401c9b4b9bd4a,4aaa8c3f03ce9dc885a57217fab5963a0f4f62bf0aeb158bd3d5dbbb953f3e3d,f40ca51840cafb7bec2f9ce25adaa5165987e5eb,n_detected,9622.0,count
governance,S6_combined,kalman,2,10.0,True,S6_combined__kalman__seed2__control,e4f7ab87faf6982be139dc8af97757bff8d540d357c41e3d06ec298e4dd75854,2dcdf9429baa9fcc847cc03bb3eb992a0574d0c81dcfbd456974ff9264223f13,f40ca51840cafb7bec2f9ce25adaa5165987e5eb,n_detected,9597.0,count
governance,S6_combined,kalman,2,10.0,False,S6_combined__kalman__seed2__open,e4f7ab87faf6982be139dc8af97757bff8d540d357c41e3d06ec298e4dd75854,4aaa8c3f03ce9dc885a57217fab5963a0f4f62bf0aeb158bd3d5dbbb953f3e3d,f40ca51840cafb7bec2f9ce25adaa5165987e5eb,n_detected,9597.0,count
governance,S6_combined,kalman,3,10.0,True,S6_combined__kalman__seed3__control,c371bfebbbdb510b204e19fcaedea3c47a4e8b6d77499f04ee6ac55d13fed988,2dcdf9429baa9fcc847cc03bb3eb992a0574d0c81dcfbd456974ff9264223f13,f40ca51840cafb7bec2f9ce25adaa5165987e5eb,n_detected,9554.0,count
governance,S6_combined,kalman,3,10.0,False,S6_combined__kalman__seed3__open,c371bfebbbdb510b204e19fcaedea3c47a4e8b6d77499f04ee6ac55d13fed988,4aaa8c3f03ce9dc885a57217fab5963a0f4f62bf0aeb158bd3d5dbbb953f3e3d,f40ca51840cafb7bec2f9ce25adaa5165987e5eb,n_detected,9554.0,count
governance,S6_combined,static_affine,1,10.0,True,S6_combined__static_affine__seed1__control,b3cf8d14b3aed8b1d65ab4497dcbfb879dbda2ce1da03bb07f6401c9b4b9bd4a,535f10e6c30103272f64653e50d0578cbf5af363b23f0ecbad28905519d7af3d,f40ca51840cafb7bec2f9ce25adaa5165987e5eb,n_references,489.0,count
governance,S6_combined,static_affine,1,10.0,False,S6_combined__static_affine__seed1__open,b3cf8d14b3aed8b1d65ab4497dcbfb879dbda2ce1da03bb07f6401c9b4b9bd4a,c6335bbd24a8e7cb3af8e5d376ac29c401f5a183b2242974930e81df54ac6b9e,f40ca51840cafb7bec2f9ce25adaa5165987e5eb,n_references,489.0,count
governance,S6_combined,static_affine,2,10.0,True,S6_combined__static_affine__seed2__control,e4f7ab87faf6982be139dc8af97757bff8d540d357c41e3d06ec298e4dd75854,535f10e6c30103272f64653e50d0578cbf5af363b23f0ecbad28905519d7af3d,f40ca51840cafb7bec2f9ce25adaa5165987e5eb,n_references,502.0,count
governance,S6_combined,static_affine,2,10.0,False,S6_combined__static_affine__seed2__open,e4f7ab87faf6982be139dc8af97757bff8d540d357c41e3d06ec298e4dd75854,c6335bbd24a8e7cb3af8e5d376ac29c401f5a183b2242974930e81df54ac6b9e,f40ca51840cafb7bec2f9ce25adaa5165987e5eb,n_references,502.0,count
governance,S6_combined,static_affine,3,10.0,True,S6_combined__static_affine__seed3__control,c371bfebbbdb510b204e19fcaedea3c47a4e8b6d77499f04ee6ac55d13fed988,535f10e6c30103272f64653e50d0578cbf5af363b23f0ecbad28905519d7af3d,f40ca51840cafb7bec2f9ce25adaa5165987e5eb,n_references,497.0,count
governance,S6_combined,static_affine,3,10.0,False,S6_combined__static_affine__seed3__open,c371bfebbbdb510b204e19fcaedea3c47a4e8b6d77499f04ee6ac55d13fed988,c6335bbd24a8e7cb3af8e5d376ac29c401f5a183b2242974930e81df54ac6b9e,f40ca51840cafb7bec2f9ce25adaa5165987e5eb,n_references,497.0,count
governance,S6_combined,rls,1,10.0,True,S6_combined__rls__seed1__control,b3cf8d14b3aed8b1d65ab4497dcbfb879dbda2ce1da03bb07f6401c9b4b9bd4a,f54c17346089ba805d00d389d8b7c1c3e1cdb89c6515d103c5f0f15f4eb61185,f40ca51840cafb7bec2f9ce25adaa5165987e5eb,n_references,489.0,count
governance,S6_combined,rls,1,10.0,False,S6_combined__rls__seed1__open,b3cf8d14b3aed8b1d65ab4497dcbfb879dbda2ce1da03bb07f6401c9b4b9bd4a,3bb55daaf14484e291ecf08771b15d5e23b5288c304675b08da573effc37cdb9,f40ca51840cafb7bec2f9ce25adaa5165987e5eb,n_references,489.0,count
governance,S6_combined,rls,2,10.0,True,S6_combined__rls__seed2__control,e4f7ab87faf6982be139dc8af97757bff8d540d357c41e3d06ec298e4dd75854,f54c17346089ba805d00d389d8b7c1c3e1cdb89c6515d103c5f0f15f4eb61185,f40ca51840cafb7bec2f9ce25adaa5165987e5eb,n_references,502.0,count
governance,S6_combined,rls,2,10.0,False,S6_combined__rls__seed2__open,e4f7ab87faf6982be139dc8af97757bff8d540d357c41e3d06ec298e4dd75854,3bb55daaf14484e291ecf08771b15d5e23b5288c304675b08da573effc37cdb9,f40ca51840cafb7bec2f9ce25adaa5165987e5eb,n_references,502.0,count
governance,S6_combined,rls,3,10.0,True,S6_combined__rls__seed3__control,c371bfebbbdb510b204e19fcaedea3c47a4e8b6d77499f04ee6ac55d13fed988,f54c17346089ba805d00d389d8b7c1c3e1cdb89c6515d103c5f0f15f4eb61185,f40ca51840cafb7bec2f9ce25adaa5165987e5eb,n_references,497.0,count
governance,S6_combined,rls,3,10.0,False,S6_combined__rls__seed3__open,c371bfebbbdb510b204e19fcaedea3c47a4e8b6d77499f04ee6ac55d13fed988,3bb55daaf14484e291ecf08771b15d5e23b5288c304675b08da573effc37cdb9,f40ca51840cafb7bec2f9ce25adaa5165987e5eb,n_references,497.0,count
governance,S6_combined,kalman,1,10.0,True,S6_combined__kalman__seed1__control,b3cf8d14b3aed8b1d65ab4497dcbfb879dbda2ce1da03bb07f6401c9b4b9bd4a,2dcdf9429baa9fcc847cc03bb3eb992a0574d0c81dcfbd456974ff9264223f13,f40ca51840cafb7bec2f9ce25adaa5165987e5eb,n_references,489.0,count
governance,S6_combined,kalman,1,10.0,False,S6_combined__kalman__seed1__open,b3cf8d14b3aed8b1d65ab4497dcbfb879dbda2ce1da03bb07f6401c9b4b9bd4a,4aaa8c3f03ce9dc885a57217fab5963a0f4f62bf0aeb158bd3d5dbbb953f3e3d,f40ca51840cafb7bec2f9ce25adaa5165987e5eb,n_references,489.0,count
governance,S6_combined,kalman,2,10.0,True,S6_combined__kalman__seed2__control,e4f7ab87faf6982be139dc8af97757bff8d540d357c41e3d06ec298e4dd75854,2dcdf9429baa9fcc847cc03bb3eb992a0574d0c81dcfbd456974ff9264223f13,f40ca51840cafb7bec2f9ce25adaa5165987e5eb,n_references,502.0,count
governance,S6_combined,kalman,2,10.0,False,S6_combined__kalman__seed2__open,e4f7ab87faf6982be139dc8af97757bff8d540d357c41e3d06ec298e4dd75854,4aaa8c3f03ce9dc885a57217fab5963a0f4f62bf0aeb158bd3d5dbbb953f3e3d,f40ca51840cafb7bec2f9ce25adaa5165987e5eb,n_references,502.0,count
governance,S6_combined,kalman,3,10.0,True,S6_combined__kalman__seed3__control,c371bfebbbdb510b204e19fcaedea3c47a4e8b6d77499f04ee6ac55d13fed988,2dcdf9429baa9fcc847cc03bb3eb992a0574d0c81dcfbd456974ff9264223f13,f40ca51840cafb7bec2f9ce25adaa5165987e5eb,n_references,497.0,count
governance,S6_combined,kalman,3,10.0,False,S6_combined__kalman__seed3__open,c371bfebbbdb510b204e19fcaedea3c47a4e8b6d77499f04ee6ac55d13fed988,4aaa8c3f03ce9dc885a57217fab5963a0f4f62bf0aeb158bd3d5dbbb953f3e3d,f40ca51840cafb7bec2f9ce25adaa5165987e5eb,n_references,497.0,count
governance,S6_combined,static_affine,1,10.0,True,S6_combined__static_affine__seed1__control,b3cf8d14b3aed8b1d65ab4497dcbfb879dbda2ce1da03bb07f6401c9b4b9bd4a,535f10e6c30103272f64653e50d0578cbf5af363b23f0ecbad28905519d7af3d,f40ca51840cafb7bec2f9ce25adaa5165987e5eb,alarms,2.0,count
governance,S6_combined,static_affine,1,10.0,False,S6_combined__static_affine__seed1__open,b3cf8d14b3aed8b1d65ab4497dcbfb879dbda2ce1da03bb07f6401c9b4b9bd4a,c6335bbd24a8e7cb3af8e5d376ac29c401f5a183b2242974930e81df54ac6b9e,f40ca51840cafb7bec2f9ce25adaa5165987e5eb,alarms,0.0,count
governance,S6_combined,static_affine,2,10.0,True,S6_combined__static_affine__seed2__control,e4f7ab87faf6982be139dc8af97757bff8d540d357c41e3d06ec298e4dd75854,535f10e6c30103272f64653e50d0578cbf5af363b23f0ecbad28905519d7af3d,f40ca51840cafb7bec2f9ce25adaa5165987e5eb,alarms,2.0,count
governance,S6_combined,static_affine,2,10.0,False,S6_combined__static_affine__seed2__open,e4f7ab87faf6982be139dc8af97757bff8d540d357c41e3d06ec298e4dd75854,c6335bbd24a8e7cb3af8e5d376ac29c401f5a183b2242974930e81df54ac6b9e,f40ca51840cafb7bec2f9ce25adaa5165987e5eb,alarms,0.0,count
governance,S6_combined,static_affine,3,10.0,True,S6_combined__static_affine__seed3__control,c371bfebbbdb510b204e19fcaedea3c47a4e8b6d77499f04ee6ac55d13fed988,535f10e6c30103272f64653e50d0578cbf5af363b23f0ecbad28905519d7af3d,f40ca51840cafb7bec2f9ce25adaa5165987e5eb,alarms,1.0,count
governance,S6_combined,static_affine,3,10.0,False,S6_combined__static_affine__seed3__open,c371bfebbbdb510b204e19fcaedea3c47a4e8b6d77499f04ee6ac55d13fed988,c6335bbd24a8e7cb3af8e5d376ac29c401f5a183b2242974930e81df54ac6b9e,f40ca51840cafb7bec2f9ce25adaa5165987e5eb,alarms,0.0,count
governance,S6_combined,rls,1,10.0,True,S6_combined__rls__seed1__control,b3cf8d14b3aed8b1d65ab4497dcbfb879dbda2ce1da03bb07f6401c9b4b9bd4a,f54c17346089ba805d00d389d8b7c1c3e1cdb89c6515d103c5f0f15f4eb61185,f40ca51840cafb7bec2f9ce25adaa5165987e5eb,alarms,2.0,count
governance,S6_combined,rls,1,10.0,False,S6_combined__rls__seed1__open,b3cf8d14b3aed8b1d65ab4497dcbfb879dbda2ce1da03bb07f6401c9b4b9bd4a,3bb55daaf14484e291ecf08771b15d5e23b5288c304675b08da573effc37cdb9,f40ca51840cafb7bec2f9ce25adaa5165987e5eb,alarms,0.0,count
governance,S6_combined,rls,2,10.0,True,S6_combined__rls__seed2__control,e4f7ab87faf6982be139dc8af97757bff8d540d357c41e3d06ec298e4dd75854,f54c17346089ba805d00d389d8b7c1c3e1cdb89c6515d103c5f0f15f4eb61185,f40ca51840cafb7bec2f9ce25adaa5165987e5eb,alarms,2.0,count
governance,S6_combined,rls,2,10.0,False,S6_combined__rls__seed2__open,e4f7ab87faf6982be139dc8af97757bff8d540d357c41e3d06ec298e4dd75854,3bb55daaf14484e291ecf08771b15d5e23b5288c304675b08da573effc37cdb9,f40ca51840cafb7bec2f9ce25adaa5165987e5eb,alarms,0.0,count
governance,S6_combined,rls,3,10.0,True,S6_combined__rls__seed3__control,c371bfebbbdb510b204e19fcaedea3c47a4e8b6d77499f04ee6ac55d13fed988,f54c17346089ba805d00d389d8b7c1c3e1cdb89c6515d103c5f0f15f4eb61185,f40ca51840cafb7bec2f9ce25adaa5165987e5eb,alarms,2.0,count
governance,S6_combined,rls,3,10.0,False,S6_combined__rls__seed3__open,c371bfebbbdb510b204e19fcaedea3c47a4e8b6d77499f04ee6ac55d13fed988,3bb55daaf14484e291ecf08771b15d5e23b5288c304675b08da573effc37cdb9,f40ca51840cafb7bec2f9ce25adaa5165987e5eb,alarms,0.0,count
governance,S6_combined,kalman,1,10.0,True,S6_combined__kalman__seed1__control,b3cf8d14b3aed8b1d65ab4497dcbfb879dbda2ce1da03bb07f6401c9b4b9bd4a,2dcdf9429baa9fcc847cc03bb3eb992a0574d0c81dcfbd456974ff9264223f13,f40ca51840cafb7bec2f9ce25adaa5165987e5eb,alarms,2.0,count
governance,S6_combined,kalman,1,10.0,False,S6_combined__kalman__seed1__open,b3cf8d14b3aed8b1d65ab4497dcbfb879dbda2ce1da03bb07f6401c9b4b9bd4a,4aaa8c3f03ce9dc885a57217fab5963a0f4f62bf0aeb158bd3d5dbbb953f3e3d,f40ca51840cafb7bec2f9ce25adaa5165987e5eb,alarms,0.0,count
governance,S6_combined,kalman,2,10.0,True,S6_combined__kalman__seed2__control,e4f7ab87faf6982be139dc8af97757bff8d540d357c41e3d06ec298e4dd75854,2dcdf9429baa9fcc847cc03bb3eb992a0574d0c81dcfbd456974ff9264223f13,f40ca51840cafb7bec2f9ce25adaa5165987e5eb,alarms,1.0,count
governance,S6_combined,kalman,2,10.0,False,S6_combined__kalman__seed2__open,e4f7ab87faf6982be139dc8af97757bff8d540d357c41e3d06ec298e4dd75854,4aaa8c3f03ce9dc885a57217fab5963a0f4f62bf0aeb158bd3d5dbbb953f3e3d,f40ca51840cafb7bec2f9ce25adaa5165987e5eb,alarms,0.0,count
governance,S6_combined,kalman,3,10.0,True,S6_combined__kalman__seed3__control,c371bfebbbdb510b204e19fcaedea3c47a4e8b6d77499f04ee6ac55d13fed988,2dcdf9429baa9fcc847cc03bb3eb992a0574d0c81dcfbd456974ff9264223f13,f40ca51840cafb7bec2f9ce25adaa5165987e5eb,alarms,2.0,count
governance,S6_combined,kalman,3,10.0,False,S6_combined__kalman__seed3__open,c371bfebbbdb510b204e19fcaedea3c47a4e8b6d77499f04ee6ac55d13fed988,4aaa8c3f03ce9dc885a57217fab5963a0f4f62bf0aeb158bd3d5dbbb953f3e3d,f40ca51840cafb7bec2f9ce25adaa5165987e5eb,alarms,0.0,count
governance,S6_combined,static_affine,1,10.0,True,S6_combined__static_affine__seed1__control,b3cf8d14b3aed8b1d65ab4497dcbfb879dbda2ce1da03bb07f6401c9b4b9bd4a,535f10e6c30103272f64653e50d0578cbf5af363b23f0ecbad28905519d7af3d,f40ca51840cafb7bec2f9ce25adaa5165987e5eb,recalibrations,0.0,count
governance,S6_combined,static_affine,1,10.0,False,S6_combined__static_affine__seed1__open,b3cf8d14b3aed8b1d65ab4497dcbfb879dbda2ce1da03bb07f6401c9b4b9bd4a,c6335bbd24a8e7cb3af8e5d376ac29c401f5a183b2242974930e81df54ac6b9e,f40ca51840cafb7bec2f9ce25adaa5165987e5eb,recalibrations,0.0,count
governance,S6_combined,static_affine,2,10.0,True,S6_combined__static_affine__seed2__control,e4f7ab87faf6982be139dc8af97757bff8d540d357c41e3d06ec298e4dd75854,535f10e6c30103272f64653e50d0578cbf5af363b23f0ecbad28905519d7af3d,f40ca51840cafb7bec2f9ce25adaa5165987e5eb,recalibrations,1.0,count
governance,S6_combined,static_affine,2,10.0,False,S6_combined__static_affine__seed2__open,e4f7ab87faf6982be139dc8af97757bff8d540d357c41e3d06ec298e4dd75854,c6335bbd24a8e7cb3af8e5d376ac29c401f5a183b2242974930e81df54ac6b9e,f40ca51840cafb7bec2f9ce25adaa5165987e5eb,recalibrations,0.0,count
governance,S6_combined,static_affine,3,10.0,True,S6_combined__static_affine__seed3__control,c371bfebbbdb510b204e19fcaedea3c47a4e8b6d77499f04ee6ac55d13fed988,535f10e6c30103272f64653e50d0578cbf5af363b23f0ecbad28905519d7af3d,f40ca51840cafb7bec2f9ce25adaa5165987e5eb,recalibrations,1.0,count
governance,S6_combined,static_affine,3,10.0,False,S6_combined__static_affine__seed3__open,c371bfebbbdb510b204e19fcaedea3c47a4e8b6d77499f04ee6ac55d13fed988,c6335bbd24a8e7cb3af8e5d376ac29c401f5a183b2242974930e81df54ac6b9e,f40ca51840cafb7bec2f9ce25adaa5165987e5eb,recalibrations,0.0,count
governance,S6_combined,rls,1,10.0,True,S6_combined__rls__seed1__control,b3cf8d14b3aed8b1d65ab4497dcbfb879dbda2ce1da03bb07f6401c9b4b9bd4a,f54c17346089ba805d00d389d8b7c1c3e1cdb89c6515d103c5f0f15f4eb61185,f40ca51840cafb7bec2f9ce25adaa5165987e5eb,recalibrations,0.0,count
governance,S6_combined,rls,1,10.0,False,S6_combined__rls__seed1__open,b3cf8d14b3aed8b1d65ab4497dcbfb879dbda2ce1da03bb07f6401c9b4b9bd4a,3bb55daaf14484e291ecf08771b15d5e23b5288c304675b08da573effc37cdb9,f40ca51840cafb7bec2f9ce25adaa5165987e5eb,recalibrations,0.0,count
governance,S6_combined,rls,2,10.0,True,S6_combined__rls__seed2__control,e4f7ab87faf6982be139dc8af97757bff8d540d357c41e3d06ec298e4dd75854,f54c17346089ba805d00d389d8b7c1c3e1cdb89c6515d103c5f0f15f4eb61185,f40ca51840cafb7bec2f9ce25adaa5165987e5eb,recalibrations,0.0,count
governance,S6_combined,rls,2,10.0,False,S6_combined__rls__seed2__open,e4f7ab87faf6982be139dc8af97757bff8d540d357c41e3d06ec298e4dd75854,3bb55daaf14484e291ecf08771b15d5e23b5288c304675b08da573effc37cdb9,f40ca51840cafb7bec2f9ce25adaa5165987e5eb,recalibrations,0.0,count
governance,S6_combined,rls,3,10.0,True,S6_combined__rls__seed3__control,c371bfebbbdb510b204e19fcaedea3c47a4e8b6d77499f04ee6ac55d13fed988,f54c17346089ba805d00d389d8b7c1c3e1cdb89c6515d103c5f0f15f4eb61185,f40ca51840cafb7bec2f9ce25adaa5165987e5eb,recalibrations,1.0,count
governance,S6_combined,rls,3,10.0,False,S6_combined__rls__seed3__open,c371bfebbbdb510b204e19fcaedea3c47a4e8b6d77499f04ee6ac55d13fed988,3bb55daaf14484e291ecf08771b15d5e23b5288c304675b08da573effc37cdb9,f40ca51840cafb7bec2f9ce25adaa5165987e5eb,recalibrations,0.0,count
governance,S6_combined,kalman,1,10.0,True,S6_combined__kalman__seed1__control,b3cf8d14b3aed8b1d65ab4497dcbfb879dbda2ce1da03bb07f6401c9b4b9bd4a,2dcdf9429baa9fcc847cc03bb3eb992a0574d0c81dcfbd456974ff9264223f13,f40ca51840cafb7bec2f9ce25adaa5165987e5eb,recalibrations,0.0,count
governance,S6_combined,kalman,1,10.0,False,S6_combined__kalman__seed1__open,b3cf8d14b3aed8b1d65ab4497dcbfb879dbda2ce1da03bb07f6401c9b4b9bd4a,4aaa8c3f03ce9dc885a57217fab5963a0f4f62bf0aeb158bd3d5dbbb953f3e3d,f40ca51840cafb7bec2f9ce25adaa5165987e5eb,recalibrations,0.0,count
governance,S6_combined,kalman,2,10.0,True,S6_combined__kalman__seed2__control,e4f7ab87faf6982be139dc8af97757bff8d540d357c41e3d06ec298e4dd75854,2dcdf9429baa9fcc847cc03bb3eb992a0574d0c81dcfbd456974ff9264223f13,f40ca51840cafb7bec2f9ce25adaa5165987e5eb,recalibrations,0.0,count
governance,S6_combined,kalman,2,10.0,False,S6_combined__kalman__seed2__open,e4f7ab87faf6982be139dc8af97757bff8d540d357c41e3d06ec298e4dd75854,4aaa8c3f03ce9dc885a57217fab5963a0f4f62bf0aeb158bd3d5dbbb953f3e3d,f40ca51840cafb7bec2f9ce25adaa5165987e5eb,recalibrations,0.0,count
governance,S6_combined,kalman,3,10.0,True,S6_combined__kalman__seed3__control,c371bfebbbdb510b204e19fcaedea3c47a4e8b6d77499f04ee6ac55d13fed988,2dcdf9429baa9fcc847cc03bb3eb992a0574d0c81dcfbd456974ff9264223f13,f40ca51840cafb7bec2f9ce25adaa5165987e5eb,recalibrations,0.0,count
governance,S6_combined,kalman,3,10.0,False,S6_combined__kalman__seed3__open,c371bfebbbdb510b204e19fcaedea3c47a4e8b6d77499f04ee6ac55d13fed988,4aaa8c3f03ce9dc885a57217fab5963a0f4f62bf0aeb158bd3d5dbbb953f3e3d,f40ca51840cafb7bec2f9ce25adaa5165987e5eb,recalibrations,0.0,count
governance,S6_combined,static_affine,1,10.0,True,S6_combined__static_affine__seed1__control,b3cf8d14b3aed8b1d65ab4497dcbfb879dbda2ce1da03bb07f6401c9b4b9bd4a,535f10e6c30103272f64653e50d0578cbf5af363b23f0ecbad28905519d7af3d,f40ca51840cafb7bec2f9ce25adaa5165987e5eb,degradations,0.0,count
governance,S6_combined,static_affine,1,10.0,False,S6_combined__static_affine__seed1__open,b3cf8d14b3aed8b1d65ab4497dcbfb879dbda2ce1da03bb07f6401c9b4b9bd4a,c6335bbd24a8e7cb3af8e5d376ac29c401f5a183b2242974930e81df54ac6b9e,f40ca51840cafb7bec2f9ce25adaa5165987e5eb,degradations,0.0,count
governance,S6_combined,static_affine,2,10.0,True,S6_combined__static_affine__seed2__control,e4f7ab87faf6982be139dc8af97757bff8d540d357c41e3d06ec298e4dd75854,535f10e6c30103272f64653e50d0578cbf5af363b23f0ecbad28905519d7af3d,f40ca51840cafb7bec2f9ce25adaa5165987e5eb,degradations,0.0,count
governance,S6_combined,static_affine,2,10.0,False,S6_combined__static_affine__seed2__open,e4f7ab87faf6982be139dc8af97757bff8d540d357c41e3d06ec298e4dd75854,c6335bbd24a8e7cb3af8e5d376ac29c401f5a183b2242974930e81df54ac6b9e,f40ca51840cafb7bec2f9ce25adaa5165987e5eb,degradations,0.0,count
governance,S6_combined,static_affine,3,10.0,True,S6_combined__static_affine__seed3__control,c371bfebbbdb510b204e19fcaedea3c47a4e8b6d77499f04ee6ac55d13fed988,535f10e6c30103272f64653e50d0578cbf5af363b23f0ecbad28905519d7af3d,f40ca51840cafb7bec2f9ce25adaa5165987e5eb,degradations,1.0,count
governance,S6_combined,static_affine,3,10.0,False,S6_combined__static_affine__seed3__open,c371bfebbbdb510b204e19fcaedea3c47a4e8b6d77499f04ee6ac55d13fed988,c6335bbd24a8e7cb3af8e5d376ac29c401f5a183b2242974930e81df54ac6b9e,f40ca51840cafb7bec2f9ce25adaa5165987e5eb,degradations,0.0,count
governance,S6_combined,rls,1,10.0,True,S6_combined__rls__seed1__control,b3cf8d14b3aed8b1d65ab4497dcbfb879dbda2ce1da03bb07f6401c9b4b9bd4a,f54c17346089ba805d00d389d8b7c1c3e1cdb89c6515d103c5f0f15f4eb61185,f40ca51840cafb7bec2f9ce25adaa5165987e5eb,degradations,0.0,count
governance,S6_combined,rls,1,10.0,False,S6_combined__rls__seed1__open,b3cf8d14b3aed8b1d65ab4497dcbfb879dbda2ce1da03bb07f6401c9b4b9bd4a,3bb55daaf14484e291ecf08771b15d5e23b5288c304675b08da573effc37cdb9,f40ca51840cafb7bec2f9ce25adaa5165987e5eb,degradations,0.0,count
governance,S6_combined,rls,2,10.0,True,S6_combined__rls__seed2__control,e4f7ab87faf6982be139dc8af97757bff8d540d357c41e3d06ec298e4dd75854,f54c17346089ba805d00d389d8b7c1c3e1cdb89c6515d103c5f0f15f4eb61185,f40ca51840cafb7bec2f9ce25adaa5165987e5eb,degradations,0.0,count
governance,S6_combined,rls,2,10.0,False,S6_combined__rls__seed2__open,e4f7ab87faf6982be139dc8af97757bff8d540d357c41e3d06ec298e4dd75854,3bb55daaf14484e291ecf08771b15d5e23b5288c304675b08da573effc37cdb9,f40ca51840cafb7bec2f9ce25adaa5165987e5eb,degradations,0.0,count
governance,S6_combined,rls,3,10.0,True,S6_combined__rls__seed3__control,c371bfebbbdb510b204e19fcaedea3c47a4e8b6d77499f04ee6ac55d13fed988,f54c17346089ba805d00d389d8b7c1c3e1cdb89c6515d103c5f0f15f4eb61185,f40ca51840cafb7bec2f9ce25adaa5165987e5eb,degradations,0.0,count
governance,S6_combined,rls,3,10.0,False,S6_combined__rls__seed3__open,c371bfebbbdb510b204e19fcaedea3c47a4e8b6d77499f04ee6ac55d13fed988,3bb55daaf14484e291ecf08771b15d5e23b5288c304675b08da573effc37cdb9,f40ca51840cafb7bec2f9ce25adaa5165987e5eb,degradations,0.0,count
governance,S6_combined,kalman,1,10.0,True,S6_combined__kalman__seed1__control,b3cf8d14b3aed8b1d65ab4497dcbfb879dbda2ce1da03bb07f6401c9b4b9bd4a,2dcdf9429baa9fcc847cc03bb3eb992a0574d0c81dcfbd456974ff9264223f13,f40ca51840cafb7bec2f9ce25adaa5165987e5eb,degradations,0.0,count
governance,S6_combined,kalman,1,10.0,False,S6_combined__kalman__seed1__open,b3cf8d14b3aed8b1d65ab4497dcbfb879dbda2ce1da03bb07f6401c9b4b9bd4a,4aaa8c3f03ce9dc885a57217fab5963a0f4f62bf0aeb158bd3d5dbbb953f3e3d,f40ca51840cafb7bec2f9ce25adaa5165987e5eb,degradations,0.0,count
governance,S6_combined,kalman,2,10.0,True,S6_combined__kalman__seed2__control,e4f7ab87faf6982be139dc8af97757bff8d540d357c41e3d06ec298e4dd75854,2dcdf9429baa9fcc847cc03bb3eb992a0574d0c81dcfbd456974ff9264223f13,f40ca51840cafb7bec2f9ce25adaa5165987e5eb,degradations,0.0,count
governance,S6_combined,kalman,2,10.0,False,S6_combined__kalman__seed2__open,e4f7ab87faf6982be139dc8af97757bff8d540d357c41e3d06ec298e4dd75854,4aaa8c3f03ce9dc885a57217fab5963a0f4f62bf0aeb158bd3d5dbbb953f3e3d,f40ca51840cafb7bec2f9ce25adaa5165987e5eb,degradations,0.0,count
governance,S6_combined,kalman,3,10.0,True,S6_combined__kalman__seed3__control,c371bfebbbdb510b204e19fcaedea3c47a4e8b6d77499f04ee6ac55d13fed988,2dcdf9429baa9fcc847cc03bb3eb992a0574d0c81dcfbd456974ff9264223f13,f40ca51840cafb7bec2f9ce25adaa5165987e5eb,degradations,0.0,count
governance,S6_combined,kalman,3,10.0,False,S6_combined__kalman__seed3__open,c371bfebbbdb510b204e19fcaedea3c47a4e8b6d77499f04ee6ac55d13fed988,4aaa8c3f03ce9dc885a57217fab5963a0f4f62bf0aeb158bd3d5dbbb953f3e3d,f40ca51840cafb7bec2f9ce25adaa5165987e5eb,degradations,0.0,count
governance,S6_combined,static_affine,1,10.0,True,S6_combined__static_affine__seed1__control,b3cf8d14b3aed8b1d65ab4497dcbfb879dbda2ce1da03bb07f6401c9b4b9bd4a,535f10e6c30103272f64653e50d0578cbf5af363b23f0ecbad28905519d7af3d,f40ca51840cafb7bec2f9ce25adaa5165987e5eb,n_profiles,1.0,count
governance,S6_combined,static_affine,1,10.0,False,S6_combined__static_affine__seed1__open,b3cf8d14b3aed8b1d65ab4497dcbfb879dbda2ce1da03bb07f6401c9b4b9bd4a,c6335bbd24a8e7cb3af8e5d376ac29c401f5a183b2242974930e81df54ac6b9e,f40ca51840cafb7bec2f9ce25adaa5165987e5eb,n_profiles,1.0,count
governance,S6_combined,static_affine,2,10.0,True,S6_combined__static_affine__seed2__control,e4f7ab87faf6982be139dc8af97757bff8d540d357c41e3d06ec298e4dd75854,535f10e6c30103272f64653e50d0578cbf5af363b23f0ecbad28905519d7af3d,f40ca51840cafb7bec2f9ce25adaa5165987e5eb,n_profiles,2.0,count
governance,S6_combined,static_affine,2,10.0,False,S6_combined__static_affine__seed2__open,e4f7ab87faf6982be139dc8af97757bff8d540d357c41e3d06ec298e4dd75854,c6335bbd24a8e7cb3af8e5d376ac29c401f5a183b2242974930e81df54ac6b9e,f40ca51840cafb7bec2f9ce25adaa5165987e5eb,n_profiles,1.0,count
governance,S6_combined,static_affine,3,10.0,True,S6_combined__static_affine__seed3__control,c371bfebbbdb510b204e19fcaedea3c47a4e8b6d77499f04ee6ac55d13fed988,535f10e6c30103272f64653e50d0578cbf5af363b23f0ecbad28905519d7af3d,f40ca51840cafb7bec2f9ce25adaa5165987e5eb,n_profiles,2.0,count
governance,S6_combined,static_affine,3,10.0,False,S6_combined__static_affine__seed3__open,c371bfebbbdb510b204e19fcaedea3c47a4e8b6d77499f04ee6ac55d13fed988,c6335bbd24a8e7cb3af8e5d376ac29c401f5a183b2242974930e81df54ac6b9e,f40ca51840cafb7bec2f9ce25adaa5165987e5eb,n_profiles,1.0,count
governance,S6_combined,rls,1,10.0,True,S6_combined__rls__seed1__control,b3cf8d14b3aed8b1d65ab4497dcbfb879dbda2ce1da03bb07f6401c9b4b9bd4a,f54c17346089ba805d00d389d8b7c1c3e1cdb89c6515d103c5f0f15f4eb61185,f40ca51840cafb7bec2f9ce25adaa5165987e5eb,n_profiles,1.0,count
governance,S6_combined,rls,1,10.0,False,S6_combined__rls__seed1__open,b3cf8d14b3aed8b1d65ab4497dcbfb879dbda2ce1da03bb07f6401c9b4b9bd4a,3bb55daaf14484e291ecf08771b15d5e23b5288c304675b08da573effc37cdb9,f40ca51840cafb7bec2f9ce25adaa5165987e5eb,n_profiles,1.0,count
governance,S6_combined,rls,2,10.0,True,S6_combined__rls__seed2__control,e4f7ab87faf6982be139dc8af97757bff8d540d357c41e3d06ec298e4dd75854,f54c17346089ba805d00d389d8b7c1c3e1cdb89c6515d103c5f0f15f4eb61185,f40ca51840cafb7bec2f9ce25adaa5165987e5eb,n_profiles,1.0,count
governance,S6_combined,rls,2,10.0,False,S6_combined__rls__seed2__open,e4f7ab87faf6982be139dc8af97757bff8d540d357c41e3d06ec298e4dd75854,3bb55daaf14484e291ecf08771b15d5e23b5288c304675b08da573effc37cdb9,f40ca51840cafb7bec2f9ce25adaa5165987e5eb,n_profiles,1.0,count
governance,S6_combined,rls,3,10.0,True,S6_combined__rls__seed3__control,c371bfebbbdb510b204e19fcaedea3c47a4e8b6d77499f04ee6ac55d13fed988,f54c17346089ba805d00d389d8b7c1c3e1cdb89c6515d103c5f0f15f4eb61185,f40ca51840cafb7bec2f9ce25adaa5165987e5eb,n_profiles,2.0,count
governance,S6_combined,rls,3,10.0,False,S6_combined__rls__seed3__open,c371bfebbbdb510b204e19fcaedea3c47a4e8b6d77499f04ee6ac55d13fed988,3bb55daaf14484e291ecf08771b15d5e23b5288c304675b08da573effc37cdb9,f40ca51840cafb7bec2f9ce25adaa5165987e5eb,n_profiles,1.0,count
governance,S6_combined,kalman,1,10.0,True,S6_combined__kalman__seed1__control,b3cf8d14b3aed8b1d65ab4497dcbfb879dbda2ce1da03bb07f6401c9b4b9bd4a,2dcdf9429baa9fcc847cc03bb3eb992a0574d0c81dcfbd456974ff9264223f13,f40ca51840cafb7bec2f9ce25adaa5165987e5eb,n_profiles,1.0,count
governance,S6_combined,kalman,1,10.0,False,S6_combined__kalman__seed1__open,b3cf8d14b3aed8b1d65ab4497dcbfb879dbda2ce1da03bb07f6401c9b4b9bd4a,4aaa8c3f03ce9dc885a57217fab5963a0f4f62bf0aeb158bd3d5dbbb953f3e3d,f40ca51840cafb7bec2f9ce25adaa5165987e5eb,n_profiles,1.0,count
governance,S6_combined,kalman,2,10.0,True,S6_combined__kalman__seed2__control,e4f7ab87faf6982be139dc8af97757bff8d540d357c41e3d06ec298e4dd75854,2dcdf9429baa9fcc847cc03bb3eb992a0574d0c81dcfbd456974ff9264223f13,f40ca51840cafb7bec2f9ce25adaa5165987e5eb,n_profiles,1.0,count
governance,S6_combined,kalman,2,10.0,False,S6_combined__kalman__seed2__open,e4f7ab87faf6982be139dc8af97757bff8d540d357c41e3d06ec298e4dd75854,4aaa8c3f03ce9dc885a57217fab5963a0f4f62bf0aeb158bd3d5dbbb953f3e3d,f40ca51840cafb7bec2f9ce25adaa5165987e5eb,n_profiles,1.0,count
governance,S6_combined,kalman,3,10.0,True,S6_combined__kalman__seed3__control,c371bfebbbdb510b204e19fcaedea3c47a4e8b6d77499f04ee6ac55d13fed988,2dcdf9429baa9fcc847cc03bb3eb992a0574d0c81dcfbd456974ff9264223f13,f40ca51840cafb7bec2f9ce25adaa5165987e5eb,n_profiles,1.0,count
governance,S6_combined,kalman,3,10.0,False,S6_combined__kalman__seed3__open,c371bfebbbdb510b204e19fcaedea3c47a4e8b6d77499f04ee6ac55d13fed988,4aaa8c3f03ce9dc885a57217fab5963a0f4f62bf0aeb158bd3d5dbbb953f3e3d,f40ca51840cafb7bec2f9ce25adaa5165987e5eb,n_profiles,1.0,count
governance,S6_combined,static_affine,1,10.0,True,S6_combined__static_affine__seed1__control,b3cf8d14b3aed8b1d65ab4497dcbfb879dbda2ce1da03bb07f6401c9b4b9bd4a,535f10e6c30103272f64653e50d0578cbf5af363b23f0ecbad28905519d7af3d,f40ca51840cafb7bec2f9ce25adaa5165987e5eb,detected,1.0,count
governance,S6_combined,static_affine,1,10.0,False,S6_combined__static_affine__seed1__open,b3cf8d14b3aed8b1d65ab4497dcbfb879dbda2ce1da03bb07f6401c9b4b9bd4a,c6335bbd24a8e7cb3af8e5d376ac29c401f5a183b2242974930e81df54ac6b9e,f40ca51840cafb7bec2f9ce25adaa5165987e5eb,detected,0.0,count
governance,S6_combined,static_affine,2,10.0,True,S6_combined__static_affine__seed2__control,e4f7ab87faf6982be139dc8af97757bff8d540d357c41e3d06ec298e4dd75854,535f10e6c30103272f64653e50d0578cbf5af363b23f0ecbad28905519d7af3d,f40ca51840cafb7bec2f9ce25adaa5165987e5eb,detected,0.0,count
governance,S6_combined,static_affine,2,10.0,False,S6_combined__static_affine__seed2__open,e4f7ab87faf6982be139dc8af97757bff8d540d357c41e3d06ec298e4dd75854,c6335bbd24a8e7cb3af8e5d376ac29c401f5a183b2242974930e81df54ac6b9e,f40ca51840cafb7bec2f9ce25adaa5165987e5eb,detected,0.0,count
governance,S6_combined,static_affine,3,10.0,True,S6_combined__static_affine__seed3__control,c371bfebbbdb510b204e19fcaedea3c47a4e8b6d77499f04ee6ac55d13fed988,535f10e6c30103272f64653e50d0578cbf5af363b23f0ecbad28905519d7af3d,f40ca51840cafb7bec2f9ce25adaa5165987e5eb,detected,0.0,count
governance,S6_combined,static_affine,3,10.0,False,S6_combined__static_affine__seed3__open,c371bfebbbdb510b204e19fcaedea3c47a4e8b6d77499f04ee6ac55d13fed988,c6335bbd24a8e7cb3af8e5d376ac29c401f5a183b2242974930e81df54ac6b9e,f40ca51840cafb7bec2f9ce25adaa5165987e5eb,detected,0.0,count
governance,S6_combined,rls,1,10.0,True,S6_combined__rls__seed1__control,b3cf8d14b3aed8b1d65ab4497dcbfb879dbda2ce1da03bb07f6401c9b4b9bd4a,f54c17346089ba805d00d389d8b7c1c3e1cdb89c6515d103c5f0f15f4eb61185,f40ca51840cafb7bec2f9ce25adaa5165987e5eb,detected,0.0,count
governance,S6_combined,rls,1,10.0,False,S6_combined__rls__seed1__open,b3cf8d14b3aed8b1d65ab4497dcbfb879dbda2ce1da03bb07f6401c9b4b9bd4a,3bb55daaf14484e291ecf08771b15d5e23b5288c304675b08da573effc37cdb9,f40ca51840cafb7bec2f9ce25adaa5165987e5eb,detected,0.0,count
governance,S6_combined,rls,2,10.0,True,S6_combined__rls__seed2__control,e4f7ab87faf6982be139dc8af97757bff8d540d357c41e3d06ec298e4dd75854,f54c17346089ba805d00d389d8b7c1c3e1cdb89c6515d103c5f0f15f4eb61185,f40ca51840cafb7bec2f9ce25adaa5165987e5eb,detected,0.0,count
governance,S6_combined,rls,2,10.0,False,S6_combined__rls__seed2__open,e4f7ab87faf6982be139dc8af97757bff8d540d357c41e3d06ec298e4dd75854,3bb55daaf14484e291ecf08771b15d5e23b5288c304675b08da573effc37cdb9,f40ca51840cafb7bec2f9ce25adaa5165987e5eb,detected,0.0,count
governance,S6_combined,rls,3,10.0,True,S6_combined__rls__seed3__control,c371bfebbbdb510b204e19fcaedea3c47a4e8b6d77499f04ee6ac55d13fed988,f54c17346089ba805d00d389d8b7c1c3e1cdb89c6515d103c5f0f15f4eb61185,f40ca51840cafb7bec2f9ce25adaa5165987e5eb,detected,0.0,count
governance,S6_combined,rls,3,10.0,False,S6_combined__rls__seed3__open,c371bfebbbdb510b204e19fcaedea3c47a4e8b6d77499f04ee6ac55d13fed988,3bb55daaf14484e291ecf08771b15d5e23b5288c304675b08da573effc37cdb9,f40ca51840cafb7bec2f9ce25adaa5165987e5eb,detected,0.0,count
governance,S6_combined,kalman,1,10.0,True,S6_combined__kalman__seed1__control,b3cf8d14b3aed8b1d65ab4497dcbfb879dbda2ce1da03bb07f6401c9b4b9bd4a,2dcdf9429baa9fcc847cc03bb3eb992a0574d0c81dcfbd456974ff9264223f13,f40ca51840cafb7bec2f9ce25adaa5165987e5eb,detected,0.0,count
governance,S6_combined,kalman,1,10.0,False,S6_combined__kalman__seed1__open,b3cf8d14b3aed8b1d65ab4497dcbfb879dbda2ce1da03bb07f6401c9b4b9bd4a,4aaa8c3f03ce9dc885a57217fab5963a0f4f62bf0aeb158bd3d5dbbb953f3e3d,f40ca51840cafb7bec2f9ce25adaa5165987e5eb,detected,0.0,count
governance,S6_combined,kalman,2,10.0,True,S6_combined__kalman__seed2__control,e4f7ab87faf6982be139dc8af97757bff8d540d357c41e3d06ec298e4dd75854,2dcdf9429baa9fcc847cc03bb3eb992a0574d0c81dcfbd456974ff9264223f13,f40ca51840cafb7bec2f9ce25adaa5165987e5eb,detected,0.0,count
governance,S6_combined,kalman,2,10.0,False,S6_combined__kalman__seed2__open,e4f7ab87faf6982be139dc8af97757bff8d540d357c41e3d06ec298e4dd75854,4aaa8c3f03ce9dc885a57217fab5963a0f4f62bf0aeb158bd3d5dbbb953f3e3d,f40ca51840cafb7bec2f9ce25adaa5165987e5eb,detected,0.0,count
governance,S6_combined,kalman,3,10.0,True,S6_combined__kalman__seed3__control,c371bfebbbdb510b204e19fcaedea3c47a4e8b6d77499f04ee6ac55d13fed988,2dcdf9429baa9fcc847cc03bb3eb992a0574d0c81dcfbd456974ff9264223f13,f40ca51840cafb7bec2f9ce25adaa5165987e5eb,detected,0.0,count
governance,S6_combined,kalman,3,10.0,False,S6_combined__kalman__seed3__open,c371bfebbbdb510b204e19fcaedea3c47a4e8b6d77499f04ee6ac55d13fed988,4aaa8c3f03ce9dc885a57217fab5963a0f4f62bf0aeb158bd3d5dbbb953f3e3d,f40ca51840cafb7bec2f9ce25adaa5165987e5eb,detected,0.0,count
governance,S6_combined,static_affine,1,10.0,True,S6_combined__static_affine__seed1__control,b3cf8d14b3aed8b1d65ab4497dcbfb879dbda2ce1da03bb07f6401c9b4b9bd4a,535f10e6c30103272f64653e50d0578cbf5af363b23f0ecbad28905519d7af3d,f40ca51840cafb7bec2f9ce25adaa5165987e5eb,missed,1.0,count
governance,S6_combined,static_affine,1,10.0,False,S6_combined__static_affine__seed1__open,b3cf8d14b3aed8b1d65ab4497dcbfb879dbda2ce1da03bb07f6401c9b4b9bd4a,c6335bbd24a8e7cb3af8e5d376ac29c401f5a183b2242974930e81df54ac6b9e,f40ca51840cafb7bec2f9ce25adaa5165987e5eb,missed,2.0,count
governance,S6_combined,static_affine,2,10.0,True,S6_combined__static_affine__seed2__control,e4f7ab87faf6982be139dc8af97757bff8d540d357c41e3d06ec298e4dd75854,535f10e6c30103272f64653e50d0578cbf5af363b23f0ecbad28905519d7af3d,f40ca51840cafb7bec2f9ce25adaa5165987e5eb,missed,2.0,count
governance,S6_combined,static_affine,2,10.0,False,S6_combined__static_affine__seed2__open,e4f7ab87faf6982be139dc8af97757bff8d540d357c41e3d06ec298e4dd75854,c6335bbd24a8e7cb3af8e5d376ac29c401f5a183b2242974930e81df54ac6b9e,f40ca51840cafb7bec2f9ce25adaa5165987e5eb,missed,2.0,count
governance,S6_combined,static_affine,3,10.0,True,S6_combined__static_affine__seed3__control,c371bfebbbdb510b204e19fcaedea3c47a4e8b6d77499f04ee6ac55d13fed988,535f10e6c30103272f64653e50d0578cbf5af363b23f0ecbad28905519d7af3d,f40ca51840cafb7bec2f9ce25adaa5165987e5eb,missed,2.0,count
governance,S6_combined,static_affine,3,10.0,False,S6_combined__static_affine__seed3__open,c371bfebbbdb510b204e19fcaedea3c47a4e8b6d77499f04ee6ac55d13fed988,c6335bbd24a8e7cb3af8e5d376ac29c401f5a183b2242974930e81df54ac6b9e,f40ca51840cafb7bec2f9ce25adaa5165987e5eb,missed,2.0,count
governance,S6_combined,rls,1,10.0,True,S6_combined__rls__seed1__control,b3cf8d14b3aed8b1d65ab4497dcbfb879dbda2ce1da03bb07f6401c9b4b9bd4a,f54c17346089ba805d00d389d8b7c1c3e1cdb89c6515d103c5f0f15f4eb61185,f40ca51840cafb7bec2f9ce25adaa5165987e5eb,missed,2.0,count
governance,S6_combined,rls,1,10.0,False,S6_combined__rls__seed1__open,b3cf8d14b3aed8b1d65ab4497dcbfb879dbda2ce1da03bb07f6401c9b4b9bd4a,3bb55daaf14484e291ecf08771b15d5e23b5288c304675b08da573effc37cdb9,f40ca51840cafb7bec2f9ce25adaa5165987e5eb,missed,2.0,count
governance,S6_combined,rls,2,10.0,True,S6_combined__rls__seed2__control,e4f7ab87faf6982be139dc8af97757bff8d540d357c41e3d06ec298e4dd75854,f54c17346089ba805d00d389d8b7c1c3e1cdb89c6515d103c5f0f15f4eb61185,f40ca51840cafb7bec2f9ce25adaa5165987e5eb,missed,2.0,count
governance,S6_combined,rls,2,10.0,False,S6_combined__rls__seed2__open,e4f7ab87faf6982be139dc8af97757bff8d540d357c41e3d06ec298e4dd75854,3bb55daaf14484e291ecf08771b15d5e23b5288c304675b08da573effc37cdb9,f40ca51840cafb7bec2f9ce25adaa5165987e5eb,missed,2.0,count
governance,S6_combined,rls,3,10.0,True,S6_combined__rls__seed3__control,c371bfebbbdb510b204e19fcaedea3c47a4e8b6d77499f04ee6ac55d13fed988,f54c17346089ba805d00d389d8b7c1c3e1cdb89c6515d103c5f0f15f4eb61185,f40ca51840cafb7bec2f9ce25adaa5165987e5eb,missed,2.0,count
governance,S6_combined,rls,3,10.0,False,S6_combined__rls__seed3__open,c371bfebbbdb510b204e19fcaedea3c47a4e8b6d77499f04ee6ac55d13fed988,3bb55daaf14484e291ecf08771b15d5e23b5288c304675b08da573effc37cdb9,f40ca51840cafb7bec2f9ce25adaa5165987e5eb,missed,2.0,count
governance,S6_combined,kalman,1,10.0,True,S6_combined__kalman__seed1__control,b3cf8d14b3aed8b1d65ab4497dcbfb879dbda2ce1da03bb07f6401c9b4b9bd4a,2dcdf9429baa9fcc847cc03bb3eb992a0574d0c81dcfbd456974ff9264223f13,f40ca51840cafb7bec2f9ce25adaa5165987e5eb,missed,2.0,count
governance,S6_combined,kalman,1,10.0,False,S6_combined__kalman__seed1__open,b3cf8d14b3aed8b1d65ab4497dcbfb879dbda2ce1da03bb07f6401c9b4b9bd4a,4aaa8c3f03ce9dc885a57217fab5963a0f4f62bf0aeb158bd3d5dbbb953f3e3d,f40ca51840cafb7bec2f9ce25adaa5165987e5eb,missed,2.0,count
governance,S6_combined,kalman,2,10.0,True,S6_combined__kalman__seed2__control,e4f7ab87faf6982be139dc8af97757bff8d540d357c41e3d06ec298e4dd75854,2dcdf9429baa9fcc847cc03bb3eb992a0574d0c81dcfbd456974ff9264223f13,f40ca51840cafb7bec2f9ce25adaa5165987e5eb,missed,2.0,count
governance,S6_combined,kalman,2,10.0,False,S6_combined__kalman__seed2__open,e4f7ab87faf6982be139dc8af97757bff8d540d357c41e3d06ec298e4dd75854,4aaa8c3f03ce9dc885a57217fab5963a0f4f62bf0aeb158bd3d5dbbb953f3e3d,f40ca51840cafb7bec2f9ce25adaa5165987e5eb,missed,2.0,count
governance,S6_combined,kalman,3,10.0,True,S6_combined__kalman__seed3__control,c371bfebbbdb510b204e19fcaedea3c47a4e8b6d77499f04ee6ac55d13fed988,2dcdf9429baa9fcc847cc03bb3eb992a0574d0c81dcfbd456974ff9264223f13,f40ca51840cafb7bec2f9ce25adaa5165987e5eb,missed,2.0,count
governance,S6_combined,kalman,3,10.0,False,S6_combined__kalman__seed3__open,c371bfebbbdb510b204e19fcaedea3c47a4e8b6d77499f04ee6ac55d13fed988,4aaa8c3f03ce9dc885a57217fab5963a0f4f62bf0aeb158bd3d5dbbb953f3e3d,f40ca51840cafb7bec2f9ce25adaa5165987e5eb,missed,2.0,count
governance,S6_combined,static_affine,1,10.0,True,S6_combined__static_affine__seed1__control,b3cf8d14b3aed8b1d65ab4497dcbfb879dbda2ce1da03bb07f6401c9b4b9bd4a,535f10e6c30103272f64653e50d0578cbf5af363b23f0ecbad28905519d7af3d,f40ca51840cafb7bec2f9ce25adaa5165987e5eb,false_alarms,1.0,count
governance,S6_combined,static_affine,1,10.0,False,S6_combined__static_affine__seed1__open,b3cf8d14b3aed8b1d65ab4497dcbfb879dbda2ce1da03bb07f6401c9b4b9bd4a,c6335bbd24a8e7cb3af8e5d376ac29c401f5a183b2242974930e81df54ac6b9e,f40ca51840cafb7bec2f9ce25adaa5165987e5eb,false_alarms,0.0,count
governance,S6_combined,static_affine,2,10.0,True,S6_combined__static_affine__seed2__control,e4f7ab87faf6982be139dc8af97757bff8d540d357c41e3d06ec298e4dd75854,535f10e6c30103272f64653e50d0578cbf5af363b23f0ecbad28905519d7af3d,f40ca51840cafb7bec2f9ce25adaa5165987e5eb,false_alarms,2.0,count
governance,S6_combined,static_affine,2,10.0,False,S6_combined__static_affine__seed2__open,e4f7ab87faf6982be139dc8af97757bff8d540d357c41e3d06ec298e4dd75854,c6335bbd24a8e7cb3af8e5d376ac29c401f5a183b2242974930e81df54ac6b9e,f40ca51840cafb7bec2f9ce25adaa5165987e5eb,false_alarms,0.0,count
governance,S6_combined,static_affine,3,10.0,True,S6_combined__static_affine__seed3__control,c371bfebbbdb510b204e19fcaedea3c47a4e8b6d77499f04ee6ac55d13fed988,535f10e6c30103272f64653e50d0578cbf5af363b23f0ecbad28905519d7af3d,f40ca51840cafb7bec2f9ce25adaa5165987e5eb,false_alarms,1.0,count
governance,S6_combined,static_affine,3,10.0,False,S6_combined__static_affine__seed3__open,c371bfebbbdb510b204e19fcaedea3c47a4e8b6d77499f04ee6ac55d13fed988,c6335bbd24a8e7cb3af8e5d376ac29c401f5a183b2242974930e81df54ac6b9e,f40ca51840cafb7bec2f9ce25adaa5165987e5eb,false_alarms,0.0,count
governance,S6_combined,rls,1,10.0,True,S6_combined__rls__seed1__control,b3cf8d14b3aed8b1d65ab4497dcbfb879dbda2ce1da03bb07f6401c9b4b9bd4a,f54c17346089ba805d00d389d8b7c1c3e1cdb89c6515d103c5f0f15f4eb61185,f40ca51840cafb7bec2f9ce25adaa5165987e5eb,false_alarms,2.0,count
governance,S6_combined,rls,1,10.0,False,S6_combined__rls__seed1__open,b3cf8d14b3aed8b1d65ab4497dcbfb879dbda2ce1da03bb07f6401c9b4b9bd4a,3bb55daaf14484e291ecf08771b15d5e23b5288c304675b08da573effc37cdb9,f40ca51840cafb7bec2f9ce25adaa5165987e5eb,false_alarms,0.0,count
governance,S6_combined,rls,2,10.0,True,S6_combined__rls__seed2__control,e4f7ab87faf6982be139dc8af97757bff8d540d357c41e3d06ec298e4dd75854,f54c17346089ba805d00d389d8b7c1c3e1cdb89c6515d103c5f0f15f4eb61185,f40ca51840cafb7bec2f9ce25adaa5165987e5eb,false_alarms,2.0,count
governance,S6_combined,rls,2,10.0,False,S6_combined__rls__seed2__open,e4f7ab87faf6982be139dc8af97757bff8d540d357c41e3d06ec298e4dd75854,3bb55daaf14484e291ecf08771b15d5e23b5288c304675b08da573effc37cdb9,f40ca51840cafb7bec2f9ce25adaa5165987e5eb,false_alarms,0.0,count
governance,S6_combined,rls,3,10.0,True,S6_combined__rls__seed3__control,c371bfebbbdb510b204e19fcaedea3c47a4e8b6d77499f04ee6ac55d13fed988,f54c17346089ba805d00d389d8b7c1c3e1cdb89c6515d103c5f0f15f4eb61185,f40ca51840cafb7bec2f9ce25adaa5165987e5eb,false_alarms,2.0,count
governance,S6_combined,rls,3,10.0,False,S6_combined__rls__seed3__open,c371bfebbbdb510b204e19fcaedea3c47a4e8b6d77499f04ee6ac55d13fed988,3bb55daaf14484e291ecf08771b15d5e23b5288c304675b08da573effc37cdb9,f40ca51840cafb7bec2f9ce25adaa5165987e5eb,false_alarms,0.0,count
governance,S6_combined,kalman,1,10.0,True,S6_combined__kalman__seed1__control,b3cf8d14b3aed8b1d65ab4497dcbfb879dbda2ce1da03bb07f6401c9b4b9bd4a,2dcdf9429baa9fcc847cc03bb3eb992a0574d0c81dcfbd456974ff9264223f13,f40ca51840cafb7bec2f9ce25adaa5165987e5eb,false_alarms,2.0,count
governance,S6_combined,kalman,1,10.0,False,S6_combined__kalman__seed1__open,b3cf8d14b3aed8b1d65ab4497dcbfb879dbda2ce1da03bb07f6401c9b4b9bd4a,4aaa8c3f03ce9dc885a57217fab5963a0f4f62bf0aeb158bd3d5dbbb953f3e3d,f40ca51840cafb7bec2f9ce25adaa5165987e5eb,false_alarms,0.0,count
governance,S6_combined,kalman,2,10.0,True,S6_combined__kalman__seed2__control,e4f7ab87faf6982be139dc8af97757bff8d540d357c41e3d06ec298e4dd75854,2dcdf9429baa9fcc847cc03bb3eb992a0574d0c81dcfbd456974ff9264223f13,f40ca51840cafb7bec2f9ce25adaa5165987e5eb,false_alarms,1.0,count
governance,S6_combined,kalman,2,10.0,False,S6_combined__kalman__seed2__open,e4f7ab87faf6982be139dc8af97757bff8d540d357c41e3d06ec298e4dd75854,4aaa8c3f03ce9dc885a57217fab5963a0f4f62bf0aeb158bd3d5dbbb953f3e3d,f40ca51840cafb7bec2f9ce25adaa5165987e5eb,false_alarms,0.0,count
governance,S6_combined,kalman,3,10.0,True,S6_combined__kalman__seed3__control,c371bfebbbdb510b204e19fcaedea3c47a4e8b6d77499f04ee6ac55d13fed988,2dcdf9429baa9fcc847cc03bb3eb992a0574d0c81dcfbd456974ff9264223f13,f40ca51840cafb7bec2f9ce25adaa5165987e5eb,false_alarms,2.0,count
governance,S6_combined,kalman,3,10.0,False,S6_combined__kalman__seed3__open,c371bfebbbdb510b204e19fcaedea3c47a4e8b6d77499f04ee6ac55d13fed988,4aaa8c3f03ce9dc885a57217fab5963a0f4f62bf0aeb158bd3d5dbbb953f3e3d,f40ca51840cafb7bec2f9ce25adaa5165987e5eb,false_alarms,0.0,count
governance,S6_combined,static_affine,1,10.0,True,S6_combined__static_affine__seed1__control,b3cf8d14b3aed8b1d65ab4497dcbfb879dbda2ce1da03bb07f6401c9b4b9bd4a,535f10e6c30103272f64653e50d0578cbf5af363b23f0ecbad28905519d7af3d,f40ca51840cafb7bec2f9ce25adaa5165987e5eb,reconverge_passes,2270.0,count
governance,S6_combined,static_affine,1,10.0,False,S6_combined__static_affine__seed1__open,b3cf8d14b3aed8b1d65ab4497dcbfb879dbda2ce1da03bb07f6401c9b4b9bd4a,c6335bbd24a8e7cb3af8e5d376ac29c401f5a183b2242974930e81df54ac6b9e,f40ca51840cafb7bec2f9ce25adaa5165987e5eb,reconverge_passes,2270.0,count
governance,S6_combined,static_affine,2,10.0,True,S6_combined__static_affine__seed2__control,e4f7ab87faf6982be139dc8af97757bff8d540d357c41e3d06ec298e4dd75854,535f10e6c30103272f64653e50d0578cbf5af363b23f0ecbad28905519d7af3d,f40ca51840cafb7bec2f9ce25adaa5165987e5eb,reconverge_passes,505.0,count
governance,S6_combined,static_affine,2,10.0,False,S6_combined__static_affine__seed2__open,e4f7ab87faf6982be139dc8af97757bff8d540d357c41e3d06ec298e4dd75854,c6335bbd24a8e7cb3af8e5d376ac29c401f5a183b2242974930e81df54ac6b9e,f40ca51840cafb7bec2f9ce25adaa5165987e5eb,reconverge_passes,505.0,count
governance,S6_combined,static_affine,3,10.0,True,S6_combined__static_affine__seed3__control,c371bfebbbdb510b204e19fcaedea3c47a4e8b6d77499f04ee6ac55d13fed988,535f10e6c30103272f64653e50d0578cbf5af363b23f0ecbad28905519d7af3d,f40ca51840cafb7bec2f9ce25adaa5165987e5eb,reconverge_passes,795.0,count
governance,S6_combined,static_affine,3,10.0,False,S6_combined__static_affine__seed3__open,c371bfebbbdb510b204e19fcaedea3c47a4e8b6d77499f04ee6ac55d13fed988,c6335bbd24a8e7cb3af8e5d376ac29c401f5a183b2242974930e81df54ac6b9e,f40ca51840cafb7bec2f9ce25adaa5165987e5eb,reconverge_passes,795.0,count
governance,S6_combined,rls,1,10.0,True,S6_combined__rls__seed1__control,b3cf8d14b3aed8b1d65ab4497dcbfb879dbda2ce1da03bb07f6401c9b4b9bd4a,f54c17346089ba805d00d389d8b7c1c3e1cdb89c6515d103c5f0f15f4eb61185,f40ca51840cafb7bec2f9ce25adaa5165987e5eb,reconverge_passes,,count
governance,S6_combined,rls,1,10.0,False,S6_combined__rls__seed1__open,b3cf8d14b3aed8b1d65ab4497dcbfb879dbda2ce1da03bb07f6401c9b4b9bd4a,3bb55daaf14484e291ecf08771b15d5e23b5288c304675b08da573effc37cdb9,f40ca51840cafb7bec2f9ce25adaa5165987e5eb,reconverge_passes,,count
governance,S6_combined,rls,2,10.0,True,S6_combined__rls__seed2__control,e4f7ab87faf6982be139dc8af97757bff8d540d357c41e3d06ec298e4dd75854,f54c17346089ba805d00d389d8b7c1c3e1cdb89c6515d103c5f0f15f4eb61185,f40ca51840cafb7bec2f9ce25adaa5165987e5eb,reconverge_passes,2503.0,count
governance,S6_combined,rls,2,10.0,False,S6_combined__rls__seed2__open,e4f7ab87faf6982be139dc8af97757bff8d540d357c41e3d06ec298e4dd75854,3bb55daaf14484e291ecf08771b15d5e23b5288c304675b08da573effc37cdb9,f40ca51840cafb7bec2f9ce25adaa5165987e5eb,reconverge_passes,2503.0,count
governance,S6_combined,rls,3,10.0,True,S6_combined__rls__seed3__control,c371bfebbbdb510b204e19fcaedea3c47a4e8b6d77499f04ee6ac55d13fed988,f54c17346089ba805d00d389d8b7c1c3e1cdb89c6515d103c5f0f15f4eb61185,f40ca51840cafb7bec2f9ce25adaa5165987e5eb,reconverge_passes,351.0,count
governance,S6_combined,rls,3,10.0,False,S6_combined__rls__seed3__open,c371bfebbbdb510b204e19fcaedea3c47a4e8b6d77499f04ee6ac55d13fed988,3bb55daaf14484e291ecf08771b15d5e23b5288c304675b08da573effc37cdb9,f40ca51840cafb7bec2f9ce25adaa5165987e5eb,reconverge_passes,351.0,count
governance,S6_combined,kalman,1,10.0,True,S6_combined__kalman__seed1__control,b3cf8d14b3aed8b1d65ab4497dcbfb879dbda2ce1da03bb07f6401c9b4b9bd4a,2dcdf9429baa9fcc847cc03bb3eb992a0574d0c81dcfbd456974ff9264223f13,f40ca51840cafb7bec2f9ce25adaa5165987e5eb,reconverge_passes,,count
governance,S6_combined,kalman,1,10.0,False,S6_combined__kalman__seed1__open,b3cf8d14b3aed8b1d65ab4497dcbfb879dbda2ce1da03bb07f6401c9b4b9bd4a,4aaa8c3f03ce9dc885a57217fab5963a0f4f62bf0aeb158bd3d5dbbb953f3e3d,f40ca51840cafb7bec2f9ce25adaa5165987e5eb,reconverge_passes,,count
governance,S6_combined,kalman,2,10.0,True,S6_combined__kalman__seed2__control,e4f7ab87faf6982be139dc8af97757bff8d540d357c41e3d06ec298e4dd75854,2dcdf9429baa9fcc847cc03bb3eb992a0574d0c81dcfbd456974ff9264223f13,f40ca51840cafb7bec2f9ce25adaa5165987e5eb,reconverge_passes,,count
governance,S6_combined,kalman,2,10.0,False,S6_combined__kalman__seed2__open,e4f7ab87faf6982be139dc8af97757bff8d540d357c41e3d06ec298e4dd75854,4aaa8c3f03ce9dc885a57217fab5963a0f4f62bf0aeb158bd3d5dbbb953f3e3d,f40ca51840cafb7bec2f9ce25adaa5165987e5eb,reconverge_passes,,count
governance,S6_combined,kalman,3,10.0,True,S6_combined__kalman__seed3__control,c371bfebbbdb510b204e19fcaedea3c47a4e8b6d77499f04ee6ac55d13fed988,2dcdf9429baa9fcc847cc03bb3eb992a0574d0c81dcfbd456974ff9264223f13,f40ca51840cafb7bec2f9ce25adaa5165987e5eb,reconverge_passes,347.0,count
governance,S6_combined,kalman,3,10.0,False,S6_combined__kalman__seed3__open,c371bfebbbdb510b204e19fcaedea3c47a4e8b6d77499f04ee6ac55d13fed988,4aaa8c3f03ce9dc885a57217fab5963a0f4f62bf0aeb158bd3d5dbbb953f3e3d,f40ca51840cafb7bec2f9ce25adaa5165987e5eb,reconverge_passes,347.0,count
governance,S6_combined,static_affine,1,10.0,True,S6_combined__static_affine__seed1__control,b3cf8d14b3aed8b1d65ab4497dcbfb879dbda2ce1da03bb07f6401c9b4b9bd4a,535f10e6c30103272f64653e50d0578cbf5af363b23f0ecbad28905519d7af3d,f40ca51840cafb7bec2f9ce25adaa5165987e5eb,n_interval_fallback,121.0,count
governance,S6_combined,static_affine,1,10.0,False,S6_combined__static_affine__seed1__open,b3cf8d14b3aed8b1d65ab4497dcbfb879dbda2ce1da03bb07f6401c9b4b9bd4a,c6335bbd24a8e7cb3af8e5d376ac29c401f5a183b2242974930e81df54ac6b9e,f40ca51840cafb7bec2f9ce25adaa5165987e5eb,n_interval_fallback,121.0,count
governance,S6_combined,static_affine,2,10.0,True,S6_combined__static_affine__seed2__control,e4f7ab87faf6982be139dc8af97757bff8d540d357c41e3d06ec298e4dd75854,535f10e6c30103272f64653e50d0578cbf5af363b23f0ecbad28905519d7af3d,f40ca51840cafb7bec2f9ce25adaa5165987e5eb,n_interval_fallback,311.0,count
governance,S6_combined,static_affine,2,10.0,False,S6_combined__static_affine__seed2__open,e4f7ab87faf6982be139dc8af97757bff8d540d357c41e3d06ec298e4dd75854,c6335bbd24a8e7cb3af8e5d376ac29c401f5a183b2242974930e81df54ac6b9e,f40ca51840cafb7bec2f9ce25adaa5165987e5eb,n_interval_fallback,121.0,count
governance,S6_combined,static_affine,3,10.0,True,S6_combined__static_affine__seed3__control,c371bfebbbdb510b204e19fcaedea3c47a4e8b6d77499f04ee6ac55d13fed988,535f10e6c30103272f64653e50d0578cbf5af363b23f0ecbad28905519d7af3d,f40ca51840cafb7bec2f9ce25adaa5165987e5eb,n_interval_fallback,321.0,count
governance,S6_combined,static_affine,3,10.0,False,S6_combined__static_affine__seed3__open,c371bfebbbdb510b204e19fcaedea3c47a4e8b6d77499f04ee6ac55d13fed988,c6335bbd24a8e7cb3af8e5d376ac29c401f5a183b2242974930e81df54ac6b9e,f40ca51840cafb7bec2f9ce25adaa5165987e5eb,n_interval_fallback,131.0,count
governance,S6_combined,rls,1,10.0,True,S6_combined__rls__seed1__control,b3cf8d14b3aed8b1d65ab4497dcbfb879dbda2ce1da03bb07f6401c9b4b9bd4a,f54c17346089ba805d00d389d8b7c1c3e1cdb89c6515d103c5f0f15f4eb61185,f40ca51840cafb7bec2f9ce25adaa5165987e5eb,n_interval_fallback,121.0,count
governance,S6_combined,rls,1,10.0,False,S6_combined__rls__seed1__open,b3cf8d14b3aed8b1d65ab4497dcbfb879dbda2ce1da03bb07f6401c9b4b9bd4a,3bb55daaf14484e291ecf08771b15d5e23b5288c304675b08da573effc37cdb9,f40ca51840cafb7bec2f9ce25adaa5165987e5eb,n_interval_fallback,121.0,count
governance,S6_combined,rls,2,10.0,True,S6_combined__rls__seed2__control,e4f7ab87faf6982be139dc8af97757bff8d540d357c41e3d06ec298e4dd75854,f54c17346089ba805d00d389d8b7c1c3e1cdb89c6515d103c5f0f15f4eb61185,f40ca51840cafb7bec2f9ce25adaa5165987e5eb,n_interval_fallback,121.0,count
governance,S6_combined,rls,2,10.0,False,S6_combined__rls__seed2__open,e4f7ab87faf6982be139dc8af97757bff8d540d357c41e3d06ec298e4dd75854,3bb55daaf14484e291ecf08771b15d5e23b5288c304675b08da573effc37cdb9,f40ca51840cafb7bec2f9ce25adaa5165987e5eb,n_interval_fallback,121.0,count
governance,S6_combined,rls,3,10.0,True,S6_combined__rls__seed3__control,c371bfebbbdb510b204e19fcaedea3c47a4e8b6d77499f04ee6ac55d13fed988,f54c17346089ba805d00d389d8b7c1c3e1cdb89c6515d103c5f0f15f4eb61185,f40ca51840cafb7bec2f9ce25adaa5165987e5eb,n_interval_fallback,321.0,count
governance,S6_combined,rls,3,10.0,False,S6_combined__rls__seed3__open,c371bfebbbdb510b204e19fcaedea3c47a4e8b6d77499f04ee6ac55d13fed988,3bb55daaf14484e291ecf08771b15d5e23b5288c304675b08da573effc37cdb9,f40ca51840cafb7bec2f9ce25adaa5165987e5eb,n_interval_fallback,131.0,count
governance,S6_combined,kalman,1,10.0,True,S6_combined__kalman__seed1__control,b3cf8d14b3aed8b1d65ab4497dcbfb879dbda2ce1da03bb07f6401c9b4b9bd4a,2dcdf9429baa9fcc847cc03bb3eb992a0574d0c81dcfbd456974ff9264223f13,f40ca51840cafb7bec2f9ce25adaa5165987e5eb,n_interval_fallback,121.0,count
governance,S6_combined,kalman,1,10.0,False,S6_combined__kalman__seed1__open,b3cf8d14b3aed8b1d65ab4497dcbfb879dbda2ce1da03bb07f6401c9b4b9bd4a,4aaa8c3f03ce9dc885a57217fab5963a0f4f62bf0aeb158bd3d5dbbb953f3e3d,f40ca51840cafb7bec2f9ce25adaa5165987e5eb,n_interval_fallback,121.0,count
governance,S6_combined,kalman,2,10.0,True,S6_combined__kalman__seed2__control,e4f7ab87faf6982be139dc8af97757bff8d540d357c41e3d06ec298e4dd75854,2dcdf9429baa9fcc847cc03bb3eb992a0574d0c81dcfbd456974ff9264223f13,f40ca51840cafb7bec2f9ce25adaa5165987e5eb,n_interval_fallback,121.0,count
governance,S6_combined,kalman,2,10.0,False,S6_combined__kalman__seed2__open,e4f7ab87faf6982be139dc8af97757bff8d540d357c41e3d06ec298e4dd75854,4aaa8c3f03ce9dc885a57217fab5963a0f4f62bf0aeb158bd3d5dbbb953f3e3d,f40ca51840cafb7bec2f9ce25adaa5165987e5eb,n_interval_fallback,121.0,count
governance,S6_combined,kalman,3,10.0,True,S6_combined__kalman__seed3__control,c371bfebbbdb510b204e19fcaedea3c47a4e8b6d77499f04ee6ac55d13fed988,2dcdf9429baa9fcc847cc03bb3eb992a0574d0c81dcfbd456974ff9264223f13,f40ca51840cafb7bec2f9ce25adaa5165987e5eb,n_interval_fallback,131.0,count
governance,S6_combined,kalman,3,10.0,False,S6_combined__kalman__seed3__open,c371bfebbbdb510b204e19fcaedea3c47a4e8b6d77499f04ee6ac55d13fed988,4aaa8c3f03ce9dc885a57217fab5963a0f4f62bf0aeb158bd3d5dbbb953f3e3d,f40ca51840cafb7bec2f9ce25adaa5165987e5eb,n_interval_fallback,131.0,count
