sweep,scenario,estimator,seed,reference_every_n,control_enabled,run_id,config_hash,edge_config_hash,git_commit,metric,value,unit
ladder,S1_nominal,static_affine,1,10,True,S1_nominal__static_affine__seed1,1f0eb7d0a64d2c9430bd781be2ad3a6383c85935e18ff7809210a4dbae3f4f74,535f10e6c30103272f64653e50d0578cbf5af363b23f0ecbad28905519d7af3d,c1881d4f6c0f31cc50171d6c3004faa1325b5e8d,mae_kg,1.0230778266852134,kg
ladder,S1_nominal,static_affine,2,10,True,S1_nominal__static_affine__seed2,c45f068e83a0db5af8037bcec208da070545216f5240a590ba8286dfcee1b0b4,535f10e6c30103272f64653e50d0578cbf5af363b23f0ecbad28905519d7af3d,c1881d4f6c0f31cc50171d6c3004faa1325b5e8d,mae_kg,0.9434877466254614,kg
ladder,S1_nominal,static_affine,3,10,True,S1_nominal__static_affine__seed3,7f808862af70bdf5f8b721f954c967c9d3eb0d071e708e4f266d8f7901642f98,535f10e6c30103272f64653e50d0578cbf5af363b23f0ecbad28905519d7af3d,c1881d4f6c0f31cc50171d6c3004faa1325b5e8d,mae_kg,0.9693405705620206,kg
ladder,S1_nominal,rls,1,10,True,S1_nominal__rls__seed1,1f0eb7d0a64d2c9430bd781be2ad3a6383c85935e18ff7809210a4dbae3f4f74,f54c17346089ba805d00d389d8b7c1c3e1cdb89c6515d103c5f0f15f4eb61185,c1881d4f6c0f31cc50171d6c3004faa1325b5e8d,mae_kg,1.017581498963403,kg
ladder,S1_nominal,rls,2,10,True,S1_nominal__rls__seed2,c45f068e83a0db5af8037bcec208da070545216f5240a590ba8286dfcee1b0b4,f54c17346089ba805d00d389d8b7c1c3e1cdb89c6515d103c5f0f15f4eb61185,c1881d4f6c0f31cc50171d6c3004faa1325b5e8d,mae_kg,0.9078920521503175,kg
ladder,S1_nominal,rls,3,10,True,S1_nominal__rls__seed3,7f808862af70bdf5f8b721f954c967c9d3eb0d071e708e4f266d8f7901642f98,f54c17346089ba805d00d389d8b7c1c3e1cdb89c6515d103c5f0f15f4eb61185,c1881d4f6c0f31cc50171d6c3004faa1325b5e8d,mae_kg,0.9713297205639967,kg
ladder,S1_nominal,kalman,1,10,True,S1_nominal__kalman__seed1,1f0eb7d0a64d2c9430bd781be2ad3a6383c85935e18ff7809210a4dbae3f4f74,2dcdf9429baa9fcc847cc03bb3eb992a0574d0c81dcfbd456974ff9264223f13,c1881d4f6c0f31cc50171d6c3004faa1325b5e8d,mae_kg,1.0230910102927537,kg
ladder,S1_nominal,kalman,2,10,True,S1_nominal__kalman__seed2,c45f068e83a0db5af8037bcec208da070545216f5240a590ba8286dfcee1b0b4,2dcdf9429baa9fcc847cc03bb3eb992a0574d0c81dcfbd456974ff9264223f13,c1881d4f6c0f31cc50171d6c3004faa1325b5e8d,mae_kg,0.9049155416638474,kg
ladder,S1_nominal,kalman,3,10,True,S1_nominal__kalman__seed3,7f808862af70bdf5f8b721f954c967c9d3eb0d071e708e4f266d8f7901642f98,2dcdf9429baa9fcc847cc03bb3eb992a0574d0c81dcfbd456974ff9264223f13,c1881d4f6c0f31cc50171d6c3004faa1325b5e8d,mae_kg,0.9749502826064281,kg
ladder,S2_thermal_cycle,static_affine,1,10,True,S2_thermal_cycle__static_affine__seed1,a9d23ff021d7d7330d2f7690ce6fe1a23e9face2bceffa30bb9e10eb4c70e685,535f10e6c30103272f64653e50d0578cbf5af363b23f0ecbad28905519d7af3d,c1881d4f6c0f31cc50171d6c3004faa1325b5e8d,mae_kg,138.4712270269108,kg
ladder,S2_thermal_cycle,static_affine,2,10,True,S2_thermal_cycle__static_affine__seed2,19c57e97290995438510692dd0c87d401ed506ad1b05f6b88446276b5f326325,535f10e6c30103272f64653e50d0578cbf5af363b23f0ecbad28905519d7af3d,c1881d4f6c0f31cc50171d6c3004faa1325b5e8d,mae_kg,135.26659965033454,kg
ladder,S2_thermal_cycle,static_affine,3,10,True,S2_thermal_cycle__static_affine__seed3,24befa705b788e8ac92815dc24ece289db28b46d6894613726a31248a0b3f0e9,535f10e6c30103272f64653e50d0578cbf5af363b23f0ecbad28905519d7af3d,c1881d4f6c0f31cc50171d6c3004faa1325b5e8d,mae_kg,136.24526527126292,kg
ladder,S2_thermal_cycle,rls,1,10,True,S2_thermal_cycle__rls__seed1,a9d23ff021d7d7330d2f7690ce6fe1a23e9face2bceffa30bb9e10eb4c70e685,f54c17346089ba805d00d389d8b7c1c3e1cdb89c6515d103c5f0f15f4eb61185,c1881d4f6c0f31cc50171d6c3004faa1325b5e8d,mae_kg,138.8439827417722,kg
ladder,S2_thermal_cycle,rls,2,10,True,S2_thermal_cycle__rls__seed2,19c57e97290995438510692dd0c87d401ed506ad1b05f6b88446276b5f326325,f54c17346089ba805d00d389d8b7c1c3e1cdb89c6515d103c5f0f15f4eb61185,c1881d4f6c0f31cc50171d6c3004faa1325b5e8d,mae_kg,136.82038192496356,kg
ladder,S2_thermal_cycle,rls,3,10,True,S2_thermal_cycle__rls__seed3,24befa705b788e8ac92815dc24ece289db28b46d6894613726a31248a0b3f0e9,f54c17346089ba805d00d389d8b7c1c3e1cdb89c6515d103c5f0f15f4eb61185,c1881d4f6c0f31cc50171d6c3004faa1325b5e8d,mae_kg,135.43448269185998,kg
ladder,S2_thermal_cycle,kalman,1,10,True,S2_thermal_cycle__kalman__seed1,a9d23ff021d7d7330d2f7690ce6fe1a23e9face2bceffa30bb9e10eb4c70e685,2dcdf9429baa9fcc847cc03bb3eb992a0574d0c81dcfbd456974ff9264223f13,c1881d4f6c0f31cc50171d6c3004faa1325b5e8d,mae_kg,140.63321857335762,kg
ladder,S2_thermal_cycle,kalman,2,10,True,S2_thermal_cycle__kalman__seed2,19c57e97290995438510692dd0c87d401ed506ad1b05f6b88446276b5f326325,2dcdf9429baa9fcc847cc03bb3eb992a0574d0c81dcfbd456974ff9264223f13,c1881d4f6c0f31cc50171d6c3004faa1325b5e8d,mae_kg,137.6822472441872,kg
ladder,S2_thermal_cycle,kalman,3,10,True,S2_thermal_cycle__kalman__seed3,24befa705b788e8ac92815dc24ece289db28b46d6894613726a31248a0b3f0e9,2dcdf9429baa9fcc847cc03bb3eb992a0574d0c81dcfbd456974ff9264223f13,c1881d4f6c0f31cc50171d6c3004faa1325b5e8d,mae_kg,136.41701519032245,kg
ladder,S3_zero_drift_walk,static_affine,1,10,True,S3_zero_drift_walk__static_affine__seed1,f100b6d8743f0beb23a874f69b02d3ff86fd69d1b80c3005bc53c22fbf24242c,535f10e6c30103272f64653e50d0578cbf5af363b23f0ecbad28905519d7af3d,c1881d4f6c0f31cc50171d6c3004faa1325b5e8d,mae_kg,134.07559671761686,kg
ladder,S3_zero_drift_walk,static_affine,2,10,True,S3_zero_drift_walk__static_affine__seed2,d908b1eec1d6ca010fbfed3dff58421d1657520e5136c0976972c56a507b8a71,535f10e6c30103272f64653e50d0578cbf5af363b23f0ecbad28905519d7af3d,c1881d4f6c0f31cc50171d6c3004faa1325b5e8d,mae_kg,132.90501257999645,kg
ladder,S3_zero_drift_walk,static_affine,3,10,True,S3_zero_drift_walk__static_affine__seed3,e65e6377500da0315dac92d9d159e61875ec095bbab24aed7387d0c3eeb9a9db,535f10e6c30103272f64653e50d0578cbf5af363b23f0ecbad28905519d7af3d,c1881d4f6c0f31cc50171d6c3004faa1325b5e8d,mae_kg,130.89789712867847,kg
ladder,S3_zero_drift_walk,rls,1,10,True,S3_zero_drift_walk__rls__seed1,f100b6d8743f0beb23a874f69b02d3ff86fd69d1b80c3005bc53c22fbf24242c,f54c17346089ba805d00d389d8b7c1c3e1cdb89c6515d103c5f0f15f4eb61185,c1881d4f6c0f31cc50171d6c3004faa1325b5e8d,mae_kg,134.74252640075287,kg
ladder,S3_zero_drift_walk,rls,2,10,True,S3_zero_drift_walk__rls__seed2,d908b1eec1d6ca010fbfed3dff58421d1657520e5136c0976972c56a507b8a71,f54c17346089ba805d00d389d8b7c1c3e1cdb89c6515d103c5f0f15f4eb61185,c1881d4f6c0f31cc50171d6c3004faa1325b5e8d,mae_kg,134.56850044674022,kg
ladder,S3_zero_drift_walk,rls,3,10,True,S3_zero_drift_walk__rls__seed3,e65e6377500da0315dac92d9d159e61875ec095bbab24aed7387d0c3eeb9a9db,f54c17346089ba805d00d389d8b7c1c3e1cdb89c6515d103c5f0f15f4eb61185,c1881d4f6c0f31cc50171d6c3004faa1325b5e8d,mae_kg,131.91168030119005,kg
ladder,S3_zero_drift_walk,kalman,1,10,True,S3_zero_drift_walk__kalman__seed1,f100b6d8743f0beb23a874f69b02d3ff86fd69d1b80c3005bc53c22fbf24242c,2dcdf9429baa9fcc847cc03bb3eb992a0574d0c81dcfbd456974ff9264223f13,c1881d4f6c0f31cc50171d6c3004faa1325b5e8d,mae_kg,136.78766430578807,kg
ladder,S3_zero_drift_walk,kalman,2,10,True,S3_zero_drift_walk__kalman__seed2,d908b1eec1d6ca010fbfed3dff58421d1657520e5136c0976972c56a507b8a71,2dcdf9429baa9fcc847cc03bb3eb992a0574d0c81dcfbd456974ff9264223f13,c1881d4f6c0f31cc50171d6c3004faa1325b5e8d,mae_kg,135.52674388362607,kg
ladder,S3_zero_drift_walk,kalman,3,10,True,S3_zero_drift_walk__kalman__seed3,e65e6377500da0315dac92d9d159e61875ec095bbab24aed7387d0c3eeb9a9db,2dcdf9429baa9fcc847cc03bb3eb992a0574d0c81dcfbd456974ff9264223f13,c1881d4f6c0f31cc50171d6c3004faa1325b5e8d,mae_kg,132.82483333309384,kg
ladder,S4_step_fault,static_affine,1,10,True,S4_step_fault__static_affine__seed1,7d29a6d7dca932314e512c265e0e559ec6cc02e548aa25349a95d1f29dbf9ef1,535f10e6c30103272f64653e50d0578cbf5af363b23f0ecbad28905519d7af3d,c1881d4f6c0f31cc50171d6c3004faa1325b5e8d,mae_kg,193.77790422910041,kg
ladder,S4_step_fault,static_affine,2,10,True,S4_step_fault__static_affine__seed2,adc80992e5ad2b0074c2ccb5fd189429c3fd11d2d51d242aa1caec078b0db1d2,535f10e6c30103272f64653e50d0578cbf5af363b23f0ecbad28905519d7af3d,c1881d4f6c0f31cc50171d6c3004faa1325b5e8d,mae_kg,182.49483301204162,kg
ladder,S4_step_fault,static_affine,3,10,True,S4_step_fault__static_affine__seed3,755a0aa70d2f3fe05534c8cb137d5df18ed16325d4692fc840c3daee2c8a8c92,535f10e6c30103272f64653e50d0578cbf5af363b23f0ecbad28905519d7af3d,c1881d4f6c0f31cc50171d6c3004faa1325b5e8d,mae_kg,171.4456209721718,kg
ladder,S4_step_fault,rls,1,10,True,S4_step_fault__rls__seed1,7d29a6d7dca932314e512c265e0e559ec6cc02e548aa25349a95d1f29dbf9ef1,f54c17346089ba805d00d389d8b7c1c3e1cdb89c6515d103c5f0f15f4eb61185,c1881d4f6c0f31cc50171d6c3004faa1325b5e8d,mae_kg,159.68665859721216,kg
ladder,S4_step_fault,rls,2,10,True,S4_step_fault__rls__seed2,adc80992e5ad2b0074c2ccb5fd189429c3fd11d2d51d242aa1caec078b0db1d2,f54c17346089ba805d00d389d8b7c1c3e1cdb89c6515d103c5f0f15f4eb61185,c1881d4f6c0f31cc50171d6c3004faa1325b5e8d,mae_kg,152.70571564016544,kg
ladder,S4_step_fault,rls,3,10,True,S4_step_fault__rls__seed3,755a0aa70d2f3fe05534c8cb137d5df18ed16325d4692fc840c3daee2c8a8c92,f54c17346089ba805d00d389d8b7c1c3e1cdb89c6515d103c5f0f15f4eb61185,c1881d4f6c0f31cc50171d6c3004faa1325b5e8d,mae_kg,147.482589842959,kg
ladder,S4_step_fault,kalman,1,10,True,S4_step_fault__kalman__seed1,7d29a6d7dca932314e512c265e0e559ec6cc02e548aa25349a95d1f29dbf9ef1,2dcdf9429baa9fcc847cc03bb3eb992a0574d0c81dcfbd456974ff9264223f13,c1881d4f6c0f31cc50171d6c3004faa1325b5e8d,mae_kg,153.39707231577216,kg
ladder,S4_step_fault,kalman,2,10,True,S4_step_fault__kalman__seed2,adc80992e5ad2b0074c2ccb5fd189429c3fd11d2d51d242aa1caec078b0db1d2,2dcdf9429baa9fcc847cc03bb3eb992a0574d0c81dcfbd456974ff9264223f13,c1881d4f6c0f31cc50171d6c3004faa1325b5e8d,mae_kg,143.7797417988203,kg
ladder,S4_step_fault,kalman,3,10,True,S4_step_fault__kalman__seed3,755a0aa70d2f3fe05534c8cb137d5df18ed16325d4692fc840c3daee2c8a8c92,2dcdf9429baa9fcc847cc03bb3eb992a0574d0c81dcfbd456974ff9264223f13,c1881d4f6c0f31cc50171d6c3004faa1325b5e8d,mae_kg,145.0733526007498,kg
ladder,S5_outage,static_affine,1,10,True,S5_outage__static_affine__seed1,ab25696964de9a9bd056c05f5021821512f6128f06fede373f779014f2fed9d8,535f10e6c30103272f64653e50d0578cbf5af363b23f0ecbad28905519d7af3d,c1881d4f6c0f31cc50171d6c3004faa1325b5e8d,mae_kg,131.0155745248086,kg
ladder,S5_outage,static_affine,2,10,True,S5_outage__static_affine__seed2,0052a68ebb4dd1334f0378cfa6defa07917942ba64b15d70b6cd736642ab3e2c,535f10e6c30103272f64653e50d0578cbf5af363b23f0ecbad28905519d7af3d,c1881d4f6c0f31cc50171d6c3004faa1325b5e8d,mae_kg,127.04359790963511,kg
ladder,S5_outage,static_affine,3,10,True,S5_outage__static_affine__seed3,e71247b8c58f106fad94f1fa68a340a88baac5595f00b577c8912131cd60a6c4,535f10e6c30103272f64653e50d0578cbf5af363b23f0ecbad28905519d7af3d,c1881d4f6c0f31cc50171d6c3004faa1325b5e8d,mae_kg,125.0541580865168,kg
ladder,S5_outage,rls,1,10,True,S5_outage__rls__seed1,ab25696964de9a9bd056c05f5021821512f6128f06fede373f779014f2fed9d8,f54c17346089ba805d00d389d8b7c1c3e1cdb89c6515d103c5f0f15f4eb61185,c1881d4f6c0f31cc50171d6c3004faa1325b5e8d,mae_kg,130.92553795579568,kg
ladder,S5_outage,rls,2,10,True,S5_outage__rls__seed2,0052a68ebb4dd1334f0378cfa6defa07917942ba64b15d70b6cd736642ab3e2c,f54c17346089ba805d00d389d8b7c1c3e1cdb89c6515d103c5f0f15f4eb61185,c1881d4f6c0f31cc50171d6c3004faa1325b5e8d,mae_kg,125.77694666161197,kg
ladder,S5_outage,rls,3,10,True,S5_outage__rls__seed3,e71247b8c58f106fad94f1fa68a340a88baac5595f00b577c8912131cd60a6c4,f54c17346089ba805d00d389d8b7c1c3e1cdb89c6515d103c5f0f15f4eb61185,c1881d4f6c0f31cc50171d6c3004faa1325b5e8d,mae_kg,125.01219229092598,kg
ladder,S5_outage,kalman,1,10,True,S5_outage__kalman__seed1,ab25696964de9a9bd056c05f5021821512f6128f06fede373f779014f2fed9d8,2dcdf9429baa9fcc847cc03bb3eb992a0574d0c81dcfbd456974ff9264223f13,c1881d4f6c0f31cc50171d6c3004faa1325b5e8d,mae_kg,135.92477754127592,kg
ladder,S5_outage,kalman,2,10,True,S5_outage__kalman__seed2,0052a68ebb4dd1334f0378cfa6defa07917942ba64b15d70b6cd736642ab3e2c,2dcdf9429baa9fcc847cc03bb3eb992a0574d0c81dcfbd456974ff9264223f13,c1881d4f6c0f31cc50171d6c3004faa1325b5e8d,mae_kg,126.1312420081756,kg
ladder,S5_outage,kalman,3,10,True,S5_outage__kalman__seed3,e71247b8c58f106fad94f1fa68a340a88baac5595f00b577c8912131cd60a6c4,2dcdf9429baa9fcc847cc03bb3eb992a0574d0c81dcfbd456974ff9264223f13,c1881d4f6c0f31cc50171d6c3004faa1325b5e8d,mae_kg,126.37584870281263,kg
ladder,S6_combined,static_affine,1,10,True,S6_combined__static_affine__seed1,b3cf8d14b3aed8b1d65ab4497dcbfb879dbda2ce1da03bb07f6401c9b4b9bd4a,535f10e6c30103272f64653e50d0578cbf5af363b23f0ecbad28905519d7af3d,c1881d4f6c0f31cc50171d6c3004faa1325b5e8d,mae_kg,792.8477183338067,kg
ladder,S6_combined,static_affine,2,10,True,S6_combined__static_affine__seed2,e4f7ab87faf6982be139dc8af97757bff8d540d357c41e3d06ec298e4dd75854,535f10e6c30103272f64653e50d0578cbf5af363b23f0ecbad28905519d7af3d,c1881d4f6c0f31cc50171d6c3004faa1325b5e8d,mae_kg,676.4952154645317,kg
ladder,S6_combined,static_affine,3,10,True,S6_combined__static_affine__seed3,c371bfebbbdb510b204e19fcaedea3c47a4e8b6d77499f04ee6ac55d13fed988,535f10e6c30103272f64653e50d0578cbf5af363b23f0ecbad28905519d7af3d,c1881d4f6c0f31cc50171d6c3004faa1325b5e8d,mae_kg,676.6938454715864,kg
ladder,S6_combined,rls,1,10,True,S6_combined__rls__seed1,b3cf8d14b3aed8b1d65ab4497dcbfb879dbda2ce1da03bb07f6401c9b4b9bd4a,f54c17346089ba805d00d389d8b7c1c3e1cdb89c6515d103c5f0f15f4eb61185,c1881d4f6c0f31cc50171d6c3004faa1325b5e8d,mae_kg,724.6885571518839,kg
ladder,S6_combined,rls,2,10,True,S6_combined__rls__seed2,e4f7ab87faf6982be139dc8af97757bff8d540d357c41e3d06ec298e4dd75854,f54c17346089ba805d00d389d8b7c1c3e1cdb89c6515d103c5f0f15f4eb61185,c1881d4f6c0f31cc50171d6c3004faa1325b5e8d,mae_kg,652.8281580575499,kg
ladder,S6_combined,rls,3,10,True,S6_combined__rls__seed3,c371bfebbbdb510b204e19fcaedea3c47a4e8b6d77499f04ee6ac55d13fed988,f54c17346089ba805d00d389d8b7c1c3e1cdb89c6515d103c5f0f15f4eb61185,c1881d4f6c0f31cc50171d6c3004faa1325b5e8d,mae_kg,624.10103662583,kg
ladder,S6_combined,kalman,1,10,True,S6_combined__kalman__seed1,b3cf8d14b3aed8b1d65ab4497dcbfb879dbda2ce1da03bb07f6401c9b4b9bd4a,2dcdf9429baa9fcc847cc03bb3eb992a0574d0c81dcfbd456974ff9264223f13,c1881d4f6c0f31cc50171d6c3004faa1325b5e8d,mae_kg,791.989061461681,kg
ladder,S6_combined,kalman,2,10,True,S6_combined__kalman__seed2,e4f7ab87faf6982be139dc8af97757bff8d540d357c41e3d06ec298e4dd75854,2dcdf9429baa9fcc847cc03bb3eb992a0574d0c81dcfbd456974ff9264223f13,c1881d4f6c0f31cc50171d6c3004faa1325b5e8d,mae_kg,684.7901256833572,kg
ladder,S6_combined,kalman,3,10,True,S6_combined__kalman__seed3,c371bfebbbdb510b204e19fcaedea3c47a4e8b6d77499f04ee6ac55d13fed988,2dcdf9429baa9fcc847cc03bb3eb992a0574d0c81dcfbd456974ff9264223f13,c1881d4f6c0f31cc50171d6c3004faa1325b5e8d,mae_kg,697.9684620595923,kg
ladder,S7_sparse_reference,static_affine,1,10,True,S7_sparse_reference__static_affine__seed1,24835dafebd07f6facda17ec68b148ca21bd70070201cdbfe1cf136d6c2da50a,535f10e6c30103272f64653e50d0578cbf5af363b23f0ecbad28905519d7af3d,c1881d4f6c0f31cc50171d6c3004faa1325b5e8d,mae_kg,183.45865793983143,kg
ladder,S7_sparse_reference,static_affine,2,10,True,S7_sparse_reference__static_affine__seed2,1830f9600d18220efd37edc0ed15951b55aee715e2061c3ef38b60364f8b8678,535f10e6c30103272f64653e50d0578cbf5af363b23f0ecbad28905519d7af3d,c1881d4f6c0f31cc50171d6c3004faa1325b5e8d,mae_kg,182.02409652948845,kg
ladder,S7_sparse_reference,static_affine,3,10,True,S7_sparse_reference__static_affine__seed3,b10da6cea2c796fcd510a2c7d7f3d2074f0eed008477bb57609f09be0a5cc888,535f10e6c30103272f64653e50d0578cbf5af363b23f0ecbad28905519d7af3d,c1881d4f6c0f31cc50171d6c3004faa1325b5e8d,mae_kg,179.00746533775117,kg
ladder,S7_sparse_reference,rls,1,10,True,S7_sparse_reference__rls__seed1,24835dafebd07f6facda17ec68b148ca21bd70070201cdbfe1cf136d6c2da50a,f54c17346089ba805d00d389d8b7c1c3e1cdb89c6515d103c5f0f15f4eb61185,c1881d4f6c0f31cc50171d6c3004faa1325b5e8d,mae_kg,160.30735261881208,kg
ladder,S7_sparse_reference,rls,2,10,True,S7_sparse_reference__rls__seed2,1830f9600d18220efd37edc0ed15951b55aee715e2061c3ef38b60364f8b8678,f54c17346089ba805d00d389d8b7c1c3e1cdb89c6515d103c5f0f15f4eb61185,c1881d4f6c0f31cc50171d6c3004faa1325b5e8d,mae_kg,160.88578123710082,kg
ladder,S7_sparse_reference,rls,3,10,True,S7_sparse_reference__rls__seed3,b10da6cea2c796fcd510a2c7d7f3d2074f0eed008477bb57609f09be0a5cc888,f54c17346089ba805d00d389d8b7c1c3e1cdb89c6515d103c5f0f15f4eb61185,c1881d4f6c0f31cc50171d6c3004faa1325b5e8d,mae_kg,156.3279582336346,kg
ladder,S7_sparse_reference,kalman,1,10,True,S7_sparse_reference__kalman__seed1,24835dafebd07f6facda17ec68b148ca21bd70070201cdbfe1cf136d6c2da50a,2dcdf9429baa9fcc847cc03bb3eb992a0574d0c81dcfbd456974ff9264223f13,c1881d4f6c0f31cc50171d6c3004faa1325b5e8d,mae_kg,161.34634581963323,kg
ladder,S7_sparse_reference,kalman,2,10,True,S7_sparse_reference__kalman__seed2,1830f9600d18220efd37edc0ed15951b55aee715e2061c3ef38b60364f8b8678,2dcdf9429baa9fcc847cc03bb3eb992a0574d0c81dcfbd456974ff9264223f13,c1881d4f6c0f31cc50171d6c3004faa1325b5e8d,mae_kg,160.80958253294637,kg
ladder,S7_sparse_reference,kalman,3,10,True,S7_sparse_reference__kalman__seed3,b10da6cea2c796fcd510a2c7d7f3d2074f0eed008477bb57609f09be0a5cc888,2dcdf9429baa9fcc847cc03bb3eb992a0574d0c81dcfbd456974ff9264223f13,c1881d4f6c0f31cc50171d6c3004faa1325b5e8d,mae_kg,155.74475182460398,kg
ladder,S1_nominal,static_affine,1,10,True,S1_nominal__static_affine__seed1,1f0eb7d0a64d2c9430bd781be2ad3a6383c85935e18ff7809210a4dbae3f4f74,535f10e6c30103272f64653e50d0578cbf5af363b23f0ecbad28905519d7af3d,c1881d4f6c0f31cc50171d6c3004faa1325b5e8d,rmse_kg,4.375417052011332,kg
ladder,S1_nominal,static_affine,2,10,True,S1_nominal__static_affine__seed2,c45f068e83a0db5af8037bcec208da070545216f5240a590ba8286dfcee1b0b4,535f10e6c30103272f64653e50d0578cbf5af363b23f0ecbad28905519d7af3d,c1881d4f6c0f31cc50171d6c3004faa1325b5e8d,rmse_kg,1.2420330234771666,kg
ladder,S1_nominal,static_affine,3,10,True,S1_nominal__static_affine__seed3,7f808862af70bdf5f8b721f954c967c9d3eb0d071e708e4f266d8f7901642f98,535f10e6c30103272f64653e50d0578cbf5af363b23f0ecbad28905519d7af3d,c1881d4f6c0f31cc50171d6c3004faa1325b5e8d,rmse_kg,1.6083695290841922,kg
ladder,S1_nominal,rls,1,10,True,S1_nominal__rls__seed1,1f0eb7d0a64d2c9430bd781be2ad3a6383c85935e18ff7809210a4dbae3f4f74,f54c17346089ba805d00d389d8b7c1c3e1cdb89c6515d103c5f0f15f4eb61185,c1881d4f6c0f31cc50171d6c3004faa1325b5e8d,rmse_kg,4.368210600622355,kg
ladder,S1_nominal,rls,2,10,True,S1_nominal__rls__seed2,c45f068e83a0db5af8037bcec208da070545216f5240a590ba8286dfcee1b0b4,f54c17346089ba805d00d389d8b7c1c3e1cdb89c6515d103c5f0f15f4eb61185,c1881d4f6c0f31cc50171d6c3004faa1325b5e8d,rmse_kg,1.169234855947812,kg
ladder,S1_nominal,rls,3,10,True,S1_nominal__rls__seed3,7f808862af70bdf5f8b721f954c967c9d3eb0d071e708e4f266d8f7901642f98,f54c17346089ba805d00d389d8b7c1c3e1cdb89c6515d103c5f0f15f4eb61185,c1881d4f6c0f31cc50171d6c3004faa1325b5e8d,rmse_kg,1.6083246704166974,kg
ladder,S1_nominal,kalman,1,10,True,S1_nominal__kalman__seed1,1f0eb7d0a64d2c9430bd781be2ad3a6383c85935e18ff7809210a4dbae3f4f74,2dcdf9429baa9fcc847cc03bb3eb992a0574d0c81dcfbd456974ff9264223f13,c1881d4f6c0f31cc50171d6c3004faa1325b5e8d,rmse_kg,4.365691691100843,kg
ladder,S1_nominal,kalman,2,10,True,S1_nominal__kalman__seed2,c45f068e83a0db5af8037bcec208da070545216f5240a590ba8286dfcee1b0b4,2dcdf9429baa9fcc847cc03bb3eb992a0574d0c81dcfbd456974ff9264223f13,c1881d4f6c0f31cc50171d6c3004faa1325b5e8d,rmse_kg,1.1606336610832804,kg
ladder,S1_nominal,kalman,3,10,True,S1_nominal__kalman__seed3,7f808862af70bdf5f8b721f954c967c9d3eb0d071e708e4f266d8f7901642f98,2dcdf9429baa9fcc847cc03bb3eb992a0574d0c81dcfbd456974ff9264223f13,c1881d4f6c0f31cc50171d6c3004faa1325b5e8d,rmse_kg,1.6105369513165122,kg
ladder,S2_thermal_cycle,static_affine,1,10,True,S2_thermal_cycle__static_affine__seed1,a9d23ff021d7d7330d2f7690ce6fe1a23e9face2bceffa30bb9e10eb4c70e685,535f10e6c30103272f64653e50d0578cbf5af363b23f0ecbad28905519d7af3d,c1881d4f6c0f31cc50171d6c3004faa1325b5e8d,rmse_kg,276.51791869102976,kg
ladder,S2_thermal_cycle,static_affine,2,10,True,S2_thermal_cycle__static_affine__seed2,19c57e97290995438510692dd0c87d401ed506ad1b05f6b88446276b5f326325,535f10e6c30103272f64653e50d0578cbf5af363b23f0ecbad28905519d7af3d,c1881d4f6c0f31cc50171d6c3004faa1325b5e8d,rmse_kg,274.61220748753027,kg
ladder,S2_thermal_cycle,static_affine,3,10,True,S2_thermal_cycle__static_affine__seed3,24befa705b788e8ac92815dc24ece289db28b46d6894613726a31248a0b3f0e9,535f10e6c30103272f64653e50d0578cbf5af363b23f0ecbad28905519d7af3d,c1881d4f6c0f31cc50171d6c3004faa1325b5e8d,rmse_kg,277.69845935558396,kg
ladder,S2_thermal_cycle,rls,1,10,True,S2_thermal_cycle__rls__seed1,a9d23ff021d7d7330d2f7690ce6fe1a23e9face2bceffa30bb9e10eb4c70e685,f54c17346089ba805d00d389d8b7c1c3e1cdb89c6515d103c5f0f15f4eb61185,c1881d4f6c0f31cc50171d6c3004faa1325b5e8d,rmse_kg,277.58145592616194,kg
ladder,S2_thermal_cycle,rls,2,10,True,S2_thermal_cycle__rls__seed2,19c57e97290995438510692dd0c87d401ed506ad1b05f6b88446276b5f326325,f54c17346089ba805d00d389d8b7c1c3e1cdb89c6515d103c5f0f15f4eb61185,c1881d4f6c0f31cc50171d6c3004faa1325b5e8d,rmse_kg,278.4012924568408,kg
ladder,S2_thermal_cycle,rls,3,10,True,S2_thermal_cycle__rls__seed3,24befa705b788e8ac92815dc24ece289db28b46d6894613726a31248a0b3f0e9,f54c17346089ba805d00d389d8b7c1c3e1cdb89c6515d103c5f0f15f4eb61185,c1881d4f6c0f31cc50171d6c3004faa1325b5e8d,rmse_kg,272.9416039727168,kg
ladder,S2_thermal_cycle,kalman,1,10,True,S2_thermal_cycle__kalman__seed1,a9d23ff021d7d7330d2f7690ce6fe1a23e9face2bceffa30bb9e10eb4c70e685,2dcdf9429baa9fcc847cc03bb3eb992a0574d0c81dcfbd456974ff9264223f13,c1881d4f6c0f31cc50171d6c3004faa1325b5e8d,rmse_kg,282.10669344634897,kg
ladder,S2_thermal_cycle,kalman,2,10,True,S2_thermal_cycle__kalman__seed2,19c57e97290995438510692dd0c87d401ed506ad1b05f6b88446276b5f326325,2dcdf9429baa9fcc847cc03bb3eb992a0574d0c81dcfbd456974ff9264223f13,c1881d4f6c0f31cc50171d6c3004faa1325b5e8d,rmse_kg,281.2095890803431,kg
ladder,S2_thermal_cycle,kalman,3,10,True,S2_thermal_cycle__kalman__seed3,24befa705b788e8ac92815dc24ece289db28b46d6894613726a31248a0b3f0e9,2dcdf9429baa9fcc847cc03bb3eb992a0574d0c81dcfbd456974ff9264223f13,c1881d4f6c0f31cc50171d6c3004faa1325b5e8d,rmse_kg,276.9566854638765,kg
ladder,S3_zero_drift_walk,static_affine,1,10,True,S3_zero_drift_walk__static_affine__seed1,f100b6d8743f0beb23a874f69b02d3ff86fd69d1b80c3005bc53c22fbf24242c,535f10e6c30103272f64653e50d0578cbf5af363b23f0ecbad28905519d7af3d,c1881d4f6c0f31cc50171d6c3004faa1325b5e8d,rmse_kg,265.179658133344,kg
ladder,S3_zero_drift_walk,static_affine,2,10,True,S3_zero_drift_walk__static_affine__seed2,d908b1eec1d6ca010fbfed3dff58421d1657520e5136c0976972c56a507b8a71,535f10e6c30103272f64653e50d0578cbf5af363b23f0ecbad28905519d7af3d,c1881d4f6c0f31cc50171d6c3004faa1325b5e8d,rmse_kg,264.5536570206841,kg
ladder,S3_zero_drift_walk,static_affine,3,10,True,S3_zero_drift_walk__static_affine__seed3,e65e6377500da0315dac92d9d159e61875ec095bbab24aed7387d0c3eeb9a9db,535f10e6c30103272f64653e50d0578cbf5af363b23f0ecbad28905519d7af3d,c1881d4f6c0f31cc50171d6c3004faa1325b5e8d,rmse_kg,262.3229078382356,kg
ladder,S3_zero_drift_walk,rls,1,10,True,S3_zero_drift_walk__rls__seed1,f100b6d8743f0beb23a874f69b02d3ff86fd69d1b80c3005bc53c22fbf24242c,f54c17346089ba805d00d389d8b7c1c3e1cdb89c6515d103c5f0f15f4eb61185,c1881d4f6c0f31cc50171d6c3004faa1325b5e8d,rmse_kg,266.3222038649044,kg
ladder,S3_zero_drift_walk,rls,2,10,True,S3_zero_drift_walk__rls__seed2,d908b1eec1d6ca010fbfed3dff58421d1657520e5136c0976972c56a507b8a71,f54c17346089ba805d00d389d8b7c1c3e1cdb89c6515d103c5f0f15f4eb61185,c1881d4f6c0f31cc50171d6c3004faa1325b5e8d,rmse_kg,269.5217973165856,kg
ladder,S3_zero_drift_walk,rls,3,10,True,S3_zero_drift_walk__rls__seed3,e65e6377500da0315dac92d9d159e61875ec095bbab24aed7387d0c3eeb9a9db,f54c17346089ba805d00d389d8b7c1c3e1cdb89c6515d103c5f0f15f4eb61185,c1881d4f6c0f31cc50171d6c3004faa1325b5e8d,rmse_kg,265.2965664411105,kg
ladder,S3_zero_drift_walk,kalman,1,10,True,S3_zero_drift_walk__kalman__seed1,f100b6d8743f0beb23a874f69b02d3ff86fd69d1b80c3005bc53c22fbf24242c,2dcdf9429baa9fcc847cc03bb3eb992a0574d0c81dcfbd456974ff9264223f13,c1881d4f6c0f31cc50171d6c3004faa1325b5e8d,rmse_kg,270.0848952574695,kg
ladder,S3_zero_drift_walk,kalman,2,10,True,S3_zero_drift_walk__kalman__seed2,d908b1eec1d6ca010fbfed3dff58421d1657520e5136c0976972c56a507b8a71,2dcdf9429baa9fcc847cc03bb3eb992a0574d0c81dcfbd456974ff9264223f13,c1881d4f6c0f31cc50171d6c3004faa1325b5e8d,rmse_kg,271.81825156704554,kg
ladder,S3_zero_drift_walk,kalman,3,10,True,S3_zero_drift_walk__kalman__seed3,e65e6377500da0315dac92d9d159e61875ec095bbab24aed7387d0c3eeb9a9db,2dcdf9429baa9fcc847cc03bb3eb992a0574d0c81dcfbd456974ff9264223f13,c1881d4f6c0f31cc50171d6c3004faa1325b5e8d,rmse_kg,269.08953683215447,kg
ladder,S4_step_fault,static_affine,1,10,True,S4_step_fault__static_affine__seed1,7d29a6d7dca932314e512c265e0e559ec6cc02e548aa25349a95d1f29dbf9ef1,535f10e6c30103272f64653e50d0578cbf5af363b23f0ecbad28905519d7af3d,c1881d4f6c0f31cc50171d6c3004faa1325b5e8d,rmse_kg,441.24695949568826,kg
ladder,S4_step_fault,static_affine,2,10,True,S4_step_fault__static_affine__seed2,adc80992e5ad2b0074c2ccb5fd189429c3fd11d2d51d242aa1caec078b0db1d2,535f10e6c30103272f64653e50d0578cbf5af363b23f0ecbad28905519d7af3d,c1881d4f6c0f31cc50171d6c3004faa1325b5e8d,rmse_kg,401.10420854596134,kg
ladder,S4_step_fault,static_affine,3,10,True,S4_step_fault__static_affine__seed3,755a0aa70d2f3fe05534c8cb137d5df18ed16325d4692fc840c3daee2c8a8c92,535f10e6c30103272f64653e50d0578cbf5af363b23f0ecbad28905519d7af3d,c1881d4f6c0f31cc50171d6c3004faa1325b5e8d,rmse_kg,366.25660426553344,kg
ladder,S4_step_fault,rls,1,10,True,S4_step_fault__rls__seed1,7d29a6d7dca932314e512c265e0e559ec6cc02e548aa25349a95d1f29dbf9ef1,f54c17346089ba805d00d389d8b7c1c3e1cdb89c6515d103c5f0f15f4eb61185,c1881d4f6c0f31cc50171d6c3004faa1325b5e8d,rmse_kg,347.48257770985583,kg
ladder,S4_step_fault,rls,2,10,True,S4_step_fault__rls__seed2,adc80992e5ad2b0074c2ccb5fd189429c3fd11d2d51d242aa1caec078b0db1d2,f54c17346089ba805d00d389d8b7c1c3e1cdb89c6515d103c5f0f15f4eb61185,c1881d4f6c0f31cc50171d6c3004faa1325b5e8d,rmse_kg,329.8467777481311,kg
ladder,S4_step_fault,rls,3,10,True,S4_step_fault__rls__seed3,755a0aa70d2f3fe05534c8cb137d5df18ed16325d4692fc840c3daee2c8a8c92,f54c17346089ba805d00d389d8b7c1c3e1cdb89c6515d103c5f0f15f4eb61185,c1881d4f6c0f31cc50171d6c3004faa1325b5e8d,rmse_kg,322.11218715389407,kg
ladder,S4_step_fault,kalman,1,10,True,S4_step_fault__kalman__seed1,7d29a6d7dca932314e512c265e0e559ec6cc02e548aa25349a95d1f29dbf9ef1,2dcdf9429baa9fcc847cc03bb3eb992a0574d0c81dcfbd456974ff9264223f13,c1881d4f6c0f31cc50171d6c3004faa1325b5e8d,rmse_kg,322.47214211053137,kg
ladder,S4_step_fault,kalman,2,10,True,S4_step_fault__kalman__seed2,adc80992e5ad2b0074c2ccb5fd189429c3fd11d2d51d242aa1caec078b0db1d2,2dcdf9429baa9fcc847cc03bb3eb992a0574d0c81dcfbd456974ff9264223f13,c1881d4f6c0f31cc50171d6c3004faa1325b5e8d,rmse_kg,306.3572986368611,kg
ladder,S4_step_fault,kalman,3,10,True,S4_step_fault__kalman__seed3,755a0aa70d2f3fe05534c8cb137d5df18ed16325d4692fc840c3daee2c8a8c92,2dcdf9429baa9fcc847cc03bb3eb992a0574d0c81dcfbd456974ff9264223f13,c1881d4f6c0f31cc50171d6c3004faa1325b5e8d,rmse_kg,309.44911996512747,kg
ladder,S5_outage,static_affine,1,10,True,S5_outage__static_affine__seed1,ab25696964de9a9bd056c05f5021821512f6128f06fede373f779014f2fed9d8,535f10e6c30103272f64653e50d0578cbf5af363b23f0ecbad28905519d7af3d,c1881d4f6c0f31cc50171d6c3004faa1325b5e8d,rmse_kg,260.82359049214335,kg
ladder,S5_outage,static_affine,2,10,True,S5_outage__static_affine__seed2,0052a68ebb4dd1334f0378cfa6defa07917942ba64b15d70b6cd736642ab3e2c,535f10e6c30103272f64653e50d0578cbf5af363b23f0ecbad28905519d7af3d,c1881d4f6c0f31cc50171d6c3004faa1325b5e8d,rmse_kg,258.2034928526894,kg
ladder,S5_outage,static_affine,3,10,True,S5_outage__static_affine__seed3,e71247b8c58f106fad94f1fa68a340a88baac5595f00b577c8912131cd60a6c4,535f10e6c30103272f64653e50d0578cbf5af363b23f0ecbad28905519d7af3d,c1881d4f6c0f31cc50171d6c3004faa1325b5e8d,rmse_kg,247.3862854359606,kg
ladder,S5_outage,rls,1,10,True,S5_outage__rls__seed1,ab25696964de9a9bd056c05f5021821512f6128f06fede373f779014f2fed9d8,f54c17346089ba805d00d389d8b7c1c3e1cdb89c6515d103c5f0f15f4eb61185,c1881d4f6c0f31cc50171d6c3004faa1325b5e8d,rmse_kg,259.86131655047615,kg
ladder,S5_outage,rls,2,10,True,S5_outage__rls__seed2,0052a68ebb4dd1334f0378cfa6defa07917942ba64b15d70b6cd736642ab3e2c,f54c17346089ba805d00d389d8b7c1c3e1cdb89c6515d103c5f0f15f4eb61185,c1881d4f6c0f31cc50171d6c3004faa1325b5e8d,rmse_kg,257.3272327449371,kg
ladder,S5_outage,rls,3,10,True,S5_outage__rls__seed3,e71247b8c58f106fad94f1fa68a340a88baac5595f00b577c8912131cd60a6c4,f54c17346089ba805d00d389d8b7c1c3e1cdb89c6515d103c5f0f15f4eb61185,c1881d4f6c0f31cc50171d6c3004faa1325b5e8d,rmse_kg,248.43096995960047,kg
ladder,S5_outage,kalman,1,10,True,S5_outage__kalman__seed1,ab25696964de9a9bd056c05f5021821512f6128f06fede373f779014f2fed9d8,2dcdf9429baa9fcc847cc03bb3eb992a0574d0c81dcfbd456974ff9264223f13,c1881d4f6c0f31cc50171d6c3004faa1325b5e8d,rmse_kg,265.54106587523535,kg
ladder,S5_outage,kalman,2,10,True,S5_outage__kalman__seed2,0052a68ebb4dd1334f0378cfa6defa07917942ba64b15d70b6cd736642ab3e2c,2dcdf9429baa9fcc847cc03bb3eb992a0574d0c81dcfbd456974ff9264223f13,c1881d4f6c0f31cc50171d6c3004faa1325b5e8d,rmse_kg,258.3469390672289,kg
ladder,S5_outage,kalman,3,10,True,S5_outage__kalman__seed3,e71247b8c58f106fad94f1fa68a340a88baac5595f00b577c8912131cd60a6c4,2dcdf9429baa9fcc847cc03bb3eb992a0574d0c81dcfbd456974ff9264223f13,c1881d4f6c0f31cc50171d6c3004faa1325b5e8d,rmse_kg,255.66180260479902,kg
ladder,S6_combined,static_affine,1,10,True,S6_combined__static_affine__seed1,b3cf8d14b3aed8b1d65ab4497dcbfb879dbda2ce1da03bb07f6401c9b4b9bd4a,535f10e6c30103272f64653e50d0578cbf5af363b23f0ecbad28905519d7af3d,c1881d4f6c0f31cc50171d6c3004faa1325b5e8d,rmse_kg,3883.3411392445105,kg
ladder,S6_combined,static_affine,2,10,True,S6_combined__static_affine__seed2,e4f7ab87faf6982be139dc8af97757bff8d540d357c41e3d06ec298e4dd75854,535f10e6c30103272f64653e50d0578cbf5af363b23f0ecbad28905519d7af3d,c1881d4f6c0f31cc50171d6c3004faa1325b5e8d,rmse_kg,3572.099071402512,kg
ladder,S6_combined,static_affine,3,10,True,S6_combined__static_affine__seed3,c371bfebbbdb510b204e19fcaedea3c47a4e8b6d77499f04ee6ac55d13fed988,535f10e6c30103272f64653e50d0578cbf5af363b23f0ecbad28905519d7af3d,c1881d4f6c0f31cc50171d6c3004faa1325b5e8d,rmse_kg,3588.496697650494,kg
ladder,S6_combined,rls,1,10,True,S6_combined__rls__seed1,b3cf8d14b3aed8b1d65ab4497dcbfb879dbda2ce1da03bb07f6401c9b4b9bd4a,f54c17346089ba805d00d389d8b7c1c3e1cdb89c6515d103c5f0f15f4eb61185,c1881d4f6c0f31cc50171d6c3004faa1325b5e8d,rmse_kg,3669.736956301557,kg
ladder,S6_combined,rls,2,10,True,S6_combined__rls__seed2,e4f7ab87faf6982be139dc8af97757bff8d540d357c41e3d06ec298e4dd75854,f54c17346089ba805d00d389d8b7c1c3e1cdb89c6515d103c5f0f15f4eb61185,c1881d4f6c0f31cc50171d6c3004faa1325b5e8d,rmse_kg,3457.171501262751,kg
ladder,S6_combined,rls,3,10,True,S6_combined__rls__seed3,c371bfebbbdb510b204e19fcaedea3c47a4e8b6d77499f04ee6ac55d13fed988,f54c17346089ba805d00d389d8b7c1c3e1cdb89c6515d103c5f0f15f4eb61185,c1881d4f6c0f31cc50171d6c3004faa1325b5e8d,rmse_kg,3272.5261411282054,kg
ladder,S6_combined,kalman,1,10,True,S6_combined__kalman__seed1,b3cf8d14b3aed8b1d65ab4497dcbfb879dbda2ce1da03bb07f6401c9b4b9bd4a,2dcdf9429baa9fcc847cc03bb3eb992a0574d0c81dcfbd456974ff9264223f13,c1881d4f6c0f31cc50171d6c3004faa1325b5e8d,rmse_kg,4106.188192745599,kg
ladder,S6_combined,kalman,2,10,True,S6_combined__kalman__seed2,e4f7ab87faf6982be139dc8af97757bff8d540d357c41e3d06ec298e4dd75854,2dcdf9429baa9fcc847cc03bb3eb992a0574d0c81dcfbd456974ff9264223f13,c1881d4f6c0f31cc50171d6c3004faa1325b5e8d,rmse_kg,3647.2752490428,kg
ladder,S6_combined,kalman,3,10,True,S6_combined__kalman__seed3,c371bfebbbdb510b204e19fcaedea3c47a4e8b6d77499f04ee6ac55d13fed988,2dcdf9429baa9fcc847cc03bb3eb992a0574d0c81dcfbd456974ff9264223f13,c1881d4f6c0f31cc50171d6c3004faa1325b5e8d,rmse_kg,3849.371530110501,kg
ladder,S7_sparse_reference,static_affine,1,10,True,S7_sparse_reference__static_affine__seed1,24835dafebd07f6facda17ec68b148ca21bd70070201cdbfe1cf136d6c2da50a,535f10e6c30103272f64653e50d0578cbf5af363b23f0ecbad28905519d7af3d,c1881d4f6c0f31cc50171d6c3004faa1325b5e8d,rmse_kg,404.89388500661,kg
ladder,S7_sparse_reference,static_affine,2,10,True,S7_sparse_reference__static_affine__seed2,1830f9600d18220efd37edc0ed15951b55aee715e2061c3ef38b60364f8b8678,535f10e6c30103272f64653e50d0578cbf5af363b23f0ecbad28905519d7af3d,c1881d4f6c0f31cc50171d6c3004faa1325b5e8d,rmse_kg,399.322068157955,kg
ladder,S7_sparse_reference,static_affine,3,10,True,S7_sparse_reference__static_affine__seed3,b10da6cea2c796fcd510a2c7d7f3d2074f0eed008477bb57609f09be0a5cc888,535f10e6c30103272f64653e50d0578cbf5af363b23f0ecbad28905519d7af3d,c1881d4f6c0f31cc50171d6c3004faa1325b5e8d,rmse_kg,398.0495352403544,kg
ladder,S7_sparse_reference,rls,1,10,True,S7_sparse_reference__rls__seed1,24835dafebd07f6facda17ec68b148ca21bd70070201cdbfe1cf136d6c2da50a,f54c17346089ba805d00d389d8b7c1c3e1cdb89c6515d103c5f0f15f4eb61185,c1881d4f6c0f31cc50171d6c3004faa1325b5e8d,rmse_kg,324.61624960166864,kg
ladder,S7_sparse_reference,rls,2,10,True,S7_sparse_reference__rls__seed2,1830f9600d18220efd37edc0ed15951b55aee715e2061c3ef38b60364f8b8678,f54c17346089ba805d00d389d8b7c1c3e1cdb89c6515d103c5f0f15f4eb61185,c1881d4f6c0f31cc50171d6c3004faa1325b5e8d,rmse_kg,325.5313521555509,kg
ladder,S7_sparse_reference,rls,3,10,True,S7_sparse_reference__rls__seed3,b10da6cea2c796fcd510a2c7d7f3d2074f0eed008477bb57609f09be0a5cc888,f54c17346089ba805d00d389d8b7c1c3e1cdb89c6515d103c5f0f15f4eb61185,c1881d4f6c0f31cc50171d6c3004faa1325b5e8d,rmse_kg,323.08465622763373,kg
ladder,S7_sparse_reference,kalman,1,10,True,S7_sparse_reference__kalman__seed1,24835dafebd07f6facda17ec68b148ca21bd70070201cdbfe1cf136d6c2da50a,2dcdf9429baa9fcc847cc03bb3eb992a0574d0c81dcfbd456974ff9264223f13,c1881d4f6c0f31cc50171d6c3004faa1325b5e8d,rmse_kg,325.3539786727509,kg
ladder,S7_sparse_reference,kalman,2,10,True,S7_sparse_reference__kalman__seed2,1830f9600d18220efd37edc0ed15951b55aee715e2061c3ef38b60364f8b8678,2dcdf9429baa9fcc847cc03bb3eb992a0574d0c81dcfbd456974ff9264223f13,c1881d4f6c0f31cc50171d6c3004faa1325b5e8d,rmse_kg,325.30013882846737,kg
ladder,S7_sparse_reference,kalman,3,10,True,S7_sparse_reference__kalman__seed3,b10da6cea2c796fcd510a2c7d7f3d2074f0eed008477bb57609f09be0a5cc888,2dcdf9429baa9fcc847cc03bb3eb992a0574d0c81dcfbd456974ff9264223f13,c1881d4f6c0f31cc50171d6c3004faa1325b5e8d,rmse_kg,322.3702119243744,kg
ladder,S1_nominal,static_affine,1,10,True,S1_nominal__static_affine__seed1,1f0eb7d0a64d2c9430bd781be2ad3a6383c85935e18ff7809210a4dbae3f4f74,535f10e6c30103272f64653e50d0578cbf5af363b23f0ecbad28905519d7af3d,c1881d4f6c0f31cc50171d6c3004faa1325b5e8d,bias_kg,-0.11506493831349199,kg
ladder,S1_nominal,static_affine,2,10,True,S1_nominal__static_affine__seed2,c45f068e83a0db5af8037bcec208da070545216f5240a590ba8286dfcee1b0b4,535f10e6c30103272f64653e50d0578cbf5af363b23f0ecbad28905519d7af3d,c1881d4f6c0f31cc50171d6c3004faa1325b5e8d,bias_kg,-0.16947695070755472,kg
ladder,S1_nominal,static_affine,3,10,True,S1_nominal__static_affine__seed3,7f808862af70bdf5f8b721f954c967c9d3eb0d071e708e4f266d8f7901642f98,535f10e6c30103272f64653e50d0578cbf5af363b23f0ecbad28905519d7af3d,c1881d4f6c0f31cc50171d6c3004faa1325b5e8d,bias_kg,-0.1352762038317479,kg
ladder,S1_nominal,rls,1,10,True,S1_nominal__rls__seed1,1f0eb7d0a64d2c9430bd781be2ad3a6383c85935e18ff7809210a4dbae3f4f74,f54c17346089ba805d00d389d8b7c1c3e1cdb89c6515d103c5f0f15f4eb61185,c1881d4f6c0f31cc50171d6c3004faa1325b5e8d,bias_kg,-0.04619612758508548,kg
ladder,S1_nominal,rls,2,10,True,S1_nominal__rls__seed2,c45f068e83a0db5af8037bcec208da070545216f5240a590ba8286dfcee1b0b4,f54c17346089ba805d00d389d8b7c1c3e1cdb89c6515d103c5f0f15f4eb61185,c1881d4f6c0f31cc50171d6c3004faa1325b5e8d,bias_kg,-0.07284380060449233,kg
ladder,S1_nominal,rls,3,10,True,S1_nominal__rls__seed3,7f808862af70bdf5f8b721f954c967c9d3eb0d071e708e4f266d8f7901642f98,f54c17346089ba805d00d389d8b7c1c3e1cdb89c6515d103c5f0f15f4eb61185,c1881d4f6c0f31cc50171d6c3004faa1325b5e8d,bias_kg,-0.07315573828873238,kg
ladder,S1_nominal,kalman,1,10,True,S1_nominal__kalman__seed1,1f0eb7d0a64d2c9430bd781be2ad3a6383c85935e18ff7809210a4dbae3f4f74,2dcdf9429baa9fcc847cc03bb3eb992a0574d0c81dcfbd456974ff9264223f13,c1881d4f6c0f31cc50171d6c3004faa1325b5e8d,bias_kg,-0.00894366656384718,kg
ladder,S1_nominal,kalman,2,10,True,S1_nominal__kalman__seed2,c45f068e83a0db5af8037bcec208da070545216f5240a590ba8286dfcee1b0b4,2dcdf9429baa9fcc847cc03bb3eb992a0574d0c81dcfbd456974ff9264223f13,c1881d4f6c0f31cc50171d6c3004faa1325b5e8d,bias_kg,-0.05205604583322758,kg
ladder,S1_nominal,kalman,3,10,True,S1_nominal__kalman__seed3,7f808862af70bdf5f8b721f954c967c9d3eb0d071e708e4f266d8f7901642f98,2dcdf9429baa9fcc847cc03bb3eb992a0574d0c81dcfbd456974ff9264223f13,c1881d4f6c0f31cc50171d6c3004faa1325b5e8d,bias_kg,-0.04019474496812052,kg
ladder,S2_thermal_cycle,static_affine,1,10,True,S2_thermal_cycle__static_affine__seed1,a9d23ff021d7d7330d2f7690ce6fe1a23e9face2bceffa30bb9e10eb4c70e685,535f10e6c30103272f64653e50d0578cbf5af363b23f0ecbad28905519d7af3d,c1881d4f6c0f31cc50171d6c3004faa1325b5e8d,bias_kg,-18.071724234909052,kg
ladder,S2_thermal_cycle,static_affine,2,10,True,S2_thermal_cycle__static_affine__seed2,19c57e97290995438510692dd0c87d401ed506ad1b05f6b88446276b5f326325,535f10e6c30103272f64653e50d0578cbf5af363b23f0ecbad28905519d7af3d,c1881d4f6c0f31cc50171d6c3004faa1325b5e8d,bias_kg,-20.95212428254473,kg
ladder,S2_thermal_cycle,static_affine,3,10,True,S2_thermal_cycle__static_affine__seed3,24befa705b788e8ac92815dc24ece289db28b46d6894613726a31248a0b3f0e9,535f10e6c30103272f64653e50d0578cbf5af363b23f0ecbad28905519d7af3d,c1881d4f6c0f31cc50171d6c3004faa1325b5e8d,bias_kg,-34.94728602632999,kg
ladder,S2_thermal_cycle,rls,1,10,True,S2_thermal_cycle__rls__seed1,a9d23ff021d7d7330d2f7690ce6fe1a23e9face2bceffa30bb9e10eb4c70e685,f54c17346089ba805d00d389d8b7c1c3e1cdb89c6515d103c5f0f15f4eb61185,c1881d4f6c0f31cc50171d6c3004faa1325b5e8d,bias_kg,-2.7143581117871576,kg
ladder,S2_thermal_cycle,rls,2,10,True,S2_thermal_cycle__rls__seed2,19c57e97290995438510692dd0c87d401ed506ad1b05f6b88446276b5f326325,f54c17346089ba805d00d389d8b7c1c3e1cdb89c6515d103c5f0f15f4eb61185,c1881d4f6c0f31cc50171d6c3004faa1325b5e8d,bias_kg,6.1211538336006255,kg
ladder,S2_thermal_cycle,rls,3,10,True,S2_thermal_cycle__rls__seed3,24befa705b788e8ac92815dc24ece289db28b46d6894613726a31248a0b3f0e9,f54c17346089ba805d00d389d8b7c1c3e1cdb89c6515d103c5f0f15f4eb61185,c1881d4f6c0f31cc50171d6c3004faa1325b5e8d,bias_kg,-0.5141315212927724,kg
ladder,S2_thermal_cycle,kalman,1,10,True,S2_thermal_cycle__kalman__seed1,a9d23ff021d7d7330d2f7690ce6fe1a23e9face2bceffa30bb9e10eb4c70e685,2dcdf9429baa9fcc847cc03bb3eb992a0574d0c81dcfbd456974ff9264223f13,c1881d4f6c0f31cc50171d6c3004faa1325b5e8d,bias_kg,-2.3776488148939157,kg
ladder,S2_thermal_cycle,kalman,2,10,True,S2_thermal_cycle__kalman__seed2,19c57e97290995438510692dd0c87d401ed506ad1b05f6b88446276b5f326325,2dcdf9429baa9fcc847cc03bb3eb992a0574d0c81dcfbd456974ff9264223f13,c1881d4f6c0f31cc50171d6c3004faa1325b5e8d,bias_kg,5.227919873062942,kg
ladder,S2_thermal_cycle,kalman,3,10,True,S2_thermal_cycle__kalman__seed3,24befa705b788e8ac92815dc24ece289db28b46d6894613726a31248a0b3f0e9,2dcdf9429baa9fcc847cc03bb3eb992a0574d0c81dcfbd456974ff9264223f13,c1881d4f6c0f31cc50171d6c3004faa1325b5e8d,bias_kg,4.285533464716593,kg
ladder,S3_zero_drift_walk,static_affine,1,10,True,S3_zero_drift_walk__static_affine__seed1,f100b6d8743f0beb23a874f69b02d3ff86fd69d1b80c3005bc53c22fbf24242c,535f10e6c30103272f64653e50d0578cbf5af363b23f0ecbad28905519d7af3d,c1881d4f6c0f31cc50171d6c3004faa1325b5e8d,bias_kg,-11.431180396467491,kg
ladder,S3_zero_drift_walk,static_affine,2,10,True,S3_zero_drift_walk__static_affine__seed2,d908b1eec1d6ca010fbfed3dff58421d1657520e5136c0976972c56a507b8a71,535f10e6c30103272f64653e50d0578cbf5af363b23f0ecbad28905519d7af3d,c1881d4f6c0f31cc50171d6c3004faa1325b5e8d,bias_kg,-15.644809091668582,kg
ladder,S3_zero_drift_walk,static_affine,3,10,True,S3_zero_drift_walk__static_affine__seed3,e65e6377500da0315dac92d9d159e61875ec095bbab24aed7387d0c3eeb9a9db,535f10e6c30103272f64653e50d0578cbf5af363b23f0ecbad28905519d7af3d,c1881d4f6c0f31cc50171d6c3004faa1325b5e8d,bias_kg,-17.22451868253273,kg
ladder,S3_zero_drift_walk,rls,1,10,True,S3_zero_drift_walk__rls__seed1,f100b6d8743f0beb23a874f69b02d3ff86fd69d1b80c3005bc53c22fbf24242c,f54c17346089ba805d00d389d8b7c1c3e1cdb89c6515d103c5f0f15f4eb61185,c1881d4f6c0f31cc50171d6c3004faa1325b5e8d,bias_kg,1.3337749351117167,kg
ladder,S3_zero_drift_walk,rls,2,10,True,S3_zero_drift_walk__rls__seed2,d908b1eec1d6ca010fbfed3dff58421d1657520e5136c0976972c56a507b8a71,f54c17346089ba805d00d389d8b7c1c3e1cdb89c6515d103c5f0f15f4eb61185,c1881d4f6c0f31cc50171d6c3004faa1325b5e8d,bias_kg,10.54887367085781,kg
ladder,S3_zero_drift_walk,rls,3,10,True,S3_zero_drift_walk__rls__seed3,e65e6377500da0315dac92d9d159e61875ec095bbab24aed7387d0c3eeb9a9db,f54c17346089ba805d00d389d8b7c1c3e1cdb89c6515d103c5f0f15f4eb61185,c1881d4f6c0f31cc50171d6c3004faa1325b5e8d,bias_kg,-8.034585026517302,kg
ladder,S3_zero_drift_walk,kalman,1,10,True,S3_zero_drift_walk__kalman__seed1,f100b6d8743f0beb23a874f69b02d3ff86fd69d1b80c3005bc53c22fbf24242c,2dcdf9429baa9fcc847cc03bb3eb992a0574d0c81dcfbd456974ff9264223f13,c1881d4f6c0f31cc50171d6c3004faa1325b5e8d,bias_kg,4.952328101563928,kg
ladder,S3_zero_drift_walk,kalman,2,10,True,S3_zero_drift_walk__kalman__seed2,d908b1eec1d6ca010fbfed3dff58421d1657520e5136c0976972c56a507b8a71,2dcdf9429baa9fcc847cc03bb3eb992a0574d0c81dcfbd456974ff9264223f13,c1881d4f6c0f31cc50171d6c3004faa1325b5e8d,bias_kg,13.297884522516652,kg
ladder,S3_zero_drift_walk,kalman,3,10,True,S3_zero_drift_walk__kalman__seed3,e65e6377500da0315dac92d9d159e61875ec095bbab24aed7387d0c3eeb9a9db,2dcdf9429baa9fcc847cc03bb3eb992a0574d0c81dcfbd456974ff9264223f13,c1881d4f6c0f31cc50171d6c3004faa1325b5e8d,bias_kg,-6.6547053277338115,kg
ladder,S4_step_fault,static_affine,1,10,True,S4_step_fault__static_affine__seed1,7d29a6d7dca932314e512c265e0e559ec6cc02e548aa25349a95d1f29dbf9ef1,535f10e6c30103272f64653e50d0578cbf5af363b23f0ecbad28905519d7af3d,c1881d4f6c0f31cc50171d6c3004faa1325b5e8d,bias_kg,14.296175700003529,kg
ladder,S4_step_fault,static_affine,2,10,True,S4_step_fault__static_affine__seed2,adc80992e5ad2b0074c2ccb5fd189429c3fd11d2d51d242aa1caec078b0db1d2,535f10e6c30103272f64653e50d0578cbf5af363b23f0ecbad28905519d7af3d,c1881d4f6c0f31cc50171d6c3004faa1325b5e8d,bias_kg,18.706637892737362,kg
ladder,S4_step_fault,static_affine,3,10,True,S4_step_fault__static_affine__seed3,755a0aa70d2f3fe05534c8cb137d5df18ed16325d4692fc840c3daee2c8a8c92,535f10e6c30103272f64653e50d0578cbf5af363b23f0ecbad28905519d7af3d,c1881d4f6c0f31cc50171d6c3004faa1325b5e8d,bias_kg,16.439486283134574,kg
ladder,S4_step_fault,rls,1,10,True,S4_step_fault__rls__seed1,7d29a6d7dca932314e512c265e0e559ec6cc02e548aa25349a95d1f29dbf9ef1,f54c17346089ba805d00d389d8b7c1c3e1cdb89c6515d103c5f0f15f4eb61185,c1881d4f6c0f31cc50171d6c3004faa1325b5e8d,bias_kg,-8.775782478485814,kg
ladder,S4_step_fault,rls,2,10,True,S4_step_fault__rls__seed2,adc80992e5ad2b0074c2ccb5fd189429c3fd11d2d51d242aa1caec078b0db1d2,f54c17346089ba805d00d389d8b7c1c3e1cdb89c6515d103c5f0f15f4eb61185,c1881d4f6c0f31cc50171d6c3004faa1325b5e8d,bias_kg,17.375762983867617,kg
ladder,S4_step_fault,rls,3,10,True,S4_step_fault__rls__seed3,755a0aa70d2f3fe05534c8cb137d5df18ed16325d4692fc840c3daee2c8a8c92,f54c17346089ba805d00d389d8b7c1c3e1cdb89c6515d103c5f0f15f4eb61185,c1881d4f6c0f31cc50171d6c3004faa1325b5e8d,bias_kg,-40.954159041442075,kg
ladder,S4_step_fault,kalman,1,10,True,S4_step_fault__kalman__seed1,7d29a6d7dca932314e512c265e0e559ec6cc02e548aa25349a95d1f29dbf9ef1,2dcdf9429baa9fcc847cc03bb3eb992a0574d0c81dcfbd456974ff9264223f13,c1881d4f6c0f31cc50171d6c3004faa1325b5e8d,bias_kg,-20.60632262851749,kg
ladder,S4_step_fault,kalman,2,10,True,S4_step_fault__kalman__seed2,adc80992e5ad2b0074c2ccb5fd189429c3fd11d2d51d242aa1caec078b0db1d2,2dcdf9429baa9fcc847cc03bb3eb992a0574d0c81dcfbd456974ff9264223f13,c1881d4f6c0f31cc50171d6c3004faa1325b5e8d,bias_kg,10.978200824691704,kg
ladder,S4_step_fault,kalman,3,10,True,S4_step_fault__kalman__seed3,755a0aa70d2f3fe05534c8cb137d5df18ed16325d4692fc840c3daee2c8a8c92,2dcdf9429baa9fcc847cc03bb3eb992a0574d0c81dcfbd456974ff9264223f13,c1881d4f6c0f31cc50171d6c3004faa1325b5e8d,bias_kg,-16.74439853215955,kg
ladder,S5_outage,static_affine,1,10,True,S5_outage__static_affine__seed1,ab25696964de9a9bd056c05f5021821512f6128f06fede373f779014f2fed9d8,535f10e6c30103272f64653e50d0578cbf5af363b23f0ecbad28905519d7af3d,c1881d4f6c0f31cc50171d6c3004faa1325b5e8d,bias_kg,-13.889605184300262,kg
ladder,S5_outage,static_affine,2,10,True,S5_outage__static_affine__seed2,0052a68ebb4dd1334f0378cfa6defa07917942ba64b15d70b6cd736642ab3e2c,535f10e6c30103272f64653e50d0578cbf5af363b23f0ecbad28905519d7af3d,c1881d4f6c0f31cc50171d6c3004faa1325b5e8d,bias_kg,-25.387471388145187,kg
ladder,S5_outage,static_affine,3,10,True,S5_outage__static_affine__seed3,e71247b8c58f106fad94f1fa68a340a88baac5595f00b577c8912131cd60a6c4,535f10e6c30103272f64653e50d0578cbf5af363b23f0ecbad28905519d7af3d,c1881d4f6c0f31cc50171d6c3004faa1325b5e8d,bias_kg,-19.47006414238902,kg
ladder,S5_outage,rls,1,10,True,S5_outage__rls__seed1,ab25696964de9a9bd056c05f5021821512f6128f06fede373f779014f2fed9d8,f54c17346089ba805d00d389d8b7c1c3e1cdb89c6515d103c5f0f15f4eb61185,c1881d4f6c0f31cc50171d6c3004faa1325b5e8d,bias_kg,-13.62138731805193,kg
ladder,S5_outage,rls,2,10,True,S5_outage__rls__seed2,0052a68ebb4dd1334f0378cfa6defa07917942ba64b15d70b6cd736642ab3e2c,f54c17346089ba805d00d389d8b7c1c3e1cdb89c6515d103c5f0f15f4eb61185,c1881d4f6c0f31cc50171d6c3004faa1325b5e8d,bias_kg,-15.905679858951267,kg
ladder,S5_outage,rls,3,10,True,S5_outage__rls__seed3,e71247b8c58f106fad94f1fa68a340a88baac5595f00b577c8912131cd60a6c4,f54c17346089ba805d00d389d8b7c1c3e1cdb89c6515d103c5f0f15f4eb61185,c1881d4f6c0f31cc50171d6c3004faa1325b5e8d,bias_kg,-16.70446088569608,kg
ladder,S5_outage,kalman,1,10,True,S5_outage__kalman__seed1,ab25696964de9a9bd056c05f5021821512f6128f06fede373f779014f2fed9d8,2dcdf9429baa9fcc847cc03bb3eb992a0574d0c81dcfbd456974ff9264223f13,c1881d4f6c0f31cc50171d6c3004faa1325b5e8d,bias_kg,-16.105709389245394,kg
ladder,S5_outage,kalman,2,10,True,S5_outage__kalman__seed2,0052a68ebb4dd1334f0378cfa6defa07917942ba64b15d70b6cd736642ab3e2c,2dcdf9429baa9fcc847cc03bb3eb992a0574d0c81dcfbd456974ff9264223f13,c1881d4f6c0f31cc50171d6c3004faa1325b5e8d,bias_kg,-12.364959886329027,kg
ladder,S5_outage,kalman,3,10,True,S5_outage__kalman__seed3,e71247b8c58f106fad94f1fa68a340a88baac5595f00b577c8912131cd60a6c4,2dcdf9429baa9fcc847cc03bb3eb992a0574d0c81dcfbd456974ff9264223f13,c1881d4f6c0f31cc50171d6c3004faa1325b5e8d,bias_kg,-10.629858381230907,kg
ladder,S6_combined,static_affine,1,10,True,S6_combined__static_affine__seed1,b3cf8d14b3aed8b1d65ab4497dcbfb879dbda2ce1da03bb07f6401c9b4b9bd4a,535f10e6c30103272f64653e50d0578cbf5af363b23f0ecbad28905519d7af3d,c1881d4f6c0f31cc50171d6c3004faa1325b5e8d,bias_kg,-94.18003379799637,kg
ladder,S6_combined,static_affine,2,10,True,S6_combined__static_affine__seed2,e4f7ab87faf6982be139dc8af97757bff8d540d357c41e3d06ec298e4dd75854,535f10e6c30103272f64653e50d0578cbf5af363b23f0ecbad28905519d7af3d,c1881d4f6c0f31cc50171d6c3004faa1325b5e8d,bias_kg,-70.9362101438891,kg
ladder,S6_combined,static_affine,3,10,True,S6_combined__static_affine__seed3,c371bfebbbdb510b204e19fcaedea3c47a4e8b6d77499f04ee6ac55d13fed988,535f10e6c30103272f64653e50d0578cbf5af363b23f0ecbad28905519d7af3d,c1881d4f6c0f31cc50171d6c3004faa1325b5e8d,bias_kg,-14.807485810179793,kg
ladder,S6_combined,rls,1,10,True,S6_combined__rls__seed1,b3cf8d14b3aed8b1d65ab4497dcbfb879dbda2ce1da03bb07f6401c9b4b9bd4a,f54c17346089ba805d00d389d8b7c1c3e1cdb89c6515d103c5f0f15f4eb61185,c1881d4f6c0f31cc50171d6c3004faa1325b5e8d,bias_kg,-16.60118131423586,kg
ladder,S6_combined,rls,2,10,True,S6_combined__rls__seed2,e4f7ab87faf6982be139dc8af97757bff8d540d357c41e3d06ec298e4dd75854,f54c17346089ba805d00d389d8b7c1c3e1cdb89c6515d103c5f0f15f4eb61185,c1881d4f6c0f31cc50171d6c3004faa1325b5e8d,bias_kg,-96.2808803667787,kg
ladder,S6_combined,rls,3,10,True,S6_combined__rls__seed3,c371bfebbbdb510b204e19fcaedea3c47a4e8b6d77499f04ee6ac55d13fed988,f54c17346089ba805d00d389d8b7c1c3e1cdb89c6515d103c5f0f15f4eb61185,c1881d4f6c0f31cc50171d6c3004faa1325b5e8d,bias_kg,-11.45941096184464,kg
ladder,S6_combined,kalman,1,10,True,S6_combined__kalman__seed1,b3cf8d14b3aed8b1d65ab4497dcbfb879dbda2ce1da03bb07f6401c9b4b9bd4a,2dcdf9429baa9fcc847cc03bb3eb992a0574d0c81dcfbd456974ff9264223f13,c1881d4f6c0f31cc50171d6c3004faa1325b5e8d,bias_kg,34.41669413109707,kg
ladder,S6_combined,kalman,2,10,True,S6_combined__kalman__seed2,e4f7ab87faf6982be139dc8af97757bff8d540d357c41e3d06ec298e4dd75854,2dcdf9429baa9fcc847cc03bb3eb992a0574d0c81dcfbd456974ff9264223f13,c1881d4f6c0f31cc50171d6c3004faa1325b5e8d,bias_kg,-75.52810943575139,kg
ladder,S6_combined,kalman,3,10,True,S6_combined__kalman__seed3,c371bfebbbdb510b204e19fcaedea3c47a4e8b6d77499f04ee6ac55d13fed988,2dcdf9429baa9fcc847cc03bb3eb992a0574d0c81dcfbd456974ff9264223f13,c1881d4f6c0f31cc50171d6c3004faa1325b5e8d,bias_kg,30.203780714114167,kg
ladder,S7_sparse_reference,static_affine,1,10,True,S7_sparse_reference__static_affine__seed1,24835dafebd07f6facda17ec68b148ca21bd70070201cdbfe1cf136d6c2da50a,535f10e6c30103272f64653e50d0578cbf5af363b23f0ecbad28905519d7af3d,c1881d4f6c0f31cc50171d6c3004faa1325b5e8d,bias_kg,-93.93031037052022,kg
ladder,S7_sparse_reference,static_affine,2,10,True,S7_sparse_reference__static_affine__seed2,1830f9600d18220efd37edc0ed15951b55aee715e2061c3ef38b60364f8b8678,535f10e6c30103272f64653e50d0578cbf5af363b23f0ecbad28905519d7af3d,c1881d4f6c0f31cc50171d6c3004faa1325b5e8d,bias_kg,-96.79378532334927,kg
ladder,S7_sparse_reference,static_affine,3,10,True,S7_sparse_reference__static_affine__seed3,b10da6cea2c796fcd510a2c7d7f3d2074f0eed008477bb57609f09be0a5cc888,535f10e6c30103272f64653e50d0578cbf5af363b23f0ecbad28905519d7af3d,c1881d4f6c0f31cc50171d6c3004faa1325b5e8d,bias_kg,-99.51526090382283,kg
ladder,S7_sparse_reference,rls,1,10,True,S7_sparse_reference__rls__seed1,24835dafebd07f6facda17ec68b148ca21bd70070201cdbfe1cf136d6c2da50a,f54c17346089ba805d00d389d8b7c1c3e1cdb89c6515d103c5f0f15f4eb61185,c1881d4f6c0f31cc50171d6c3004faa1325b5e8d,bias_kg,-27.071671180598024,kg
ladder,S7_sparse_reference,rls,2,10,True,S7_sparse_reference__rls__seed2,1830f9600d18220efd37edc0ed15951b55aee715e2061c3ef38b60364f8b8678,f54c17346089ba805d00d389d8b7c1c3e1cdb89c6515d103c5f0f15f4eb61185,c1881d4f6c0f31cc50171d6c3004faa1325b5e8d,bias_kg,-13.270299299128988,kg
ladder,S7_sparse_reference,rls,3,10,True,S7_sparse_reference__rls__seed3,b10da6cea2c796fcd510a2c7d7f3d2074f0eed008477bb57609f09be0a5cc888,f54c17346089ba805d00d389d8b7c1c3e1cdb89c6515d103c5f0f15f4eb61185,c1881d4f6c0f31cc50171d6c3004faa1325b5e8d,bias_kg,-32.52698707633684,kg
ladder,S7_sparse_reference,kalman,1,10,True,S7_sparse_reference__kalman__seed1,24835dafebd07f6facda17ec68b148ca21bd70070201cdbfe1cf136d6c2da50a,2dcdf9429baa9fcc847cc03bb3eb992a0574d0c81dcfbd456974ff9264223f13,c1881d4f6c0f31cc50171d6c3004faa1325b5e8d,bias_kg,-20.651487937793693,kg
ladder,S7_sparse_reference,kalman,2,10,True,S7_sparse_reference__kalman__seed2,1830f9600d18220efd37edc0ed15951b55aee715e2061c3ef38b60364f8b8678,2dcdf9429baa9fcc847cc03bb3eb992a0574d0c81dcfbd456974ff9264223f13,c1881d4f6c0f31cc50171d6c3004faa1325b5e8d,bias_kg,-3.807299516136991,kg
ladder,S7_sparse_reference,kalman,3,10,True,S7_sparse_reference__kalman__seed3,b10da6cea2c796fcd510a2c7d7f3d2074f0eed008477bb57609f09be0a5cc888,2dcdf9429baa9fcc847cc03bb3eb992a0574d0c81dcfbd456974ff9264223f13,c1881d4f6c0f31cc50171d6c3004faa1325b5e8d,bias_kg,-20.30432108640504,kg
ladder,S1_nominal,static_affine,1,10,True,S1_nominal__static_affine__seed1,1f0eb7d0a64d2c9430bd781be2ad3a6383c85935e18ff7809210a4dbae3f4f74,535f10e6c30103272f64653e50d0578cbf5af363b23f0ecbad28905519d7af3d,c1881d4f6c0f31cc50171d6c3004faa1325b5e8d,dynamic_floor_kg,0.0,kg
ladder,S1_nominal,static_affine,2,10,True,S1_nominal__static_affine__seed2,c45f068e83a0db5af8037bcec208da070545216f5240a590ba8286dfcee1b0b4,535f10e6c30103272f64653e50d0578cbf5af363b23f0ecbad28905519d7af3d,c1881d4f6c0f31cc50171d6c3004faa1325b5e8d,dynamic_floor_kg,0.0,kg
ladder,S1_nominal,static_affine,3,10,True,S1_nominal__static_affine__seed3,7f808862af70bdf5f8b721f954c967c9d3eb0d071e708e4f266d8f7901642f98,535f10e6c30103272f64653e50d0578cbf5af363b23f0ecbad28905519d7af3d,c1881d4f6c0f31cc50171d6c3004faa1325b5e8d,dynamic_floor_kg,0.0,kg
ladder,S1_nominal,rls,1,10,True,S1_nominal__rls__seed1,1f0eb7d0a64d2c9430bd781be2ad3a6383c85935e18ff7809210a4dbae3f4f74,f54c17346089ba805d00d389d8b7c1c3e1cdb89c6515d103c5f0f15f4eb61185,c1881d4f6c0f31cc50171d6c3004faa1325b5e8d,dynamic_floor_kg,0.0,kg
ladder,S1_nominal,rls,2,10,True,S1_nominal__rls__seed2,c45f068e83a0db5af8037bcec208da070545216f5240a590ba8286dfcee1b0b4,f54c17346089ba805d00d389d8b7c1c3e1cdb89c6515d103c5f0f15f4eb61185,c1881d4f6c0f31cc50171d6c3004faa1325b5e8d,dynamic_floor_kg,0.0,kg
ladder,S1_nominal,rls,3,10,True,S1_nominal__rls__seed3,7f808862af70bdf5f8b721f954c967c9d3eb0d071e708e4f266d8f7901642f98,f54c17346089ba805d00d389d8b7c1c3e1cdb89c6515d103c5f0f15f4eb61185,c1881d4f6c0f31cc50171d6c3004faa1325b5e8d,dynamic_floor_kg,0.0,kg
ladder,S1_nominal,kalman,1,10,True,S1_nominal__kalman__seed1,1f0eb7d0a64d2c9430bd781be2ad3a6383c85935e18ff7809210a4dbae3f4f74,2dcdf9429baa9fcc847cc03bb3eb992a0574d0c81dcfbd456974ff9264223f13,c1881d4f6c0f31cc50171d6c3004faa1325b5e8d,dynamic_floor_kg,0.0,kg
ladder,S1_nominal,kalman,2,10,True,S1_nominal__kalman__seed2,c45f068e83a0db5af8037bcec208da070545216f5240a590ba8286dfcee1b0b4,2dcdf9429baa9fcc847cc03bb3eb992a0574d0c81dcfbd456974ff9264223f13,c1881d4f6c0f31cc50171d6c3004faa1325b5e8d,dynamic_floor_kg,0.0,kg
ladder,S1_nominal,kalman,3,10,True,S1_nominal__kalman__seed3,7f808862af70bdf5f8b721f954c967c9d3eb0d071e708e4f266d8f7901642f98,2dcdf9429baa9fcc847cc03bb3eb992a0574d0c81dcfbd456974ff9264223f13,c1881d4f6c0f31cc50171d6c3004faa1325b5e8d,dynamic_floor_kg,0.0,kg
ladder,S2_thermal_cycle,static_affine,1,10,True,S2_thermal_cycle__static_affine__seed1,a9d23ff021d7d7330d2f7690ce6fe1a23e9face2bceffa30bb9e10eb4c70e685,535f10e6c30103272f64653e50d0578cbf5af363b23f0ecbad28905519d7af3d,c1881d4f6c0f31cc50171d6c3004faa1325b5e8d,dynamic_floor_kg,137.70675049495,kg
ladder,S2_thermal_cycle,static_affine,2,10,True,S2_thermal_cycle__static_affine__seed2,19c57e97290995438510692dd0c87d401ed506ad1b05f6b88446276b5f326325,535f10e6c30103272f64653e50d0578cbf5af363b23f0ecbad28905519d7af3d,c1881d4f6c0f31cc50171d6c3004faa1325b5e8d,dynamic_floor_kg,134.3557375840062,kg
ladder,S2_thermal_cycle,static_affine,3,10,True,S2_thermal_cycle__static_affine__seed3,24befa705b788e8ac92815dc24ece289db28b46d6894613726a31248a0b3f0e9,535f10e6c30103272f64653e50d0578cbf5af363b23f0ecbad28905519d7af3d,c1881d4f6c0f31cc50171d6c3004faa1325b5e8d,dynamic_floor_kg,134.52501888630584,kg
ladder,S2_thermal_cycle,rls,1,10,True,S2_thermal_cycle__rls__seed1,a9d23ff021d7d7330d2f7690ce6fe1a23e9face2bceffa30bb9e10eb4c70e685,f54c17346089ba805d00d389d8b7c1c3e1cdb89c6515d103c5f0f15f4eb61185,c1881d4f6c0f31cc50171d6c3004faa1325b5e8d,dynamic_floor_kg,137.70675049495,kg
ladder,S2_thermal_cycle,rls,2,10,True,S2_thermal_cycle__rls__seed2,19c57e97290995438510692dd0c87d401ed506ad1b05f6b88446276b5f326325,f54c17346089ba805d00d389d8b7c1c3e1cdb89c6515d103c5f0f15f4eb61185,c1881d4f6c0f31cc50171d6c3004faa1325b5e8d,dynamic_floor_kg,134.3557375840062,kg
ladder,S2_thermal_cycle,rls,3,10,True,S2_thermal_cycle__rls__seed3,24befa705b788e8ac92815dc24ece289db28b46d6894613726a31248a0b3f0e9,f54c17346089ba805d00d389d8b7c1c3e1cdb89c6515d103c5f0f15f4eb61185,c1881d4f6c0f31cc50171d6c3004faa1325b5e8d,dynamic_floor_kg,134.52501888630584,kg
ladder,S2_thermal_cycle,kalman,1,10,True,S2_thermal_cycle__kalman__seed1,a9d23ff021d7d7330d2f7690ce6fe1a23e9face2bceffa30bb9e10eb4c70e685,2dcdf9429baa9fcc847cc03bb3eb992a0574d0c81dcfbd456974ff9264223f13,c1881d4f6c0f31cc50171d6c3004faa1325b5e8d,dynamic_floor_kg,137.70675049495,kg
ladder,S2_thermal_cycle,kalman,2,10,True,S2_thermal_cycle__kalman__seed2,19c57e97290995438510692dd0c87d401ed506ad1b05f6b88446276b5f326325,2dcdf9429baa9fcc847cc03bb3eb992a0574d0c81dcfbd456974ff9264223f13,c1881d4f6c0f31cc50171d6c3004faa1325b5e8d,dynamic_floor_kg,134.3557375840062,kg
ladder,S2_thermal_cycle,kalman,3,10,True,S2_thermal_cycle__kalman__seed3,24befa705b788e8ac92815dc24ece289db28b46d6894613726a31248a0b3f0e9,2dcdf9429baa9fcc847cc03bb3eb992a0574d0c81dcfbd456974ff9264223f13,c1881d4f6c0f31cc50171d6c3004faa1325b5e8d,dynamic_floor_kg,134.52501888630584,kg
ladder,S3_zero_drift_walk,static_affine,1,10,True,S3_zero_drift_walk__static_affine__seed1,f100b6d8743f0beb23a874f69b02d3ff86fd69d1b80c3005bc53c22fbf24242c,535f10e6c30103272f64653e50d0578cbf5af363b23f0ecbad28905519d7af3d,c1881d4f6c0f31cc50171d6c3004faa1325b5e8d,dynamic_floor_kg,133.9848311074189,kg
ladder,S3_zero_drift_walk,static_affine,2,10,True,S3_zero_drift_walk__static_affine__seed2,d908b1eec1d6ca010fbfed3dff58421d1657520e5136c0976972c56a507b8a71,535f10e6c30103272f64653e50d0578cbf5af363b23f0ecbad28905519d7af3d,c1881d4f6c0f31cc50171d6c3004faa1325b5e8d,dynamic_floor_kg,132.8151948559171,kg
ladder,S3_zero_drift_walk,static_affine,3,10,True,S3_zero_drift_walk__static_affine__seed3,e65e6377500da0315dac92d9d159e61875ec095bbab24aed7387d0c3eeb9a9db,535f10e6c30103272f64653e50d0578cbf5af363b23f0ecbad28905519d7af3d,c1881d4f6c0f31cc50171d6c3004faa1325b5e8d,dynamic_floor_kg,131.4732992922771,kg
ladder,S3_zero_drift_walk,rls,1,10,True,S3_zero_drift_walk__rls__seed1,f100b6d8743f0beb23a874f69b02d3ff86fd69d1b80c3005bc53c22fbf24242c,f54c17346089ba805d00d389d8b7c1c3e1cdb89c6515d103c5f0f15f4eb61185,c1881d4f6c0f31cc50171d6c3004faa1325b5e8d,dynamic_floor_kg,133.9848311074189,kg
ladder,S3_zero_drift_walk,rls,2,10,True,S3_zero_drift_walk__rls__seed2,d908b1eec1d6ca010fbfed3dff58421d1657520e5136c0976972c56a507b8a71,f54c17346089ba805d00d389d8b7c1c3e1cdb89c6515d103c5f0f15f4eb61185,c1881d4f6c0f31cc50171d6c3004faa1325b5e8d,dynamic_floor_kg,132.8151948559171,kg
ladder,S3_zero_drift_walk,rls,3,10,True,S3_zero_drift_walk__rls__seed3,e65e6377500da0315dac92d9d159e61875ec095bbab24aed7387d0c3eeb9a9db,f54c17346089ba805d00d389d8b7c1c3e1cdb89c6515d103c5f0f15f4eb61185,c1881d4f6c0f31cc50171d6c3004faa1325b5e8d,dynamic_floor_kg,131.4732992922771,kg
ladder,S3_zero_drift_walk,kalman,1,10,True,S3_zero_drift_walk__kalman__seed1,f100b6d8743f0beb23a874f69b02d3ff86fd69d1b80c3005bc53c22fbf24242c,2dcdf9429baa9fcc847cc03bb3eb992a0574d0c81dcfbd456974ff9264223f13,c1881d4f6c0f31cc50171d6c3004faa1325b5e8d,dynamic_floor_kg,133.9848311074189,kg
ladder,S3_zero_drift_walk,kalman,2,10,True,S3_zero_drift_walk__kalman__seed2,d908b1eec1d6ca010fbfed3dff58421d1657520e5136c0976972c56a507b8a71,2dcdf9429baa9fcc847cc03bb3eb992a0574d0c81dcfbd456974ff9264223f13,c1881d4f6c0f31cc50171d6c3004faa1325b5e8d,dynamic_floor_kg,132.8151948559171,kg
ladder,S3_zero_drift_walk,kalman,3,10,True,S3_zero_drift_walk__kalman__seed3,e65e6377500da0315dac92d9d159e61875ec095bbab24aed7387d0c3eeb9a9db,2dcdf9429baa9fcc847cc03bb3eb992a0574d0c81dcfbd456974ff9264223f13,c1881d4f6c0f31cc50171d6c3004faa1325b5e8d,dynamic_floor_kg,131.4732992922771,kg
ladder,S4_step_fault,static_affine,1,10,True,S4_step_fault__static_affine__seed1,7d29a6d7dca932314e512c265e0e559ec6cc02e548aa25349a95d1f29dbf9ef1,535f10e6c30103272f64653e50d0578cbf5af363b23f0ecbad28905519d7af3d,c1881d4f6c0f31cc50171d6c3004faa1325b5e8d,dynamic_floor_kg,135.85743427104407,kg
ladder,S4_step_fault,static_affine,2,10,True,S4_step_fault__static_affine__seed2,adc80992e5ad2b0074c2ccb5fd189429c3fd11d2d51d242aa1caec078b0db1d2,535f10e6c30103272f64653e50d0578cbf5af363b23f0ecbad28905519d7af3d,c1881d4f6c0f31cc50171d6c3004faa1325b5e8d,dynamic_floor_kg,128.90500309648888,kg
ladder,S4_step_fault,static_affine,3,10,True,S4_step_fault__static_affine__seed3,755a0aa70d2f3fe05534c8cb137d5df18ed16325d4692fc840c3daee2c8a8c92,535f10e6c30103272f64653e50d0578cbf5af363b23f0ecbad28905519d7af3d,c1881d4f6c0f31cc50171d6c3004faa1325b5e8d,dynamic_floor_kg,127.39820939505377,kg
ladder,S4_step_fault,rls,1,10,True,S4_step_fault__rls__seed1,7d29a6d7dca932314e512c265e0e559ec6cc02e548aa25349a95d1f29dbf9ef1,f54c17346089ba805d00d389d8b7c1c3e1cdb89c6515d103c5f0f15f4eb61185,c1881d4f6c0f31cc50171d6c3004faa1325b5e8d,dynamic_floor_kg,135.85743427104407,kg
ladder,S4_step_fault,rls,2,10,True,S4_step_fault__rls__seed2,adc80992e5ad2b0074c2ccb5fd189429c3fd11d2d51d242aa1caec078b0db1d2,f54c17346089ba805d00d389d8b7c1c3e1cdb89c6515d103c5f0f15f4eb61185,c1881d4f6c0f31cc50171d6c3004faa1325b5e8d,dynamic_floor_kg,128.90500309648888,kg
ladder,S4_step_fault,rls,3,10,True,S4_step_fault__rls__seed3,755a0aa70d2f3fe05534c8cb137d5df18ed16325d4692fc840c3daee2c8a8c92,f54c17346089ba805d00d389d8b7c1c3e1cdb89c6515d103c5f0f15f4eb61185,c1881d4f6c0f31cc50171d6c3004faa1325b5e8d,dynamic_floor_kg,127.39820939505377,kg
ladder,S4_step_fault,kalman,1,10,True,S4_step_fault__kalman__seed1,7d29a6d7dca932314e512c265e0e559ec6cc02e548aa25349a95d1f29dbf9ef1,2dcdf9429baa9fcc847cc03bb3eb992a0574d0c81dcfbd456974ff9264223f13,c1881d4f6c0f31cc50171d6c3004faa1325b5e8d,dynamic_floor_kg,135.85743427104407,kg
ladder,S4_step_fault,kalman,2,10,True,S4_step_fault__kalman__seed2,adc80992e5ad2b0074c2ccb5fd189429c3fd11d2d51d242aa1caec078b0db1d2,2dcdf9429baa9fcc847cc03bb3eb992a0574d0c81dcfbd456974ff9264223f13,c1881d4f6c0f31cc50171d6c3004faa1325b5e8d,dynamic_floor_kg,128.90500309648888,kg
ladder,S4_step_fault,kalman,3,10,True,S4_step_fault__kalman__seed3,755a0aa70d2f3fe05534c8cb137d5df18ed16325d4692fc840c3daee2c8a8c92,2dcdf9429baa9fcc847cc03bb3eb992a0574d0c81dcfbd456974ff9264223f13,c1881d4f6c0f31cc50171d6c3004faa1325b5e8d,dynamic_floor_kg,127.39820939505377,kg
ladder,S5_outage,static_affine,1,10,True,S5_outage__static_affine__seed1,ab25696964de9a9bd056c05f5021821512f6128f06fede373f779014f2fed9d8,535f10e6c30103272f64653e50d0578cbf5af363b23f0ecbad28905519d7af3d,c1881d4f6c0f31cc50171d6c3004faa1325b5e8d,dynamic_floor_kg,130.5678942631274,kg
ladder,S5_outage,static_affine,2,10,True,S5_outage__static_affine__seed2,0052a68ebb4dd1334f0378cfa6defa07917942ba64b15d70b6cd736642ab3e2c,535f10e6c30103272f64653e50d0578cbf5af363b23f0ecbad28905519d7af3d,c1881d4f6c0f31cc50171d6c3004faa1325b5e8d,dynamic_floor_kg,126.54905662748858,kg
ladder,S5_outage,static_affine,3,10,True,S5_outage__static_affine__seed3,e71247b8c58f106fad94f1fa68a340a88baac5595f00b577c8912131cd60a6c4,535f10e6c30103272f64653e50d0578cbf5af363b23f0ecbad28905519d7af3d,c1881d4f6c0f31cc50171d6c3004faa1325b5e8d,dynamic_floor_kg,123.92683214668716,kg
ladder,S5_outage,rls,1,10,True,S5_outage__rls__seed1,ab25696964de9a9bd056c05f5021821512f6128f06fede373f779014f2fed9d8,f54c17346089ba805d00d389d8b7c1c3e1cdb89c6515d103c5f0f15f4eb61185,c1881d4f6c0f31cc50171d6c3004faa1325b5e8d,dynamic_floor_kg,130.5678942631274,kg
ladder,S5_outage,rls,2,10,True,S5_outage__rls__seed2,0052a68ebb4dd1334f0378cfa6defa07917942ba64b15d70b6cd736642ab3e2c,f54c17346089ba805d00d389d8b7c1c3e1cdb89c6515d103c5f0f15f4eb61185,c1881d4f6c0f31cc50171d6c3004faa1325b5e8d,dynamic_floor_kg,126.54905662748858,kg
ladder,S5_outage,rls,3,10,True,S5_outage__rls__seed3,e71247b8c58f106fad94f1fa68a340a88baac5595f00b577c8912131cd60a6c4,f54c17346089ba805d00d389d8b7c1c3e1cdb89c6515d103c5f0f15f4eb61185,c1881d4f6c0f31cc50171d6c3004faa1325b5e8d,dynamic_floor_kg,123.92683214668716,kg
ladder,S5_outage,kalman,1,10,True,S5_outage__kalman__seed1,ab25696964de9a9bd056c05f5021821512f6128f06fede373f779014f2fed9d8,2dcdf9429baa9fcc847cc03bb3eb992a0574d0c81dcfbd456974ff9264223f13,c1881d4f6c0f31cc50171d6c3004faa1325b5e8d,dynamic_floor_kg,130.5678942631274,kg
ladder,S5_outage,kalman,2,10,True,S5_outage__kalman__seed2,0052a68ebb4dd1334f0378cfa6defa07917942ba64b15d70b6cd736642ab3e2c,2dcdf9429baa9fcc847cc03bb3eb992a0574d0c81dcfbd456974ff9264223f13,c1881d4f6c0f31cc50171d6c3004faa1325b5e8d,dynamic_floor_kg,126.54905662748858,kg
ladder,S5_outage,kalman,3,10,True,S5_outage__kalman__seed3,e71247b8c58f106fad94f1fa68a340a88baac5595f00b577c8912131cd60a6c4,2dcdf9429baa9fcc847cc03bb3eb992a0574d0c81dcfbd456974ff9264223f13,c1881d4f6c0f31cc50171d6c3004faa1325b5e8d,dynamic_floor_kg,123.92683214668716,kg
ladder,S6_combined,static_affine,1,10,True,S6_combined__static_affine__seed1,b3cf8d14b3aed8b1d65ab4497dcbfb879dbda2ce1da03bb07f6401c9b4b9bd4a,535f10e6c30103272f64653e50d0578cbf5af363b23f0ecbad28905519d7af3d,c1881d4f6c0f31cc50171d6c3004faa1325b5e8d,dynamic_floor_kg,193.68324222731306,kg
ladder,S6_combined,static_affine,2,10,True,S6_combined__static_affine__seed2,e4f7ab87faf6982be139dc8af97757bff8d540d357c41e3d06ec298e4dd75854,535f10e6c30103272f64653e50d0578cbf5af363b23f0ecbad28905519d7af3d,c1881d4f6c0f31cc50171d6c3004faa1325b5e8d,dynamic_floor_kg,185.12445235348383,kg
ladder,S6_combined,static_affine,3,10,True,S6_combined__static_affine__seed3,c371bfebbbdb510b204e19fcaedea3c47a4e8b6d77499f04ee6ac55d13fed988,535f10e6c30103272f64653e50d0578cbf5af363b23f0ecbad28905519d7af3d,c1881d4f6c0f31cc50171d6c3004faa1325b5e8d,dynamic_floor_kg,183.63809539839113,kg
ladder,S6_combined,rls,1,10,True,S6_combined__rls__seed1,b3cf8d14b3aed8b1d65ab4497dcbfb879dbda2ce1da03bb07f6401c9b4b9bd4a,f54c17346089ba805d00d389d8b7c1c3e1cdb89c6515d103c5f0f15f4eb61185,c1881d4f6c0f31cc50171d6c3004faa1325b5e8d,dynamic_floor_kg,193.68324222731306,kg
ladder,S6_combined,rls,2,10,True,S6_combined__rls__seed2,e4f7ab87faf6982be139dc8af97757bff8d540d357c41e3d06ec298e4dd75854,f54c17346089ba805d00d389d8b7c1c3e1cdb89c6515d103c5f0f15f4eb61185,c1881d4f6c0f31cc50171d6c3004faa1325b5e8d,dynamic_floor_kg,185.12445235348383,kg
ladder,S6_combined,rls,3,10,True,S6_combined__rls__seed3,c371bfebbbdb510b204e19fcaedea3c47a4e8b6d77499f04ee6ac55d13fed988,f54c17346089ba805d00d389d8b7c1c3e1cdb89c6515d103c5f0f15f4eb61185,c1881d4f6c0f31cc50171d6c3004faa1325b5e8d,dynamic_floor_kg,183.63809539839113,kg
ladder,S6_combined,kalman,1,10,True,S6_combined__kalman__seed1,b3cf8d14b3aed8b1d65ab4497dcbfb879dbda2ce1da03bb07f6401c9b4b9bd4a,2dcdf9429baa9fcc847cc03bb3eb992a0574d0c81dcfbd456974ff9264223f13,c1881d4f6c0f31cc50171d6c3004faa1325b5e8d,dynamic_floor_kg,193.68324222731306,kg
ladder,S6_combined,kalman,2,10,True,S6_combined__kalman__seed2,e4f7ab87faf6982be139dc8af97757bff8d540d357c41e3d06ec298e4dd75854,2dcdf9429baa9fcc847cc03bb3eb992a0574d0c81dcfbd456974ff9264223f13,c1881d4f6c0f31cc50171d6c3004faa1325b5e8d,dynamic_floor_kg,185.12445235348383,kg
ladder,S6_combined,kalman,3,10,True,S6_combined__kalman__seed3,c371bfebbbdb510b204e19fcaedea3c47a4e8b6d77499f04ee6ac55d13fed988,2dcdf9429baa9fcc847cc03bb3eb992a0574d0c81dcfbd456974ff9264223f13,c1881d4f6c0f31cc50171d6c3004faa1325b5e8d,dynamic_floor_kg,183.63809539839113,kg
ladder,S7_sparse_reference,static_affine,1,10,True,S7_sparse_reference__static_affine__seed1,24835dafebd07f6facda17ec68b148ca21bd70070201cdbfe1cf136d6c2da50a,535f10e6c30103272f64653e50d0578cbf5af363b23f0ecbad28905519d7af3d,c1881d4f6c0f31cc50171d6c3004faa1325b5e8d,dynamic_floor_kg,158.1217684016896,kg
ladder,S7_sparse_reference,static_affine,2,10,True,S7_sparse_reference__static_affine__seed2,1830f9600d18220efd37edc0ed15951b55aee715e2061c3ef38b60364f8b8678,535f10e6c30103272f64653e50d0578cbf5af363b23f0ecbad28905519d7af3d,c1881d4f6c0f31cc50171d6c3004faa1325b5e8d,dynamic_floor_kg,158.25928784815767,kg
ladder,S7_sparse_reference,static_affine,3,10,True,S7_sparse_reference__static_affine__seed3,b10da6cea2c796fcd510a2c7d7f3d2074f0eed008477bb57609f09be0a5cc888,535f10e6c30103272f64653e50d0578cbf5af363b23f0ecbad28905519d7af3d,c1881d4f6c0f31cc50171d6c3004faa1325b5e8d,dynamic_floor_kg,153.42872139030092,kg
ladder,S7_sparse_reference,rls,1,10,True,S7_sparse_reference__rls__seed1,24835dafebd07f6facda17ec68b148ca21bd70070201cdbfe1cf136d6c2da50a,f54c17346089ba805d00d389d8b7c1c3e1cdb89c6515d103c5f0f15f4eb61185,c1881d4f6c0f31cc50171d6c3004faa1325b5e8d,dynamic_floor_kg,158.1217684016896,kg
ladder,S7_sparse_reference,rls,2,10,True,S7_sparse_reference__rls__seed2,1830f9600d18220efd37edc0ed15951b55aee715e2061c3ef38b60364f8b8678,f54c17346089ba805d00d389d8b7c1c3e1cdb89c6515d103c5f0f15f4eb61185,c1881d4f6c0f31cc50171d6c3004faa1325b5e8d,dynamic_floor_kg,158.25928784815767,kg
ladder,S7_sparse_reference,rls,3,10,True,S7_sparse_reference__rls__seed3,b10da6cea2c796fcd510a2c7d7f3d2074f0eed008477bb57609f09be0a5cc888,f54c17346089ba805d00d389d8b7c1c3e1cdb89c6515d103c5f0f15f4eb61185,c1881d4f6c0f31cc50171d6c3004faa1325b5e8d,dynamic_floor_kg,153.42872139030092,kg
ladder,S7_sparse_reference,kalman,1,10,True,S7_sparse_reference__kalman__seed1,24835dafebd07f6facda17ec68b148ca21bd70070201cdbfe1cf136d6c2da50a,2dcdf9429baa9fcc847cc03bb3eb992a0574d0c81dcfbd456974ff9264223f13,c1881d4f6c0f31cc50171d6c3004faa1325b5e8d,dynamic_floor_kg,158.1217684016896,kg
ladder,S7_sparse_reference,kalman,2,10,True,S7_sparse_reference__kalman__seed2,1830f9600d18220efd37edc0ed15951b55aee715e2061c3ef38b60364f8b8678,2dcdf9429baa9fcc847cc03bb3eb992a0574d0c81dcfbd456974ff9264223f13,c1881d4f6c0f31cc50171d6c3004faa1325b5e8d,dynamic_floor_kg,158.25928784815767,kg
ladder,S7_sparse_reference,kalman,3,10,True,S7_sparse_reference__kalman__seed3,b10da6cea2c796fcd510a2c7d7f3d2074f0eed008477bb57609f09be0a5cc888,2dcdf9429baa9fcc847cc03bb3eb992a0574d0c81dcfbd456974ff9264223f13,c1881d4f6c0f31cc50171d6c3004faa1325b5e8d,dynamic_floor_kg,153.42872139030092,kg
ladder,S1_nominal,static_affine,1,10,True,S1_nominal__static_affine__seed1,1f0eb7d0a64d2c9430bd781be2ad3a6383c85935e18ff7809210a4dbae3f4f74,535f10e6c30103272f64653e50d0578cbf5af363b23f0ecbad28905519d7af3d,c1881d4f6c0f31cc50171d6c3004faa1325b5e8d,mean_interval_width_kg,14.726499296540338,kg
ladder,S1_nominal,static_affine,2,10,True,S1_nominal__static_affine__seed2,c45f068e83a0db5af8037bcec208da070545216f5240a590ba8286dfcee1b0b4,535f10e6c30103272f64653e50d0578cbf5af363b23f0ecbad28905519d7af3d,c1881d4f6c0f31cc50171d6c3004faa1325b5e8d,mean_interval_width_kg,20.105754020486966,kg
ladder,S1_nominal,static_affine,3,10,True,S1_nominal__static_affine__seed3,7f808862af70bdf5f8b721f954c967c9d3eb0d071e708e4f266d8f7901642f98,535f10e6c30103272f64653e50d0578cbf5af363b23f0ecbad28905519d7af3d,c1881d4f6c0f31cc50171d6c3004faa1325b5e8d,mean_interval_width_kg,16.05459530779389,kg
ladder,S1_nominal,rls,1,10,True,S1_nominal__rls__seed1,1f0eb7d0a64d2c9430bd781be2ad3a6383c85935e18ff7809210a4dbae3f4f74,f54c17346089ba805d00d389d8b7c1c3e1cdb89c6515d103c5f0f15f4eb61185,c1881d4f6c0f31cc50171d6c3004faa1325b5e8d,mean_interval_width_kg,14.836141118951296,kg
ladder,S1_nominal,rls,2,10,True,S1_nominal__rls__seed2,c45f068e83a0db5af8037bcec208da070545216f5240a590ba8286dfcee1b0b4,f54c17346089ba805d00d389d8b7c1c3e1cdb89c6515d103c5f0f15f4eb61185,c1881d4f6c0f31cc50171d6c3004faa1325b5e8d,mean_interval_width_kg,19.793489180599778,kg
ladder,S1_nominal,rls,3,10,True,S1_nominal__rls__seed3,7f808862af70bdf5f8b721f954c967c9d3eb0d071e708e4f266d8f7901642f98,f54c17346089ba805d00d389d8b7c1c3e1cdb89c6515d103c5f0f15f4eb61185,c1881d4f6c0f31cc50171d6c3004faa1325b5e8d,mean_interval_width_kg,16.017666116291643,kg
ladder,S1_nominal,kalman,1,10,True,S1_nominal__kalman__seed1,1f0eb7d0a64d2c9430bd781be2ad3a6383c85935e18ff7809210a4dbae3f4f74,2dcdf9429baa9fcc847cc03bb3eb992a0574d0c81dcfbd456974ff9264223f13,c1881d4f6c0f31cc50171d6c3004faa1325b5e8d,mean_interval_width_kg,14.78250176454246,kg
ladder,S1_nominal,kalman,2,10,True,S1_nominal__kalman__seed2,c45f068e83a0db5af8037bcec208da070545216f5240a590ba8286dfcee1b0b4,2dcdf9429baa9fcc847cc03bb3eb992a0574d0c81dcfbd456974ff9264223f13,c1881d4f6c0f31cc50171d6c3004faa1325b5e8d,mean_interval_width_kg,19.082865987170994,kg
ladder,S1_nominal,kalman,3,10,True,S1_nominal__kalman__seed3,7f808862af70bdf5f8b721f954c967c9d3eb0d071e708e4f266d8f7901642f98,2dcdf9429baa9fcc847cc03bb3eb992a0574d0c81dcfbd456974ff9264223f13,c1881d4f6c0f31cc50171d6c3004faa1325b5e8d,mean_interval_width_kg,17.088110393253086,kg
ladder,S2_thermal_cycle,static_affine,1,10,True,S2_thermal_cycle__static_affine__seed1,a9d23ff021d7d7330d2f7690ce6fe1a23e9face2bceffa30bb9e10eb4c70e685,535f10e6c30103272f64653e50d0578cbf5af363b23f0ecbad28905519d7af3d,c1881d4f6c0f31cc50171d6c3004faa1325b5e8d,mean_interval_width_kg,687.1599061187999,kg
ladder,S2_thermal_cycle,static_affine,2,10,True,S2_thermal_cycle__static_affine__seed2,19c57e97290995438510692dd0c87d401ed506ad1b05f6b88446276b5f326325,535f10e6c30103272f64653e50d0578cbf5af363b23f0ecbad28905519d7af3d,c1881d4f6c0f31cc50171d6c3004faa1325b5e8d,mean_interval_width_kg,761.1384684461428,kg
ladder,S2_thermal_cycle,static_affine,3,10,True,S2_thermal_cycle__static_affine__seed3,24befa705b788e8ac92815dc24ece289db28b46d6894613726a31248a0b3f0e9,535f10e6c30103272f64653e50d0578cbf5af363b23f0ecbad28905519d7af3d,c1881d4f6c0f31cc50171d6c3004faa1325b5e8d,mean_interval_width_kg,687.9990162838473,kg
ladder,S2_thermal_cycle,rls,1,10,True,S2_thermal_cycle__rls__seed1,a9d23ff021d7d7330d2f7690ce6fe1a23e9face2bceffa30bb9e10eb4c70e685,f54c17346089ba805d00d389d8b7c1c3e1cdb89c6515d103c5f0f15f4eb61185,c1881d4f6c0f31cc50171d6c3004faa1325b5e8d,mean_interval_width_kg,704.5516669456076,kg
ladder,S2_thermal_cycle,rls,2,10,True,S2_thermal_cycle__rls__seed2,19c57e97290995438510692dd0c87d401ed506ad1b05f6b88446276b5f326325,f54c17346089ba805d00d389d8b7c1c3e1cdb89c6515d103c5f0f15f4eb61185,c1881d4f6c0f31cc50171d6c3004faa1325b5e8d,mean_interval_width_kg,723.8126585480138,kg
ladder,S2_thermal_cycle,rls,3,10,True,S2_thermal_cycle__rls__seed3,24befa705b788e8ac92815dc24ece289db28b46d6894613726a31248a0b3f0e9,f54c17346089ba805d00d389d8b7c1c3e1cdb89c6515d103c5f0f15f4eb61185,c1881d4f6c0f31cc50171d6c3004faa1325b5e8d,mean_interval_width_kg,702.4915221633531,kg
ladder,S2_thermal_cycle,kalman,1,10,True,S2_thermal_cycle__kalman__seed1,a9d23ff021d7d7330d2f7690ce6fe1a23e9face2bceffa30bb9e10eb4c70e685,2dcdf9429baa9fcc847cc03bb3eb992a0574d0c81dcfbd456974ff9264223f13,c1881d4f6c0f31cc50171d6c3004faa1325b5e8d,mean_interval_width_kg,849.1531164254075,kg
ladder,S2_thermal_cycle,kalman,2,10,True,S2_thermal_cycle__kalman__seed2,19c57e97290995438510692dd0c87d401ed506ad1b05f6b88446276b5f326325,2dcdf9429baa9fcc847cc03bb3eb992a0574d0c81dcfbd456974ff9264223f13,c1881d4f6c0f31cc50171d6c3004faa1325b5e8d,mean_interval_width_kg,744.7590092350606,kg
ladder,S2_thermal_cycle,kalman,3,10,True,S2_thermal_cycle__kalman__seed3,24befa705b788e8ac92815dc24ece289db28b46d6894613726a31248a0b3f0e9,2dcdf9429baa9fcc847cc03bb3eb992a0574d0c81dcfbd456974ff9264223f13,c1881d4f6c0f31cc50171d6c3004faa1325b5e8d,mean_interval_width_kg,744.6385435663539,kg
ladder,S3_zero_drift_walk,static_affine,1,10,True,S3_zero_drift_walk__static_affine__seed1,f100b6d8743f0beb23a874f69b02d3ff86fd69d1b80c3005bc53c22fbf24242c,535f10e6c30103272f64653e50d0578cbf5af363b23f0ecbad28905519d7af3d,c1881d4f6c0f31cc50171d6c3004faa1325b5e8d,mean_interval_width_kg,697.1463993248241,kg
ladder,S3_zero_drift_walk,static_affine,2,10,True,S3_zero_drift_walk__static_affine__seed2,d908b1eec1d6ca010fbfed3dff58421d1657520e5136c0976972c56a507b8a71,535f10e6c30103272f64653e50d0578cbf5af363b23f0ecbad28905519d7af3d,c1881d4f6c0f31cc50171d6c3004faa1325b5e8d,mean_interval_width_kg,746.1169085198717,kg
ladder,S3_zero_drift_walk,static_affine,3,10,True,S3_zero_drift_walk__static_affine__seed3,e65e6377500da0315dac92d9d159e61875ec095bbab24aed7387d0c3eeb9a9db,535f10e6c30103272f64653e50d0578cbf5af363b23f0ecbad28905519d7af3d,c1881d4f6c0f31cc50171d6c3004faa1325b5e8d,mean_interval_width_kg,672.8528172480219,kg
ladder,S3_zero_drift_walk,rls,1,10,True,S3_zero_drift_walk__rls__seed1,f100b6d8743f0beb23a874f69b02d3ff86fd69d1b80c3005bc53c22fbf24242c,f54c17346089ba805d00d389d8b7c1c3e1cdb89c6515d103c5f0f15f4eb61185,c1881d4f6c0f31cc50171d6c3004faa1325b5e8d,mean_interval_width_kg,710.2114176825677,kg
ladder,S3_zero_drift_walk,rls,2,10,True,S3_zero_drift_walk__rls__seed2,d908b1eec1d6ca010fbfed3dff58421d1657520e5136c0976972c56a507b8a71,f54c17346089ba805d00d389d8b7c1c3e1cdb89c6515d103c5f0f15f4eb61185,c1881d4f6c0f31cc50171d6c3004faa1325b5e8d,mean_interval_width_kg,698.1308547466438,kg
ladder,S3_zero_drift_walk,rls,3,10,True,S3_zero_drift_walk__rls__seed3,e65e6377500da0315dac92d9d159e61875ec095bbab24aed7387d0c3eeb9a9db,f54c17346089ba805d00d389d8b7c1c3e1cdb89c6515d103c5f0f15f4eb61185,c1881d4f6c0f31cc50171d6c3004faa1325b5e8d,mean_interval_width_kg,709.4418074535872,kg
ladder,S3_zero_drift_walk,kalman,1,10,True,S3_zero_drift_walk__kalman__seed1,f100b6d8743f0beb23a874f69b02d3ff86fd69d1b80c3005bc53c22fbf24242c,2dcdf9429baa9fcc847cc03bb3eb992a0574d0c81dcfbd456974ff9264223f13,c1881d4f6c0f31cc50171d6c3004faa1325b5e8d,mean_interval_width_kg,926.5326890202939,kg
ladder,S3_zero_drift_walk,kalman,2,10,True,S3_zero_drift_walk__kalman__seed2,d908b1eec1d6ca010fbfed3dff58421d1657520e5136c0976972c56a507b8a71,2dcdf9429baa9fcc847cc03bb3eb992a0574d0c81dcfbd456974ff9264223f13,c1881d4f6c0f31cc50171d6c3004faa1325b5e8d,mean_interval_width_kg,737.0633966467863,kg
ladder,S3_zero_drift_walk,kalman,3,10,True,S3_zero_drift_walk__kalman__seed3,e65e6377500da0315dac92d9d159e61875ec095bbab24aed7387d0c3eeb9a9db,2dcdf9429baa9fcc847cc03bb3eb992a0574d0c81dcfbd456974ff9264223f13,c1881d4f6c0f31cc50171d6c3004faa1325b5e8d,mean_interval_width_kg,753.2400645634181,kg
ladder,S4_step_fault,static_affine,1,10,True,S4_step_fault__static_affine__seed1,7d29a6d7dca932314e512c265e0e559ec6cc02e548aa25349a95d1f29dbf9ef1,535f10e6c30103272f64653e50d0578cbf5af363b23f0ecbad28905519d7af3d,c1881d4f6c0f31cc50171d6c3004faa1325b5e8d,mean_interval_width_kg,833.2847653020804,kg
ladder,S4_step_fault,static_affine,2,10,True,S4_step_fault__static_affine__seed2,adc80992e5ad2b0074c2ccb5fd189429c3fd11d2d51d242aa1caec078b0db1d2,535f10e6c30103272f64653e50d0578cbf5af363b23f0ecbad28905519d7af3d,c1881d4f6c0f31cc50171d6c3004faa1325b5e8d,mean_interval_width_kg,890.7570083083066,kg
ladder,S4_step_fault,static_affine,3,10,True,S4_step_fault__static_affine__seed3,755a0aa70d2f3fe05534c8cb137d5df18ed16325d4692fc840c3daee2c8a8c92,535f10e6c30103272f64653e50d0578cbf5af363b23f0ecbad28905519d7af3d,c1881d4f6c0f31cc50171d6c3004faa1325b5e8d,mean_interval_width_kg,956.3412445850115,kg
ladder,S4_step_fault,rls,1,10,True,S4_step_fault__rls__seed1,7d29a6d7dca932314e512c265e0e559ec6cc02e548aa25349a95d1f29dbf9ef1,f54c17346089ba805d00d389d8b7c1c3e1cdb89c6515d103c5f0f15f4eb61185,c1881d4f6c0f31cc50171d6c3004faa1325b5e8d,mean_interval_width_kg,802.4929050814271,kg
ladder,S4_step_fault,rls,2,10,True,S4_step_fault__rls__seed2,adc80992e5ad2b0074c2ccb5fd189429c3fd11d2d51d242aa1caec078b0db1d2,f54c17346089ba805d00d389d8b7c1c3e1cdb89c6515d103c5f0f15f4eb61185,c1881d4f6c0f31cc50171d6c3004faa1325b5e8d,mean_interval_width_kg,816.7967422604713,kg
ladder,S4_step_fault,rls,3,10,True,S4_step_fault__rls__seed3,755a0aa70d2f3fe05534c8cb137d5df18ed16325d4692fc840c3daee2c8a8c92,f54c17346089ba805d00d389d8b7c1c3e1cdb89c6515d103c5f0f15f4eb61185,c1881d4f6c0f31cc50171d6c3004faa1325b5e8d,mean_interval_width_kg,812.9527192872274,kg
ladder,S4_step_fault,kalman,1,10,True,S4_step_fault__kalman__seed1,7d29a6d7dca932314e512c265e0e559ec6cc02e548aa25349a95d1f29dbf9ef1,2dcdf9429baa9fcc847cc03bb3eb992a0574d0c81dcfbd456974ff9264223f13,c1881d4f6c0f31cc50171d6c3004faa1325b5e8d,mean_interval_width_kg,1122.5103273199063,kg
ladder,S4_step_fault,kalman,2,10,True,S4_step_fault__kalman__seed2,adc80992e5ad2b0074c2ccb5fd189429c3fd11d2d51d242aa1caec078b0db1d2,2dcdf9429baa9fcc847cc03bb3eb992a0574d0c81dcfbd456974ff9264223f13,c1881d4f6c0f31cc50171d6c3004faa1325b5e8d,mean_interval_width_kg,942.5434556491014,kg
ladder,S4_step_fault,kalman,3,10,True,S4_step_fault__kalman__seed3,755a0aa70d2f3fe05534c8cb137d5df18ed16325d4692fc840c3daee2c8a8c92,2dcdf9429baa9fcc847cc03bb3eb992a0574d0c81dcfbd456974ff9264223f13,c1881d4f6c0f31cc50171d6c3004faa1325b5e8d,mean_interval_width_kg,856.4638071102444,kg
ladder,S5_outage,static_affine,1,10,True,S5_outage__static_affine__seed1,ab25696964de9a9bd056c05f5021821512f6128f06fede373f779014f2fed9d8,535f10e6c30103272f64653e50d0578cbf5af363b23f0ecbad28905519d7af3d,c1881d4f6c0f31cc50171d6c3004faa1325b5e8d,mean_interval_width_kg,654.1808297438183,kg
ladder,S5_outage,static_affine,2,10,True,S5_outage__static_affine__seed2,0052a68ebb4dd1334f0378cfa6defa07917942ba64b15d70b6cd736642ab3e2c,535f10e6c30103272f64653e50d0578cbf5af363b23f0ecbad28905519d7af3d,c1881d4f6c0f31cc50171d6c3004faa1325b5e8d,mean_interval_width_kg,720.660675044079,kg
ladder,S5_outage,static_affine,3,10,True,S5_outage__static_affine__seed3,e71247b8c58f106fad94f1fa68a340a88baac5595f00b577c8912131cd60a6c4,535f10e6c30103272f64653e50d0578cbf5af363b23f0ecbad28905519d7af3d,c1881d4f6c0f31cc50171d6c3004faa1325b5e8d,mean_interval_width_kg,698.1604069490717,kg
ladder,S5_outage,rls,1,10,True,S5_outage__rls__seed1,ab25696964de9a9bd056c05f5021821512f6128f06fede373f779014f2fed9d8,f54c17346089ba805d00d389d8b7c1c3e1cdb89c6515d103c5f0f15f4eb61185,c1881d4f6c0f31cc50171d6c3004faa1325b5e8d,mean_interval_width_kg,655.0936492957826,kg
ladder,S5_outage,rls,2,10,True,S5_outage__rls__seed2,0052a68ebb4dd1334f0378cfa6defa07917942ba64b15d70b6cd736642ab3e2c,f54c17346089ba805d00d389d8b7c1c3e1cdb89c6515d103c5f0f15f4eb61185,c1881d4f6c0f31cc50171d6c3004faa1325b5e8d,mean_interval_width_kg,712.8272916815774,kg
ladder,S5_outage,rls,3,10,True,S5_outage__rls__seed3,e71247b8c58f106fad94f1fa68a340a88baac5595f00b577c8912131cd60a6c4,f54c17346089ba805d00d389d8b7c1c3e1cdb89c6515d103c5f0f15f4eb61185,c1881d4f6c0f31cc50171d6c3004faa1325b5e8d,mean_interval_width_kg,715.6893312083565,kg
ladder,S5_outage,kalman,1,10,True,S5_outage__kalman__seed1,ab25696964de9a9bd056c05f5021821512f6128f06fede373f779014f2fed9d8,2dcdf9429baa9fcc847cc03bb3eb992a0574d0c81dcfbd456974ff9264223f13,c1881d4f6c0f31cc50171d6c3004faa1325b5e8d,mean_interval_width_kg,1306.9577049908446,kg
ladder,S5_outage,kalman,2,10,True,S5_outage__kalman__seed2,0052a68ebb4dd1334f0378cfa6defa07917942ba64b15d70b6cd736642ab3e2c,2dcdf9429baa9fcc847cc03bb3eb992a0574d0c81dcfbd456974ff9264223f13,c1881d4f6c0f31cc50171d6c3004faa1325b5e8d,mean_interval_width_kg,843.8613152715991,kg
ladder,S5_outage,kalman,3,10,True,S5_outage__kalman__seed3,e71247b8c58f106fad94f1fa68a340a88baac5595f00b577c8912131cd60a6c4,2dcdf9429baa9fcc847cc03bb3eb992a0574d0c81dcfbd456974ff9264223f13,c1881d4f6c0f31cc50171d6c3004faa1325b5e8d,mean_interval_width_kg,835.8077871580167,kg
ladder,S6_combined,static_affine,1,10,True,S6_combined__static_affine__seed1,b3cf8d14b3aed8b1d65ab4497dcbfb879dbda2ce1da03bb07f6401c9b4b9bd4a,535f10e6c30103272f64653e50d0578cbf5af363b23f0ecbad28905519d7af3d,c1881d4f6c0f31cc50171d6c3004faa1325b5e8d,mean_interval_width_kg,1428.6764399657561,kg
ladder,S6_combined,static_affine,2,10,True,S6_combined__static_affine__seed2,e4f7ab87faf6982be139dc8af97757bff8d540d357c41e3d06ec298e4dd75854,535f10e6c30103272f64653e50d0578cbf5af363b23f0ecbad28905519d7af3d,c1881d4f6c0f31cc50171d6c3004faa1325b5e8d,mean_interval_width_kg,1515.6889433052597,kg
ladder,S6_combined,static_affine,3,10,True,S6_combined__static_affine__seed3,c371bfebbbdb510b204e19fcaedea3c47a4e8b6d77499f04ee6ac55d13fed988,535f10e6c30103272f64653e50d0578cbf5af363b23f0ecbad28905519d7af3d,c1881d4f6c0f31cc50171d6c3004faa1325b5e8d,mean_interval_width_kg,1671.542236402821,kg
ladder,S6_combined,rls,1,10,True,S6_combined__rls__seed1,b3cf8d14b3aed8b1d65ab4497dcbfb879dbda2ce1da03bb07f6401c9b4b9bd4a,f54c17346089ba805d00d389d8b7c1c3e1cdb89c6515d103c5f0f15f4eb61185,c1881d4f6c0f31cc50171d6c3004faa1325b5e8d,mean_interval_width_kg,1411.1221297732725,kg
ladder,S6_combined,rls,2,10,True,S6_combined__rls__seed2,e4f7ab87faf6982be139dc8af97757bff8d540d357c41e3d06ec298e4dd75854,f54c17346089ba805d00d389d8b7c1c3e1cdb89c6515d103c5f0f15f4eb61185,c1881d4f6c0f31cc50171d6c3004faa1325b5e8d,mean_interval_width_kg,1272.8687719406294,kg
ladder,S6_combined,rls,3,10,True,S6_combined__rls__seed3,c371bfebbbdb510b204e19fcaedea3c47a4e8b6d77499f04ee6ac55d13fed988,f54c17346089ba805d00d389d8b7c1c3e1cdb89c6515d103c5f0f15f4eb61185,c1881d4f6c0f31cc50171d6c3004faa1325b5e8d,mean_interval_width_kg,1538.9802618746564,kg
ladder,S6_combined,kalman,1,10,True,S6_combined__kalman__seed1,b3cf8d14b3aed8b1d65ab4497dcbfb879dbda2ce1da03bb07f6401c9b4b9bd4a,2dcdf9429baa9fcc847cc03bb3eb992a0574d0c81dcfbd456974ff9264223f13,c1881d4f6c0f31cc50171d6c3004faa1325b5e8d,mean_interval_width_kg,1651.5535608726386,kg
ladder,S6_combined,kalman,2,10,True,S6_combined__kalman__seed2,e4f7ab87faf6982be139dc8af97757bff8d540d357c41e3d06ec298e4dd75854,2dcdf9429baa9fcc847cc03bb3eb992a0574d0c81dcfbd456974ff9264223f13,c1881d4f6c0f31cc50171d6c3004faa1325b5e8d,mean_interval_width_kg,1329.4812856183187,kg
ladder,S6_combined,kalman,3,10,True,S6_combined__kalman__seed3,c371bfebbbdb510b204e19fcaedea3c47a4e8b6d77499f04ee6ac55d13fed988,2dcdf9429baa9fcc847cc03bb3eb992a0574d0c81dcfbd456974ff9264223f13,c1881d4f6c0f31cc50171d6c3004faa1325b5e8d,mean_interval_width_kg,1622.5016131195139,kg
ladder,S7_sparse_reference,static_affine,1,10,True,S7_sparse_reference__static_affine__seed1,24835dafebd07f6facda17ec68b148ca21bd70070201cdbfe1cf136d6c2da50a,535f10e6c30103272f64653e50d0578cbf5af363b23f0ecbad28905519d7af3d,c1881d4f6c0f31cc50171d6c3004faa1325b5e8d,mean_interval_width_kg,845.8438748284351,kg
ladder,S7_sparse_reference,static_affine,2,10,True,S7_sparse_reference__static_affine__seed2,1830f9600d18220efd37edc0ed15951b55aee715e2061c3ef38b60364f8b8678,535f10e6c30103272f64653e50d0578cbf5af363b23f0ecbad28905519d7af3d,c1881d4f6c0f31cc50171d6c3004faa1325b5e8d,mean_interval_width_kg,924.2023625843299,kg
ladder,S7_sparse_reference,static_affine,3,10,True,S7_sparse_reference__static_affine__seed3,b10da6cea2c796fcd510a2c7d7f3d2074f0eed008477bb57609f09be0a5cc888,535f10e6c30103272f64653e50d0578cbf5af363b23f0ecbad28905519d7af3d,c1881d4f6c0f31cc50171d6c3004faa1325b5e8d,mean_interval_width_kg,854.602288456391,kg
ladder,S7_sparse_reference,rls,1,10,True,S7_sparse_reference__rls__seed1,24835dafebd07f6facda17ec68b148ca21bd70070201cdbfe1cf136d6c2da50a,f54c17346089ba805d00d389d8b7c1c3e1cdb89c6515d103c5f0f15f4eb61185,c1881d4f6c0f31cc50171d6c3004faa1325b5e8d,mean_interval_width_kg,832.2618360659316,kg
ladder,S7_sparse_reference,rls,2,10,True,S7_sparse_reference__rls__seed2,1830f9600d18220efd37edc0ed15951b55aee715e2061c3ef38b60364f8b8678,f54c17346089ba805d00d389d8b7c1c3e1cdb89c6515d103c5f0f15f4eb61185,c1881d4f6c0f31cc50171d6c3004faa1325b5e8d,mean_interval_width_kg,846.9664229136953,kg
ladder,S7_sparse_reference,rls,3,10,True,S7_sparse_reference__rls__seed3,b10da6cea2c796fcd510a2c7d7f3d2074f0eed008477bb57609f09be0a5cc888,f54c17346089ba805d00d389d8b7c1c3e1cdb89c6515d103c5f0f15f4eb61185,c1881d4f6c0f31cc50171d6c3004faa1325b5e8d,mean_interval_width_kg,811.7541884490631,kg
ladder,S7_sparse_reference,kalman,1,10,True,S7_sparse_reference__kalman__seed1,24835dafebd07f6facda17ec68b148ca21bd70070201cdbfe1cf136d6c2da50a,2dcdf9429baa9fcc847cc03bb3eb992a0574d0c81dcfbd456974ff9264223f13,c1881d4f6c0f31cc50171d6c3004faa1325b5e8d,mean_interval_width_kg,1012.8795389379385,kg
ladder,S7_sparse_reference,kalman,2,10,True,S7_sparse_reference__kalman__seed2,1830f9600d18220efd37edc0ed15951b55aee715e2061c3ef38b60364f8b8678,2dcdf9429baa9fcc847cc03bb3eb992a0574d0c81dcfbd456974ff9264223f13,c1881d4f6c0f31cc50171d6c3004faa1325b5e8d,mean_interval_width_kg,846.1841910317398,kg
ladder,S7_sparse_reference,kalman,3,10,True,S7_sparse_reference__kalman__seed3,b10da6cea2c796fcd510a2c7d7f3d2074f0eed008477bb57609f09be0a5cc888,2dcdf9429baa9fcc847cc03bb3eb992a0574d0c81dcfbd456974ff9264223f13,c1881d4f6c0f31cc50171d6c3004faa1325b5e8d,mean_interval_width_kg,845.6891808733399,kg
ladder,S1_nominal,static_affine,1,10,True,S1_nominal__static_affine__seed1,1f0eb7d0a64d2c9430bd781be2ad3a6383c85935e18ff7809210a4dbae3f4f74,535f10e6c30103272f64653e50d0578cbf5af363b23f0ecbad28905519d7af3d,c1881d4f6c0f31cc50171d6c3004faa1325b5e8d,baseline_error_kg,,kg
ladder,S1_nominal,static_affine,2,10,True,S1_nominal__static_affine__seed2,c45f068e83a0db5af8037bcec208da070545216f5240a590ba8286dfcee1b0b4,535f10e6c30103272f64653e50d0578cbf5af363b23f0ecbad28905519d7af3d,c1881d4f6c0f31cc50171d6c3004faa1325b5e8d,baseline_error_kg,,kg
ladder,S1_nominal,static_affine,3,10,True,S1_nominal__static_affine__seed3,7f808862af70bdf5f8b721f954c967c9d3eb0d071e708e4f266d8f7901642f98,535f10e6c30103272f64653e50d0578cbf5af363b23f0ecbad28905519d7af3d,c1881d4f6c0f31cc50171d6c3004faa1325b5e8d,baseline_error_kg,,kg
ladder,S1_nominal,rls,1,10,True,S1_nominal__rls__seed1,1f0eb7d0a64d2c9430bd781be2ad3a6383c85935e18ff7809210a4dbae3f4f74,f54c17346089ba805d00d389d8b7c1c3e1cdb89c6515d103c5f0f15f4eb61185,c1881d4f6c0f31cc50171d6c3004faa1325b5e8d,baseline_error_kg,,kg
ladder,S1_nominal,rls,2,10,True,S1_nominal__rls__seed2,c45f068e83a0db5af8037bcec208da070545216f5240a590ba8286dfcee1b0b4,f54c17346089ba805d00d389d8b7c1c3e1cdb89c6515d103c5f0f15f4eb61185,c1881d4f6c0f31cc50171d6c3004faa1325b5e8d,baseline_error_kg,,kg
ladder,S1_nominal,rls,3,10,True,S1_nominal__rls__seed3,7f808862af70bdf5f8b721f954c967c9d3eb0d071e708e4f266d8f7901642f98,f54c17346089ba805d00d389d8b7c1c3e1cdb89c6515d103c5f0f15f4eb61185,c1881d4f6c0f31cc50171d6c3004faa1325b5e8d,baseline_error_kg,,kg
ladder,S1_nominal,kalman,1,10,True,S1_nominal__kalman__seed1,1f0eb7d0a64d2c9430bd781be2ad3a6383c85935e18ff7809210a4dbae3f4f74,2dcdf9429baa9fcc847cc03bb3eb992a0574d0c81dcfbd456974ff9264223f13,c1881d4f6c0f31cc50171d6c3004faa1325b5e8d,baseline_error_kg,,kg
ladder,S1_nominal,kalman,2,10,True,S1_nominal__kalman__seed2,c45f068e83a0db5af8037bcec208da070545216f5240a590ba8286dfcee1b0b4,2dcdf9429baa9fcc847cc03bb3eb992a0574d0c81dcfbd456974ff9264223f13,c1881d4f6c0f31cc50171d6c3004faa1325b5e8d,baseline_error_kg,,kg
ladder,S1_nominal,kalman,3,10,True,S1_nominal__kalman__seed3,7f808862af70bdf5f8b721f954c967c9d3eb0d071e708e4f266d8f7901642f98,2dcdf9429baa9fcc847cc03bb3eb992a0574d0c81dcfbd456974ff9264223f13,c1881d4f6c0f31cc50171d6c3004faa1325b5e8d,baseline_error_kg,,kg
ladder,S2_thermal_cycle,static_affine,1,10,True,S2_thermal_cycle__static_affine__seed1,a9d23ff021d7d7330d2f7690ce6fe1a23e9face2bceffa30bb9e10eb4c70e685,535f10e6c30103272f64653e50d0578cbf5af363b23f0ecbad28905519d7af3d,c1881d4f6c0f31cc50171d6c3004faa1325b5e8d,baseline_error_kg,,kg
ladder,S2_thermal_cycle,static_affine,2,10,True,S2_thermal_cycle__static_affine__seed2,19c57e97290995438510692dd0c87d401ed506ad1b05f6b88446276b5f326325,535f10e6c30103272f64653e50d0578cbf5af363b23f0ecbad28905519d7af3d,c1881d4f6c0f31cc50171d6c3004faa1325b5e8d,baseline_error_kg,,kg
ladder,S2_thermal_cycle,static_affine,3,10,True,S2_thermal_cycle__static_affine__seed3,24befa705b788e8ac92815dc24ece289db28b46d6894613726a31248a0b3f0e9,535f10e6c30103272f64653e50d0578cbf5af363b23f0ecbad28905519d7af3d,c1881d4f6c0f31cc50171d6c3004faa1325b5e8d,baseline_error_kg,,kg
ladder,S2_thermal_cycle,rls,1,10,True,S2_thermal_cycle__rls__seed1,a9d23ff021d7d7330d2f7690ce6fe1a23e9face2bceffa30bb9e10eb4c70e685,f54c17346089ba805d00d389d8b7c1c3e1cdb89c6515d103c5f0f15f4eb61185,c1881d4f6c0f31cc50171d6c3004faa1325b5e8d,baseline_error_kg,,kg
ladder,S2_thermal_cycle,rls,2,10,True,S2_thermal_cycle__rls__seed2,19c57e97290995438510692dd0c87d401ed506ad1b05f6b88446276b5f326325,f54c17346089ba805d00d389d8b7c1c3e1cdb89c6515d103c5f0f15f4eb61185,c1881d4f6c0f31cc50171d6c3004faa1325b5e8d,baseline_error_kg,,kg
ladder,S2_thermal_cycle,rls,3,10,True,S2_thermal_cycle__rls__seed3,24befa705b788e8ac92815dc24ece289db28b46d6894613726a31248a0b3f0e9,f54c17346089ba805d00d389d8b7c1c3e1cdb89c6515d103c5f0f15f4eb61185,c1881d4f6c0f31cc50171d6c3004faa1325b5e8d,baseline_error_kg,,kg
ladder,S2_thermal_cycle,kalman,1,10,True,S2_thermal_cycle__kalman__seed1,a9d23ff021d7d7330d2f7690ce6fe1a23e9face2bceffa30bb9e10eb4c70e685,2dcdf9429baa9fcc847cc03bb3eb992a0574d0c81dcfbd456974ff9264223f13,c1881d4f6c0f31cc50171d6c3004faa1325b5e8d,baseline_error_kg,,kg
ladder,S2_thermal_cycle,kalman,2,10,True,S2_thermal_cycle__kalman__seed2,19c57e97290995438510692dd0c87d401ed506ad1b05f6b88446276b5f326325,2dcdf9429baa9fcc847cc03bb3eb992a0574d0c81dcfbd456974ff9264223f13,c1881d4f6c0f31cc50171d6c3004faa1325b5e8d,baseline_error_kg,,kg
ladder,S2_thermal_cycle,kalman,3,10,True,S2_thermal_cycle__kalman__seed3,24befa705b788e8ac92815dc24ece289db28b46d6894613726a31248a0b3f0e9,2dcdf9429baa9fcc847cc03bb3eb992a0574d0c81dcfbd456974ff9264223f13,c1881d4f6c0f31cc50171d6c3004faa1325b5e8d,baseline_error_kg,,kg
ladder,S3_zero_drift_walk,static_affine,1,10,True,S3_zero_drift_walk__static_affine__seed1,f100b6d8743f0beb23a874f69b02d3ff86fd69d1b80c3005bc53c22fbf24242c,535f10e6c30103272f64653e50d0578cbf5af363b23f0ecbad28905519d7af3d,c1881d4f6c0f31cc50171d6c3004faa1325b5e8d,baseline_error_kg,,kg
ladder,S3_zero_drift_walk,static_affine,2,10,True,S3_zero_drift_walk__static_affine__seed2,d908b1eec1d6ca010fbfed3dff58421d1657520e5136c0976972c56a507b8a71,535f10e6c30103272f64653e50d0578cbf5af363b23f0ecbad28905519d7af3d,c1881d4f6c0f31cc50171d6c3004faa1325b5e8d,baseline_error_kg,,kg
ladder,S3_zero_drift_walk,static_affine,3,10,True,S3_zero_drift_walk__static_affine__seed3,e65e6377500da0315dac92d9d159e61875ec095bbab24aed7387d0c3eeb9a9db,535f10e6c30103272f64653e50d0578cbf5af363b23f0ecbad28905519d7af3d,c1881d4f6c0f31cc50171d6c3004faa1325b5e8d,baseline_error_kg,,kg
ladder,S3_zero_drift_walk,rls,1,10,True,S3_zero_drift_walk__rls__seed1,f100b6d8743f0beb23a874f69b02d3ff86fd69d1b80c3005bc53c22fbf24242c,f54c17346089ba805d00d389d8b7c1c3e1cdb89c6515d103c5f0f15f4eb61185,c1881d4f6c0f31cc50171d6c3004faa1325b5e8d,baseline_error_kg,,kg
ladder,S3_zero_drift_walk,rls,2,10,True,S3_zero_drift_walk__rls__seed2,d908b1eec1d6ca010fbfed3dff58421d1657520e5136c0976972c56a507b8a71,f54c17346089ba805d00d389d8b7c1c3e1cdb89c6515d103c5f0f15f4eb61185,c1881d4f6c0f31cc50171d6c3004faa1325b5e8d,baseline_error_kg,,kg
ladder,S3_zero_drift_walk,rls,3,10,True,S3_zero_drift_walk__rls__seed3,e65e6377500da0315dac92d9d159e61875ec095bbab24aed7387d0c3eeb9a9db,f54c17346089ba805d00d389d8b7c1c3e1cdb89c6515d103c5f0f15f4eb61185,c1881d4f6c0f31cc50171d6c3004faa1325b5e8d,baseline_error_kg,,kg
ladder,S3_zero_drift_walk,kalman,1,10,True,S3_zero_drift_walk__kalman__seed1,f100b6d8743f0beb23a874f69b02d3ff86fd69d1b80c3005bc53c22fbf24242c,2dcdf9429baa9fcc847cc03bb3eb992a0574d0c81dcfbd456974ff9264223f13,c1881d4f6c0f31cc50171d6c3004faa1325b5e8d,baseline_error_kg,,kg
ladder,S3_zero_drift_walk,kalman,2,10,True,S3_zero_drift_walk__kalman__seed2,d908b1eec1d6ca010fbfed3dff58421d1657520e5136c0976972c56a507b8a71,2dcdf9429baa9fcc847cc03bb3eb992a0574d0c81dcfbd456974ff9264223f13,c1881d4f6c0f31cc50171d6c3004faa1325b5e8d,baseline_error_kg,,kg
ladder,S3_zero_drift_walk,kalman,3,10,True,S3_zero_drift_walk__kalman__seed3,e65e6377500da0315dac92d9d159e61875ec095bbab24aed7387d0c3eeb9a9db,2dcdf9429baa9fcc847cc03bb3eb992a0574d0c81dcfbd456974ff9264223f13,c1881d4f6c0f31cc50171d6c3004faa1325b5e8d,baseline_error_kg,,kg
ladder,S4_step_fault,static_affine,1,10,True,S4_step_fault__static_affine__seed1,7d29a6d7dca932314e512c265e0e559ec6cc02e548aa25349a95d1f29dbf9ef1,535f10e6c30103272f64653e50d0578cbf5af363b23f0ecbad28905519d7af3d,c1881d4f6c0f31cc50171d6c3004faa1325b5e8d,baseline_error_kg,-3.978332644179659,kg
ladder,S4_step_fault,static_affine,2,10,True,S4_step_fault__static_affine__seed2,adc80992e5ad2b0074c2ccb5fd189429c3fd11d2d51d242aa1caec078b0db1d2,535f10e6c30103272f64653e50d0578cbf5af363b23f0ecbad28905519d7af3d,c1881d4f6c0f31cc50171d6c3004faa1325b5e8d,baseline_error_kg,-19.250028860424436,kg
ladder,S4_step_fault,static_affine,3,10,True,S4_step_fault__static_affine__seed3,755a0aa70d2f3fe05534c8cb137d5df18ed16325d4692fc840c3daee2c8a8c92,535f10e6c30103272f64653e50d0578cbf5af363b23f0ecbad28905519d7af3d,c1881d4f6c0f31cc50171d6c3004faa1325b5e8d,baseline_error_kg,17.697676548076743,kg
ladder,S4_step_fault,rls,1,10,True,S4_step_fault__rls__seed1,7d29a6d7dca932314e512c265e0e559ec6cc02e548aa25349a95d1f29dbf9ef1,f54c17346089ba805d00d389d8b7c1c3e1cdb89c6515d103c5f0f15f4eb61185,c1881d4f6c0f31cc50171d6c3004faa1325b5e8d,baseline_error_kg,-5.688992998965318,kg
ladder,S4_step_fault,rls,2,10,True,S4_step_fault__rls__seed2,adc80992e5ad2b0074c2ccb5fd189429c3fd11d2d51d242aa1caec078b0db1d2,f54c17346089ba805d00d389d8b7c1c3e1cdb89c6515d103c5f0f15f4eb61185,c1881d4f6c0f31cc50171d6c3004faa1325b5e8d,baseline_error_kg,-13.117499513200983,kg
ladder,S4_step_fault,rls,3,10,True,S4_step_fault__rls__seed3,755a0aa70d2f3fe05534c8cb137d5df18ed16325d4692fc840c3daee2c8a8c92,f54c17346089ba805d00d389d8b7c1c3e1cdb89c6515d103c5f0f15f4eb61185,c1881d4f6c0f31cc50171d6c3004faa1325b5e8d,baseline_error_kg,22.60282979994679,kg
ladder,S4_step_fault,kalman,1,10,True,S4_step_fault__kalman__seed1,7d29a6d7dca932314e512c265e0e559ec6cc02e548aa25349a95d1f29dbf9ef1,2dcdf9429baa9fcc847cc03bb3eb992a0574d0c81dcfbd456974ff9264223f13,c1881d4f6c0f31cc50171d6c3004faa1325b5e8d,baseline_error_kg,-15.279695435974986,kg
ladder,S4_step_fault,kalman,2,10,True,S4_step_fault__kalman__seed2,adc80992e5ad2b0074c2ccb5fd189429c3fd11d2d51d242aa1caec078b0db1d2,2dcdf9429baa9fcc847cc03bb3eb992a0574d0c81dcfbd456974ff9264223f13,c1881d4f6c0f31cc50171d6c3004faa1325b5e8d,baseline_error_kg,-12.011987505542493,kg
ladder,S4_step_fault,kalman,3,10,True,S4_step_fault__kalman__seed3,755a0aa70d2f3fe05534c8cb137d5df18ed16325d4692fc840c3daee2c8a8c92,2dcdf9429baa9fcc847cc03bb3eb992a0574d0c81dcfbd456974ff9264223f13,c1881d4f6c0f31cc50171d6c3004faa1325b5e8d,baseline_error_kg,26.566234990127157,kg
ladder,S5_outage,static_affine,1,10,True,S5_outage__static_affine__seed1,ab25696964de9a9bd056c05f5021821512f6128f06fede373f779014f2fed9d8,535f10e6c30103272f64653e50d0578cbf5af363b23f0ecbad28905519d7af3d,c1881d4f6c0f31cc50171d6c3004faa1325b5e8d,baseline_error_kg,,kg
ladder,S5_outage,static_affine,2,10,True,S5_outage__static_affine__seed2,0052a68ebb4dd1334f0378cfa6defa07917942ba64b15d70b6cd736642ab3e2c,535f10e6c30103272f64653e50d0578cbf5af363b23f0ecbad28905519d7af3d,c1881d4f6c0f31cc50171d6c3004faa1325b5e8d,baseline_error_kg,,kg
ladder,S5_outage,static_affine,3,10,True,S5_outage__static_affine__seed3,e71247b8c58f106fad94f1fa68a340a88baac5595f00b577c8912131cd60a6c4,535f10e6c30103272f64653e50d0578cbf5af363b23f0ecbad28905519d7af3d,c1881d4f6c0f31cc50171d6c3004faa1325b5e8d,baseline_error_kg,,kg
ladder,S5_outage,rls,1,10,True,S5_outage__rls__seed1,ab25696964de9a9bd056c05f5021821512f6128f06fede373f779014f2fed9d8,f54c17346089ba805d00d389d8b7c1c3e1cdb89c6515d103c5f0f15f4eb61185,c1881d4f6c0f31cc50171d6c3004faa1325b5e8d,baseline_error_kg,,kg
ladder,S5_outage,rls,2,10,True,S5_outage__rls__seed2,0052a68ebb4dd1334f0378cfa6defa07917942ba64b15d70b6cd736642ab3e2c,f54c17346089ba805d00d389d8b7c1c3e1cdb89c6515d103c5f0f15f4eb61185,c1881d4f6c0f31cc50171d6c3004faa1325b5e8d,baseline_error_kg,,kg
ladder,S5_outage,rls,3,10,True,S5_outage__rls__seed3,e71247b8c58f106fad94f1fa68a340a88baac5595f00b577c8912131cd60a6c4,f54c17346089ba805d00d389d8b7c1c3e1cdb89c6515d103c5f0f15f4eb61185,c1881d4f6c0f31cc50171d6c3004faa1325b5e8d,baseline_error_kg,,kg
ladder,S5_outage,kalman,1,10,True,S5_outage__kalman__seed1,ab25696964de9a9bd056c05f5021821512f6128f06fede373f779014f2fed9d8,2dcdf9429baa9fcc847cc03bb3eb992a0574d0c81dcfbd456974ff9264223f13,c1881d4f6c0f31cc50171d6c3004faa1325b5e8d,baseline_error_kg,,kg
ladder,S5_outage,kalman,2,10,True,S5_outage__kalman__seed2,0052a68ebb4dd1334f0378cfa6defa07917942ba64b15d70b6cd736642ab3e2c,2dcdf9429baa9fcc847cc03bb3eb992a0574d0c81dcfbd456974ff9264223f13,c1881d4f6c0f31cc50171d6c3004faa1325b5e8d,baseline_error_kg,,kg
ladder,S5_outage,kalman,3,10,True,S5_outage__kalman__seed3,e71247b8c58f106fad94f1fa68a340a88baac5595f00b577c8912131cd60a6c4,2dcdf9429baa9fcc847cc03bb3eb992a0574d0c81dcfbd456974ff9264223f13,c1881d4f6c0f31cc50171d6c3004faa1325b5e8d,baseline_error_kg,,kg
ladder,S6_combined,static_affine,1,10,True,S6_combined__static_affine__seed1,b3cf8d14b3aed8b1d65ab4497dcbfb879dbda2ce1da03bb07f6401c9b4b9bd4a,535f10e6c30103272f64653e50d0578cbf5af363b23f0ecbad28905519d7af3d,c1881d4f6c0f31cc50171d6c3004faa1325b5e8d,baseline_error_kg,-6.067926690274135,kg
ladder,S6_combined,static_affine,2,10,True,S6_combined__static_affine__seed2,e4f7ab87faf6982be139dc8af97757bff8d540d357c41e3d06ec298e4dd75854,535f10e6c30103272f64653e50d0578cbf5af363b23f0ecbad28905519d7af3d,c1881d4f6c0f31cc50171d6c3004faa1325b5e8d,baseline_error_kg,10.38343233894102,kg
ladder,S6_combined,static_affine,3,10,True,S6_combined__static_affine__seed3,c371bfebbbdb510b204e19fcaedea3c47a4e8b6d77499f04ee6ac55d13fed988,535f10e6c30103272f64653e50d0578cbf5af363b23f0ecbad28905519d7af3d,c1881d4f6c0f31cc50171d6c3004faa1325b5e8d,baseline_error_kg,-4.187459822799269,kg
ladder,S6_combined,rls,1,10,True,S6_combined__rls__seed1,b3cf8d14b3aed8b1d65ab4497dcbfb879dbda2ce1da03bb07f6401c9b4b9bd4a,f54c17346089ba805d00d389d8b7c1c3e1cdb89c6515d103c5f0f15f4eb61185,c1881d4f6c0f31cc50171d6c3004faa1325b5e8d,baseline_error_kg,26.105167171353287,kg
ladder,S6_combined,rls,2,10,True,S6_combined__rls__seed2,e4f7ab87faf6982be139dc8af97757bff8d540d357c41e3d06ec298e4dd75854,f54c17346089ba805d00d389d8b7c1c3e1cdb89c6515d103c5f0f15f4eb61185,c1881d4f6c0f31cc50171d6c3004faa1325b5e8d,baseline_error_kg,-6.065247330428633,kg
ladder,S6_combined,rls,3,10,True,S6_combined__rls__seed3,c371bfebbbdb510b204e19fcaedea3c47a4e8b6d77499f04ee6ac55d13fed988,f54c17346089ba805d00d389d8b7c1c3e1cdb89c6515d103c5f0f15f4eb61185,c1881d4f6c0f31cc50171d6c3004faa1325b5e8d,baseline_error_kg,23.044722383523094,kg
ladder,S6_combined,kalman,1,10,True,S6_combined__kalman__seed1,b3cf8d14b3aed8b1d65ab4497dcbfb879dbda2ce1da03bb07f6401c9b4b9bd4a,2dcdf9429baa9fcc847cc03bb3eb992a0574d0c81dcfbd456974ff9264223f13,c1881d4f6c0f31cc50171d6c3004faa1325b5e8d,baseline_error_kg,-11.395261482824594,kg
ladder,S6_combined,kalman,2,10,True,S6_combined__kalman__seed2,e4f7ab87faf6982be139dc8af97757bff8d540d357c41e3d06ec298e4dd75854,2dcdf9429baa9fcc847cc03bb3eb992a0574d0c81dcfbd456974ff9264223f13,c1881d4f6c0f31cc50171d6c3004faa1325b5e8d,baseline_error_kg,-16.89611695270105,kg
ladder,S6_combined,kalman,3,10,True,S6_combined__kalman__seed3,c371bfebbbdb510b204e19fcaedea3c47a4e8b6d77499f04ee6ac55d13fed988,2dcdf9429baa9fcc847cc03bb3eb992a0574d0c81dcfbd456974ff9264223f13,c1881d4f6c0f31cc50171d6c3004faa1325b5e8d,baseline_error_kg,9.237440463058988,kg
ladder,S7_sparse_reference,static_affine,1,10,True,S7_sparse_reference__static_affine__seed1,24835dafebd07f6facda17ec68b148ca21bd70070201cdbfe1cf136d6c2da50a,535f10e6c30103272f64653e50d0578cbf5af363b23f0ecbad28905519d7af3d,c1881d4f6c0f31cc50171d6c3004faa1325b5e8d,baseline_error_kg,21.556830873098534,kg
ladder,S7_sparse_reference,static_affine,2,10,True,S7_sparse_reference__static_affine__seed2,1830f9600d18220efd37edc0ed15951b55aee715e2061c3ef38b60364f8b8678,535f10e6c30103272f64653e50d0578cbf5af363b23f0ecbad28905519d7af3d,c1881d4f6c0f31cc50171d6c3004faa1325b5e8d,baseline_error_kg,-8.295352183776345,kg
ladder,S7_sparse_reference,static_affine,3,10,True,S7_sparse_reference__static_affine__seed3,b10da6cea2c796fcd510a2c7d7f3d2074f0eed008477bb57609f09be0a5cc888,535f10e6c30103272f64653e50d0578cbf5af363b23f0ecbad28905519d7af3d,c1881d4f6c0f31cc50171d6c3004faa1325b5e8d,baseline_error_kg,14.666438384802973,kg
ladder,S7_sparse_reference,rls,1,10,True,S7_sparse_reference__rls__seed1,24835dafebd07f6facda17ec68b148ca21bd70070201cdbfe1cf136d6c2da50a,f54c17346089ba805d00d389d8b7c1c3e1cdb89c6515d103c5f0f15f4eb61185,c1881d4f6c0f31cc50171d6c3004faa1325b5e8d,baseline_error_kg,21.914879959522295,kg
ladder,S7_sparse_reference,rls,2,10,True,S7_sparse_reference__rls__seed2,1830f9600d18220efd37edc0ed15951b55aee715e2061c3ef38b60364f8b8678,f54c17346089ba805d00d389d8b7c1c3e1cdb89c6515d103c5f0f15f4eb61185,c1881d4f6c0f31cc50171d6c3004faa1325b5e8d,baseline_error_kg,16.87361331242198,kg
ladder,S7_sparse_reference,rls,3,10,True,S7_sparse_reference__rls__seed3,b10da6cea2c796fcd510a2c7d7f3d2074f0eed008477bb57609f09be0a5cc888,f54c17346089ba805d00d389d8b7c1c3e1cdb89c6515d103c5f0f15f4eb61185,c1881d4f6c0f31cc50171d6c3004faa1325b5e8d,baseline_error_kg,39.96890300831842,kg
ladder,S7_sparse_reference,kalman,1,10,True,S7_sparse_reference__kalman__seed1,24835dafebd07f6facda17ec68b148ca21bd70070201cdbfe1cf136d6c2da50a,2dcdf9429baa9fcc847cc03bb3eb992a0574d0c81dcfbd456974ff9264223f13,c1881d4f6c0f31cc50171d6c3004faa1325b5e8d,baseline_error_kg,16.887601706868963,kg
ladder,S7_sparse_reference,kalman,2,10,True,S7_sparse_reference__kalman__seed2,1830f9600d18220efd37edc0ed15951b55aee715e2061c3ef38b60364f8b8678,2dcdf9429baa9fcc847cc03bb3eb992a0574d0c81dcfbd456974ff9264223f13,c1881d4f6c0f31cc50171d6c3004faa1325b5e8d,baseline_error_kg,7.371734330470645,kg
ladder,S7_sparse_reference,kalman,3,10,True,S7_sparse_reference__kalman__seed3,b10da6cea2c796fcd510a2c7d7f3d2074f0eed008477bb57609f09be0a5cc888,2dcdf9429baa9fcc847cc03bb3eb992a0574d0c81dcfbd456974ff9264223f13,c1881d4f6c0f31cc50171d6c3004faa1325b5e8d,baseline_error_kg,22.539808044212464,kg
ladder,S1_nominal,static_affine,1,10,True,S1_nominal__static_affine__seed1,1f0eb7d0a64d2c9430bd781be2ad3a6383c85935e18ff7809210a4dbae3f4f74,535f10e6c30103272f64653e50d0578cbf5af363b23f0ecbad28905519d7af3d,c1881d4f6c0f31cc50171d6c3004faa1325b5e8d,final_error_kg,,kg
ladder,S1_nominal,static_affine,2,10,True,S1_nominal__static_affine__seed2,c45f068e83a0db5af8037bcec208da070545216f5240a590ba8286dfcee1b0b4,535f10e6c30103272f64653e50d0578cbf5af363b23f0ecbad28905519d7af3d,c1881d4f6c0f31cc50171d6c3004faa1325b5e8d,final_error_kg,,kg
ladder,S1_nominal,static_affine,3,10,True,S1_nominal__static_affine__seed3,7f808862af70bdf5f8b721f954c967c9d3eb0d071e708e4f266d8f7901642f98,535f10e6c30103272f64653e50d0578cbf5af363b23f0ecbad28905519d7af3d,c1881d4f6c0f31cc50171d6c3004faa1325b5e8d,final_error_kg,,kg
ladder,S1_nominal,rls,1,10,True,S1_nominal__rls__seed1,1f0eb7d0a64d2c9430bd781be2ad3a6383c85935e18ff7809210a4dbae3f4f74,f54c17346089ba805d00d389d8b7c1c3e1cdb89c6515d103c5f0f15f4eb61185,c1881d4f6c0f31cc50171d6c3004faa1325b5e8d,final_error_kg,,kg
ladder,S1_nominal,rls,2,10,True,S1_nominal__rls__seed2,c45f068e83a0db5af8037bcec208da070545216f5240a590ba8286dfcee1b0b4,f54c17346089ba805d00d389d8b7c1c3e1cdb89c6515d103c5f0f15f4eb61185,c1881d4f6c0f31cc50171d6c3004faa1325b5e8d,final_error_kg,,kg
ladder,S1_nominal,rls,3,10,True,S1_nominal__rls__seed3,7f808862af70bdf5f8b721f954c967c9d3eb0d071e708e4f266d8f7901642f98,f54c17346089ba805d00d389d8b7c1c3e1cdb89c6515d103c5f0f15f4eb61185,c1881d4f6c0f31cc50171d6c3004faa1325b5e8d,final_error_kg,,kg
ladder,S1_nominal,kalman,1,10,True,S1_nominal__kalman__seed1,1f0eb7d0a64d2c9430bd781be2ad3a6383c85935e18ff7809210a4dbae3f4f74,2dcdf9429baa9fcc847cc03bb3eb992a0574d0c81dcfbd456974ff9264223f13,c1881d4f6c0f31cc50171d6c3004faa1325b5e8d,final_error_kg,,kg
ladder,S1_nominal,kalman,2,10,True,S1_nominal__kalman__seed2,c45f068e83a0db5af8037bcec208da070545216f5240a590ba8286dfcee1b0b4,2dcdf9429baa9fcc847cc03bb3eb992a0574d0c81dcfbd456974ff9264223f13,c1881d4f6c0f31cc50171d6c3004faa1325b5e8d,final_error_kg,,kg
ladder,S1_nominal,kalman,3,10,True,S1_nominal__kalman__seed3,7f808862af70bdf5f8b721f954c967c9d3eb0d071e708e4f266d8f7901642f98,2dcdf9429baa9fcc847cc03bb3eb992a0574d0c81dcfbd456974ff9264223f13,c1881d4f6c0f31cc50171d6c3004faa1325b5e8d,final_error_kg,,kg
ladder,S2_thermal_cycle,static_affine,1,10,True,S2_thermal_cycle__static_affine__seed1,a9d23ff021d7d7330d2f7690ce6fe1a23e9face2bceffa30bb9e10eb4c70e685,535f10e6c30103272f64653e50d0578cbf5af363b23f0ecbad28905519d7af3d,c1881d4f6c0f31cc50171d6c3004faa1325b5e8d,final_error_kg,,kg
ladder,S2_thermal_cycle,static_affine,2,10,True,S2_thermal_cycle__static_affine__seed2,19c57e97290995438510692dd0c87d401ed506ad1b05f6b88446276b5f326325,535f10e6c30103272f64653e50d0578cbf5af363b23f0ecbad28905519d7af3d,c1881d4f6c0f31cc50171d6c3004faa1325b5e8d,final_error_kg,,kg
ladder,S2_thermal_cycle,static_affine,3,10,True,S2_thermal_cycle__static_affine__seed3,24befa705b788e8ac92815dc24ece289db28b46d6894613726a31248a0b3f0e9,535f10e6c30103272f64653e50d0578cbf5af363b23f0ecbad28905519d7af3d,c1881d4f6c0f31cc50171d6c3004faa1325b5e8d,final_error_kg,,kg
ladder,S2_thermal_cycle,rls,1,10,True,S2_thermal_cycle__rls__seed1,a9d23ff021d7d7330d2f7690ce6fe1a23e9face2bceffa30bb9e10eb4c70e685,f54c17346089ba805d00d389d8b7c1c3e1cdb89c6515d103c5f0f15f4eb61185,c1881d4f6c0f31cc50171d6c3004faa1325b5e8d,final_error_kg,,kg
ladder,S2_thermal_cycle,rls,2,10,True,S2_thermal_cycle__rls__seed2,19c57e97290995438510692dd0c87d401ed506ad1b05f6b88446276b5f326325,f54c17346089ba805d00d389d8b7c1c3e1cdb89c6515d103c5f0f15f4eb61185,c1881d4f6c0f31cc50171d6c3004faa1325b5e8d,final_error_kg,,kg
ladder,S2_thermal_cycle,rls,3,10,True,S2_thermal_cycle__rls__seed3,24befa705b788e8ac92815dc24ece289db28b46d6894613726a31248a0b3f0e9,f54c17346089ba805d00d389d8b7c1c3e1cdb89c6515d103c5f0f15f4eb61185,c1881d4f6c0f31cc50171d6c3004faa1325b5e8d,final_error_kg,,kg
ladder,S2_thermal_cycle,kalman,1,10,True,S2_thermal_cycle__kalman__seed1,a9d23ff021d7d7330d2f7690ce6fe1a23e9face2bceffa30bb9e10eb4c70e685,2dcdf9429baa9fcc847cc03bb3eb992a0574d0c81dcfbd456974ff9264223f13,c1881d4f6c0f31cc50171d6c3004faa1325b5e8d,final_error_kg,,kg
ladder,S2_thermal_cycle,kalman,2,10,True,S2_thermal_cycle__kalman__seed2,19c57e97290995438510692dd0c87d401ed506ad1b05f6b88446276b5f326325,2dcdf9429baa9fcc847cc03bb3eb992a0574d0c81dcfbd456974ff9264223f13,c1881d4f6c0f31cc50171d6c3004faa1325b5e8d,final_error_kg,,kg
ladder,S2_thermal_cycle,kalman,3,10,True,S2_thermal_cycle__kalman__seed3,24befa705b788e8ac92815dc24ece289db28b46d6894613726a31248a0b3f0e9,2dcdf9429baa9fcc847cc03bb3eb992a0574d0c81dcfbd456974ff9264223f13,c1881d4f6c0f31cc50171d6c3004faa1325b5e8d,final_error_kg,,kg
ladder,S3_zero_drift_walk,static_affine,1,10,True,S3_zero_drift_walk__static_affine__seed1,f100b6d8743f0beb23a874f69b02d3ff86fd69d1b80c3005bc53c22fbf24242c,535f10e6c30103272f64653e50d0578cbf5af363b23f0ecbad28905519d7af3d,c1881d4f6c0f31cc50171d6c3004faa1325b5e8d,final_error_kg,,kg
ladder,S3_zero_drift_walk,static_affine,2,10,True,S3_zero_drift_walk__static_affine__seed2,d908b1eec1d6ca010fbfed3dff58421d1657520e5136c0976972c56a507b8a71,535f10e6c30103272f64653e50d0578cbf5af363b23f0ecbad28905519d7af3d,c1881d4f6c0f31cc50171d6c3004faa1325b5e8d,final_error_kg,,kg
ladder,S3_zero_drift_walk,static_affine,3,10,True,S3_zero_drift_walk__static_affine__seed3,e65e6377500da0315dac92d9d159e61875ec095bbab24aed7387d0c3eeb9a9db,535f10e6c30103272f64653e50d0578cbf5af363b23f0ecbad28905519d7af3d,c1881d4f6c0f31cc50171d6c3004faa1325b5e8d,final_error_kg,,kg
ladder,S3_zero_drift_walk,rls,1,10,True,S3_zero_drift_walk__rls__seed1,f100b6d8743f0beb23a874f69b02d3ff86fd69d1b80c3005bc53c22fbf24242c,f54c17346089ba805d00d389d8b7c1c3e1cdb89c6515d103c5f0f15f4eb61185,c1881d4f6c0f31cc50171d6c3004faa1325b5e8d,final_error_kg,,kg
ladder,S3_zero_drift_walk,rls,2,10,True,S3_zero_drift_walk__rls__seed2,d908b1eec1d6ca010fbfed3dff58421d1657520e5136c0976972c56a507b8a71,f54c17346089ba805d00d389d8b7c1c3e1cdb89c6515d103c5f0f15f4eb61185,c1881d4f6c0f31cc50171d6c3004faa1325b5e8d,final_error_kg,,kg
ladder,S3_zero_drift_walk,rls,3,10,True,S3_zero_drift_walk__rls__seed3,e65e6377500da0315dac92d9d159e61875ec095bbab24aed7387d0c3eeb9a9db,f54c17346089ba805d00d389d8b7c1c3e1cdb89c6515d103c5f0f15f4eb61185,c1881d4f6c0f31cc50171d6c3004faa1325b5e8d,final_error_kg,,kg
ladder,S3_zero_drift_walk,kalman,1,10,True,S3_zero_drift_walk__kalman__seed1,f100b6d8743f0beb23a874f69b02d3ff86fd69d1b80c3005bc53c22fbf24242c,2dcdf9429baa9fcc847cc03bb3eb992a0574d0c81dcfbd456974ff9264223f13,c1881d4f6c0f31cc50171d6c3004faa1325b5e8d,final_error_kg,,kg
ladder,S3_zero_drift_walk,kalman,2,10,True,S3_zero_drift_walk__kalman__seed2,d908b1eec1d6ca010fbfed3dff58421d1657520e5136c0976972c56a507b8a71,2dcdf9429baa9fcc847cc03bb3eb992a0574d0c81dcfbd456974ff9264223f13,c1881d4f6c0f31cc50171d6c3004faa1325b5e8d,final_error_kg,,kg
ladder,S3_zero_drift_walk,kalman,3,10,True,S3_zero_drift_walk__kalman__seed3,e65e6377500da0315dac92d9d159e61875ec095bbab24aed7387d0c3eeb9a9db,2dcdf9429baa9fcc847cc03bb3eb992a0574d0c81dcfbd456974ff9264223f13,c1881d4f6c0f31cc50171d6c3004faa1325b5e8d,final_error_kg,,kg
ladder,S4_step_fault,static_affine,1,10,True,S4_step_fault__static_affine__seed1,7d29a6d7dca932314e512c265e0e559ec6cc02e548aa25349a95d1f29dbf9ef1,535f10e6c30103272f64653e50d0578cbf5af363b23f0ecbad28905519d7af3d,c1881d4f6c0f31cc50171d6c3004faa1325b5e8d,final_error_kg,26.401449316328808,kg
ladder,S4_step_fault,static_affine,2,10,True,S4_step_fault__static_affine__seed2,adc80992e5ad2b0074c2ccb5fd189429c3fd11d2d51d242aa1caec078b0db1d2,535f10e6c30103272f64653e50d0578cbf5af363b23f0ecbad28905519d7af3d,c1881d4f6c0f31cc50171d6c3004faa1325b5e8d,final_error_kg,56.292359210343534,kg
ladder,S4_step_fault,static_affine,3,10,True,S4_step_fault__static_affine__seed3,755a0aa70d2f3fe05534c8cb137d5df18ed16325d4692fc840c3daee2c8a8c92,535f10e6c30103272f64653e50d0578cbf5af363b23f0ecbad28905519d7af3d,c1881d4f6c0f31cc50171d6c3004faa1325b5e8d,final_error_kg,83.96034114501606,kg
ladder,S4_step_fault,rls,1,10,True,S4_step_fault__rls__seed1,7d29a6d7dca932314e512c265e0e559ec6cc02e548aa25349a95d1f29dbf9ef1,f54c17346089ba805d00d389d8b7c1c3e1cdb89c6515d103c5f0f15f4eb61185,c1881d4f6c0f31cc50171d6c3004faa1325b5e8d,final_error_kg,31.27958618345906,kg
ladder,S4_step_fault,rls,2,10,True,S4_step_fault__rls__seed2,adc80992e5ad2b0074c2ccb5fd189429c3fd11d2d51d242aa1caec078b0db1d2,f54c17346089ba805d00d389d8b7c1c3e1cdb89c6515d103c5f0f15f4eb61185,c1881d4f6c0f31cc50171d6c3004faa1325b5e8d,final_error_kg,20.795274289032363,kg
ladder,S4_step_fault,rls,3,10,True,S4_step_fault__rls__seed3,755a0aa70d2f3fe05534c8cb137d5df18ed16325d4692fc840c3daee2c8a8c92,f54c17346089ba805d00d389d8b7c1c3e1cdb89c6515d103c5f0f15f4eb61185,c1881d4f6c0f31cc50171d6c3004faa1325b5e8d,final_error_kg,37.25942709430831,kg
ladder,S4_step_fault,kalman,1,10,True,S4_step_fault__kalman__seed1,7d29a6d7dca932314e512c265e0e559ec6cc02e548aa25349a95d1f29dbf9ef1,2dcdf9429baa9fcc847cc03bb3eb992a0574d0c81dcfbd456974ff9264223f13,c1881d4f6c0f31cc50171d6c3004faa1325b5e8d,final_error_kg,17.252332728826445,kg
ladder,S4_step_fault,kalman,2,10,True,S4_step_fault__kalman__seed2,adc80992e5ad2b0074c2ccb5fd189429c3fd11d2d51d242aa1caec078b0db1d2,2dcdf9429baa9fcc847cc03bb3eb992a0574d0c81dcfbd456974ff9264223f13,c1881d4f6c0f31cc50171d6c3004faa1325b5e8d,final_error_kg,-4.188718099038397,kg
ladder,S4_step_fault,kalman,3,10,True,S4_step_fault__kalman__seed3,755a0aa70d2f3fe05534c8cb137d5df18ed16325d4692fc840c3daee2c8a8c92,2dcdf9429baa9fcc847cc03bb3eb992a0574d0c81dcfbd456974ff9264223f13,c1881d4f6c0f31cc50171d6c3004faa1325b5e8d,final_error_kg,20.20765078232955,kg
ladder,S5_outage,static_affine,1,10,True,S5_outage__static_affine__seed1,ab25696964de9a9bd056c05f5021821512f6128f06fede373f779014f2fed9d8,535f10e6c30103272f64653e50d0578cbf5af363b23f0ecbad28905519d7af3d,c1881d4f6c0f31cc50171d6c3004faa1325b5e8d,final_error_kg,,kg
ladder,S5_outage,static_affine,2,10,True,S5_outage__static_affine__seed2,0052a68ebb4dd1334f0378cfa6defa07917942ba64b15d70b6cd736642ab3e2c,535f10e6c30103272f64653e50d0578cbf5af363b23f0ecbad28905519d7af3d,c1881d4f6c0f31cc50171d6c3004faa1325b5e8d,final_error_kg,,kg
ladder,S5_outage,static_affine,3,10,True,S5_outage__static_affine__seed3,e71247b8c58f106fad94f1fa68a340a88baac5595f00b577c8912131cd60a6c4,535f10e6c30103272f64653e50d0578cbf5af363b23f0ecbad28905519d7af3d,c1881d4f6c0f31cc50171d6c3004faa1325b5e8d,final_error_kg,,kg
ladder,S5_outage,rls,1,10,True,S5_outage__rls__seed1,ab25696964de9a9bd056c05f5021821512f6128f06fede373f779014f2fed9d8,f54c17346089ba805d00d389d8b7c1c3e1cdb89c6515d103c5f0f15f4eb61185,c1881d4f6c0f31cc50171d6c3004faa1325b5e8d,final_error_kg,,kg
ladder,S5_outage,rls,2,10,True,S5_outage__rls__seed2,0052a68ebb4dd1334f0378cfa6defa07917942ba64b15d70b6cd736642ab3e2c,f54c17346089ba805d00d389d8b7c1c3e1cdb89c6515d103c5f0f15f4eb61185,c1881d4f6c0f31cc50171d6c3004faa1325b5e8d,final_error_kg,,kg
ladder,S5_outage,rls,3,10,True,S5_outage__rls__seed3,e71247b8c58f106fad94f1fa68a340a88baac5595f00b577c8912131cd60a6c4,f54c17346089ba805d00d389d8b7c1c3e1cdb89c6515d103c5f0f15f4eb61185,c1881d4f6c0f31cc50171d6c3004faa1325b5e8d,final_error_kg,,kg
ladder,S5_outage,kalman,1,10,True,S5_outage__kalman__seed1,ab25696964de9a9bd056c05f5021821512f6128f06fede373f779014f2fed9d8,2dcdf9429baa9fcc847cc03bb3eb992a0574d0c81dcfbd456974ff9264223f13,c1881d4f6c0f31cc50171d6c3004faa1325b5e8d,final_error_kg,,kg
ladder,S5_outage,kalman,2,10,True,S5_outage__kalman__seed2,0052a68ebb4dd1334f0378cfa6defa07917942ba64b15d70b6cd736642ab3e2c,2dcdf9429baa9fcc847cc03bb3eb992a0574d0c81dcfbd456974ff9264223f13,c1881d4f6c0f31cc50171d6c3004faa1325b5e8d,final_error_kg,,kg
ladder,S5_outage,kalman,3,10,True,S5_outage__kalman__seed3,e71247b8c58f106fad94f1fa68a340a88baac5595f00b577c8912131cd60a6c4,2dcdf9429baa9fcc847cc03bb3eb992a0574d0c81dcfbd456974ff9264223f13,c1881d4f6c0f31cc50171d6c3004faa1325b5e8d,final_error_kg,,kg
ladder,S6_combined,static_affine,1,10,True,S6_combined__static_affine__seed1,b3cf8d14b3aed8b1d65ab4497dcbfb879dbda2ce1da03bb07f6401c9b4b9bd4a,535f10e6c30103272f64653e50d0578cbf5af363b23f0ecbad28905519d7af3d,c1881d4f6c0f31cc50171d6c3004faa1325b5e8d,final_error_kg,-103.68612673895234,kg
ladder,S6_combined,static_affine,2,10,True,S6_combined__static_affine__seed2,e4f7ab87faf6982be139dc8af97757bff8d540d357c41e3d06ec298e4dd75854,535f10e6c30103272f64653e50d0578cbf5af363b23f0ecbad28905519d7af3d,c1881d4f6c0f31cc50171d6c3004faa1325b5e8d,final_error_kg,-1219.3966700831702,kg
ladder,S6_combined,static_affine,3,10,True,S6_combined__static_affine__seed3,c371bfebbbdb510b204e19fcaedea3c47a4e8b6d77499f04ee6ac55d13fed988,535f10e6c30103272f64653e50d0578cbf5af363b23f0ecbad28905519d7af3d,c1881d4f6c0f31cc50171d6c3004faa1325b5e8d,final_error_kg,197.31157374932923,kg
ladder,S6_combined,rls,1,10,True,S6_combined__rls__seed1,b3cf8d14b3aed8b1d65ab4497dcbfb879dbda2ce1da03bb07f6401c9b4b9bd4a,f54c17346089ba805d00d389d8b7c1c3e1cdb89c6515d103c5f0f15f4eb61185,c1881d4f6c0f31cc50171d6c3004faa1325b5e8d,final_error_kg,555.4928149451399,kg
ladder,S6_combined,rls,2,10,True,S6_combined__rls__seed2,e4f7ab87faf6982be139dc8af97757bff8d540d357c41e3d06ec298e4dd75854,f54c17346089ba805d00d389d8b7c1c3e1cdb89c6515d103c5f0f15f4eb61185,c1881d4f6c0f31cc50171d6c3004faa1325b5e8d,final_error_kg,-1205.8846051703465,kg
ladder,S6_combined,rls,3,10,True,S6_combined__rls__seed3,c371bfebbbdb510b204e19fcaedea3c47a4e8b6d77499f04ee6ac55d13fed988,f54c17346089ba805d00d389d8b7c1c3e1cdb89c6515d103c5f0f15f4eb61185,c1881d4f6c0f31cc50171d6c3004faa1325b5e8d,final_error_kg,1092.7308775608735,kg
ladder,S6_combined,kalman,1,10,True,S6_combined__kalman__seed1,b3cf8d14b3aed8b1d65ab4497dcbfb879dbda2ce1da03bb07f6401c9b4b9bd4a,2dcdf9429baa9fcc847cc03bb3eb992a0574d0c81dcfbd456974ff9264223f13,c1881d4f6c0f31cc50171d6c3004faa1325b5e8d,final_error_kg,-1160.856671989286,kg
ladder,S6_combined,kalman,2,10,True,S6_combined__kalman__seed2,e4f7ab87faf6982be139dc8af97757bff8d540d357c41e3d06ec298e4dd75854,2dcdf9429baa9fcc847cc03bb3eb992a0574d0c81dcfbd456974ff9264223f13,c1881d4f6c0f31cc50171d6c3004faa1325b5e8d,final_error_kg,-2264.5832176584686,kg
ladder,S6_combined,kalman,3,10,True,S6_combined__kalman__seed3,c371bfebbbdb510b204e19fcaedea3c47a4e8b6d77499f04ee6ac55d13fed988,2dcdf9429baa9fcc847cc03bb3eb992a0574d0c81dcfbd456974ff9264223f13,c1881d4f6c0f31cc50171d6c3004faa1325b5e8d,final_error_kg,-171.51756480471943,kg
ladder,S7_sparse_reference,static_affine,1,10,True,S7_sparse_reference__static_affine__seed1,24835dafebd07f6facda17ec68b148ca21bd70070201cdbfe1cf136d6c2da50a,535f10e6c30103272f64653e50d0578cbf5af363b23f0ecbad28905519d7af3d,c1881d4f6c0f31cc50171d6c3004faa1325b5e8d,final_error_kg,-37.77891457132887,kg
ladder,S7_sparse_reference,static_affine,2,10,True,S7_sparse_reference__static_affine__seed2,1830f9600d18220efd37edc0ed15951b55aee715e2061c3ef38b60364f8b8678,535f10e6c30103272f64653e50d0578cbf5af363b23f0ecbad28905519d7af3d,c1881d4f6c0f31cc50171d6c3004faa1325b5e8d,final_error_kg,-62.43875173638537,kg
ladder,S7_sparse_reference,static_affine,3,10,True,S7_sparse_reference__static_affine__seed3,b10da6cea2c796fcd510a2c7d7f3d2074f0eed008477bb57609f09be0a5cc888,535f10e6c30103272f64653e50d0578cbf5af363b23f0ecbad28905519d7af3d,c1881d4f6c0f31cc50171d6c3004faa1325b5e8d,final_error_kg,-52.47160165839807,kg
ladder,S7_sparse_reference,rls,1,10,True,S7_sparse_reference__rls__seed1,24835dafebd07f6facda17ec68b148ca21bd70070201cdbfe1cf136d6c2da50a,f54c17346089ba805d00d389d8b7c1c3e1cdb89c6515d103c5f0f15f4eb61185,c1881d4f6c0f31cc50171d6c3004faa1325b5e8d,final_error_kg,42.218572478404894,kg
ladder,S7_sparse_reference,rls,2,10,True,S7_sparse_reference__rls__seed2,1830f9600d18220efd37edc0ed15951b55aee715e2061c3ef38b60364f8b8678,f54c17346089ba805d00d389d8b7c1c3e1cdb89c6515d103c5f0f15f4eb61185,c1881d4f6c0f31cc50171d6c3004faa1325b5e8d,final_error_kg,-0.5075182874458051,kg
ladder,S7_sparse_reference,rls,3,10,True,S7_sparse_reference__rls__seed3,b10da6cea2c796fcd510a2c7d7f3d2074f0eed008477bb57609f09be0a5cc888,f54c17346089ba805d00d389d8b7c1c3e1cdb89c6515d103c5f0f15f4eb61185,c1881d4f6c0f31cc50171d6c3004faa1325b5e8d,final_error_kg,33.06778324349693,kg
ladder,S7_sparse_reference,kalman,1,10,True,S7_sparse_reference__kalman__seed1,24835dafebd07f6facda17ec68b148ca21bd70070201cdbfe1cf136d6c2da50a,2dcdf9429baa9fcc847cc03bb3eb992a0574d0c81dcfbd456974ff9264223f13,c1881d4f6c0f31cc50171d6c3004faa1325b5e8d,final_error_kg,71.86825526905682,kg
ladder,S7_sparse_reference,kalman,2,10,True,S7_sparse_reference__kalman__seed2,1830f9600d18220efd37edc0ed15951b55aee715e2061c3ef38b60364f8b8678,2dcdf9429baa9fcc847cc03bb3eb992a0574d0c81dcfbd456974ff9264223f13,c1881d4f6c0f31cc50171d6c3004faa1325b5e8d,final_error_kg,6.253083223327508,kg
ladder,S7_sparse_reference,kalman,3,10,True,S7_sparse_reference__kalman__seed3,b10da6cea2c796fcd510a2c7d7f3d2074f0eed008477bb57609f09be0a5cc888,2dcdf9429baa9fcc847cc03bb3eb992a0574d0c81dcfbd456974ff9264223f13,c1881d4f6c0f31cc50171d6c3004faa1325b5e8d,final_error_kg,33.55324840857622,kg
ladder,S1_nominal,static_affine,1,10,True,S1_nominal__static_affine__seed1,1f0eb7d0a64d2c9430bd781be2ad3a6383c85935e18ff7809210a4dbae3f4f74,535f10e6c30103272f64653e50d0578cbf5af363b23f0ecbad28905519d7af3d,c1881d4f6c0f31cc50171d6c3004faa1325b5e8d,mape,0.00043457210558405104,fraction
ladder,S1_nominal,static_affine,2,10,True,S1_nominal__static_affine__seed2,c45f068e83a0db5af8037bcec208da070545216f5240a590ba8286dfcee1b0b4,535f10e6c30103272f64653e50d0578cbf5af363b23f0ecbad28905519d7af3d,c1881d4f6c0f31cc50171d6c3004faa1325b5e8d,mape,0.0004613751899068543,fraction
ladder,S1_nominal,static_affine,3,10,True,S1_nominal__static_affine__seed3,7f808862af70bdf5f8b721f954c967c9d3eb0d071e708e4f266d8f7901642f98,535f10e6c30103272f64653e50d0578cbf5af363b23f0ecbad28905519d7af3d,c1881d4f6c0f31cc50171d6c3004faa1325b5e8d,mape,0.0004591523201091924,fraction
ladder,S1_nominal,rls,1,10,True,S1_nominal__rls__seed1,1f0eb7d0a64d2c9430bd781be2ad3a6383c85935e18ff7809210a4dbae3f4f74,f54c17346089ba805d00d389d8b7c1c3e1cdb89c6515d103c5f0f15f4eb61185,c1881d4f6c0f31cc50171d6c3004faa1325b5e8d,mape,0.00043485646504890955,fraction
ladder,S1_nominal,rls,2,10,True,S1_nominal__rls__seed2,c45f068e83a0db5af8037bcec208da070545216f5240a590ba8286dfcee1b0b4,f54c17346089ba805d00d389d8b7c1c3e1cdb89c6515d103c5f0f15f4eb61185,c1881d4f6c0f31cc50171d6c3004faa1325b5e8d,mape,0.0004616182945185988,fraction
ladder,S1_nominal,rls,3,10,True,S1_nominal__rls__seed3,7f808862af70bdf5f8b721f954c967c9d3eb0d071e708e4f266d8f7901642f98,f54c17346089ba805d00d389d8b7c1c3e1cdb89c6515d103c5f0f15f4eb61185,c1881d4f6c0f31cc50171d6c3004faa1325b5e8d,mape,0.00045908860520439,fraction
ladder,S1_nominal,kalman,1,10,True,S1_nominal__kalman__seed1,1f0eb7d0a64d2c9430bd781be2ad3a6383c85935e18ff7809210a4dbae3f4f74,2dcdf9429baa9fcc847cc03bb3eb992a0574d0c81dcfbd456974ff9264223f13,c1881d4f6c0f31cc50171d6c3004faa1325b5e8d,mape,0.00043673160555560234,fraction
ladder,S1_nominal,kalman,2,10,True,S1_nominal__kalman__seed2,c45f068e83a0db5af8037bcec208da070545216f5240a590ba8286dfcee1b0b4,2dcdf9429baa9fcc847cc03bb3eb992a0574d0c81dcfbd456974ff9264223f13,c1881d4f6c0f31cc50171d6c3004faa1325b5e8d,mape,0.00046225859507346116,fraction
ladder,S1_nominal,kalman,3,10,True,S1_nominal__kalman__seed3,7f808862af70bdf5f8b721f954c967c9d3eb0d071e708e4f266d8f7901642f98,2dcdf9429baa9fcc847cc03bb3eb992a0574d0c81dcfbd456974ff9264223f13,c1881d4f6c0f31cc50171d6c3004faa1325b5e8d,mape,0.00045981213359791104,fraction
ladder,S2_thermal_cycle,static_affine,1,10,True,S2_thermal_cycle__static_affine__seed1,a9d23ff021d7d7330d2f7690ce6fe1a23e9face2bceffa30bb9e10eb4c70e685,535f10e6c30103272f64653e50d0578cbf5af363b23f0ecbad28905519d7af3d,c1881d4f6c0f31cc50171d6c3004faa1325b5e8d,mape,0.029370446912397898,fraction
ladder,S2_thermal_cycle,static_affine,2,10,True,S2_thermal_cycle__static_affine__seed2,19c57e97290995438510692dd0c87d401ed506ad1b05f6b88446276b5f326325,535f10e6c30103272f64653e50d0578cbf5af363b23f0ecbad28905519d7af3d,c1881d4f6c0f31cc50171d6c3004faa1325b5e8d,mape,0.029286734709303864,fraction
ladder,S2_thermal_cycle,static_affine,3,10,True,S2_thermal_cycle__static_affine__seed3,24befa705b788e8ac92815dc24ece289db28b46d6894613726a31248a0b3f0e9,535f10e6c30103272f64653e50d0578cbf5af363b23f0ecbad28905519d7af3d,c1881d4f6c0f31cc50171d6c3004faa1325b5e8d,mape,0.029332476652119764,fraction
ladder,S2_thermal_cycle,rls,1,10,True,S2_thermal_cycle__rls__seed1,a9d23ff021d7d7330d2f7690ce6fe1a23e9face2bceffa30bb9e10eb4c70e685,f54c17346089ba805d00d389d8b7c1c3e1cdb89c6515d103c5f0f15f4eb61185,c1881d4f6c0f31cc50171d6c3004faa1325b5e8d,mape,0.029455632321352673,fraction
ladder,S2_thermal_cycle,rls,2,10,True,S2_thermal_cycle__rls__seed2,19c57e97290995438510692dd0c87d401ed506ad1b05f6b88446276b5f326325,f54c17346089ba805d00d389d8b7c1c3e1cdb89c6515d103c5f0f15f4eb61185,c1881d4f6c0f31cc50171d6c3004faa1325b5e8d,mape,0.029443209656526578,fraction
ladder,S2_thermal_cycle,rls,3,10,True,S2_thermal_cycle__rls__seed3,24befa705b788e8ac92815dc24ece289db28b46d6894613726a31248a0b3f0e9,f54c17346089ba805d00d389d8b7c1c3e1cdb89c6515d103c5f0f15f4eb61185,c1881d4f6c0f31cc50171d6c3004faa1325b5e8d,mape,0.029570579325184525,fraction
ladder,S2_thermal_cycle,kalman,1,10,True,S2_thermal_cycle__kalman__seed1,a9d23ff021d7d7330d2f7690ce6fe1a23e9face2bceffa30bb9e10eb4c70e685,2dcdf9429baa9fcc847cc03bb3eb992a0574d0c81dcfbd456974ff9264223f13,c1881d4f6c0f31cc50171d6c3004faa1325b5e8d,mape,0.0300868506969973,fraction
ladder,S2_thermal_cycle,kalman,2,10,True,S2_thermal_cycle__kalman__seed2,19c57e97290995438510692dd0c87d401ed506ad1b05f6b88446276b5f326325,2dcdf9429baa9fcc847cc03bb3eb992a0574d0c81dcfbd456974ff9264223f13,c1881d4f6c0f31cc50171d6c3004faa1325b5e8d,mape,0.029509300257168313,fraction
ladder,S2_thermal_cycle,kalman,3,10,True,S2_thermal_cycle__kalman__seed3,24befa705b788e8ac92815dc24ece289db28b46d6894613726a31248a0b3f0e9,2dcdf9429baa9fcc847cc03bb3eb992a0574d0c81dcfbd456974ff9264223f13,c1881d4f6c0f31cc50171d6c3004faa1325b5e8d,mape,0.029759723396904653,fraction
ladder,S3_zero_drift_walk,static_affine,1,10,True,S3_zero_drift_walk__static_affine__seed1,f100b6d8743f0beb23a874f69b02d3ff86fd69d1b80c3005bc53c22fbf24242c,535f10e6c30103272f64653e50d0578cbf5af363b23f0ecbad28905519d7af3d,c1881d4f6c0f31cc50171d6c3004faa1325b5e8d,mape,0.028870736894319522,fraction
ladder,S3_zero_drift_walk,static_affine,2,10,True,S3_zero_drift_walk__static_affine__seed2,d908b1eec1d6ca010fbfed3dff58421d1657520e5136c0976972c56a507b8a71,535f10e6c30103272f64653e50d0578cbf5af363b23f0ecbad28905519d7af3d,c1881d4f6c0f31cc50171d6c3004faa1325b5e8d,mape,0.029074273590709097,fraction
ladder,S3_zero_drift_walk,static_affine,3,10,True,S3_zero_drift_walk__static_affine__seed3,e65e6377500da0315dac92d9d159e61875ec095bbab24aed7387d0c3eeb9a9db,535f10e6c30103272f64653e50d0578cbf5af363b23f0ecbad28905519d7af3d,c1881d4f6c0f31cc50171d6c3004faa1325b5e8d,mape,0.029010930650183325,fraction
ladder,S3_zero_drift_walk,rls,1,10,True,S3_zero_drift_walk__rls__seed1,f100b6d8743f0beb23a874f69b02d3ff86fd69d1b80c3005bc53c22fbf24242c,f54c17346089ba805d00d389d8b7c1c3e1cdb89c6515d103c5f0f15f4eb61185,c1881d4f6c0f31cc50171d6c3004faa1325b5e8d,mape,0.02897110498043149,fraction
ladder,S3_zero_drift_walk,rls,2,10,True,S3_zero_drift_walk__rls__seed2,d908b1eec1d6ca010fbfed3dff58421d1657520e5136c0976972c56a507b8a71,f54c17346089ba805d00d389d8b7c1c3e1cdb89c6515d103c5f0f15f4eb61185,c1881d4f6c0f31cc50171d6c3004faa1325b5e8d,mape,0.02909614304711439,fraction
ladder,S3_zero_drift_walk,rls,3,10,True,S3_zero_drift_walk__rls__seed3,e65e6377500da0315dac92d9d159e61875ec095bbab24aed7387d0c3eeb9a9db,f54c17346089ba805d00d389d8b7c1c3e1cdb89c6515d103c5f0f15f4eb61185,c1881d4f6c0f31cc50171d6c3004faa1325b5e8d,mape,0.0294407873405219,fraction
ladder,S3_zero_drift_walk,kalman,1,10,True,S3_zero_drift_walk__kalman__seed1,f100b6d8743f0beb23a874f69b02d3ff86fd69d1b80c3005bc53c22fbf24242c,2dcdf9429baa9fcc847cc03bb3eb992a0574d0c81dcfbd456974ff9264223f13,c1881d4f6c0f31cc50171d6c3004faa1325b5e8d,mape,0.029741003163587673,fraction
ladder,S3_zero_drift_walk,kalman,2,10,True,S3_zero_drift_walk__kalman__seed2,d908b1eec1d6ca010fbfed3dff58421d1657520e5136c0976972c56a507b8a71,2dcdf9429baa9fcc847cc03bb3eb992a0574d0c81dcfbd456974ff9264223f13,c1881d4f6c0f31cc50171d6c3004faa1325b5e8d,mape,0.02937126997025658,fraction
ladder,S3_zero_drift_walk,kalman,3,10,True,S3_zero_drift_walk__kalman__seed3,e65e6377500da0315dac92d9d159e61875ec095bbab24aed7387d0c3eeb9a9db,2dcdf9429baa9fcc847cc03bb3eb992a0574d0c81dcfbd456974ff9264223f13,c1881d4f6c0f31cc50171d6c3004faa1325b5e8d,mape,0.02952591903699918,fraction
ladder,S4_step_fault,static_affine,1,10,True,S4_step_fault__static_affine__seed1,7d29a6d7dca932314e512c265e0e559ec6cc02e548aa25349a95d1f29dbf9ef1,535f10e6c30103272f64653e50d0578cbf5af363b23f0ecbad28905519d7af3d,c1881d4f6c0f31cc50171d6c3004faa1325b5e8d,mape,0.03433605262376031,fraction
ladder,S4_step_fault,static_affine,2,10,True,S4_step_fault__static_affine__seed2,adc80992e5ad2b0074c2ccb5fd189429c3fd11d2d51d242aa1caec078b0db1d2,535f10e6c30103272f64653e50d0578cbf5af363b23f0ecbad28905519d7af3d,c1881d4f6c0f31cc50171d6c3004faa1325b5e8d,mape,0.03589417048124641,fraction
ladder,S4_step_fault,static_affine,3,10,True,S4_step_fault__static_affine__seed3,755a0aa70d2f3fe05534c8cb137d5df18ed16325d4692fc840c3daee2c8a8c92,535f10e6c30103272f64653e50d0578cbf5af363b23f0ecbad28905519d7af3d,c1881d4f6c0f31cc50171d6c3004faa1325b5e8d,mape,0.03772714832597472,fraction
ladder,S4_step_fault,rls,1,10,True,S4_step_fault__rls__seed1,7d29a6d7dca932314e512c265e0e559ec6cc02e548aa25349a95d1f29dbf9ef1,f54c17346089ba805d00d389d8b7c1c3e1cdb89c6515d103c5f0f15f4eb61185,c1881d4f6c0f31cc50171d6c3004faa1325b5e8d,mape,0.03146314649243968,fraction
ladder,S4_step_fault,rls,2,10,True,S4_step_fault__rls__seed2,adc80992e5ad2b0074c2ccb5fd189429c3fd11d2d51d242aa1caec078b0db1d2,f54c17346089ba805d00d389d8b7c1c3e1cdb89c6515d103c5f0f15f4eb61185,c1881d4f6c0f31cc50171d6c3004faa1325b5e8d,mape,0.03180918288760678,fraction
ladder,S4_step_fault,rls,3,10,True,S4_step_fault__rls__seed3,755a0aa70d2f3fe05534c8cb137d5df18ed16325d4692fc840c3daee2c8a8c92,f54c17346089ba805d00d389d8b7c1c3e1cdb89c6515d103c5f0f15f4eb61185,c1881d4f6c0f31cc50171d6c3004faa1325b5e8d,mape,0.03135974228071277,fraction
ladder,S4_step_fault,kalman,1,10,True,S4_step_fault__kalman__seed1,7d29a6d7dca932314e512c265e0e559ec6cc02e548aa25349a95d1f29dbf9ef1,2dcdf9429baa9fcc847cc03bb3eb992a0574d0c81dcfbd456974ff9264223f13,c1881d4f6c0f31cc50171d6c3004faa1325b5e8d,mape,0.03194792753483706,fraction
ladder,S4_step_fault,kalman,2,10,True,S4_step_fault__kalman__seed2,adc80992e5ad2b0074c2ccb5fd189429c3fd11d2d51d242aa1caec078b0db1d2,2dcdf9429baa9fcc847cc03bb3eb992a0574d0c81dcfbd456974ff9264223f13,c1881d4f6c0f31cc50171d6c3004faa1325b5e8d,mape,0.030588632585801558,fraction
ladder,S4_step_fault,kalman,3,10,True,S4_step_fault__kalman__seed3,755a0aa70d2f3fe05534c8cb137d5df18ed16325d4692fc840c3daee2c8a8c92,2dcdf9429baa9fcc847cc03bb3eb992a0574d0c81dcfbd456974ff9264223f13,c1881d4f6c0f31cc50171d6c3004faa1325b5e8d,mape,0.032335679147193555,fraction
ladder,S5_outage,static_affine,1,10,True,S5_outage__static_affine__seed1,ab25696964de9a9bd056c05f5021821512f6128f06fede373f779014f2fed9d8,535f10e6c30103272f64653e50d0578cbf5af363b23f0ecbad28905519d7af3d,c1881d4f6c0f31cc50171d6c3004faa1325b5e8d,mape,0.02887279911973363,fraction
ladder,S5_outage,static_affine,2,10,True,S5_outage__static_affine__seed2,0052a68ebb4dd1334f0378cfa6defa07917942ba64b15d70b6cd736642ab3e2c,535f10e6c30103272f64653e50d0578cbf5af363b23f0ecbad28905519d7af3d,c1881d4f6c0f31cc50171d6c3004faa1325b5e8d,mape,0.028830512574642767,fraction
ladder,S5_outage,static_affine,3,10,True,S5_outage__static_affine__seed3,e71247b8c58f106fad94f1fa68a340a88baac5595f00b577c8912131cd60a6c4,535f10e6c30103272f64653e50d0578cbf5af363b23f0ecbad28905519d7af3d,c1881d4f6c0f31cc50171d6c3004faa1325b5e8d,mape,0.029148373918230223,fraction
ladder,S5_outage,rls,1,10,True,S5_outage__rls__seed1,ab25696964de9a9bd056c05f5021821512f6128f06fede373f779014f2fed9d8,f54c17346089ba805d00d389d8b7c1c3e1cdb89c6515d103c5f0f15f4eb61185,c1881d4f6c0f31cc50171d6c3004faa1325b5e8d,mape,0.029101042690225093,fraction
ladder,S5_outage,rls,2,10,True,S5_outage__rls__seed2,0052a68ebb4dd1334f0378cfa6defa07917942ba64b15d70b6cd736642ab3e2c,f54c17346089ba805d00d389d8b7c1c3e1cdb89c6515d103c5f0f15f4eb61185,c1881d4f6c0f31cc50171d6c3004faa1325b5e8d,mape,0.028716775134695713,fraction
ladder,S5_outage,rls,3,10,True,S5_outage__rls__seed3,e71247b8c58f106fad94f1fa68a340a88baac5595f00b577c8912131cd60a6c4,f54c17346089ba805d00d389d8b7c1c3e1cdb89c6515d103c5f0f15f4eb61185,c1881d4f6c0f31cc50171d6c3004faa1325b5e8d,mape,0.028975766969250822,fraction
ladder,S5_outage,kalman,1,10,True,S5_outage__kalman__seed1,ab25696964de9a9bd056c05f5021821512f6128f06fede373f779014f2fed9d8,2dcdf9429baa9fcc847cc03bb3eb992a0574d0c81dcfbd456974ff9264223f13,c1881d4f6c0f31cc50171d6c3004faa1325b5e8d,mape,0.03205088071120013,fraction
ladder,S5_outage,kalman,2,10,True,S5_outage__kalman__seed2,0052a68ebb4dd1334f0378cfa6defa07917942ba64b15d70b6cd736642ab3e2c,2dcdf9429baa9fcc847cc03bb3eb992a0574d0c81dcfbd456974ff9264223f13,c1881d4f6c0f31cc50171d6c3004faa1325b5e8d,mape,0.028977212241509197,fraction
ladder,S5_outage,kalman,3,10,True,S5_outage__kalman__seed3,e71247b8c58f106fad94f1fa68a340a88baac5595f00b577c8912131cd60a6c4,2dcdf9429baa9fcc847cc03bb3eb992a0574d0c81dcfbd456974ff9264223f13,c1881d4f6c0f31cc50171d6c3004faa1325b5e8d,mape,0.029430421841260775,fraction
ladder,S6_combined,static_affine,1,10,True,S6_combined__static_affine__seed1,b3cf8d14b3aed8b1d65ab4497dcbfb879dbda2ce1da03bb07f6401c9b4b9bd4a,535f10e6c30103272f64653e50d0578cbf5af363b23f0ecbad28905519d7af3d,c1881d4f6c0f31cc50171d6c3004faa1325b5e8d,mape,0.22774746355632544,fraction
ladder,S6_combined,static_affine,2,10,True,S6_combined__static_affine__seed2,e4f7ab87faf6982be139dc8af97757bff8d540d357c41e3d06ec298e4dd75854,535f10e6c30103272f64653e50d0578cbf5af363b23f0ecbad28905519d7af3d,c1881d4f6c0f31cc50171d6c3004faa1325b5e8d,mape,0.19307424444949683,fraction
ladder,S6_combined,static_affine,3,10,True,S6_combined__static_affine__seed3,c371bfebbbdb510b204e19fcaedea3c47a4e8b6d77499f04ee6ac55d13fed988,535f10e6c30103272f64653e50d0578cbf5af363b23f0ecbad28905519d7af3d,c1881d4f6c0f31cc50171d6c3004faa1325b5e8d,mape,0.22287367262714894,fraction
ladder,S6_combined,rls,1,10,True,S6_combined__rls__seed1,b3cf8d14b3aed8b1d65ab4497dcbfb879dbda2ce1da03bb07f6401c9b4b9bd4a,f54c17346089ba805d00d389d8b7c1c3e1cdb89c6515d103c5f0f15f4eb61185,c1881d4f6c0f31cc50171d6c3004faa1325b5e8d,mape,0.21607150134838496,fraction
ladder,S6_combined,rls,2,10,True,S6_combined__rls__seed2,e4f7ab87faf6982be139dc8af97757bff8d540d357c41e3d06ec298e4dd75854,f54c17346089ba805d00d389d8b7c1c3e1cdb89c6515d103c5f0f15f4eb61185,c1881d4f6c0f31cc50171d6c3004faa1325b5e8d,mape,0.18061469892944093,fraction
ladder,S6_combined,rls,3,10,True,S6_combined__rls__seed3,c371bfebbbdb510b204e19fcaedea3c47a4e8b6d77499f04ee6ac55d13fed988,f54c17346089ba805d00d389d8b7c1c3e1cdb89c6515d103c5f0f15f4eb61185,c1881d4f6c0f31cc50171d6c3004faa1325b5e8d,mape,0.2002998913546432,fraction
ladder,S6_combined,kalman,1,10,True,S6_combined__kalman__seed1,b3cf8d14b3aed8b1d65ab4497dcbfb879dbda2ce1da03bb07f6401c9b4b9bd4a,2dcdf9429baa9fcc847cc03bb3eb992a0574d0c81dcfbd456974ff9264223f13,c1881d4f6c0f31cc50171d6c3004faa1325b5e8d,mape,0.2495201143605278,fraction
ladder,S6_combined,kalman,2,10,True,S6_combined__kalman__seed2,e4f7ab87faf6982be139dc8af97757bff8d540d357c41e3d06ec298e4dd75854,2dcdf9429baa9fcc847cc03bb3eb992a0574d0c81dcfbd456974ff9264223f13,c1881d4f6c0f31cc50171d6c3004faa1325b5e8d,mape,0.19807650194090407,fraction
ladder,S6_combined,kalman,3,10,True,S6_combined__kalman__seed3,c371bfebbbdb510b204e19fcaedea3c47a4e8b6d77499f04ee6ac55d13fed988,2dcdf9429baa9fcc847cc03bb3eb992a0574d0c81dcfbd456974ff9264223f13,c1881d4f6c0f31cc50171d6c3004faa1325b5e8d,mape,0.2429252592576394,fraction
ladder,S7_sparse_reference,static_affine,1,10,True,S7_sparse_reference__static_affine__seed1,24835dafebd07f6facda17ec68b148ca21bd70070201cdbfe1cf136d6c2da50a,535f10e6c30103272f64653e50d0578cbf5af363b23f0ecbad28905519d7af3d,c1881d4f6c0f31cc50171d6c3004faa1325b5e8d,mape,0.035832733236283734,fraction
ladder,S7_sparse_reference,static_affine,2,10,True,S7_sparse_reference__static_affine__seed2,1830f9600d18220efd37edc0ed15951b55aee715e2061c3ef38b60364f8b8678,535f10e6c30103272f64653e50d0578cbf5af363b23f0ecbad28905519d7af3d,c1881d4f6c0f31cc50171d6c3004faa1325b5e8d,mape,0.03679120008565912,fraction
ladder,S7_sparse_reference,static_affine,3,10,True,S7_sparse_reference__static_affine__seed3,b10da6cea2c796fcd510a2c7d7f3d2074f0eed008477bb57609f09be0a5cc888,535f10e6c30103272f64653e50d0578cbf5af363b23f0ecbad28905519d7af3d,c1881d4f6c0f31cc50171d6c3004faa1325b5e8d,mape,0.03726954441258319,fraction
ladder,S7_sparse_reference,rls,1,10,True,S7_sparse_reference__rls__seed1,24835dafebd07f6facda17ec68b148ca21bd70070201cdbfe1cf136d6c2da50a,f54c17346089ba805d00d389d8b7c1c3e1cdb89c6515d103c5f0f15f4eb61185,c1881d4f6c0f31cc50171d6c3004faa1325b5e8d,mape,0.03434321380715856,fraction
ladder,S7_sparse_reference,rls,2,10,True,S7_sparse_reference__rls__seed2,1830f9600d18220efd37edc0ed15951b55aee715e2061c3ef38b60364f8b8678,f54c17346089ba805d00d389d8b7c1c3e1cdb89c6515d103c5f0f15f4eb61185,c1881d4f6c0f31cc50171d6c3004faa1325b5e8d,mape,0.03414439069603819,fraction
ladder,S7_sparse_reference,rls,3,10,True,S7_sparse_reference__rls__seed3,b10da6cea2c796fcd510a2c7d7f3d2074f0eed008477bb57609f09be0a5cc888,f54c17346089ba805d00d389d8b7c1c3e1cdb89c6515d103c5f0f15f4eb61185,c1881d4f6c0f31cc50171d6c3004faa1325b5e8d,mape,0.03473019757659489,fraction
ladder,S7_sparse_reference,kalman,1,10,True,S7_sparse_reference__kalman__seed1,24835dafebd07f6facda17ec68b148ca21bd70070201cdbfe1cf136d6c2da50a,2dcdf9429baa9fcc847cc03bb3eb992a0574d0c81dcfbd456974ff9264223f13,c1881d4f6c0f31cc50171d6c3004faa1325b5e8d,mape,0.035009674718293915,fraction
ladder,S7_sparse_reference,kalman,2,10,True,S7_sparse_reference__kalman__seed2,1830f9600d18220efd37edc0ed15951b55aee715e2061c3ef38b60364f8b8678,2dcdf9429baa9fcc847cc03bb3eb992a0574d0c81dcfbd456974ff9264223f13,c1881d4f6c0f31cc50171d6c3004faa1325b5e8d,mape,0.03409614521562213,fraction
ladder,S7_sparse_reference,kalman,3,10,True,S7_sparse_reference__kalman__seed3,b10da6cea2c796fcd510a2c7d7f3d2074f0eed008477bb57609f09be0a5cc888,2dcdf9429baa9fcc847cc03bb3eb992a0574d0c81dcfbd456974ff9264223f13,c1881d4f6c0f31cc50171d6c3004faa1325b5e8d,mape,0.034543840140265875,fraction
ladder,S1_nominal,static_affine,1,10,True,S1_nominal__static_affine__seed1,1f0eb7d0a64d2c9430bd781be2ad3a6383c85935e18ff7809210a4dbae3f4f74,535f10e6c30103272f64653e50d0578cbf5af363b23f0ecbad28905519d7af3d,c1881d4f6c0f31cc50171d6c3004faa1325b5e8d,coverage,0.9352465047829286,fraction
ladder,S1_nominal,static_affine,2,10,True,S1_nominal__static_affine__seed2,c45f068e83a0db5af8037bcec208da070545216f5240a590ba8286dfcee1b0b4,535f10e6c30103272f64653e50d0578cbf5af363b23f0ecbad28905519d7af3d,c1881d4f6c0f31cc50171d6c3004faa1325b5e8d,coverage,0.9788732394366197,fraction
ladder,S1_nominal,static_affine,3,10,True,S1_nominal__static_affine__seed3,7f808862af70bdf5f8b721f954c967c9d3eb0d071e708e4f266d8f7901642f98,535f10e6c30103272f64653e50d0578cbf5af363b23f0ecbad28905519d7af3d,c1881d4f6c0f31cc50171d6c3004faa1325b5e8d,coverage,0.9598853868194842,fraction
ladder,S1_nominal,rls,1,10,True,S1_nominal__rls__seed1,1f0eb7d0a64d2c9430bd781be2ad3a6383c85935e18ff7809210a4dbae3f4f74,f54c17346089ba805d00d389d8b7c1c3e1cdb89c6515d103c5f0f15f4eb61185,c1881d4f6c0f31cc50171d6c3004faa1325b5e8d,coverage,0.9345106696100074,fraction
ladder,S1_nominal,rls,2,10,True,S1_nominal__rls__seed2,c45f068e83a0db5af8037bcec208da070545216f5240a590ba8286dfcee1b0b4,f54c17346089ba805d00d389d8b7c1c3e1cdb89c6515d103c5f0f15f4eb61185,c1881d4f6c0f31cc50171d6c3004faa1325b5e8d,coverage,0.9788732394366197,fraction
ladder,S1_nominal,rls,3,10,True,S1_nominal__rls__seed3,7f808862af70bdf5f8b721f954c967c9d3eb0d071e708e4f266d8f7901642f98,f54c17346089ba805d00d389d8b7c1c3e1cdb89c6515d103c5f0f15f4eb61185,c1881d4f6c0f31cc50171d6c3004faa1325b5e8d,coverage,0.9577363896848138,fraction
ladder,S1_nominal,kalman,1,10,True,S1_nominal__kalman__seed1,1f0eb7d0a64d2c9430bd781be2ad3a6383c85935e18ff7809210a4dbae3f4f74,2dcdf9429baa9fcc847cc03bb3eb992a0574d0c81dcfbd456974ff9264223f13,c1881d4f6c0f31cc50171d6c3004faa1325b5e8d,coverage,0.9359823399558499,fraction
ladder,S1_nominal,kalman,2,10,True,S1_nominal__kalman__seed2,c45f068e83a0db5af8037bcec208da070545216f5240a590ba8286dfcee1b0b4,2dcdf9429baa9fcc847cc03bb3eb992a0574d0c81dcfbd456974ff9264223f13,c1881d4f6c0f31cc50171d6c3004faa1325b5e8d,coverage,0.9753521126760564,fraction
ladder,S1_nominal,kalman,3,10,True,S1_nominal__kalman__seed3,7f808862af70bdf5f8b721f954c967c9d3eb0d071e708e4f266d8f7901642f98,2dcdf9429baa9fcc847cc03bb3eb992a0574d0c81dcfbd456974ff9264223f13,c1881d4f6c0f31cc50171d6c3004faa1325b5e8d,coverage,0.9663323782234957,fraction
ladder,S2_thermal_cycle,static_affine,1,10,True,S2_thermal_cycle__static_affine__seed1,a9d23ff021d7d7330d2f7690ce6fe1a23e9face2bceffa30bb9e10eb4c70e685,535f10e6c30103272f64653e50d0578cbf5af363b23f0ecbad28905519d7af3d,c1881d4f6c0f31cc50171d6c3004faa1325b5e8d,coverage,0.9386169386169386,fraction
ladder,S2_thermal_cycle,static_affine,2,10,True,S2_thermal_cycle__static_affine__seed2,19c57e97290995438510692dd0c87d401ed506ad1b05f6b88446276b5f326325,535f10e6c30103272f64653e50d0578cbf5af363b23f0ecbad28905519d7af3d,c1881d4f6c0f31cc50171d6c3004faa1325b5e8d,coverage,0.9517560787340795,fraction
ladder,S2_thermal_cycle,static_affine,3,10,True,S2_thermal_cycle__static_affine__seed3,24befa705b788e8ac92815dc24ece289db28b46d6894613726a31248a0b3f0e9,535f10e6c30103272f64653e50d0578cbf5af363b23f0ecbad28905519d7af3d,c1881d4f6c0f31cc50171d6c3004faa1325b5e8d,coverage,0.9218546096568665,fraction
ladder,S2_thermal_cycle,rls,1,10,True,S2_thermal_cycle__rls__seed1,a9d23ff021d7d7330d2f7690ce6fe1a23e9face2bceffa30bb9e10eb4c70e685,f54c17346089ba805d00d389d8b7c1c3e1cdb89c6515d103c5f0f15f4eb61185,c1881d4f6c0f31cc50171d6c3004faa1325b5e8d,coverage,0.9414141414141414,fraction
ladder,S2_thermal_cycle,rls,2,10,True,S2_thermal_cycle__rls__seed2,19c57e97290995438510692dd0c87d401ed506ad1b05f6b88446276b5f326325,f54c17346089ba805d00d389d8b7c1c3e1cdb89c6515d103c5f0f15f4eb61185,c1881d4f6c0f31cc50171d6c3004faa1325b5e8d,coverage,0.9572365881898881,fraction
ladder,S2_thermal_cycle,rls,3,10,True,S2_thermal_cycle__rls__seed3,24befa705b788e8ac92815dc24ece289db28b46d6894613726a31248a0b3f0e9,f54c17346089ba805d00d389d8b7c1c3e1cdb89c6515d103c5f0f15f4eb61185,c1881d4f6c0f31cc50171d6c3004faa1325b5e8d,coverage,0.9395102479465725,fraction
ladder,S2_thermal_cycle,kalman,1,10,True,S2_thermal_cycle__kalman__seed1,a9d23ff021d7d7330d2f7690ce6fe1a23e9face2bceffa30bb9e10eb4c70e685,2dcdf9429baa9fcc847cc03bb3eb992a0574d0c81dcfbd456974ff9264223f13,c1881d4f6c0f31cc50171d6c3004faa1325b5e8d,coverage,0.9662004662004662,fraction
ladder,S2_thermal_cycle,kalman,2,10,True,S2_thermal_cycle__kalman__seed2,19c57e97290995438510692dd0c87d401ed506ad1b05f6b88446276b5f326325,2dcdf9429baa9fcc847cc03bb3eb992a0574d0c81dcfbd456974ff9264223f13,c1881d4f6c0f31cc50171d6c3004faa1325b5e8d,coverage,0.9579313006561173,fraction
ladder,S2_thermal_cycle,kalman,3,10,True,S2_thermal_cycle__kalman__seed3,24befa705b788e8ac92815dc24ece289db28b46d6894613726a31248a0b3f0e9,2dcdf9429baa9fcc847cc03bb3eb992a0574d0c81dcfbd456974ff9264223f13,c1881d4f6c0f31cc50171d6c3004faa1325b5e8d,coverage,0.952253012973056,fraction
ladder,S3_zero_drift_walk,static_affine,1,10,True,S3_zero_drift_walk__static_affine__seed1,f100b6d8743f0beb23a874f69b02d3ff86fd69d1b80c3005bc53c22fbf24242c,535f10e6c30103272f64653e50d0578cbf5af363b23f0ecbad28905519d7af3d,c1881d4f6c0f31cc50171d6c3004faa1325b5e8d,coverage,0.9444917056571671,fraction
ladder,S3_zero_drift_walk,static_affine,2,10,True,S3_zero_drift_walk__static_affine__seed2,d908b1eec1d6ca010fbfed3dff58421d1657520e5136c0976972c56a507b8a71,535f10e6c30103272f64653e50d0578cbf5af363b23f0ecbad28905519d7af3d,c1881d4f6c0f31cc50171d6c3004faa1325b5e8d,coverage,0.9509947643979058,fraction
ladder,S3_zero_drift_walk,static_affine,3,10,True,S3_zero_drift_walk__static_affine__seed3,e65e6377500da0315dac92d9d159e61875ec095bbab24aed7387d0c3eeb9a9db,535f10e6c30103272f64653e50d0578cbf5af363b23f0ecbad28905519d7af3d,c1881d4f6c0f31cc50171d6c3004faa1325b5e8d,coverage,0.9212730318257957,fraction
ladder,S3_zero_drift_walk,rls,1,10,True,S3_zero_drift_walk__rls__seed1,f100b6d8743f0beb23a874f69b02d3ff86fd69d1b80c3005bc53c22fbf24242c,f54c17346089ba805d00d389d8b7c1c3e1cdb89c6515d103c5f0f15f4eb61185,c1881d4f6c0f31cc50171d6c3004faa1325b5e8d,coverage,0.9427903019991493,fraction
ladder,S3_zero_drift_walk,rls,2,10,True,S3_zero_drift_walk__rls__seed2,d908b1eec1d6ca010fbfed3dff58421d1657520e5136c0976972c56a507b8a71,f54c17346089ba805d00d389d8b7c1c3e1cdb89c6515d103c5f0f15f4eb61185,c1881d4f6c0f31cc50171d6c3004faa1325b5e8d,coverage,0.9509947643979058,fraction
ladder,S3_zero_drift_walk,rls,3,10,True,S3_zero_drift_walk__rls__seed3,e65e6377500da0315dac92d9d159e61875ec095bbab24aed7387d0c3eeb9a9db,f54c17346089ba805d00d389d8b7c1c3e1cdb89c6515d103c5f0f15f4eb61185,c1881d4f6c0f31cc50171d6c3004faa1325b5e8d,coverage,0.9378140703517588,fraction
ladder,S3_zero_drift_walk,kalman,1,10,True,S3_zero_drift_walk__kalman__seed1,f100b6d8743f0beb23a874f69b02d3ff86fd69d1b80c3005bc53c22fbf24242c,2dcdf9429baa9fcc847cc03bb3eb992a0574d0c81dcfbd456974ff9264223f13,c1881d4f6c0f31cc50171d6c3004faa1325b5e8d,coverage,0.9755423224159931,fraction
ladder,S3_zero_drift_walk,kalman,2,10,True,S3_zero_drift_walk__kalman__seed2,d908b1eec1d6ca010fbfed3dff58421d1657520e5136c0976972c56a507b8a71,2dcdf9429baa9fcc847cc03bb3eb992a0574d0c81dcfbd456974ff9264223f13,c1881d4f6c0f31cc50171d6c3004faa1325b5e8d,coverage,0.9574869109947644,fraction
ladder,S3_zero_drift_walk,kalman,3,10,True,S3_zero_drift_walk__kalman__seed3,e65e6377500da0315dac92d9d159e61875ec095bbab24aed7387d0c3eeb9a9db,2dcdf9429baa9fcc847cc03bb3eb992a0574d0c81dcfbd456974ff9264223f13,c1881d4f6c0f31cc50171d6c3004faa1325b5e8d,coverage,0.9608458961474037,fraction
ladder,S4_step_fault,static_affine,1,10,True,S4_step_fault__static_affine__seed1,7d29a6d7dca932314e512c265e0e559ec6cc02e548aa25349a95d1f29dbf9ef1,535f10e6c30103272f64653e50d0578cbf5af363b23f0ecbad28905519d7af3d,c1881d4f6c0f31cc50171d6c3004faa1325b5e8d,coverage,0.8785377358490566,fraction
ladder,S4_step_fault,static_affine,2,10,True,S4_step_fault__static_affine__seed2,adc80992e5ad2b0074c2ccb5fd189429c3fd11d2d51d242aa1caec078b0db1d2,535f10e6c30103272f64653e50d0578cbf5af363b23f0ecbad28905519d7af3d,c1881d4f6c0f31cc50171d6c3004faa1325b5e8d,coverage,0.9299655568312285,fraction
ladder,S4_step_fault,static_affine,3,10,True,S4_step_fault__static_affine__seed3,755a0aa70d2f3fe05534c8cb137d5df18ed16325d4692fc840c3daee2c8a8c92,535f10e6c30103272f64653e50d0578cbf5af363b23f0ecbad28905519d7af3d,c1881d4f6c0f31cc50171d6c3004faa1325b5e8d,coverage,0.9139204545454546,fraction
ladder,S4_step_fault,rls,1,10,True,S4_step_fault__rls__seed1,7d29a6d7dca932314e512c265e0e559ec6cc02e548aa25349a95d1f29dbf9ef1,f54c17346089ba805d00d389d8b7c1c3e1cdb89c6515d103c5f0f15f4eb61185,c1881d4f6c0f31cc50171d6c3004faa1325b5e8d,coverage,0.9142099056603774,fraction
ladder,S4_step_fault,rls,2,10,True,S4_step_fault__rls__seed2,adc80992e5ad2b0074c2ccb5fd189429c3fd11d2d51d242aa1caec078b0db1d2,f54c17346089ba805d00d389d8b7c1c3e1cdb89c6515d103c5f0f15f4eb61185,c1881d4f6c0f31cc50171d6c3004faa1325b5e8d,coverage,0.9517795637198623,fraction
ladder,S4_step_fault,rls,3,10,True,S4_step_fault__rls__seed3,755a0aa70d2f3fe05534c8cb137d5df18ed16325d4692fc840c3daee2c8a8c92,f54c17346089ba805d00d389d8b7c1c3e1cdb89c6515d103c5f0f15f4eb61185,c1881d4f6c0f31cc50171d6c3004faa1325b5e8d,coverage,0.9514204545454545,fraction
ladder,S4_step_fault,kalman,1,10,True,S4_step_fault__kalman__seed1,7d29a6d7dca932314e512c265e0e559ec6cc02e548aa25349a95d1f29dbf9ef1,2dcdf9429baa9fcc847cc03bb3eb992a0574d0c81dcfbd456974ff9264223f13,c1881d4f6c0f31cc50171d6c3004faa1325b5e8d,coverage,0.9834905660377359,fraction
ladder,S4_step_fault,kalman,2,10,True,S4_step_fault__kalman__seed2,adc80992e5ad2b0074c2ccb5fd189429c3fd11d2d51d242aa1caec078b0db1d2,2dcdf9429baa9fcc847cc03bb3eb992a0574d0c81dcfbd456974ff9264223f13,c1881d4f6c0f31cc50171d6c3004faa1325b5e8d,coverage,0.9865097588978186,fraction
ladder,S4_step_fault,kalman,3,10,True,S4_step_fault__kalman__seed3,755a0aa70d2f3fe05534c8cb137d5df18ed16325d4692fc840c3daee2c8a8c92,2dcdf9429baa9fcc847cc03bb3eb992a0574d0c81dcfbd456974ff9264223f13,c1881d4f6c0f31cc50171d6c3004faa1325b5e8d,coverage,0.9482954545454545,fraction
ladder,S5_outage,static_affine,1,10,True,S5_outage__static_affine__seed1,ab25696964de9a9bd056c05f5021821512f6128f06fede373f779014f2fed9d8,535f10e6c30103272f64653e50d0578cbf5af363b23f0ecbad28905519d7af3d,c1881d4f6c0f31cc50171d6c3004faa1325b5e8d,coverage,0.8975681650700074,fraction
ladder,S5_outage,static_affine,2,10,True,S5_outage__static_affine__seed2,0052a68ebb4dd1334f0378cfa6defa07917942ba64b15d70b6cd736642ab3e2c,535f10e6c30103272f64653e50d0578cbf5af363b23f0ecbad28905519d7af3d,c1881d4f6c0f31cc50171d6c3004faa1325b5e8d,coverage,0.9625176803394625,fraction
ladder,S5_outage,static_affine,3,10,True,S5_outage__static_affine__seed3,e71247b8c58f106fad94f1fa68a340a88baac5595f00b577c8912131cd60a6c4,535f10e6c30103272f64653e50d0578cbf5af363b23f0ecbad28905519d7af3d,c1881d4f6c0f31cc50171d6c3004faa1325b5e8d,coverage,0.9066091954022989,fraction
ladder,S5_outage,rls,1,10,True,S5_outage__rls__seed1,ab25696964de9a9bd056c05f5021821512f6128f06fede373f779014f2fed9d8,f54c17346089ba805d00d389d8b7c1c3e1cdb89c6515d103c5f0f15f4eb61185,c1881d4f6c0f31cc50171d6c3004faa1325b5e8d,coverage,0.8843036109064112,fraction
ladder,S5_outage,rls,2,10,True,S5_outage__rls__seed2,0052a68ebb4dd1334f0378cfa6defa07917942ba64b15d70b6cd736642ab3e2c,f54c17346089ba805d00d389d8b7c1c3e1cdb89c6515d103c5f0f15f4eb61185,c1881d4f6c0f31cc50171d6c3004faa1325b5e8d,coverage,0.9702970297029703,fraction
ladder,S5_outage,rls,3,10,True,S5_outage__rls__seed3,e71247b8c58f106fad94f1fa68a340a88baac5595f00b577c8912131cd60a6c4,f54c17346089ba805d00d389d8b7c1c3e1cdb89c6515d103c5f0f15f4eb61185,c1881d4f6c0f31cc50171d6c3004faa1325b5e8d,coverage,0.9468390804597702,fraction
ladder,S5_outage,kalman,1,10,True,S5_outage__kalman__seed1,ab25696964de9a9bd056c05f5021821512f6128f06fede373f779014f2fed9d8,2dcdf9429baa9fcc847cc03bb3eb992a0574d0c81dcfbd456974ff9264223f13,c1881d4f6c0f31cc50171d6c3004faa1325b5e8d,coverage,0.9896831245394252,fraction
ladder,S5_outage,kalman,2,10,True,S5_outage__kalman__seed2,0052a68ebb4dd1334f0378cfa6defa07917942ba64b15d70b6cd736642ab3e2c,2dcdf9429baa9fcc847cc03bb3eb992a0574d0c81dcfbd456974ff9264223f13,c1881d4f6c0f31cc50171d6c3004faa1325b5e8d,coverage,0.987977369165488,fraction
ladder,S5_outage,kalman,3,10,True,S5_outage__kalman__seed3,e71247b8c58f106fad94f1fa68a340a88baac5595f00b577c8912131cd60a6c4,2dcdf9429baa9fcc847cc03bb3eb992a0574d0c81dcfbd456974ff9264223f13,c1881d4f6c0f31cc50171d6c3004faa1325b5e8d,coverage,0.9762931034482759,fraction
ladder,S6_combined,static_affine,1,10,True,S6_combined__static_affine__seed1,b3cf8d14b3aed8b1d65ab4497dcbfb879dbda2ce1da03bb07f6401c9b4b9bd4a,535f10e6c30103272f64653e50d0578cbf5af363b23f0ecbad28905519d7af3d,c1881d4f6c0f31cc50171d6c3004faa1325b5e8d,coverage,0.9016393442622951,fraction
ladder,S6_combined,static_affine,2,10,True,S6_combined__static_affine__seed2,e4f7ab87faf6982be139dc8af97757bff8d540d357c41e3d06ec298e4dd75854,535f10e6c30103272f64653e50d0578cbf5af363b23f0ecbad28905519d7af3d,c1881d4f6c0f31cc50171d6c3004faa1325b5e8d,coverage,0.9157458563535912,fraction
ladder,S6_combined,static_affine,3,10,True,S6_combined__static_affine__seed3,c371bfebbbdb510b204e19fcaedea3c47a4e8b6d77499f04ee6ac55d13fed988,535f10e6c30103272f64653e50d0578cbf5af363b23f0ecbad28905519d7af3d,c1881d4f6c0f31cc50171d6c3004faa1325b5e8d,coverage,0.9206569054214484,fraction
ladder,S6_combined,rls,1,10,True,S6_combined__rls__seed1,b3cf8d14b3aed8b1d65ab4497dcbfb879dbda2ce1da03bb07f6401c9b4b9bd4a,f54c17346089ba805d00d389d8b7c1c3e1cdb89c6515d103c5f0f15f4eb61185,c1881d4f6c0f31cc50171d6c3004faa1325b5e8d,coverage,0.9068372650939625,fraction
ladder,S6_combined,rls,2,10,True,S6_combined__rls__seed2,e4f7ab87faf6982be139dc8af97757bff8d540d357c41e3d06ec298e4dd75854,f54c17346089ba805d00d389d8b7c1c3e1cdb89c6515d103c5f0f15f4eb61185,c1881d4f6c0f31cc50171d6c3004faa1325b5e8d,coverage,0.9114048934490924,fraction
ladder,S6_combined,rls,3,10,True,S6_combined__rls__seed3,c371bfebbbdb510b204e19fcaedea3c47a4e8b6d77499f04ee6ac55d13fed988,f54c17346089ba805d00d389d8b7c1c3e1cdb89c6515d103c5f0f15f4eb61185,c1881d4f6c0f31cc50171d6c3004faa1325b5e8d,coverage,0.9230312623664424,fraction
ladder,S6_combined,kalman,1,10,True,S6_combined__kalman__seed1,b3cf8d14b3aed8b1d65ab4497dcbfb879dbda2ce1da03bb07f6401c9b4b9bd4a,2dcdf9429baa9fcc847cc03bb3eb992a0574d0c81dcfbd456974ff9264223f13,c1881d4f6c0f31cc50171d6c3004faa1325b5e8d,coverage,0.9196321471411435,fraction
ladder,S6_combined,kalman,2,10,True,S6_combined__kalman__seed2,e4f7ab87faf6982be139dc8af97757bff8d540d357c41e3d06ec298e4dd75854,2dcdf9429baa9fcc847cc03bb3eb992a0574d0c81dcfbd456974ff9264223f13,c1881d4f6c0f31cc50171d6c3004faa1325b5e8d,coverage,0.9082478295185478,fraction
ladder,S6_combined,kalman,3,10,True,S6_combined__kalman__seed3,c371bfebbbdb510b204e19fcaedea3c47a4e8b6d77499f04ee6ac55d13fed988,2dcdf9429baa9fcc847cc03bb3eb992a0574d0c81dcfbd456974ff9264223f13,c1881d4f6c0f31cc50171d6c3004faa1325b5e8d,coverage,0.9279778393351801,fraction
ladder,S7_sparse_reference,static_affine,1,10,True,S7_sparse_reference__static_affine__seed1,24835dafebd07f6facda17ec68b148ca21bd70070201cdbfe1cf136d6c2da50a,535f10e6c30103272f64653e50d0578cbf5af363b23f0ecbad28905519d7af3d,c1881d4f6c0f31cc50171d6c3004faa1325b5e8d,coverage,0.8914052609368406,fraction
ladder,S7_sparse_reference,static_affine,2,10,True,S7_sparse_reference__static_affine__seed2,1830f9600d18220efd37edc0ed15951b55aee715e2061c3ef38b60364f8b8678,535f10e6c30103272f64653e50d0578cbf5af363b23f0ecbad28905519d7af3d,c1881d4f6c0f31cc50171d6c3004faa1325b5e8d,coverage,0.8951410220608769,fraction
ladder,S7_sparse_reference,static_affine,3,10,True,S7_sparse_reference__static_affine__seed3,b10da6cea2c796fcd510a2c7d7f3d2074f0eed008477bb57609f09be0a5cc888,535f10e6c30103272f64653e50d0578cbf5af363b23f0ecbad28905519d7af3d,c1881d4f6c0f31cc50171d6c3004faa1325b5e8d,coverage,0.8748953974895397,fraction
ladder,S7_sparse_reference,rls,1,10,True,S7_sparse_reference__rls__seed1,24835dafebd07f6facda17ec68b148ca21bd70070201cdbfe1cf136d6c2da50a,f54c17346089ba805d00d389d8b7c1c3e1cdb89c6515d103c5f0f15f4eb61185,c1881d4f6c0f31cc50171d6c3004faa1325b5e8d,coverage,0.9326206217470812,fraction
ladder,S7_sparse_reference,rls,2,10,True,S7_sparse_reference__rls__seed2,1830f9600d18220efd37edc0ed15951b55aee715e2061c3ef38b60364f8b8678,f54c17346089ba805d00d389d8b7c1c3e1cdb89c6515d103c5f0f15f4eb61185,c1881d4f6c0f31cc50171d6c3004faa1325b5e8d,coverage,0.9458251884948339,fraction
ladder,S7_sparse_reference,rls,3,10,True,S7_sparse_reference__rls__seed3,b10da6cea2c796fcd510a2c7d7f3d2074f0eed008477bb57609f09be0a5cc888,f54c17346089ba805d00d389d8b7c1c3e1cdb89c6515d103c5f0f15f4eb61185,c1881d4f6c0f31cc50171d6c3004faa1325b5e8d,coverage,0.9316596931659693,fraction
ladder,S7_sparse_reference,kalman,1,10,True,S7_sparse_reference__kalman__seed1,24835dafebd07f6facda17ec68b148ca21bd70070201cdbfe1cf136d6c2da50a,2dcdf9429baa9fcc847cc03bb3eb992a0574d0c81dcfbd456974ff9264223f13,c1881d4f6c0f31cc50171d6c3004faa1325b5e8d,coverage,0.958362638908426,fraction
ladder,S7_sparse_reference,kalman,2,10,True,S7_sparse_reference__kalman__seed2,1830f9600d18220efd37edc0ed15951b55aee715e2061c3ef38b60364f8b8678,2dcdf9429baa9fcc847cc03bb3eb992a0574d0c81dcfbd456974ff9264223f13,c1881d4f6c0f31cc50171d6c3004faa1325b5e8d,coverage,0.9508517173973751,fraction
ladder,S7_sparse_reference,kalman,3,10,True,S7_sparse_reference__kalman__seed3,b10da6cea2c796fcd510a2c7d7f3d2074f0eed008477bb57609f09be0a5cc888,2dcdf9429baa9fcc847cc03bb3eb992a0574d0c81dcfbd456974ff9264223f13,c1881d4f6c0f31cc50171d6c3004faa1325b5e8d,coverage,0.9560669456066946,fraction
ladder,S1_nominal,static_affine,1,10,True,S1_nominal__static_affine__seed1,1f0eb7d0a64d2c9430bd781be2ad3a6383c85935e18ff7809210a4dbae3f4f74,535f10e6c30103272f64653e50d0578cbf5af363b23f0ecbad28905519d7af3d,c1881d4f6c0f31cc50171d6c3004faa1325b5e8d,coverage_expected,0.9321486268174475,fraction
ladder,S1_nominal,static_affine,2,10,True,S1_nominal__static_affine__seed2,c45f068e83a0db5af8037bcec208da070545216f5240a590ba8286dfcee1b0b4,535f10e6c30103272f64653e50d0578cbf5af363b23f0ecbad28905519d7af3d,c1881d4f6c0f31cc50171d6c3004faa1325b5e8d,coverage_expected,0.9846035411855273,fraction
ladder,S1_nominal,static_affine,3,10,True,S1_nominal__static_affine__seed3,7f808862af70bdf5f8b721f954c967c9d3eb0d071e708e4f266d8f7901642f98,535f10e6c30103272f64653e50d0578cbf5af363b23f0ecbad28905519d7af3d,c1881d4f6c0f31cc50171d6c3004faa1325b5e8d,coverage_expected,0.9592156862745098,fraction
ladder,S1_nominal,rls,1,10,True,S1_nominal__rls__seed1,1f0eb7d0a64d2c9430bd781be2ad3a6383c85935e18ff7809210a4dbae3f4f74,f54c17346089ba805d00d389d8b7c1c3e1cdb89c6515d103c5f0f15f4eb61185,c1881d4f6c0f31cc50171d6c3004faa1325b5e8d,coverage_expected,0.9321486268174475,fraction
ladder,S1_nominal,rls,2,10,True,S1_nominal__rls__seed2,c45f068e83a0db5af8037bcec208da070545216f5240a590ba8286dfcee1b0b4,f54c17346089ba805d00d389d8b7c1c3e1cdb89c6515d103c5f0f15f4eb61185,c1881d4f6c0f31cc50171d6c3004faa1325b5e8d,coverage_expected,0.9838337182448037,fraction
ladder,S1_nominal,rls,3,10,True,S1_nominal__rls__seed3,7f808862af70bdf5f8b721f954c967c9d3eb0d071e708e4f266d8f7901642f98,f54c17346089ba805d00d389d8b7c1c3e1cdb89c6515d103c5f0f15f4eb61185,c1881d4f6c0f31cc50171d6c3004faa1325b5e8d,coverage_expected,0.9576470588235294,fraction
ladder,S1_nominal,kalman,1,10,True,S1_nominal__kalman__seed1,1f0eb7d0a64d2c9430bd781be2ad3a6383c85935e18ff7809210a4dbae3f4f74,2dcdf9429baa9fcc847cc03bb3eb992a0574d0c81dcfbd456974ff9264223f13,c1881d4f6c0f31cc50171d6c3004faa1325b5e8d,coverage_expected,0.9337641357027464,fraction
ladder,S1_nominal,kalman,2,10,True,S1_nominal__kalman__seed2,c45f068e83a0db5af8037bcec208da070545216f5240a590ba8286dfcee1b0b4,2dcdf9429baa9fcc847cc03bb3eb992a0574d0c81dcfbd456974ff9264223f13,c1881d4f6c0f31cc50171d6c3004faa1325b5e8d,coverage_expected,0.9807544264819091,fraction
ladder,S1_nominal,kalman,3,10,True,S1_nominal__kalman__seed3,7f808862af70bdf5f8b721f954c967c9d3eb0d071e708e4f266d8f7901642f98,2dcdf9429baa9fcc847cc03bb3eb992a0574d0c81dcfbd456974ff9264223f13,c1881d4f6c0f31cc50171d6c3004faa1325b5e8d,coverage_expected,0.9670588235294117,fraction
ladder,S2_thermal_cycle,static_affine,1,10,True,S2_thermal_cycle__static_affine__seed1,a9d23ff021d7d7330d2f7690ce6fe1a23e9face2bceffa30bb9e10eb4c70e685,535f10e6c30103272f64653e50d0578cbf5af363b23f0ecbad28905519d7af3d,c1881d4f6c0f31cc50171d6c3004faa1325b5e8d,coverage_expected,0.9389756059298768,fraction
ladder,S2_thermal_cycle,static_affine,2,10,True,S2_thermal_cycle__static_affine__seed2,19c57e97290995438510692dd0c87d401ed506ad1b05f6b88446276b5f326325,535f10e6c30103272f64653e50d0578cbf5af363b23f0ecbad28905519d7af3d,c1881d4f6c0f31cc50171d6c3004faa1325b5e8d,coverage_expected,0.9516129032258065,fraction
ladder,S2_thermal_cycle,static_affine,3,10,True,S2_thermal_cycle__static_affine__seed3,24befa705b788e8ac92815dc24ece289db28b46d6894613726a31248a0b3f0e9,535f10e6c30103272f64653e50d0578cbf5af363b23f0ecbad28905519d7af3d,c1881d4f6c0f31cc50171d6c3004faa1325b5e8d,coverage_expected,0.9215868588253525,fraction
ladder,S2_thermal_cycle,rls,1,10,True,S2_thermal_cycle__rls__seed1,a9d23ff021d7d7330d2f7690ce6fe1a23e9face2bceffa30bb9e10eb4c70e685,f54c17346089ba805d00d389d8b7c1c3e1cdb89c6515d103c5f0f15f4eb61185,c1881d4f6c0f31cc50171d6c3004faa1325b5e8d,coverage_expected,0.9417209192877872,fraction
ladder,S2_thermal_cycle,rls,2,10,True,S2_thermal_cycle__rls__seed2,19c57e97290995438510692dd0c87d401ed506ad1b05f6b88446276b5f326325,f54c17346089ba805d00d389d8b7c1c3e1cdb89c6515d103c5f0f15f4eb61185,c1881d4f6c0f31cc50171d6c3004faa1325b5e8d,coverage_expected,0.9573009194327567,fraction
ladder,S2_thermal_cycle,rls,3,10,True,S2_thermal_cycle__rls__seed3,24befa705b788e8ac92815dc24ece289db28b46d6894613726a31248a0b3f0e9,f54c17346089ba805d00d389d8b7c1c3e1cdb89c6515d103c5f0f15f4eb61185,c1881d4f6c0f31cc50171d6c3004faa1325b5e8d,coverage_expected,0.9394080272741361,fraction
ladder,S2_thermal_cycle,kalman,1,10,True,S2_thermal_cycle__kalman__seed1,a9d23ff021d7d7330d2f7690ce6fe1a23e9face2bceffa30bb9e10eb4c70e685,2dcdf9429baa9fcc847cc03bb3eb992a0574d0c81dcfbd456974ff9264223f13,c1881d4f6c0f31cc50171d6c3004faa1325b5e8d,coverage_expected,0.9664287395089811,fraction
ladder,S2_thermal_cycle,kalman,2,10,True,S2_thermal_cycle__kalman__seed2,19c57e97290995438510692dd0c87d401ed506ad1b05f6b88446276b5f326325,2dcdf9429baa9fcc847cc03bb3eb992a0574d0c81dcfbd456974ff9264223f13,c1881d4f6c0f31cc50171d6c3004faa1325b5e8d,coverage_expected,0.9581580177653108,fraction
ladder,S2_thermal_cycle,kalman,3,10,True,S2_thermal_cycle__kalman__seed3,24befa705b788e8ac92815dc24ece289db28b46d6894613726a31248a0b3f0e9,2dcdf9429baa9fcc847cc03bb3eb992a0574d0c81dcfbd456974ff9264223f13,c1881d4f6c0f31cc50171d6c3004faa1325b5e8d,coverage_expected,0.9523477452347745,fraction
ladder,S3_zero_drift_walk,static_affine,1,10,True,S3_zero_drift_walk__static_affine__seed1,f100b6d8743f0beb23a874f69b02d3ff86fd69d1b80c3005bc53c22fbf24242c,535f10e6c30103272f64653e50d0578cbf5af363b23f0ecbad28905519d7af3d,c1881d4f6c0f31cc50171d6c3004faa1325b5e8d,coverage_expected,0.945645055664702,fraction
ladder,S3_zero_drift_walk,static_affine,2,10,True,S3_zero_drift_walk__static_affine__seed2,d908b1eec1d6ca010fbfed3dff58421d1657520e5136c0976972c56a507b8a71,535f10e6c30103272f64653e50d0578cbf5af363b23f0ecbad28905519d7af3d,c1881d4f6c0f31cc50171d6c3004faa1325b5e8d,coverage_expected,0.9505801461108724,fraction
ladder,S3_zero_drift_walk,static_affine,3,10,True,S3_zero_drift_walk__static_affine__seed3,e65e6377500da0315dac92d9d159e61875ec095bbab24aed7387d0c3eeb9a9db,535f10e6c30103272f64653e50d0578cbf5af363b23f0ecbad28905519d7af3d,c1881d4f6c0f31cc50171d6c3004faa1325b5e8d,coverage_expected,0.920515574650913,fraction
ladder,S3_zero_drift_walk,rls,1,10,True,S3_zero_drift_walk__rls__seed1,f100b6d8743f0beb23a874f69b02d3ff86fd69d1b80c3005bc53c22fbf24242c,f54c17346089ba805d00d389d8b7c1c3e1cdb89c6515d103c5f0f15f4eb61185,c1881d4f6c0f31cc50171d6c3004faa1325b5e8d,coverage_expected,0.9438987120716,fraction
ladder,S3_zero_drift_walk,rls,2,10,True,S3_zero_drift_walk__rls__seed2,d908b1eec1d6ca010fbfed3dff58421d1657520e5136c0976972c56a507b8a71,f54c17346089ba805d00d389d8b7c1c3e1cdb89c6515d103c5f0f15f4eb61185,c1881d4f6c0f31cc50171d6c3004faa1325b5e8d,coverage_expected,0.9512247529007306,fraction
ladder,S3_zero_drift_walk,rls,3,10,True,S3_zero_drift_walk__rls__seed3,e65e6377500da0315dac92d9d159e61875ec095bbab24aed7387d0c3eeb9a9db,f54c17346089ba805d00d389d8b7c1c3e1cdb89c6515d103c5f0f15f4eb61185,c1881d4f6c0f31cc50171d6c3004faa1325b5e8d,coverage_expected,0.9374865735767991,fraction
ladder,S3_zero_drift_walk,kalman,1,10,True,S3_zero_drift_walk__kalman__seed1,f100b6d8743f0beb23a874f69b02d3ff86fd69d1b80c3005bc53c22fbf24242c,2dcdf9429baa9fcc847cc03bb3eb992a0574d0c81dcfbd456974ff9264223f13,c1881d4f6c0f31cc50171d6c3004faa1325b5e8d,coverage_expected,0.9764243614931237,fraction
ladder,S3_zero_drift_walk,kalman,2,10,True,S3_zero_drift_walk__kalman__seed2,d908b1eec1d6ca010fbfed3dff58421d1657520e5136c0976972c56a507b8a71,2dcdf9429baa9fcc847cc03bb3eb992a0574d0c81dcfbd456974ff9264223f13,c1881d4f6c0f31cc50171d6c3004faa1325b5e8d,coverage_expected,0.9581005586592178,fraction
ladder,S3_zero_drift_walk,kalman,3,10,True,S3_zero_drift_walk__kalman__seed3,e65e6377500da0315dac92d9d159e61875ec095bbab24aed7387d0c3eeb9a9db,2dcdf9429baa9fcc847cc03bb3eb992a0574d0c81dcfbd456974ff9264223f13,c1881d4f6c0f31cc50171d6c3004faa1325b5e8d,coverage_expected,0.9613319011815252,fraction
ladder,S4_step_fault,static_affine,1,10,True,S4_step_fault__static_affine__seed1,7d29a6d7dca932314e512c265e0e559ec6cc02e548aa25349a95d1f29dbf9ef1,535f10e6c30103272f64653e50d0578cbf5af363b23f0ecbad28905519d7af3d,c1881d4f6c0f31cc50171d6c3004faa1325b5e8d,coverage_expected,0.8758389261744967,fraction
ladder,S4_step_fault,static_affine,2,10,True,S4_step_fault__static_affine__seed2,adc80992e5ad2b0074c2ccb5fd189429c3fd11d2d51d242aa1caec078b0db1d2,535f10e6c30103272f64653e50d0578cbf5af363b23f0ecbad28905519d7af3d,c1881d4f6c0f31cc50171d6c3004faa1325b5e8d,coverage_expected,0.931295304128585,fraction
ladder,S4_step_fault,static_affine,3,10,True,S4_step_fault__static_affine__seed3,755a0aa70d2f3fe05534c8cb137d5df18ed16325d4692fc840c3daee2c8a8c92,535f10e6c30103272f64653e50d0578cbf5af363b23f0ecbad28905519d7af3d,c1881d4f6c0f31cc50171d6c3004faa1325b5e8d,coverage_expected,0.9121221564350265,fraction
ladder,S4_step_fault,rls,1,10,True,S4_step_fault__rls__seed1,7d29a6d7dca932314e512c265e0e559ec6cc02e548aa25349a95d1f29dbf9ef1,f54c17346089ba805d00d389d8b7c1c3e1cdb89c6515d103c5f0f15f4eb61185,c1881d4f6c0f31cc50171d6c3004faa1325b5e8d,coverage_expected,0.9149626744563454,fraction
ladder,S4_step_fault,rls,2,10,True,S4_step_fault__rls__seed2,adc80992e5ad2b0074c2ccb5fd189429c3fd11d2d51d242aa1caec078b0db1d2,f54c17346089ba805d00d389d8b7c1c3e1cdb89c6515d103c5f0f15f4eb61185,c1881d4f6c0f31cc50171d6c3004faa1325b5e8d,coverage_expected,0.9568231957138355,fraction
ladder,S4_step_fault,rls,3,10,True,S4_step_fault__rls__seed3,755a0aa70d2f3fe05534c8cb137d5df18ed16325d4692fc840c3daee2c8a8c92,f54c17346089ba805d00d389d8b7c1c3e1cdb89c6515d103c5f0f15f4eb61185,c1881d4f6c0f31cc50171d6c3004faa1325b5e8d,coverage_expected,0.9514563106796117,fraction
ladder,S4_step_fault,kalman,1,10,True,S4_step_fault__kalman__seed1,7d29a6d7dca932314e512c265e0e559ec6cc02e548aa25349a95d1f29dbf9ef1,2dcdf9429baa9fcc847cc03bb3eb992a0574d0c81dcfbd456974ff9264223f13,c1881d4f6c0f31cc50171d6c3004faa1325b5e8d,coverage_expected,0.9850198715988994,fraction
ladder,S4_step_fault,kalman,2,10,True,S4_step_fault__kalman__seed2,adc80992e5ad2b0074c2ccb5fd189429c3fd11d2d51d242aa1caec078b0db1d2,2dcdf9429baa9fcc847cc03bb3eb992a0574d0c81dcfbd456974ff9264223f13,c1881d4f6c0f31cc50171d6c3004faa1325b5e8d,coverage_expected,0.9884032114183765,fraction
ladder,S4_step_fault,kalman,3,10,True,S4_step_fault__kalman__seed3,755a0aa70d2f3fe05534c8cb137d5df18ed16325d4692fc840c3daee2c8a8c92,2dcdf9429baa9fcc847cc03bb3eb992a0574d0c81dcfbd456974ff9264223f13,c1881d4f6c0f31cc50171d6c3004faa1325b5e8d,coverage_expected,0.9485142689026184,fraction
ladder,S5_outage,static_affine,1,10,True,S5_outage__static_affine__seed1,ab25696964de9a9bd056c05f5021821512f6128f06fede373f779014f2fed9d8,535f10e6c30103272f64653e50d0578cbf5af363b23f0ecbad28905519d7af3d,c1881d4f6c0f31cc50171d6c3004faa1325b5e8d,coverage_expected,0.8980582524271845,fraction
ladder,S5_outage,static_affine,2,10,True,S5_outage__static_affine__seed2,0052a68ebb4dd1334f0378cfa6defa07917942ba64b15d70b6cd736642ab3e2c,535f10e6c30103272f64653e50d0578cbf5af363b23f0ecbad28905519d7af3d,c1881d4f6c0f31cc50171d6c3004faa1325b5e8d,coverage_expected,0.9621036349574633,fraction
ladder,S5_outage,static_affine,3,10,True,S5_outage__static_affine__seed3,e71247b8c58f106fad94f1fa68a340a88baac5595f00b577c8912131cd60a6c4,535f10e6c30103272f64653e50d0578cbf5af363b23f0ecbad28905519d7af3d,c1881d4f6c0f31cc50171d6c3004faa1325b5e8d,coverage_expected,0.9024390243902439,fraction
ladder,S5_outage,rls,1,10,True,S5_outage__rls__seed1,ab25696964de9a9bd056c05f5021821512f6128f06fede373f779014f2fed9d8,f54c17346089ba805d00d389d8b7c1c3e1cdb89c6515d103c5f0f15f4eb61185,c1881d4f6c0f31cc50171d6c3004faa1325b5e8d,coverage_expected,0.883495145631068,fraction
ladder,S5_outage,rls,2,10,True,S5_outage__rls__seed2,0052a68ebb4dd1334f0378cfa6defa07917942ba64b15d70b6cd736642ab3e2c,f54c17346089ba805d00d389d8b7c1c3e1cdb89c6515d103c5f0f15f4eb61185,c1881d4f6c0f31cc50171d6c3004faa1325b5e8d,coverage_expected,0.9729311678267595,fraction
ladder,S5_outage,rls,3,10,True,S5_outage__rls__seed3,e71247b8c58f106fad94f1fa68a340a88baac5595f00b577c8912131cd60a6c4,f54c17346089ba805d00d389d8b7c1c3e1cdb89c6515d103c5f0f15f4eb61185,c1881d4f6c0f31cc50171d6c3004faa1325b5e8d,coverage_expected,0.946498819826908,fraction
ladder,S5_outage,kalman,1,10,True,S5_outage__kalman__seed1,ab25696964de9a9bd056c05f5021821512f6128f06fede373f779014f2fed9d8,2dcdf9429baa9fcc847cc03bb3eb992a0574d0c81dcfbd456974ff9264223f13,c1881d4f6c0f31cc50171d6c3004faa1325b5e8d,coverage_expected,0.9935275080906149,fraction
ladder,S5_outage,kalman,2,10,True,S5_outage__kalman__seed2,0052a68ebb4dd1334f0378cfa6defa07917942ba64b15d70b6cd736642ab3e2c,2dcdf9429baa9fcc847cc03bb3eb992a0574d0c81dcfbd456974ff9264223f13,c1881d4f6c0f31cc50171d6c3004faa1325b5e8d,coverage_expected,0.9930394431554525,fraction
ladder,S5_outage,kalman,3,10,True,S5_outage__kalman__seed3,e71247b8c58f106fad94f1fa68a340a88baac5595f00b577c8912131cd60a6c4,2dcdf9429baa9fcc847cc03bb3eb992a0574d0c81dcfbd456974ff9264223f13,c1881d4f6c0f31cc50171d6c3004faa1325b5e8d,coverage_expected,0.9795436664044059,fraction
ladder,S6_combined,static_affine,1,10,True,S6_combined__static_affine__seed1,b3cf8d14b3aed8b1d65ab4497dcbfb879dbda2ce1da03bb07f6401c9b4b9bd4a,535f10e6c30103272f64653e50d0578cbf5af363b23f0ecbad28905519d7af3d,c1881d4f6c0f31cc50171d6c3004faa1325b5e8d,coverage_expected,0.901659496004917,fraction
ladder,S6_combined,static_affine,2,10,True,S6_combined__static_affine__seed2,e4f7ab87faf6982be139dc8af97757bff8d540d357c41e3d06ec298e4dd75854,535f10e6c30103272f64653e50d0578cbf5af363b23f0ecbad28905519d7af3d,c1881d4f6c0f31cc50171d6c3004faa1325b5e8d,coverage_expected,0.9169644734076099,fraction
ladder,S6_combined,static_affine,3,10,True,S6_combined__static_affine__seed3,c371bfebbbdb510b204e19fcaedea3c47a4e8b6d77499f04ee6ac55d13fed988,535f10e6c30103272f64653e50d0578cbf5af363b23f0ecbad28905519d7af3d,c1881d4f6c0f31cc50171d6c3004faa1325b5e8d,coverage_expected,0.9186562433974224,fraction
ladder,S6_combined,rls,1,10,True,S6_combined__rls__seed1,b3cf8d14b3aed8b1d65ab4497dcbfb879dbda2ce1da03bb07f6401c9b4b9bd4a,f54c17346089ba805d00d389d8b7c1c3e1cdb89c6515d103c5f0f15f4eb61185,c1881d4f6c0f31cc50171d6c3004faa1325b5e8d,coverage_expected,0.9067813972546609,fraction
ladder,S6_combined,rls,2,10,True,S6_combined__rls__seed2,e4f7ab87faf6982be139dc8af97757bff8d540d357c41e3d06ec298e4dd75854,f54c17346089ba805d00d389d8b7c1c3e1cdb89c6515d103c5f0f15f4eb61185,c1881d4f6c0f31cc50171d6c3004faa1325b5e8d,coverage_expected,0.9108550636749545,fraction
ladder,S6_combined,rls,3,10,True,S6_combined__rls__seed3,c371bfebbbdb510b204e19fcaedea3c47a4e8b6d77499f04ee6ac55d13fed988,f54c17346089ba805d00d389d8b7c1c3e1cdb89c6515d103c5f0f15f4eb61185,c1881d4f6c0f31cc50171d6c3004faa1325b5e8d,coverage_expected,0.9209803507289246,fraction
ladder,S6_combined,kalman,1,10,True,S6_combined__kalman__seed1,b3cf8d14b3aed8b1d65ab4497dcbfb879dbda2ce1da03bb07f6401c9b4b9bd4a,2dcdf9429baa9fcc847cc03bb3eb992a0574d0c81dcfbd456974ff9264223f13,c1881d4f6c0f31cc50171d6c3004faa1325b5e8d,coverage_expected,0.9192788363040361,fraction
ladder,S6_combined,kalman,2,10,True,S6_combined__kalman__seed2,e4f7ab87faf6982be139dc8af97757bff8d540d357c41e3d06ec298e4dd75854,2dcdf9429baa9fcc847cc03bb3eb992a0574d0c81dcfbd456974ff9264223f13,c1881d4f6c0f31cc50171d6c3004faa1325b5e8d,coverage_expected,0.9076207802708712,fraction
ladder,S6_combined,kalman,3,10,True,S6_combined__kalman__seed3,c371bfebbbdb510b204e19fcaedea3c47a4e8b6d77499f04ee6ac55d13fed988,2dcdf9429baa9fcc847cc03bb3eb992a0574d0c81dcfbd456974ff9264223f13,c1881d4f6c0f31cc50171d6c3004faa1325b5e8d,coverage_expected,0.9264676010562665,fraction
ladder,S7_sparse_reference,static_affine,1,10,True,S7_sparse_reference__static_affine__seed1,24835dafebd07f6facda17ec68b148ca21bd70070201cdbfe1cf136d6c2da50a,535f10e6c30103272f64653e50d0578cbf5af363b23f0ecbad28905519d7af3d,c1881d4f6c0f31cc50171d6c3004faa1325b5e8d,coverage_expected,0.8912421293646251,fraction
ladder,S7_sparse_reference,static_affine,2,10,True,S7_sparse_reference__static_affine__seed2,1830f9600d18220efd37edc0ed15951b55aee715e2061c3ef38b60364f8b8678,535f10e6c30103272f64653e50d0578cbf5af363b23f0ecbad28905519d7af3d,c1881d4f6c0f31cc50171d6c3004faa1325b5e8d,coverage_expected,0.893907115466553,fraction
ladder,S7_sparse_reference,static_affine,3,10,True,S7_sparse_reference__static_affine__seed3,b10da6cea2c796fcd510a2c7d7f3d2074f0eed008477bb57609f09be0a5cc888,535f10e6c30103272f64653e50d0578cbf5af363b23f0ecbad28905519d7af3d,c1881d4f6c0f31cc50171d6c3004faa1325b5e8d,coverage_expected,0.8735990920697971,fraction
ladder,S7_sparse_reference,rls,1,10,True,S7_sparse_reference__rls__seed1,24835dafebd07f6facda17ec68b148ca21bd70070201cdbfe1cf136d6c2da50a,f54c17346089ba805d00d389d8b7c1c3e1cdb89c6515d103c5f0f15f4eb61185,c1881d4f6c0f31cc50171d6c3004faa1325b5e8d,coverage_expected,0.9331711505437894,fraction
ladder,S7_sparse_reference,rls,2,10,True,S7_sparse_reference__rls__seed2,1830f9600d18220efd37edc0ed15951b55aee715e2061c3ef38b60364f8b8678,f54c17346089ba805d00d389d8b7c1c3e1cdb89c6515d103c5f0f15f4eb61185,c1881d4f6c0f31cc50171d6c3004faa1325b5e8d,coverage_expected,0.945888368129527,fraction
ladder,S7_sparse_reference,rls,3,10,True,S7_sparse_reference__rls__seed3,b10da6cea2c796fcd510a2c7d7f3d2074f0eed008477bb57609f09be0a5cc888,f54c17346089ba805d00d389d8b7c1c3e1cdb89c6515d103c5f0f15f4eb61185,c1881d4f6c0f31cc50171d6c3004faa1325b5e8d,coverage_expected,0.9313377784082849,fraction
ladder,S7_sparse_reference,kalman,1,10,True,S7_sparse_reference__kalman__seed1,24835dafebd07f6facda17ec68b148ca21bd70070201cdbfe1cf136d6c2da50a,2dcdf9429baa9fcc847cc03bb3eb992a0574d0c81dcfbd456974ff9264223f13,c1881d4f6c0f31cc50171d6c3004faa1325b5e8d,coverage_expected,0.9586433886662851,fraction
ladder,S7_sparse_reference,kalman,2,10,True,S7_sparse_reference__kalman__seed2,1830f9600d18220efd37edc0ed15951b55aee715e2061c3ef38b60364f8b8678,2dcdf9429baa9fcc847cc03bb3eb992a0574d0c81dcfbd456974ff9264223f13,c1881d4f6c0f31cc50171d6c3004faa1325b5e8d,coverage_expected,0.9511433035080245,fraction
ladder,S7_sparse_reference,kalman,3,10,True,S7_sparse_reference__kalman__seed3,b10da6cea2c796fcd510a2c7d7f3d2074f0eed008477bb57609f09be0a5cc888,2dcdf9429baa9fcc847cc03bb3eb992a0574d0c81dcfbd456974ff9264223f13,c1881d4f6c0f31cc50171d6c3004faa1325b5e8d,coverage_expected,0.9563058589870904,fraction
ladder,S1_nominal,static_affine,1,10,True,S1_nominal__static_affine__seed1,1f0eb7d0a64d2c9430bd781be2ad3a6383c85935e18ff7809210a4dbae3f4f74,535f10e6c30103272f64653e50d0578cbf5af363b23f0ecbad28905519d7af3d,c1881d4f6c0f31cc50171d6c3004faa1325b5e8d,recall,,fraction
ladder,S1_nominal,static_affine,2,10,True,S1_nominal__static_affine__seed2,c45f068e83a0db5af8037bcec208da070545216f5240a590ba8286dfcee1b0b4,535f10e6c30103272f64653e50d0578cbf5af363b23f0ecbad28905519d7af3d,c1881d4f6c0f31cc50171d6c3004faa1325b5e8d,recall,,fraction
ladder,S1_nominal,static_affine,3,10,True,S1_nominal__static_affine__seed3,7f808862af70bdf5f8b721f954c967c9d3eb0d071e708e4f266d8f7901642f98,535f10e6c30103272f64653e50d0578cbf5af363b23f0ecbad28905519d7af3d,c1881d4f6c0f31cc50171d6c3004faa1325b5e8d,recall,,fraction
ladder,S1_nominal,rls,1,10,True,S1_nominal__rls__seed1,1f0eb7d0a64d2c9430bd781be2ad3a6383c85935e18ff7809210a4dbae3f4f74,f54c17346089ba805d00d389d8b7c1c3e1cdb89c6515d103c5f0f15f4eb61185,c1881d4f6c0f31cc50171d6c3004faa1325b5e8d,recall,,fraction
ladder,S1_nominal,rls,2,10,True,S1_nominal__rls__seed2,c45f068e83a0db5af8037bcec208da070545216f5240a590ba8286dfcee1b0b4,f54c17346089ba805d00d389d8b7c1c3e1cdb89c6515d103c5f0f15f4eb61185,c1881d4f6c0f31cc50171d6c3004faa1325b5e8d,recall,,fraction
ladder,S1_nominal,rls,3,10,True,S1_nominal__rls__seed3,7f808862af70bdf5f8b721f954c967c9d3eb0d071e708e4f266d8f7901642f98,f54c17346089ba805d00d389d8b7c1c3e1cdb89c6515d103c5f0f15f4eb61185,c1881d4f6c0f31cc50171d6c3004faa1325b5e8d,recall,,fraction
ladder,S1_nominal,kalman,1,10,True,S1_nominal__kalman__seed1,1f0eb7d0a64d2c9430bd781be2ad3a6383c85935e18ff7809210a4dbae3f4f74,2dcdf9429baa9fcc847cc03bb3eb992a0574d0c81dcfbd456974ff9264223f13,c1881d4f6c0f31cc50171d6c3004faa1325b5e8d,recall,,fraction
ladder,S1_nominal,kalman,2,10,True,S1_nominal__kalman__seed2,c45f068e83a0db5af8037bcec208da070545216f5240a590ba8286dfcee1b0b4,2dcdf9429baa9fcc847cc03bb3eb992a0574d0c81dcfbd456974ff9264223f13,c1881d4f6c0f31cc50171d6c3004faa1325b5e8d,recall,,fraction
ladder,S1_nominal,kalman,3,10,True,S1_nominal__kalman__seed3,7f808862af70bdf5f8b721f954c967c9d3eb0d071e708e4f266d8f7901642f98,2dcdf9429baa9fcc847cc03bb3eb992a0574d0c81dcfbd456974ff9264223f13,c1881d4f6c0f31cc50171d6c3004faa1325b5e8d,recall,,fraction
ladder,S2_thermal_cycle,static_affine,1,10,True,S2_thermal_cycle__static_affine__seed1,a9d23ff021d7d7330d2f7690ce6fe1a23e9face2bceffa30bb9e10eb4c70e685,535f10e6c30103272f64653e50d0578cbf5af363b23f0ecbad28905519d7af3d,c1881d4f6c0f31cc50171d6c3004faa1325b5e8d,recall,,fraction
ladder,S2_thermal_cycle,static_affine,2,10,True,S2_thermal_cycle__static_affine__seed2,19c57e97290995438510692dd0c87d401ed506ad1b05f6b88446276b5f326325,535f10e6c30103272f64653e50d0578cbf5af363b23f0ecbad28905519d7af3d,c1881d4f6c0f31cc50171d6c3004faa1325b5e8d,recall,,fraction
ladder,S2_thermal_cycle,static_affine,3,10,True,S2_thermal_cycle__static_affine__seed3,24befa705b788e8ac92815dc24ece289db28b46d6894613726a31248a0b3f0e9,535f10e6c30103272f64653e50d0578cbf5af363b23f0ecbad28905519d7af3d,c1881d4f6c0f31cc50171d6c3004faa1325b5e8d,recall,,fraction
ladder,S2_thermal_cycle,rls,1,10,True,S2_thermal_cycle__rls__seed1,a9d23ff021d7d7330d2f7690ce6fe1a23e9face2bceffa30bb9e10eb4c70e685,f54c17346089ba805d00d389d8b7c1c3e1cdb89c6515d103c5f0f15f4eb61185,c1881d4f6c0f31cc50171d6c3004faa1325b5e8d,recall,,fraction
ladder,S2_thermal_cycle,rls,2,10,True,S2_thermal_cycle__rls__seed2,19c57e97290995438510692dd0c87d401ed506ad1b05f6b88446276b5f326325,f54c17346089ba805d00d389d8b7c1c3e1cdb89c6515d103c5f0f15f4eb61185,c1881d4f6c0f31cc50171d6c3004faa1325b5e8d,recall,,fraction
ladder,S2_thermal_cycle,rls,3,10,True,S2_thermal_cycle__rls__seed3,24befa705b788e8ac92815dc24ece289db28b46d6894613726a31248a0b3f0e9,f54c17346089ba805d00d389d8b7c1c3e1cdb89c6515d103c5f0f15f4eb61185,c1881d4f6c0f31cc50171d6c3004faa1325b5e8d,recall,,fraction
ladder,S2_thermal_cycle,kalman,1,10,True,S2_thermal_cycle__kalman__seed1,a9d23ff021d7d7330d2f7690ce6fe1a23e9face2bceffa30bb9e10eb4c70e685,2dcdf9429baa9fcc847cc03bb3eb992a0574d0c81dcfbd456974ff9264223f13,c1881d4f6c0f31cc50171d6c3004faa1325b5e8d,recall,,fraction
ladder,S2_thermal_cycle,kalman,2,10,True,S2_thermal_cycle__kalman__seed2,19c57e97290995438510692dd0c87d401ed506ad1b05f6b88446276b5f326325,2dcdf9429baa9fcc847cc03bb3eb992a0574d0c81dcfbd456974ff9264223f13,c1881d4f6c0f31cc50171d6c3004faa1325b5e8d,recall,,fraction
ladder,S2_thermal_cycle,kalman,3,10,True,S2_thermal_cycle__kalman__seed3,24befa705b788e8ac92815dc24ece289db28b46d6894613726a31248a0b3f0e9,2dcdf9429baa9fcc847cc03bb3eb992a0574d0c81dcfbd456974ff9264223f13,c1881d4f6c0f31cc50171d6c3004faa1325b5e8d,recall,,fraction
ladder,S3_zero_drift_walk,static_affine,1,10,True,S3_zero_drift_walk__static_affine__seed1,f100b6d8743f0beb23a874f69b02d3ff86fd69d1b80c3005bc53c22fbf24242c,535f10e6c30103272f64653e50d0578cbf5af363b23f0ecbad28905519d7af3d,c1881d4f6c0f31cc50171d6c3004faa1325b5e8d,recall,,fraction
ladder,S3_zero_drift_walk,static_affine,2,10,True,S3_zero_drift_walk__static_affine__seed2,d908b1eec1d6ca010fbfed3dff58421d1657520e5136c0976972c56a507b8a71,535f10e6c30103272f64653e50d0578cbf5af363b23f0ecbad28905519d7af3d,c1881d4f6c0f31cc50171d6c3004faa1325b5e8d,recall,,fraction
ladder,S3_zero_drift_walk,static_affine,3,10,True,S3_zero_drift_walk__static_affine__seed3,e65e6377500da0315dac92d9d159e61875ec095bbab24aed7387d0c3eeb9a9db,535f10e6c30103272f64653e50d0578cbf5af363b23f0ecbad28905519d7af3d,c1881d4f6c0f31cc50171d6c3004faa1325b5e8d,recall,,fraction
ladder,S3_zero_drift_walk,rls,1,10,True,S3_zero_drift_walk__rls__seed1,f100b6d8743f0beb23a874f69b02d3ff86fd69d1b80c3005bc53c22fbf24242c,f54c17346089ba805d00d389d8b7c1c3e1cdb89c6515d103c5f0f15f4eb61185,c1881d4f6c0f31cc50171d6c3004faa1325b5e8d,recall,,fraction
ladder,S3_zero_drift_walk,rls,2,10,True,S3_zero_drift_walk__rls__seed2,d908b1eec1d6ca010fbfed3dff58421d1657520e5136c0976972c56a507b8a71,f54c17346089ba805d00d389d8b7c1c3e1cdb89c6515d103c5f0f15f4eb61185,c1881d4f6c0f31cc50171d6c3004faa1325b5e8d,recall,,fraction
ladder,S3_zero_drift_walk,rls,3,10,True,S3_zero_drift_walk__rls__seed3,e65e6377500da0315dac92d9d159e61875ec095bbab24aed7387d0c3eeb9a9db,f54c17346089ba805d00d389d8b7c1c3e1cdb89c6515d103c5f0f15f4eb61185,c1881d4f6c0f31cc50171d6c3004faa1325b5e8d,recall,,fraction
ladder,S3_zero_drift_walk,kalman,1,10,True,S3_zero_drift_walk__kalman__seed1,f100b6d8743f0beb23a874f69b02d3ff86fd69d1b80c3005bc53c22fbf24242c,2dcdf9429baa9fcc847cc03bb3eb992a0574d0c81dcfbd456974ff9264223f13,c1881d4f6c0f31cc50171d6c3004faa1325b5e8d,recall,,fraction
ladder,S3_zero_drift_walk,kalman,2,10,True,S3_zero_drift_walk__kalman__seed2,d908b1eec1d6ca010fbfed3dff58421d1657520e5136c0976972c56a507b8a71,2dcdf9429baa9fcc847cc03bb3eb992a0574d0c81dcfbd456974ff9264223f13,c1881d4f6c0f31cc50171d6c3004faa1325b5e8d,recall,,fraction
ladder,S3_zero_drift_walk,kalman,3,10,True,S3_zero_drift_walk__kalman__seed3,e65e6377500da0315dac92d9d159e61875ec095bbab24aed7387d0c3eeb9a9db,2dcdf9429baa9fcc847cc03bb3eb992a0574d0c81dcfbd456974ff9264223f13,c1881d4f6c0f31cc50171d6c3004faa1325b5e8d,recall,,fraction
ladder,S4_step_fault,static_affine,1,10,True,S4_step_fault__static_affine__seed1,7d29a6d7dca932314e512c265e0e559ec6cc02e548aa25349a95d1f29dbf9ef1,535f10e6c30103272f64653e50d0578cbf5af363b23f0ecbad28905519d7af3d,c1881d4f6c0f31cc50171d6c3004faa1325b5e8d,recall,0.0,fraction
ladder,S4_step_fault,static_affine,2,10,True,S4_step_fault__static_affine__seed2,adc80992e5ad2b0074c2ccb5fd189429c3fd11d2d51d242aa1caec078b0db1d2,535f10e6c30103272f64653e50d0578cbf5af363b23f0ecbad28905519d7af3d,c1881d4f6c0f31cc50171d6c3004faa1325b5e8d,recall,0.0,fraction
ladder,S4_step_fault,static_affine,3,10,True,S4_step_fault__static_affine__seed3,755a0aa70d2f3fe05534c8cb137d5df18ed16325d4692fc840c3daee2c8a8c92,535f10e6c30103272f64653e50d0578cbf5af363b23f0ecbad28905519d7af3d,c1881d4f6c0f31cc50171d6c3004faa1325b5e8d,recall,0.5,fraction
ladder,S4_step_fault,rls,1,10,True,S4_step_fault__rls__seed1,7d29a6d7dca932314e512c265e0e559ec6cc02e548aa25349a95d1f29dbf9ef1,f54c17346089ba805d00d389d8b7c1c3e1cdb89c6515d103c5f0f15f4eb61185,c1881d4f6c0f31cc50171d6c3004faa1325b5e8d,recall,0.0,fraction
ladder,S4_step_fault,rls,2,10,True,S4_step_fault__rls__seed2,adc80992e5ad2b0074c2ccb5fd189429c3fd11d2d51d242aa1caec078b0db1d2,f54c17346089ba805d00d389d8b7c1c3e1cdb89c6515d103c5f0f15f4eb61185,c1881d4f6c0f31cc50171d6c3004faa1325b5e8d,recall,0.0,fraction
ladder,S4_step_fault,rls,3,10,True,S4_step_fault__rls__seed3,755a0aa70d2f3fe05534c8cb137d5df18ed16325d4692fc840c3daee2c8a8c92,f54c17346089ba805d00d389d8b7c1c3e1cdb89c6515d103c5f0f15f4eb61185,c1881d4f6c0f31cc50171d6c3004faa1325b5e8d,recall,0.5,fraction
ladder,S4_step_fault,kalman,1,10,True,S4_step_fault__kalman__seed1,7d29a6d7dca932314e512c265e0e559ec6cc02e548aa25349a95d1f29dbf9ef1,2dcdf9429baa9fcc847cc03bb3eb992a0574d0c81dcfbd456974ff9264223f13,c1881d4f6c0f31cc50171d6c3004faa1325b5e8d,recall,0.0,fraction
ladder,S4_step_fault,kalman,2,10,True,S4_step_fault__kalman__seed2,adc80992e5ad2b0074c2ccb5fd189429c3fd11d2d51d242aa1caec078b0db1d2,2dcdf9429baa9fcc847cc03bb3eb992a0574d0c81dcfbd456974ff9264223f13,c1881d4f6c0f31cc50171d6c3004faa1325b5e8d,recall,0.0,fraction
ladder,S4_step_fault,kalman,3,10,True,S4_step_fault__kalman__seed3,755a0aa70d2f3fe05534c8cb137d5df18ed16325d4692fc840c3daee2c8a8c92,2dcdf9429baa9fcc847cc03bb3eb992a0574d0c81dcfbd456974ff9264223f13,c1881d4f6c0f31cc50171d6c3004faa1325b5e8d,recall,0.5,fraction
ladder,S5_outage,static_affine,1,10,True,S5_outage__static_affine__seed1,ab25696964de9a9bd056c05f5021821512f6128f06fede373f779014f2fed9d8,535f10e6c30103272f64653e50d0578cbf5af363b23f0ecbad28905519d7af3d,c1881d4f6c0f31cc50171d6c3004faa1325b5e8d,recall,,fraction
ladder,S5_outage,static_affine,2,10,True,S5_outage__static_affine__seed2,0052a68ebb4dd1334f0378cfa6defa07917942ba64b15d70b6cd736642ab3e2c,535f10e6c30103272f64653e50d0578cbf5af363b23f0ecbad28905519d7af3d,c1881d4f6c0f31cc50171d6c3004faa1325b5e8d,recall,,fraction
ladder,S5_outage,static_affine,3,10,True,S5_outage__static_affine__seed3,e71247b8c58f106fad94f1fa68a340a88baac5595f00b577c8912131cd60a6c4,535f10e6c30103272f64653e50d0578cbf5af363b23f0ecbad28905519d7af3d,c1881d4f6c0f31cc50171d6c3004faa1325b5e8d,recall,,fraction
ladder,S5_outage,rls,1,10,True,S5_outage__rls__seed1,ab25696964de9a9bd056c05f5021821512f6128f06fede373f779014f2fed9d8,f54c17346089ba805d00d389d8b7c1c3e1cdb89c6515d103c5f0f15f4eb61185,c1881d4f6c0f31cc50171d6c3004faa1325b5e8d,recall,,fraction
ladder,S5_outage,rls,2,10,True,S5_outage__rls__seed2,0052a68ebb4dd1334f0378cfa6defa07917942ba64b15d70b6cd736642ab3e2c,f54c17346089ba805d00d389d8b7c1c3e1cdb89c6515d103c5f0f15f4eb61185,c1881d4f6c0f31cc50171d6c3004faa1325b5e8d,recall,,fraction
ladder,S5_outage,rls,3,10,True,S5_outage__rls__seed3,e71247b8c58f106fad94f1fa68a340a88baac5595f00b577c8912131cd60a6c4,f54c17346089ba805d00d389d8b7c1c3e1cdb89c6515d103c5f0f15f4eb61185,c1881d4f6c0f31cc50171d6c3004faa1325b5e8d,recall,,fraction
ladder,S5_outage,kalman,1,10,True,S5_outage__kalman__seed1,ab25696964de9a9bd056c05f5021821512f6128f06fede373f779014f2fed9d8,2dcdf9429baa9fcc847cc03bb3eb992a0574d0c81dcfbd456974ff9264223f13,c1881d4f6c0f31cc50171d6c3004faa1325b5e8d,recall,,fraction
ladder,S5_outage,kalman,2,10,True,S5_outage__kalman__seed2,0052a68ebb4dd1334f0378cfa6defa07917942ba64b15d70b6cd736642ab3e2c,2dcdf9429baa9fcc847cc03bb3eb992a0574d0c81dcfbd456974ff9264223f13,c1881d4f6c0f31cc50171d6c3004faa1325b5e8d,recall,,fraction
ladder,S5_outage,kalman,3,10,True,S5_outage__kalman__seed3,e71247b8c58f106fad94f1fa68a340a88baac5595f00b577c8912131cd60a6c4,2dcdf9429baa9fcc847cc03bb3eb992a0574d0c81dcfbd456974ff9264223f13,c1881d4f6c0f31cc50171d6c3004faa1325b5e8d,recall,,fraction
ladder,S6_combined,static_affine,1,10,True,S6_combined__static_affine__seed1,b3cf8d14b3aed8b1d65ab4497dcbfb879dbda2ce1da03bb07f6401c9b4b9bd4a,535f10e6c30103272f64653e50d0578cbf5af363b23f0ecbad28905519d7af3d,c1881d4f6c0f31cc50171d6c3004faa1325b5e8d,recall,0.5,fraction
ladder,S6_combined,static_affine,2,10,True,S6_combined__static_affine__seed2,e4f7ab87faf6982be139dc8af97757bff8d540d357c41e3d06ec298e4dd75854,535f10e6c30103272f64653e50d0578cbf5af363b23f0ecbad28905519d7af3d,c1881d4f6c0f31cc50171d6c3004faa1325b5e8d,recall,0.0,fraction
ladder,S6_combined,static_affine,3,10,True,S6_combined__static_affine__seed3,c371bfebbbdb510b204e19fcaedea3c47a4e8b6d77499f04ee6ac55d13fed988,535f10e6c30103272f64653e50d0578cbf5af363b23f0ecbad28905519d7af3d,c1881d4f6c0f31cc50171d6c3004faa1325b5e8d,recall,0.0,fraction
ladder,S6_combined,rls,1,10,True,S6_combined__rls__seed1,b3cf8d14b3aed8b1d65ab4497dcbfb879dbda2ce1da03bb07f6401c9b4b9bd4a,f54c17346089ba805d00d389d8b7c1c3e1cdb89c6515d103c5f0f15f4eb61185,c1881d4f6c0f31cc50171d6c3004faa1325b5e8d,recall,0.0,fraction
ladder,S6_combined,rls,2,10,True,S6_combined__rls__seed2,e4f7ab87faf6982be139dc8af97757bff8d540d357c41e3d06ec298e4dd75854,f54c17346089ba805d00d389d8b7c1c3e1cdb89c6515d103c5f0f15f4eb61185,c1881d4f6c0f31cc50171d6c3004faa1325b5e8d,recall,0.0,fraction
ladder,S6_combined,rls,3,10,True,S6_combined__rls__seed3,c371bfebbbdb510b204e19fcaedea3c47a4e8b6d77499f04ee6ac55d13fed988,f54c17346089ba805d00d389d8b7c1c3e1cdb89c6515d103c5f0f15f4eb61185,c1881d4f6c0f31cc50171d6c3004faa1325b5e8d,recall,0.0,fraction
ladder,S6_combined,kalman,1,10,True,S6_combined__kalman__seed1,b3cf8d14b3aed8b1d65ab4497dcbfb879dbda2ce1da03bb07f6401c9b4b9bd4a,2dcdf9429baa9fcc847cc03bb3eb992a0574d0c81dcfbd456974ff9264223f13,c1881d4f6c0f31cc50171d6c3004faa1325b5e8d,recall,0.0,fraction
ladder,S6_combined,kalman,2,10,True,S6_combined__kalman__seed2,e4f7ab87faf6982be139dc8af97757bff8d540d357c41e3d06ec298e4dd75854,2dcdf9429baa9fcc847cc03bb3eb992a0574d0c81dcfbd456974ff9264223f13,c1881d4f6c0f31cc50171d6c3004faa1325b5e8d,recall,0.0,fraction
ladder,S6_combined,kalman,3,10,True,S6_combined__kalman__seed3,c371bfebbbdb510b204e19fcaedea3c47a4e8b6d77499f04ee6ac55d13fed988,2dcdf9429baa9fcc847cc03bb3eb992a0574d0c81dcfbd456974ff9264223f13,c1881d4f6c0f31cc50171d6c3004faa1325b5e8d,recall,0.0,fraction
ladder,S7_sparse_reference,static_affine,1,10,True,S7_sparse_reference__static_affine__seed1,24835dafebd07f6facda17ec68b148ca21bd70070201cdbfe1cf136d6c2da50a,535f10e6c30103272f64653e50d0578cbf5af363b23f0ecbad28905519d7af3d,c1881d4f6c0f31cc50171d6c3004faa1325b5e8d,recall,0.0,fraction
ladder,S7_sparse_reference,static_affine,2,10,True,S7_sparse_reference__static_affine__seed2,1830f9600d18220efd37edc0ed15951b55aee715e2061c3ef38b60364f8b8678,535f10e6c30103272f64653e50d0578cbf5af363b23f0ecbad28905519d7af3d,c1881d4f6c0f31cc50171d6c3004faa1325b5e8d,recall,0.0,fraction
ladder,S7_sparse_reference,static_affine,3,10,True,S7_sparse_reference__static_affine__seed3,b10da6cea2c796fcd510a2c7d7f3d2074f0eed008477bb57609f09be0a5cc888,535f10e6c30103272f64653e50d0578cbf5af363b23f0ecbad28905519d7af3d,c1881d4f6c0f31cc50171d6c3004faa1325b5e8d,recall,0.0,fraction
ladder,S7_sparse_reference,rls,1,10,True,S7_sparse_reference__rls__seed1,24835dafebd07f6facda17ec68b148ca21bd70070201cdbfe1cf136d6c2da50a,f54c17346089ba805d00d389d8b7c1c3e1cdb89c6515d103c5f0f15f4eb61185,c1881d4f6c0f31cc50171d6c3004faa1325b5e8d,recall,0.0,fraction
ladder,S7_sparse_reference,rls,2,10,True,S7_sparse_reference__rls__seed2,1830f9600d18220efd37edc0ed15951b55aee715e2061c3ef38b60364f8b8678,f54c17346089ba805d00d389d8b7c1c3e1cdb89c6515d103c5f0f15f4eb61185,c1881d4f6c0f31cc50171d6c3004faa1325b5e8d,recall,1.0,fraction
ladder,S7_sparse_reference,rls,3,10,True,S7_sparse_reference__rls__seed3,b10da6cea2c796fcd510a2c7d7f3d2074f0eed008477bb57609f09be0a5cc888,f54c17346089ba805d00d389d8b7c1c3e1cdb89c6515d103c5f0f15f4eb61185,c1881d4f6c0f31cc50171d6c3004faa1325b5e8d,recall,0.0,fraction
ladder,S7_sparse_reference,kalman,1,10,True,S7_sparse_reference__kalman__seed1,24835dafebd07f6facda17ec68b148ca21bd70070201cdbfe1cf136d6c2da50a,2dcdf9429baa9fcc847cc03bb3eb992a0574d0c81dcfbd456974ff9264223f13,c1881d4f6c0f31cc50171d6c3004faa1325b5e8d,recall,0.0,fraction
ladder,S7_sparse_reference,kalman,2,10,True,S7_sparse_reference__kalman__seed2,1830f9600d18220efd37edc0ed15951b55aee715e2061c3ef38b60364f8b8678,2dcdf9429baa9fcc847cc03bb3eb992a0574d0c81dcfbd456974ff9264223f13,c1881d4f6c0f31cc50171d6c3004faa1325b5e8d,recall,0.0,fraction
ladder,S7_sparse_reference,kalman,3,10,True,S7_sparse_reference__kalman__seed3,b10da6cea2c796fcd510a2c7d7f3d2074f0eed008477bb57609f09be0a5cc888,2dcdf9429baa9fcc847cc03bb3eb992a0574d0c81dcfbd456974ff9264223f13,c1881d4f6c0f31cc50171d6c3004faa1325b5e8d,recall,0.0,fraction
ladder,S1_nominal,static_affine,1,10,True,S1_nominal__static_affine__seed1,1f0eb7d0a64d2c9430bd781be2ad3a6383c85935e18ff7809210a4dbae3f4f74,535f10e6c30103272f64653e50d0578cbf5af363b23f0ecbad28905519d7af3d,c1881d4f6c0f31cc50171d6c3004faa1325b5e8d,false_positive_rate,0.0,fraction
ladder,S1_nominal,static_affine,2,10,True,S1_nominal__static_affine__seed2,c45f068e83a0db5af8037bcec208da070545216f5240a590ba8286dfcee1b0b4,535f10e6c30103272f64653e50d0578cbf5af363b23f0ecbad28905519d7af3d,c1881d4f6c0f31cc50171d6c3004faa1325b5e8d,false_positive_rate,0.0,fraction
ladder,S1_nominal,static_affine,3,10,True,S1_nominal__static_affine__seed3,7f808862af70bdf5f8b721f954c967c9d3eb0d071e708e4f266d8f7901642f98,535f10e6c30103272f64653e50d0578cbf5af363b23f0ecbad28905519d7af3d,c1881d4f6c0f31cc50171d6c3004faa1325b5e8d,false_positive_rate,0.0,fraction
ladder,S1_nominal,rls,1,10,True,S1_nominal__rls__seed1,1f0eb7d0a64d2c9430bd781be2ad3a6383c85935e18ff7809210a4dbae3f4f74,f54c17346089ba805d00d389d8b7c1c3e1cdb89c6515d103c5f0f15f4eb61185,c1881d4f6c0f31cc50171d6c3004faa1325b5e8d,false_positive_rate,0.0,fraction
ladder,S1_nominal,rls,2,10,True,S1_nominal__rls__seed2,c45f068e83a0db5af8037bcec208da070545216f5240a590ba8286dfcee1b0b4,f54c17346089ba805d00d389d8b7c1c3e1cdb89c6515d103c5f0f15f4eb61185,c1881d4f6c0f31cc50171d6c3004faa1325b5e8d,false_positive_rate,0.0,fraction
ladder,S1_nominal,rls,3,10,True,S1_nominal__rls__seed3,7f808862af70bdf5f8b721f954c967c9d3eb0d071e708e4f266d8f7901642f98,f54c17346089ba805d00d389d8b7c1c3e1cdb89c6515d103c5f0f15f4eb61185,c1881d4f6c0f31cc50171d6c3004faa1325b5e8d,false_positive_rate,0.0,fraction
ladder,S1_nominal,kalman,1,10,True,S1_nominal__kalman__seed1,1f0eb7d0a64d2c9430bd781be2ad3a6383c85935e18ff7809210a4dbae3f4f74,2dcdf9429baa9fcc847cc03bb3eb992a0574d0c81dcfbd456974ff9264223f13,c1881d4f6c0f31cc50171d6c3004faa1325b5e8d,false_positive_rate,0.0,fraction
ladder,S1_nominal,kalman,2,10,True,S1_nominal__kalman__seed2,c45f068e83a0db5af8037bcec208da070545216f5240a590ba8286dfcee1b0b4,2dcdf9429baa9fcc847cc03bb3eb992a0574d0c81dcfbd456974ff9264223f13,c1881d4f6c0f31cc50171d6c3004faa1325b5e8d,false_positive_rate,0.0,fraction
ladder,S1_nominal,kalman,3,10,True,S1_nominal__kalman__seed3,7f808862af70bdf5f8b721f954c967c9d3eb0d071e708e4f266d8f7901642f98,2dcdf9429baa9fcc847cc03bb3eb992a0574d0c81dcfbd456974ff9264223f13,c1881d4f6c0f31cc50171d6c3004faa1325b5e8d,false_positive_rate,0.0,fraction
ladder,S2_thermal_cycle,static_affine,1,10,True,S2_thermal_cycle__static_affine__seed1,a9d23ff021d7d7330d2f7690ce6fe1a23e9face2bceffa30bb9e10eb4c70e685,535f10e6c30103272f64653e50d0578cbf5af363b23f0ecbad28905519d7af3d,c1881d4f6c0f31cc50171d6c3004faa1325b5e8d,false_positive_rate,0.0,fraction
ladder,S2_thermal_cycle,static_affine,2,10,True,S2_thermal_cycle__static_affine__seed2,19c57e97290995438510692dd0c87d401ed506ad1b05f6b88446276b5f326325,535f10e6c30103272f64653e50d0578cbf5af363b23f0ecbad28905519d7af3d,c1881d4f6c0f31cc50171d6c3004faa1325b5e8d,false_positive_rate,0.0,fraction
ladder,S2_thermal_cycle,static_affine,3,10,True,S2_thermal_cycle__static_affine__seed3,24befa705b788e8ac92815dc24ece289db28b46d6894613726a31248a0b3f0e9,535f10e6c30103272f64653e50d0578cbf5af363b23f0ecbad28905519d7af3d,c1881d4f6c0f31cc50171d6c3004faa1325b5e8d,false_positive_rate,0.0,fraction
ladder,S2_thermal_cycle,rls,1,10,True,S2_thermal_cycle__rls__seed1,a9d23ff021d7d7330d2f7690ce6fe1a23e9face2bceffa30bb9e10eb4c70e685,f54c17346089ba805d00d389d8b7c1c3e1cdb89c6515d103c5f0f15f4eb61185,c1881d4f6c0f31cc50171d6c3004faa1325b5e8d,false_positive_rate,0.0,fraction
ladder,S2_thermal_cycle,rls,2,10,True,S2_thermal_cycle__rls__seed2,19c57e97290995438510692dd0c87d401ed506ad1b05f6b88446276b5f326325,f54c17346089ba805d00d389d8b7c1c3e1cdb89c6515d103c5f0f15f4eb61185,c1881d4f6c0f31cc50171d6c3004faa1325b5e8d,false_positive_rate,0.0,fraction
ladder,S2_thermal_cycle,rls,3,10,True,S2_thermal_cycle__rls__seed3,24befa705b788e8ac92815dc24ece289db28b46d6894613726a31248a0b3f0e9,f54c17346089ba805d00d389d8b7c1c3e1cdb89c6515d103c5f0f15f4eb61185,c1881d4f6c0f31cc50171d6c3004faa1325b5e8d,false_positive_rate,0.0,fraction
ladder,S2_thermal_cycle,kalman,1,10,True,S2_thermal_cycle__kalman__seed1,a9d23ff021d7d7330d2f7690ce6fe1a23e9face2bceffa30bb9e10eb4c70e685,2dcdf9429baa9fcc847cc03bb3eb992a0574d0c81dcfbd456974ff9264223f13,c1881d4f6c0f31cc50171d6c3004faa1325b5e8d,false_positive_rate,0.0,fraction
ladder,S2_thermal_cycle,kalman,2,10,True,S2_thermal_cycle__kalman__seed2,19c57e97290995438510692dd0c87d401ed506ad1b05f6b88446276b5f326325,2dcdf9429baa9fcc847cc03bb3eb992a0574d0c81dcfbd456974ff9264223f13,c1881d4f6c0f31cc50171d6c3004faa1325b5e8d,false_positive_rate,0.0,fraction
ladder,S2_thermal_cycle,kalman,3,10,True,S2_thermal_cycle__kalman__seed3,24befa705b788e8ac92815dc24ece289db28b46d6894613726a31248a0b3f0e9,2dcdf9429baa9fcc847cc03bb3eb992a0574d0c81dcfbd456974ff9264223f13,c1881d4f6c0f31cc50171d6c3004faa1325b5e8d,false_positive_rate,0.0,fraction
ladder,S3_zero_drift_walk,static_affine,1,10,True,S3_zero_drift_walk__static_affine__seed1,f100b6d8743f0beb23a874f69b02d3ff86fd69d1b80c3005bc53c22fbf24242c,535f10e6c30103272f64653e50d0578cbf5af363b23f0ecbad28905519d7af3d,c1881d4f6c0f31cc50171d6c3004faa1325b5e8d,false_positive_rate,0.0,fraction
ladder,S3_zero_drift_walk,static_affine,2,10,True,S3_zero_drift_walk__static_affine__seed2,d908b1eec1d6ca010fbfed3dff58421d1657520e5136c0976972c56a507b8a71,535f10e6c30103272f64653e50d0578cbf5af363b23f0ecbad28905519d7af3d,c1881d4f6c0f31cc50171d6c3004faa1325b5e8d,false_positive_rate,0.0,fraction
ladder,S3_zero_drift_walk,static_affine,3,10,True,S3_zero_drift_walk__static_affine__seed3,e65e6377500da0315dac92d9d159e61875ec095bbab24aed7387d0c3eeb9a9db,535f10e6c30103272f64653e50d0578cbf5af363b23f0ecbad28905519d7af3d,c1881d4f6c0f31cc50171d6c3004faa1325b5e8d,false_positive_rate,0.0,fraction
ladder,S3_zero_drift_walk,rls,1,10,True,S3_zero_drift_walk__rls__seed1,f100b6d8743f0beb23a874f69b02d3ff86fd69d1b80c3005bc53c22fbf24242c,f54c17346089ba805d00d389d8b7c1c3e1cdb89c6515d103c5f0f15f4eb61185,c1881d4f6c0f31cc50171d6c3004faa1325b5e8d,false_positive_rate,0.0,fraction
ladder,S3_zero_drift_walk,rls,2,10,True,S3_zero_drift_walk__rls__seed2,d908b1eec1d6ca010fbfed3dff58421d1657520e5136c0976972c56a507b8a71,f54c17346089ba805d00d389d8b7c1c3e1cdb89c6515d103c5f0f15f4eb61185,c1881d4f6c0f31cc50171d6c3004faa1325b5e8d,false_positive_rate,0.0,fraction
ladder,S3_zero_drift_walk,rls,3,10,True,S3_zero_drift_walk__rls__seed3,e65e6377500da0315dac92d9d159e61875ec095bbab24aed7387d0c3eeb9a9db,f54c17346089ba805d00d389d8b7c1c3e1cdb89c6515d103c5f0f15f4eb61185,c1881d4f6c0f31cc50171d6c3004faa1325b5e8d,false_positive_rate,0.0,fraction
ladder,S3_zero_drift_walk,kalman,1,10,True,S3_zero_drift_walk__kalman__seed1,f100b6d8743f0beb23a874f69b02d3ff86fd69d1b80c3005bc53c22fbf24242c,2dcdf9429baa9fcc847cc03bb3eb992a0574d0c81dcfbd456974ff9264223f13,c1881d4f6c0f31cc50171d6c3004faa1325b5e8d,false_positive_rate,0.0,fraction
ladder,S3_zero_drift_walk,kalman,2,10,True,S3_zero_drift_walk__kalman__seed2,d908b1eec1d6ca010fbfed3dff58421d1657520e5136c0976972c56a507b8a71,2dcdf9429baa9fcc847cc03bb3eb992a0574d0c81dcfbd456974ff9264223f13,c1881d4f6c0f31cc50171d6c3004faa1325b5e8d,false_positive_rate,0.0,fraction
ladder,S3_zero_drift_walk,kalman,3,10,True,S3_zero_drift_walk__kalman__seed3,e65e6377500da0315dac92d9d159e61875ec095bbab24aed7387d0c3eeb9a9db,2dcdf9429baa9fcc847cc03bb3eb992a0574d0c81dcfbd456974ff9264223f13,c1881d4f6c0f31cc50171d6c3004faa1325b5e8d,false_positive_rate,0.0,fraction
ladder,S4_step_fault,static_affine,1,10,True,S4_step_fault__static_affine__seed1,7d29a6d7dca932314e512c265e0e559ec6cc02e548aa25349a95d1f29dbf9ef1,535f10e6c30103272f64653e50d0578cbf5af363b23f0ecbad28905519d7af3d,c1881d4f6c0f31cc50171d6c3004faa1325b5e8d,false_positive_rate,0.0,fraction
ladder,S4_step_fault,static_affine,2,10,True,S4_step_fault__static_affine__seed2,adc80992e5ad2b0074c2ccb5fd189429c3fd11d2d51d242aa1caec078b0db1d2,535f10e6c30103272f64653e50d0578cbf5af363b23f0ecbad28905519d7af3d,c1881d4f6c0f31cc50171d6c3004faa1325b5e8d,false_positive_rate,0.0,fraction
ladder,S4_step_fault,static_affine,3,10,True,S4_step_fault__static_affine__seed3,755a0aa70d2f3fe05534c8cb137d5df18ed16325d4692fc840c3daee2c8a8c92,535f10e6c30103272f64653e50d0578cbf5af363b23f0ecbad28905519d7af3d,c1881d4f6c0f31cc50171d6c3004faa1325b5e8d,false_positive_rate,0.0,fraction
ladder,S4_step_fault,rls,1,10,True,S4_step_fault__rls__seed1,7d29a6d7dca932314e512c265e0e559ec6cc02e548aa25349a95d1f29dbf9ef1,f54c17346089ba805d00d389d8b7c1c3e1cdb89c6515d103c5f0f15f4eb61185,c1881d4f6c0f31cc50171d6c3004faa1325b5e8d,false_positive_rate,0.0,fraction
ladder,S4_step_fault,rls,2,10,True,S4_step_fault__rls__seed2,adc80992e5ad2b0074c2ccb5fd189429c3fd11d2d51d242aa1caec078b0db1d2,f54c17346089ba805d00d389d8b7c1c3e1cdb89c6515d103c5f0f15f4eb61185,c1881d4f6c0f31cc50171d6c3004faa1325b5e8d,false_positive_rate,0.0,fraction
ladder,S4_step_fault,rls,3,10,True,S4_step_fault__rls__seed3,755a0aa70d2f3fe05534c8cb137d5df18ed16325d4692fc840c3daee2c8a8c92,f54c17346089ba805d00d389d8b7c1c3e1cdb89c6515d103c5f0f15f4eb61185,c1881d4f6c0f31cc50171d6c3004faa1325b5e8d,false_positive_rate,0.0,fraction
ladder,S4_step_fault,kalman,1,10,True,S4_step_fault__kalman__seed1,7d29a6d7dca932314e512c265e0e559ec6cc02e548aa25349a95d1f29dbf9ef1,2dcdf9429baa9fcc847cc03bb3eb992a0574d0c81dcfbd456974ff9264223f13,c1881d4f6c0f31cc50171d6c3004faa1325b5e8d,false_positive_rate,0.0,fraction
ladder,S4_step_fault,kalman,2,10,True,S4_step_fault__kalman__seed2,adc80992e5ad2b0074c2ccb5fd189429c3fd11d2d51d242aa1caec078b0db1d2,2dcdf9429baa9fcc847cc03bb3eb992a0574d0c81dcfbd456974ff9264223f13,c1881d4f6c0f31cc50171d6c3004faa1325b5e8d,false_positive_rate,0.0,fraction
ladder,S4_step_fault,kalman,3,10,True,S4_step_fault__kalman__seed3,755a0aa70d2f3fe05534c8cb137d5df18ed16325d4692fc840c3daee2c8a8c92,2dcdf9429baa9fcc847cc03bb3eb992a0574d0c81dcfbd456974ff9264223f13,c1881d4f6c0f31cc50171d6c3004faa1325b5e8d,false_positive_rate,0.0,fraction
ladder,S5_outage,static_affine,1,10,True,S5_outage__static_affine__seed1,ab25696964de9a9bd056c05f5021821512f6128f06fede373f779014f2fed9d8,535f10e6c30103272f64653e50d0578cbf5af363b23f0ecbad28905519d7af3d,c1881d4f6c0f31cc50171d6c3004faa1325b5e8d,false_positive_rate,0.0,fraction
ladder,S5_outage,static_affine,2,10,True,S5_outage__static_affine__seed2,0052a68ebb4dd1334f0378cfa6defa07917942ba64b15d70b6cd736642ab3e2c,535f10e6c30103272f64653e50d0578cbf5af363b23f0ecbad28905519d7af3d,c1881d4f6c0f31cc50171d6c3004faa1325b5e8d,false_positive_rate,0.0,fraction
ladder,S5_outage,static_affine,3,10,True,S5_outage__static_affine__seed3,e71247b8c58f106fad94f1fa68a340a88baac5595f00b577c8912131cd60a6c4,535f10e6c30103272f64653e50d0578cbf5af363b23f0ecbad28905519d7af3d,c1881d4f6c0f31cc50171d6c3004faa1325b5e8d,false_positive_rate,0.0,fraction
ladder,S5_outage,rls,1,10,True,S5_outage__rls__seed1,ab25696964de9a9bd056c05f5021821512f6128f06fede373f779014f2fed9d8,f54c17346089ba805d00d389d8b7c1c3e1cdb89c6515d103c5f0f15f4eb61185,c1881d4f6c0f31cc50171d6c3004faa1325b5e8d,false_positive_rate,0.0,fraction
ladder,S5_outage,rls,2,10,True,S5_outage__rls__seed2,0052a68ebb4dd1334f0378cfa6defa07917942ba64b15d70b6cd736642ab3e2c,f54c17346089ba805d00d389d8b7c1c3e1cdb89c6515d103c5f0f15f4eb61185,c1881d4f6c0f31cc50171d6c3004faa1325b5e8d,false_positive_rate,0.0,fraction
ladder,S5_outage,rls,3,10,True,S5_outage__rls__seed3,e71247b8c58f106fad94f1fa68a340a88baac5595f00b577c8912131cd60a6c4,f54c17346089ba805d00d389d8b7c1c3e1cdb89c6515d103c5f0f15f4eb61185,c1881d4f6c0f31cc50171d6c3004faa1325b5e8d,false_positive_rate,0.0,fraction
ladder,S5_outage,kalman,1,10,True,S5_outage__kalman__seed1,ab25696964de9a9bd056c05f5021821512f6128f06fede373f779014f2fed9d8,2dcdf9429baa9fcc847cc03bb3eb992a0574d0c81dcfbd456974ff9264223f13,c1881d4f6c0f31cc50171d6c3004faa1325b5e8d,false_positive_rate,0.0,fraction
ladder,S5_outage,kalman,2,10,True,S5_outage__kalman__seed2,0052a68ebb4dd1334f0378cfa6defa07917942ba64b15d70b6cd736642ab3e2c,2dcdf9429baa9fcc847cc03bb3eb992a0574d0c81dcfbd456974ff9264223f13,c1881d4f6c0f31cc50171d6c3004faa1325b5e8d,false_positive_rate,0.0,fraction
ladder,S5_outage,kalman,3,10,True,S5_outage__kalman__seed3,e71247b8c58f106fad94f1fa68a340a88baac5595f00b577c8912131cd60a6c4,2dcdf9429baa9fcc847cc03bb3eb992a0574d0c81dcfbd456974ff9264223f13,c1881d4f6c0f31cc50171d6c3004faa1325b5e8d,false_positive_rate,0.0,fraction
ladder,S6_combined,static_affine,1,10,True,S6_combined__static_affine__seed1,b3cf8d14b3aed8b1d65ab4497dcbfb879dbda2ce1da03bb07f6401c9b4b9bd4a,535f10e6c30103272f64653e50d0578cbf5af363b23f0ecbad28905519d7af3d,c1881d4f6c0f31cc50171d6c3004faa1325b5e8d,false_positive_rate,0.47688768040158963,fraction
ladder,S6_combined,static_affine,2,10,True,S6_combined__static_affine__seed2,e4f7ab87faf6982be139dc8af97757bff8d540d357c41e3d06ec298e4dd75854,535f10e6c30103272f64653e50d0578cbf5af363b23f0ecbad28905519d7af3d,c1881d4f6c0f31cc50171d6c3004faa1325b5e8d,false_positive_rate,0.46859599454755163,fraction
ladder,S6_combined,static_affine,3,10,True,S6_combined__static_affine__seed3,c371bfebbbdb510b204e19fcaedea3c47a4e8b6d77499f04ee6ac55d13fed988,535f10e6c30103272f64653e50d0578cbf5af363b23f0ecbad28905519d7af3d,c1881d4f6c0f31cc50171d6c3004faa1325b5e8d,false_positive_rate,0.46766378765536126,fraction
ladder,S6_combined,rls,1,10,True,S6_combined__rls__seed1,b3cf8d14b3aed8b1d65ab4497dcbfb879dbda2ce1da03bb07f6401c9b4b9bd4a,f54c17346089ba805d00d389d8b7c1c3e1cdb89c6515d103c5f0f15f4eb61185,c1881d4f6c0f31cc50171d6c3004faa1325b5e8d,false_positive_rate,0.47688768040158963,fraction
ladder,S6_combined,rls,2,10,True,S6_combined__rls__seed2,e4f7ab87faf6982be139dc8af97757bff8d540d357c41e3d06ec298e4dd75854,f54c17346089ba805d00d389d8b7c1c3e1cdb89c6515d103c5f0f15f4eb61185,c1881d4f6c0f31cc50171d6c3004faa1325b5e8d,false_positive_rate,0.46859599454755163,fraction
ladder,S6_combined,rls,3,10,True,S6_combined__rls__seed3,c371bfebbbdb510b204e19fcaedea3c47a4e8b6d77499f04ee6ac55d13fed988,f54c17346089ba805d00d389d8b7c1c3e1cdb89c6515d103c5f0f15f4eb61185,c1881d4f6c0f31cc50171d6c3004faa1325b5e8d,false_positive_rate,0.46766378765536126,fraction
ladder,S6_combined,kalman,1,10,True,S6_combined__kalman__seed1,b3cf8d14b3aed8b1d65ab4497dcbfb879dbda2ce1da03bb07f6401c9b4b9bd4a,2dcdf9429baa9fcc847cc03bb3eb992a0574d0c81dcfbd456974ff9264223f13,c1881d4f6c0f31cc50171d6c3004faa1325b5e8d,false_positive_rate,0.47688768040158963,fraction
ladder,S6_combined,kalman,2,10,True,S6_combined__kalman__seed2,e4f7ab87faf6982be139dc8af97757bff8d540d357c41e3d06ec298e4dd75854,2dcdf9429baa9fcc847cc03bb3eb992a0574d0c81dcfbd456974ff9264223f13,c1881d4f6c0f31cc50171d6c3004faa1325b5e8d,false_positive_rate,0.46859599454755163,fraction
ladder,S6_combined,kalman,3,10,True,S6_combined__kalman__seed3,c371bfebbbdb510b204e19fcaedea3c47a4e8b6d77499f04ee6ac55d13fed988,2dcdf9429baa9fcc847cc03bb3eb992a0574d0c81dcfbd456974ff9264223f13,c1881d4f6c0f31cc50171d6c3004faa1325b5e8d,false_positive_rate,0.46766378765536126,fraction
ladder,S7_sparse_reference,static_affine,1,10,True,S7_sparse_reference__static_affine__seed1,24835dafebd07f6facda17ec68b148ca21bd70070201cdbfe1cf136d6c2da50a,535f10e6c30103272f64653e50d0578cbf5af363b23f0ecbad28905519d7af3d,c1881d4f6c0f31cc50171d6c3004faa1325b5e8d,false_positive_rate,0.0,fraction
ladder,S7_sparse_reference,static_affine,2,10,True,S7_sparse_reference__static_affine__seed2,1830f9600d18220efd37edc0ed15951b55aee715e2061c3ef38b60364f8b8678,535f10e6c30103272f64653e50d0578cbf5af363b23f0ecbad28905519d7af3d,c1881d4f6c0f31cc50171d6c3004faa1325b5e8d,false_positive_rate,0.0,fraction
ladder,S7_sparse_reference,static_affine,3,10,True,S7_sparse_reference__static_affine__seed3,b10da6cea2c796fcd510a2c7d7f3d2074f0eed008477bb57609f09be0a5cc888,535f10e6c30103272f64653e50d0578cbf5af363b23f0ecbad28905519d7af3d,c1881d4f6c0f31cc50171d6c3004faa1325b5e8d,false_positive_rate,0.0,fraction
ladder,S7_sparse_reference,rls,1,10,True,S7_sparse_reference__rls__seed1,24835dafebd07f6facda17ec68b148ca21bd70070201cdbfe1cf136d6c2da50a,f54c17346089ba805d00d389d8b7c1c3e1cdb89c6515d103c5f0f15f4eb61185,c1881d4f6c0f31cc50171d6c3004faa1325b5e8d,false_positive_rate,0.0,fraction
ladder,S7_sparse_reference,rls,2,10,True,S7_sparse_reference__rls__seed2,1830f9600d18220efd37edc0ed15951b55aee715e2061c3ef38b60364f8b8678,f54c17346089ba805d00d389d8b7c1c3e1cdb89c6515d103c5f0f15f4eb61185,c1881d4f6c0f31cc50171d6c3004faa1325b5e8d,false_positive_rate,0.0,fraction
ladder,S7_sparse_reference,rls,3,10,True,S7_sparse_reference__rls__seed3,b10da6cea2c796fcd510a2c7d7f3d2074f0eed008477bb57609f09be0a5cc888,f54c17346089ba805d00d389d8b7c1c3e1cdb89c6515d103c5f0f15f4eb61185,c1881d4f6c0f31cc50171d6c3004faa1325b5e8d,false_positive_rate,0.0,fraction
ladder,S7_sparse_reference,kalman,1,10,True,S7_sparse_reference__kalman__seed1,24835dafebd07f6facda17ec68b148ca21bd70070201cdbfe1cf136d6c2da50a,2dcdf9429baa9fcc847cc03bb3eb992a0574d0c81dcfbd456974ff9264223f13,c1881d4f6c0f31cc50171d6c3004faa1325b5e8d,false_positive_rate,0.0,fraction
ladder,S7_sparse_reference,kalman,2,10,True,S7_sparse_reference__kalman__seed2,1830f9600d18220efd37edc0ed15951b55aee715e2061c3ef38b60364f8b8678,2dcdf9429baa9fcc847cc03bb3eb992a0574d0c81dcfbd456974ff9264223f13,c1881d4f6c0f31cc50171d6c3004faa1325b5e8d,false_positive_rate,0.0,fraction
ladder,S7_sparse_reference,kalman,3,10,True,S7_sparse_reference__kalman__seed3,b10da6cea2c796fcd510a2c7d7f3d2074f0eed008477bb57609f09be0a5cc888,2dcdf9429baa9fcc847cc03bb3eb992a0574d0c81dcfbd456974ff9264223f13,c1881d4f6c0f31cc50171d6c3004faa1325b5e8d,false_positive_rate,0.0,fraction
ladder,S1_nominal,static_affine,1,10,True,S1_nominal__static_affine__seed1,1f0eb7d0a64d2c9430bd781be2ad3a6383c85935e18ff7809210a4dbae3f4f74,535f10e6c30103272f64653e50d0578cbf5af363b23f0ecbad28905519d7af3d,c1881d4f6c0f31cc50171d6c3004faa1325b5e8d,axle_count_accuracy,1.0,fraction
ladder,S1_nominal,static_affine,2,10,True,S1_nominal__static_affine__seed2,c45f068e83a0db5af8037bcec208da070545216f5240a590ba8286dfcee1b0b4,535f10e6c30103272f64653e50d0578cbf5af363b23f0ecbad28905519d7af3d,c1881d4f6c0f31cc50171d6c3004faa1325b5e8d,axle_count_accuracy,1.0,fraction
ladder,S1_nominal,static_affine,3,10,True,S1_nominal__static_affine__seed3,7f808862af70bdf5f8b721f954c967c9d3eb0d071e708e4f266d8f7901642f98,535f10e6c30103272f64653e50d0578cbf5af363b23f0ecbad28905519d7af3d,c1881d4f6c0f31cc50171d6c3004faa1325b5e8d,axle_count_accuracy,1.0,fraction
ladder,S1_nominal,rls,1,10,True,S1_nominal__rls__seed1,1f0eb7d0a64d2c9430bd781be2ad3a6383c85935e18ff7809210a4dbae3f4f74,f54c17346089ba805d00d389d8b7c1c3e1cdb89c6515d103c5f0f15f4eb61185,c1881d4f6c0f31cc50171d6c3004faa1325b5e8d,axle_count_accuracy,1.0,fraction
ladder,S1_nominal,rls,2,10,True,S1_nominal__rls__seed2,c45f068e83a0db5af8037bcec208da070545216f5240a590ba8286dfcee1b0b4,f54c17346089ba805d00d389d8b7c1c3e1cdb89c6515d103c5f0f15f4eb61185,c1881d4f6c0f31cc50171d6c3004faa1325b5e8d,axle_count_accuracy,1.0,fraction
ladder,S1_nominal,rls,3,10,True,S1_nominal__rls__seed3,7f808862af70bdf5f8b721f954c967c9d3eb0d071e708e4f266d8f7901642f98,f54c17346089ba805d00d389d8b7c1c3e1cdb89c6515d103c5f0f15f4eb61185,c1881d4f6c0f31cc50171d6c3004faa1325b5e8d,axle_count_accuracy,1.0,fraction
ladder,S1_nominal,kalman,1,10,True,S1_nominal__kalman__seed1,1f0eb7d0a64d2c9430bd781be2ad3a6383c85935e18ff7809210a4dbae3f4f74,2dcdf9429baa9fcc847cc03bb3eb992a0574d0c81dcfbd456974ff9264223f13,c1881d4f6c0f31cc50171d6c3004faa1325b5e8d,axle_count_accuracy,1.0,fraction
ladder,S1_nominal,kalman,2,10,True,S1_nominal__kalman__seed2,c45f068e83a0db5af8037bcec208da070545216f5240a590ba8286dfcee1b0b4,2dcdf9429baa9fcc847cc03bb3eb992a0574d0c81dcfbd456974ff9264223f13,c1881d4f6c0f31cc50171d6c3004faa1325b5e8d,axle_count_accuracy,1.0,fraction
ladder,S1_nominal,kalman,3,10,True,S1_nominal__kalman__seed3,7f808862af70bdf5f8b721f954c967c9d3eb0d071e708e4f266d8f7901642f98,2dcdf9429baa9fcc847cc03bb3eb992a0574d0c81dcfbd456974ff9264223f13,c1881d4f6c0f31cc50171d6c3004faa1325b5e8d,axle_count_accuracy,1.0,fraction
ladder,S2_thermal_cycle,static_affine,1,10,True,S2_thermal_cycle__static_affine__seed1,a9d23ff021d7d7330d2f7690ce6fe1a23e9face2bceffa30bb9e10eb4c70e685,535f10e6c30103272f64653e50d0578cbf5af363b23f0ecbad28905519d7af3d,c1881d4f6c0f31cc50171d6c3004faa1325b5e8d,axle_count_accuracy,1.0,fraction
ladder,S2_thermal_cycle,static_affine,2,10,True,S2_thermal_cycle__static_affine__seed2,19c57e97290995438510692dd0c87d401ed506ad1b05f6b88446276b5f326325,535f10e6c30103272f64653e50d0578cbf5af363b23f0ecbad28905519d7af3d,c1881d4f6c0f31cc50171d6c3004faa1325b5e8d,axle_count_accuracy,1.0,fraction
ladder,S2_thermal_cycle,static_affine,3,10,True,S2_thermal_cycle__static_affine__seed3,24befa705b788e8ac92815dc24ece289db28b46d6894613726a31248a0b3f0e9,535f10e6c30103272f64653e50d0578cbf5af363b23f0ecbad28905519d7af3d,c1881d4f6c0f31cc50171d6c3004faa1325b5e8d,axle_count_accuracy,1.0,fraction
ladder,S2_thermal_cycle,rls,1,10,True,S2_thermal_cycle__rls__seed1,a9d23ff021d7d7330d2f7690ce6fe1a23e9face2bceffa30bb9e10eb4c70e685,f54c17346089ba805d00d389d8b7c1c3e1cdb89c6515d103c5f0f15f4eb61185,c1881d4f6c0f31cc50171d6c3004faa1325b5e8d,axle_count_accuracy,1.0,fraction
ladder,S2_thermal_cycle,rls,2,10,True,S2_thermal_cycle__rls__seed2,19c57e97290995438510692dd0c87d401ed506ad1b05f6b88446276b5f326325,f54c17346089ba805d00d389d8b7c1c3e1cdb89c6515d103c5f0f15f4eb61185,c1881d4f6c0f31cc50171d6c3004faa1325b5e8d,axle_count_accuracy,1.0,fraction
ladder,S2_thermal_cycle,rls,3,10,True,S2_thermal_cycle__rls__seed3,24befa705b788e8ac92815dc24ece289db28b46d6894613726a31248a0b3f0e9,f54c17346089ba805d00d389d8b7c1c3e1cdb89c6515d103c5f0f15f4eb61185,c1881d4f6c0f31cc50171d6c3004faa1325b5e8d,axle_count_accuracy,1.0,fraction
ladder,S2_thermal_cycle,kalman,1,10,True,S2_thermal_cycle__kalman__seed1,a9d23ff021d7d7330d2f7690ce6fe1a23e9face2bceffa30bb9e10eb4c70e685,2dcdf9429baa9fcc847cc03bb3eb992a0574d0c81dcfbd456974ff9264223f13,c1881d4f6c0f31cc50171d6c3004faa1325b5e8d,axle_count_accuracy,1.0,fraction
ladder,S2_thermal_cycle,kalman,2,10,True,S2_thermal_cycle__kalman__seed2,19c57e97290995438510692dd0c87d401ed506ad1b05f6b88446276b5f326325,2dcdf9429baa9fcc847cc03bb3eb992a0574d0c81dcfbd456974ff9264223f13,c1881d4f6c0f31cc50171d6c3004faa1325b5e8d,axle_count_accuracy,1.0,fraction
ladder,S2_thermal_cycle,kalman,3,10,True,S2_thermal_cycle__kalman__seed3,24befa705b788e8ac92815dc24ece289db28b46d6894613726a31248a0b3f0e9,2dcdf9429baa9fcc847cc03bb3eb992a0574d0c81dcfbd456974ff9264223f13,c1881d4f6c0f31cc50171d6c3004faa1325b5e8d,axle_count_accuracy,1.0,fraction
ladder,S3_zero_drift_walk,static_affine,1,10,True,S3_zero_drift_walk__static_affine__seed1,f100b6d8743f0beb23a874f69b02d3ff86fd69d1b80c3005bc53c22fbf24242c,535f10e6c30103272f64653e50d0578cbf5af363b23f0ecbad28905519d7af3d,c1881d4f6c0f31cc50171d6c3004faa1325b5e8d,axle_count_accuracy,1.0,fraction
ladder,S3_zero_drift_walk,static_affine,2,10,True,S3_zero_drift_walk__static_affine__seed2,d908b1eec1d6ca010fbfed3dff58421d1657520e5136c0976972c56a507b8a71,535f10e6c30103272f64653e50d0578cbf5af363b23f0ecbad28905519d7af3d,c1881d4f6c0f31cc50171d6c3004faa1325b5e8d,axle_count_accuracy,1.0,fraction
ladder,S3_zero_drift_walk,static_affine,3,10,True,S3_zero_drift_walk__static_affine__seed3,e65e6377500da0315dac92d9d159e61875ec095bbab24aed7387d0c3eeb9a9db,535f10e6c30103272f64653e50d0578cbf5af363b23f0ecbad28905519d7af3d,c1881d4f6c0f31cc50171d6c3004faa1325b5e8d,axle_count_accuracy,1.0,fraction
ladder,S3_zero_drift_walk,rls,1,10,True,S3_zero_drift_walk__rls__seed1,f100b6d8743f0beb23a874f69b02d3ff86fd69d1b80c3005bc53c22fbf24242c,f54c17346089ba805d00d389d8b7c1c3e1cdb89c6515d103c5f0f15f4eb61185,c1881d4f6c0f31cc50171d6c3004faa1325b5e8d,axle_count_accuracy,1.0,fraction
ladder,S3_zero_drift_walk,rls,2,10,True,S3_zero_drift_walk__rls__seed2,d908b1eec1d6ca010fbfed3dff58421d1657520e5136c0976972c56a507b8a71,f54c17346089ba805d00d389d8b7c1c3e1cdb89c6515d103c5f0f15f4eb61185,c1881d4f6c0f31cc50171d6c3004faa1325b5e8d,axle_count_accuracy,1.0,fraction
ladder,S3_zero_drift_walk,rls,3,10,True,S3_zero_drift_walk__rls__seed3,e65e6377500da0315dac92d9d159e61875ec095bbab24aed7387d0c3eeb9a9db,f54c17346089ba805d00d389d8b7c1c3e1cdb89c6515d103c5f0f15f4eb61185,c1881d4f6c0f31cc50171d6c3004faa1325b5e8d,axle_count_accuracy,1.0,fraction
ladder,S3_zero_drift_walk,kalman,1,10,True,S3_zero_drift_walk__kalman__seed1,f100b6d8743f0beb23a874f69b02d3ff86fd69d1b80c3005bc53c22fbf24242c,2dcdf9429baa9fcc847cc03bb3eb992a0574d0c81dcfbd456974ff9264223f13,c1881d4f6c0f31cc50171d6c3004faa1325b5e8d,axle_count_accuracy,1.0,fraction
ladder,S3_zero_drift_walk,kalman,2,10,True,S3_zero_drift_walk__kalman__seed2,d908b1eec1d6ca010fbfed3dff58421d1657520e5136c0976972c56a507b8a71,2dcdf9429baa9fcc847cc03bb3eb992a0574d0c81dcfbd456974ff9264223f13,c1881d4f6c0f31cc50171d6c3004faa1325b5e8d,axle_count_accuracy,1.0,fraction
ladder,S3_zero_drift_walk,kalman,3,10,True,S3_zero_drift_walk__kalman__seed3,e65e6377500da0315dac92d9d159e61875ec095bbab24aed7387d0c3eeb9a9db,2dcdf9429baa9fcc847cc03bb3eb992a0574d0c81dcfbd456974ff9264223f13,c1881d4f6c0f31cc50171d6c3004faa1325b5e8d,axle_count_accuracy,1.0,fraction
ladder,S4_step_fault,static_affine,1,10,True,S4_step_fault__static_affine__seed1,7d29a6d7dca932314e512c265e0e559ec6cc02e548aa25349a95d1f29dbf9ef1,535f10e6c30103272f64653e50d0578cbf5af363b23f0ecbad28905519d7af3d,c1881d4f6c0f31cc50171d6c3004faa1325b5e8d,axle_count_accuracy,1.0,fraction
ladder,S4_step_fault,static_affine,2,10,True,S4_step_fault__static_affine__seed2,adc80992e5ad2b0074c2ccb5fd189429c3fd11d2d51d242aa1caec078b0db1d2,535f10e6c30103272f64653e50d0578cbf5af363b23f0ecbad28905519d7af3d,c1881d4f6c0f31cc50171d6c3004faa1325b5e8d,axle_count_accuracy,1.0,fraction
ladder,S4_step_fault,static_affine,3,10,True,S4_step_fault__static_affine__seed3,755a0aa70d2f3fe05534c8cb137d5df18ed16325d4692fc840c3daee2c8a8c92,535f10e6c30103272f64653e50d0578cbf5af363b23f0ecbad28905519d7af3d,c1881d4f6c0f31cc50171d6c3004faa1325b5e8d,axle_count_accuracy,1.0,fraction
ladder,S4_step_fault,rls,1,10,True,S4_step_fault__rls__seed1,7d29a6d7dca932314e512c265e0e559ec6cc02e548aa25349a95d1f29dbf9ef1,f54c17346089ba805d00d389d8b7c1c3e1cdb89c6515d103c5f0f15f4eb61185,c1881d4f6c0f31cc50171d6c3004faa1325b5e8d,axle_count_accuracy,1.0,fraction
ladder,S4_step_fault,rls,2,10,True,S4_step_fault__rls__seed2,adc80992e5ad2b0074c2ccb5fd189429c3fd11d2d51d242aa1caec078b0db1d2,f54c17346089ba805d00d389d8b7c1c3e1cdb89c6515d103c5f0f15f4eb61185,c1881d4f6c0f31cc50171d6c3004faa1325b5e8d,axle_count_accuracy,1.0,fraction
ladder,S4_step_fault,rls,3,10,True,S4_step_fault__rls__seed3,755a0aa70d2f3fe05534c8cb137d5df18ed16325d4692fc840c3daee2c8a8c92,f54c17346089ba805d00d389d8b7c1c3e1cdb89c6515d103c5f0f15f4eb61185,c1881d4f6c0f31cc50171d6c3004faa1325b5e8d,axle_count_accuracy,1.0,fraction
ladder,S4_step_fault,kalman,1,10,True,S4_step_fault__kalman__seed1,7d29a6d7dca932314e512c265e0e559ec6cc02e548aa25349a95d1f29dbf9ef1,2dcdf9429baa9fcc847cc03bb3eb992a0574d0c81dcfbd456974ff9264223f13,c1881d4f6c0f31cc50171d6c3004faa1325b5e8d,axle_count_accuracy,1.0,fraction
ladder,S4_step_fault,kalman,2,10,True,S4_step_fault__kalman__seed2,adc80992e5ad2b0074c2ccb5fd189429c3fd11d2d51d242aa1caec078b0db1d2,2dcdf9429baa9fcc847cc03bb3eb992a0574d0c81dcfbd456974ff9264223f13,c1881d4f6c0f31cc50171d6c3004faa1325b5e8d,axle_count_accuracy,1.0,fraction
ladder,S4_step_fault,kalman,3,10,True,S4_step_fault__kalman__seed3,755a0aa70d2f3fe05534c8cb137d5df18ed16325d4692fc840c3daee2c8a8c92,2dcdf9429baa9fcc847cc03bb3eb992a0574d0c81dcfbd456974ff9264223f13,c1881d4f6c0f31cc50171d6c3004faa1325b5e8d,axle_count_accuracy,1.0,fraction
ladder,S5_outage,static_affine,1,10,True,S5_outage__static_affine__seed1,ab25696964de9a9bd056c05f5021821512f6128f06fede373f779014f2fed9d8,535f10e6c30103272f64653e50d0578cbf5af363b23f0ecbad28905519d7af3d,c1881d4f6c0f31cc50171d6c3004faa1325b5e8d,axle_count_accuracy,1.0,fraction
ladder,S5_outage,static_affine,2,10,True,S5_outage__static_affine__seed2,0052a68ebb4dd1334f0378cfa6defa07917942ba64b15d70b6cd736642ab3e2c,535f10e6c30103272f64653e50d0578cbf5af363b23f0ecbad28905519d7af3d,c1881d4f6c0f31cc50171d6c3004faa1325b5e8d,axle_count_accuracy,1.0,fraction
ladder,S5_outage,static_affine,3,10,True,S5_outage__static_affine__seed3,e71247b8c58f106fad94f1fa68a340a88baac5595f00b577c8912131cd60a6c4,535f10e6c30103272f64653e50d0578cbf5af363b23f0ecbad28905519d7af3d,c1881d4f6c0f31cc50171d6c3004faa1325b5e8d,axle_count_accuracy,1.0,fraction
ladder,S5_outage,rls,1,10,True,S5_outage__rls__seed1,ab25696964de9a9bd056c05f5021821512f6128f06fede373f779014f2fed9d8,f54c17346089ba805d00d389d8b7c1c3e1cdb89c6515d103c5f0f15f4eb61185,c1881d4f6c0f31cc50171d6c3004faa1325b5e8d,axle_count_accuracy,1.0,fraction
ladder,S5_outage,rls,2,10,True,S5_outage__rls__seed2,0052a68ebb4dd1334f0378cfa6defa07917942ba64b15d70b6cd736642ab3e2c,f54c17346089ba805d00d389d8b7c1c3e1cdb89c6515d103c5f0f15f4eb61185,c1881d4f6c0f31cc50171d6c3004faa1325b5e8d,axle_count_accuracy,1.0,fraction
ladder,S5_outage,rls,3,10,True,S5_outage__rls__seed3,e71247b8c58f106fad94f1fa68a340a88baac5595f00b577c8912131cd60a6c4,f54c17346089ba805d00d389d8b7c1c3e1cdb89c6515d103c5f0f15f4eb61185,c1881d4f6c0f31cc50171d6c3004faa1325b5e8d,axle_count_accuracy,1.0,fraction
ladder,S5_outage,kalman,1,10,True,S5_outage__kalman__seed1,ab25696964de9a9bd056c05f5021821512f6128f06fede373f779014f2fed9d8,2dcdf9429baa9fcc847cc03bb3eb992a0574d0c81dcfbd456974ff9264223f13,c1881d4f6c0f31cc50171d6c3004faa1325b5e8d,axle_count_accuracy,1.0,fraction
ladder,S5_outage,kalman,2,10,True,S5_outage__kalman__seed2,0052a68ebb4dd1334f0378cfa6defa07917942ba64b15d70b6cd736642ab3e2c,2dcdf9429baa9fcc847cc03bb3eb992a0574d0c81dcfbd456974ff9264223f13,c1881d4f6c0f31cc50171d6c3004faa1325b5e8d,axle_count_accuracy,1.0,fraction
ladder,S5_outage,kalman,3,10,True,S5_outage__kalman__seed3,e71247b8c58f106fad94f1fa68a340a88baac5595f00b577c8912131cd60a6c4,2dcdf9429baa9fcc847cc03bb3eb992a0574d0c81dcfbd456974ff9264223f13,c1881d4f6c0f31cc50171d6c3004faa1325b5e8d,axle_count_accuracy,1.0,fraction
ladder,S6_combined,static_affine,1,10,True,S6_combined__static_affine__seed1,b3cf8d14b3aed8b1d65ab4497dcbfb879dbda2ce1da03bb07f6401c9b4b9bd4a,535f10e6c30103272f64653e50d0578cbf5af363b23f0ecbad28905519d7af3d,c1881d4f6c0f31cc50171d6c3004faa1325b5e8d,axle_count_accuracy,0.7930827668932428,fraction
ladder,S6_combined,static_affine,2,10,True,S6_combined__static_affine__seed2,e4f7ab87faf6982be139dc8af97757bff8d540d357c41e3d06ec298e4dd75854,535f10e6c30103272f64653e50d0578cbf5af363b23f0ecbad28905519d7af3d,c1881d4f6c0f31cc50171d6c3004faa1325b5e8d,axle_count_accuracy,0.8038674033149171,fraction
ladder,S6_combined,static_affine,3,10,True,S6_combined__static_affine__seed3,c371bfebbbdb510b204e19fcaedea3c47a4e8b6d77499f04ee6ac55d13fed988,535f10e6c30103272f64653e50d0578cbf5af363b23f0ecbad28905519d7af3d,c1881d4f6c0f31cc50171d6c3004faa1325b5e8d,axle_count_accuracy,0.8088642659279779,fraction
ladder,S6_combined,rls,1,10,True,S6_combined__rls__seed1,b3cf8d14b3aed8b1d65ab4497dcbfb879dbda2ce1da03bb07f6401c9b4b9bd4a,f54c17346089ba805d00d389d8b7c1c3e1cdb89c6515d103c5f0f15f4eb61185,c1881d4f6c0f31cc50171d6c3004faa1325b5e8d,axle_count_accuracy,0.7930827668932428,fraction
ladder,S6_combined,rls,2,10,True,S6_combined__rls__seed2,e4f7ab87faf6982be139dc8af97757bff8d540d357c41e3d06ec298e4dd75854,f54c17346089ba805d00d389d8b7c1c3e1cdb89c6515d103c5f0f15f4eb61185,c1881d4f6c0f31cc50171d6c3004faa1325b5e8d,axle_count_accuracy,0.8038674033149171,fraction
ladder,S6_combined,rls,3,10,True,S6_combined__rls__seed3,c371bfebbbdb510b204e19fcaedea3c47a4e8b6d77499f04ee6ac55d13fed988,f54c17346089ba805d00d389d8b7c1c3e1cdb89c6515d103c5f0f15f4eb61185,c1881d4f6c0f31cc50171d6c3004faa1325b5e8d,axle_count_accuracy,0.8088642659279779,fraction
ladder,S6_combined,kalman,1,10,True,S6_combined__kalman__seed1,b3cf8d14b3aed8b1d65ab4497dcbfb879dbda2ce1da03bb07f6401c9b4b9bd4a,2dcdf9429baa9fcc847cc03bb3eb992a0574d0c81dcfbd456974ff9264223f13,c1881d4f6c0f31cc50171d6c3004faa1325b5e8d,axle_count_accuracy,0.7930827668932428,fraction
ladder,S6_combined,kalman,2,10,True,S6_combined__kalman__seed2,e4f7ab87faf6982be139dc8af97757bff8d540d357c41e3d06ec298e4dd75854,2dcdf9429baa9fcc847cc03bb3eb992a0574d0c81dcfbd456974ff9264223f13,c1881d4f6c0f31cc50171d6c3004faa1325b5e8d,axle_count_accuracy,0.8038674033149171,fraction
ladder,S6_combined,kalman,3,10,True,S6_combined__kalman__seed3,c371bfebbbdb510b204e19fcaedea3c47a4e8b6d77499f04ee6ac55d13fed988,2dcdf9429baa9fcc847cc03bb3eb992a0574d0c81dcfbd456974ff9264223f13,c1881d4f6c0f31cc50171d6c3004faa1325b5e8d,axle_count_accuracy,0.8088642659279779,fraction
ladder,S7_sparse_reference,static_affine,1,10,True,S7_sparse_reference__static_affine__seed1,24835dafebd07f6facda17ec68b148ca21bd70070201cdbfe1cf136d6c2da50a,535f10e6c30103272f64653e50d0578cbf5af363b23f0ecbad28905519d7af3d,c1881d4f6c0f31cc50171d6c3004faa1325b5e8d,axle_count_accuracy,1.0,fraction
ladder,S7_sparse_reference,static_affine,2,10,True,S7_sparse_reference__static_affine__seed2,1830f9600d18220efd37edc0ed15951b55aee715e2061c3ef38b60364f8b8678,535f10e6c30103272f64653e50d0578cbf5af363b23f0ecbad28905519d7af3d,c1881d4f6c0f31cc50171d6c3004faa1325b5e8d,axle_count_accuracy,1.0,fraction
ladder,S7_sparse_reference,static_affine,3,10,True,S7_sparse_reference__static_affine__seed3,b10da6cea2c796fcd510a2c7d7f3d2074f0eed008477bb57609f09be0a5cc888,535f10e6c30103272f64653e50d0578cbf5af363b23f0ecbad28905519d7af3d,c1881d4f6c0f31cc50171d6c3004faa1325b5e8d,axle_count_accuracy,1.0,fraction
ladder,S7_sparse_reference,rls,1,10,True,S7_sparse_reference__rls__seed1,24835dafebd07f6facda17ec68b148ca21bd70070201cdbfe1cf136d6c2da50a,f54c17346089ba805d00d389d8b7c1c3e1cdb89c6515d103c5f0f15f4eb61185,c1881d4f6c0f31cc50171d6c3004faa1325b5e8d,axle_count_accuracy,1.0,fraction
ladder,S7_sparse_reference,rls,2,10,True,S7_sparse_reference__rls__seed2,1830f9600d18220efd37edc0ed15951b55aee715e2061c3ef38b60364f8b8678,f54c17346089ba805d00d389d8b7c1c3e1cdb89c6515d103c5f0f15f4eb61185,c1881d4f6c0f31cc50171d6c3004faa1325b5e8d,axle_count_accuracy,1.0,fraction
ladder,S7_sparse_reference,rls,3,10,True,S7_sparse_reference__rls__seed3,b10da6cea2c796fcd510a2c7d7f3d2074f0eed008477bb57609f09be0a5cc888,f54c17346089ba805d00d389d8b7c1c3e1cdb89c6515d103c5f0f15f4eb61185,c1881d4f6c0f31cc50171d6c3004faa1325b5e8d,axle_count_accuracy,1.0,fraction
ladder,S7_sparse_reference,kalman,1,10,True,S7_sparse_reference__kalman__seed1,24835dafebd07f6facda17ec68b148ca21bd70070201cdbfe1cf136d6c2da50a,2dcdf9429baa9fcc847cc03bb3eb992a0574d0c81dcfbd456974ff9264223f13,c1881d4f6c0f31cc50171d6c3004faa1325b5e8d,axle_count_accuracy,1.0,fraction
ladder,S7_sparse_reference,kalman,2,10,True,S7_sparse_reference__kalman__seed2,1830f9600d18220efd37edc0ed15951b55aee715e2061c3ef38b60364f8b8678,2dcdf9429baa9fcc847cc03bb3eb992a0574d0c81dcfbd456974ff9264223f13,c1881d4f6c0f31cc50171d6c3004faa1325b5e8d,axle_count_accuracy,1.0,fraction
ladder,S7_sparse_reference,kalman,3,10,True,S7_sparse_reference__kalman__seed3,b10da6cea2c796fcd510a2c7d7f3d2074f0eed008477bb57609f09be0a5cc888,2dcdf9429baa9fcc847cc03bb3eb992a0574d0c81dcfbd456974ff9264223f13,c1881d4f6c0f31cc50171d6c3004faa1325b5e8d,axle_count_accuracy,1.0,fraction
ladder,S1_nominal,static_affine,1,10,True,S1_nominal__static_affine__seed1,1f0eb7d0a64d2c9430bd781be2ad3a6383c85935e18ff7809210a4dbae3f4f74,535f10e6c30103272f64653e50d0578cbf5af363b23f0ecbad28905519d7af3d,c1881d4f6c0f31cc50171d6c3004faa1325b5e8d,reconverge_s,,s
ladder,S1_nominal,static_affine,2,10,True,S1_nominal__static_affine__seed2,c45f068e83a0db5af8037bcec208da070545216f5240a590ba8286dfcee1b0b4,535f10e6c30103272f64653e50d0578cbf5af363b23f0ecbad28905519d7af3d,c1881d4f6c0f31cc50171d6c3004faa1325b5e8d,reconverge_s,,s
ladder,S1_nominal,static_affine,3,10,True,S1_nominal__static_affine__seed3,7f808862af70bdf5f8b721f954c967c9d3eb0d071e708e4f266d8f7901642f98,535f10e6c30103272f64653e50d0578cbf5af363b23f0ecbad28905519d7af3d,c1881d4f6c0f31cc50171d6c3004faa1325b5e8d,reconverge_s,,s
ladder,S1_nominal,rls,1,10,True,S1_nominal__rls__seed1,1f0eb7d0a64d2c9430bd781be2ad3a6383c85935e18ff7809210a4dbae3f4f74,f54c17346089ba805d00d389d8b7c1c3e1cdb89c6515d103c5f0f15f4eb61185,c1881d4f6c0f31cc50171d6c3004faa1325b5e8d,reconverge_s,,s
ladder,S1_nominal,rls,2,10,True,S1_nominal__rls__seed2,c45f068e83a0db5af8037bcec208da070545216f5240a590ba8286dfcee1b0b4,f54c17346089ba805d00d389d8b7c1c3e1cdb89c6515d103c5f0f15f4eb61185,c1881d4f6c0f31cc50171d6c3004faa1325b5e8d,reconverge_s,,s
ladder,S1_nominal,rls,3,10,True,S1_nominal__rls__seed3,7f808862af70bdf5f8b721f954c967c9d3eb0d071e708e4f266d8f7901642f98,f54c17346089ba805d00d389d8b7c1c3e1cdb89c6515d103c5f0f15f4eb61185,c1881d4f6c0f31cc50171d6c3004faa1325b5e8d,reconverge_s,,s
ladder,S1_nominal,kalman,1,10,True,S1_nominal__kalman__seed1,1f0eb7d0a64d2c9430bd781be2ad3a6383c85935e18ff7809210a4dbae3f4f74,2dcdf9429baa9fcc847cc03bb3eb992a0574d0c81dcfbd456974ff9264223f13,c1881d4f6c0f31cc50171d6c3004faa1325b5e8d,reconverge_s,,s
ladder,S1_nominal,kalman,2,10,True,S1_nominal__kalman__seed2,c45f068e83a0db5af8037bcec208da070545216f5240a590ba8286dfcee1b0b4,2dcdf9429baa9fcc847cc03bb3eb992a0574d0c81dcfbd456974ff9264223f13,c1881d4f6c0f31cc50171d6c3004faa1325b5e8d,reconverge_s,,s
ladder,S1_nominal,kalman,3,10,True,S1_nominal__kalman__seed3,7f808862af70bdf5f8b721f954c967c9d3eb0d071e708e4f266d8f7901642f98,2dcdf9429baa9fcc847cc03bb3eb992a0574d0c81dcfbd456974ff9264223f13,c1881d4f6c0f31cc50171d6c3004faa1325b5e8d,reconverge_s,,s
ladder,S2_thermal_cycle,static_affine,1,10,True,S2_thermal_cycle__static_affine__seed1,a9d23ff021d7d7330d2f7690ce6fe1a23e9face2bceffa30bb9e10eb4c70e685,535f10e6c30103272f64653e50d0578cbf5af363b23f0ecbad28905519d7af3d,c1881d4f6c0f31cc50171d6c3004faa1325b5e8d,reconverge_s,,s
ladder,S2_thermal_cycle,static_affine,2,10,True,S2_thermal_cycle__static_affine__seed2,19c57e97290995438510692dd0c87d401ed506ad1b05f6b88446276b5f326325,535f10e6c30103272f64653e50d0578cbf5af363b23f0ecbad28905519d7af3d,c1881d4f6c0f31cc50171d6c3004faa1325b5e8d,reconverge_s,,s
ladder,S2_thermal_cycle,static_affine,3,10,True,S2_thermal_cycle__static_affine__seed3,24befa705b788e8ac92815dc24ece289db28b46d6894613726a31248a0b3f0e9,535f10e6c30103272f64653e50d0578cbf5af363b23f0ecbad28905519d7af3d,c1881d4f6c0f31cc50171d6c3004faa1325b5e8d,reconverge_s,,s
ladder,S2_thermal_cycle,rls,1,10,True,S2_thermal_cycle__rls__seed1,a9d23ff021d7d7330d2f7690ce6fe1a23e9face2bceffa30bb9e10eb4c70e685,f54c17346089ba805d00d389d8b7c1c3e1cdb89c6515d103c5f0f15f4eb61185,c1881d4f6c0f31cc50171d6c3004faa1325b5e8d,reconverge_s,,s
ladder,S2_thermal_cycle,rls,2,10,True,S2_thermal_cycle__rls__seed2,19c57e97290995438510692dd0c87d401ed506ad1b05f6b88446276b5f326325,f54c17346089ba805d00d389d8b7c1c3e1cdb89c6515d103c5f0f15f4eb61185,c1881d4f6c0f31cc50171d6c3004faa1325b5e8d,reconverge_s,,s
ladder,S2_thermal_cycle,rls,3,10,True,S2_thermal_cycle__rls__seed3,24befa705b788e8ac92815dc24ece289db28b46d6894613726a31248a0b3f0e9,f54c17346089ba805d00d389d8b7c1c3e1cdb89c6515d103c5f0f15f4eb61185,c1881d4f6c0f31cc50171d6c3004faa1325b5e8d,reconverge_s,,s
ladder,S2_thermal_cycle,kalman,1,10,True,S2_thermal_cycle__kalman__seed1,a9d23ff021d7d7330d2f7690ce6fe1a23e9face2bceffa30bb9e10eb4c70e685,2dcdf9429baa9fcc847cc03bb3eb992a0574d0c81dcfbd456974ff9264223f13,c1881d4f6c0f31cc50171d6c3004faa1325b5e8d,reconverge_s,,s
ladder,S2_thermal_cycle,kalman,2,10,True,S2_thermal_cycle__kalman__seed2,19c57e97290995438510692dd0c87d401ed506ad1b05f6b88446276b5f326325,2dcdf9429baa9fcc847cc03bb3eb992a0574d0c81dcfbd456974ff9264223f13,c1881d4f6c0f31cc50171d6c3004faa1325b5e8d,reconverge_s,,s
ladder,S2_thermal_cycle,kalman,3,10,True,S2_thermal_cycle__kalman__seed3,24befa705b788e8ac92815dc24ece289db28b46d6894613726a31248a0b3f0e9,2dcdf9429baa9fcc847cc03bb3eb992a0574d0c81dcfbd456974ff9264223f13,c1881d4f6c0f31cc50171d6c3004faa1325b5e8d,reconverge_s,,s
ladder,S3_zero_drift_walk,static_affine,1,10,True,S3_zero_drift_walk__static_affine__seed1,f100b6d8743f0beb23a874f69b02d3ff86fd69d1b80c3005bc53c22fbf24242c,535f10e6c30103272f64653e50d0578cbf5af363b23f0ecbad28905519d7af3d,c1881d4f6c0f31cc50171d6c3004faa1325b5e8d,reconverge_s,,s
ladder,S3_zero_drift_walk,static_affine,2,10,True,S3_zero_drift_walk__static_affine__seed2,d908b1eec1d6ca010fbfed3dff58421d1657520e5136c0976972c56a507b8a71,535f10e6c30103272f64653e50d0578cbf5af363b23f0ecbad28905519d7af3d,c1881d4f6c0f31cc50171d6c3004faa1325b5e8d,reconverge_s,,s
ladder,S3_zero_drift_walk,static_affine,3,10,True,S3_zero_drift_walk__static_affine__seed3,e65e6377500da0315dac92d9d159e61875ec095bbab24aed7387d0c3eeb9a9db,535f10e6c30103272f64653e50d0578cbf5af363b23f0ecbad28905519d7af3d,c1881d4f6c0f31cc50171d6c3004faa1325b5e8d,reconverge_s,,s
ladder,S3_zero_drift_walk,rls,1,10,True,S3_zero_drift_walk__rls__seed1,f100b6d8743f0beb23a874f69b02d3ff86fd69d1b80c3005bc53c22fbf24242c,f54c17346089ba805d00d389d8b7c1c3e1cdb89c6515d103c5f0f15f4eb61185,c1881d4f6c0f31cc50171d6c3004faa1325b5e8d,reconverge_s,,s
ladder,S3_zero_drift_walk,rls,2,10,True,S3_zero_drift_walk__rls__seed2,d908b1eec1d6ca010fbfed3dff58421d1657520e5136c0976972c56a507b8a71,f54c17346089ba805d00d389d8b7c1c3e1cdb89c6515d103c5f0f15f4eb61185,c1881d4f6c0f31cc50171d6c3004faa1325b5e8d,reconverge_s,,s
ladder,S3_zero_drift_walk,rls,3,10,True,S3_zero_drift_walk__rls__seed3,e65e6377500da0315dac92d9d159e61875ec095bbab24aed7387d0c3eeb9a9db,f54c17346089ba805d00d389d8b7c1c3e1cdb89c6515d103c5f0f15f4eb61185,c1881d4f6c0f31cc50171d6c3004faa1325b5e8d,reconverge_s,,s
ladder,S3_zero_drift_walk,kalman,1,10,True,S3_zero_drift_walk__kalman__seed1,f100b6d8743f0beb23a874f69b02d3ff86fd69d1b80c3005bc53c22fbf24242c,2dcdf9429baa9fcc847cc03bb3eb992a0574d0c81dcfbd456974ff9264223f13,c1881d4f6c0f31cc50171d6c3004faa1325b5e8d,reconverge_s,,s
ladder,S3_zero_drift_walk,kalman,2,10,True,S3_zero_drift_walk__kalman__seed2,d908b1eec1d6ca010fbfed3dff58421d1657520e5136c0976972c56a507b8a71,2dcdf9429baa9fcc847cc03bb3eb992a0574d0c81dcfbd456974ff9264223f13,c1881d4f6c0f31cc50171d6c3004faa1325b5e8d,reconverge_s,,s
ladder,S3_zero_drift_walk,kalman,3,10,True,S3_zero_drift_walk__kalman__seed3,e65e6377500da0315dac92d9d159e61875ec095bbab24aed7387d0c3eeb9a9db,2dcdf9429baa9fcc847cc03bb3eb992a0574d0c81dcfbd456974ff9264223f13,c1881d4f6c0f31cc50171d6c3004faa1325b5e8d,reconverge_s,,s
ladder,S4_step_fault,static_affine,1,10,True,S4_step_fault__static_affine__seed1,7d29a6d7dca932314e512c265e0e559ec6cc02e548aa25349a95d1f29dbf9ef1,535f10e6c30103272f64653e50d0578cbf5af363b23f0ecbad28905519d7af3d,c1881d4f6c0f31cc50171d6c3004faa1325b5e8d,reconverge_s,12409.17532,s
ladder,S4_step_fault,static_affine,2,10,True,S4_step_fault__static_affine__seed2,adc80992e5ad2b0074c2ccb5fd189429c3fd11d2d51d242aa1caec078b0db1d2,535f10e6c30103272f64653e50d0578cbf5af363b23f0ecbad28905519d7af3d,c1881d4f6c0f31cc50171d6c3004faa1325b5e8d,reconverge_s,9677.066503,s
ladder,S4_step_fault,static_affine,3,10,True,S4_step_fault__static_affine__seed3,755a0aa70d2f3fe05534c8cb137d5df18ed16325d4692fc840c3daee2c8a8c92,535f10e6c30103272f64653e50d0578cbf5af363b23f0ecbad28905519d7af3d,c1881d4f6c0f31cc50171d6c3004faa1325b5e8d,reconverge_s,11180.220399,s
ladder,S4_step_fault,rls,1,10,True,S4_step_fault__rls__seed1,7d29a6d7dca932314e512c265e0e559ec6cc02e548aa25349a95d1f29dbf9ef1,f54c17346089ba805d00d389d8b7c1c3e1cdb89c6515d103c5f0f15f4eb61185,c1881d4f6c0f31cc50171d6c3004faa1325b5e8d,reconverge_s,3919.086226,s
ladder,S4_step_fault,rls,2,10,True,S4_step_fault__rls__seed2,adc80992e5ad2b0074c2ccb5fd189429c3fd11d2d51d242aa1caec078b0db1d2,f54c17346089ba805d00d389d8b7c1c3e1cdb89c6515d103c5f0f15f4eb61185,c1881d4f6c0f31cc50171d6c3004faa1325b5e8d,reconverge_s,8650.715811,s
ladder,S4_step_fault,rls,3,10,True,S4_step_fault__rls__seed3,755a0aa70d2f3fe05534c8cb137d5df18ed16325d4692fc840c3daee2c8a8c92,f54c17346089ba805d00d389d8b7c1c3e1cdb89c6515d103c5f0f15f4eb61185,c1881d4f6c0f31cc50171d6c3004faa1325b5e8d,reconverge_s,7923.443516,s
ladder,S4_step_fault,kalman,1,10,True,S4_step_fault__kalman__seed1,7d29a6d7dca932314e512c265e0e559ec6cc02e548aa25349a95d1f29dbf9ef1,2dcdf9429baa9fcc847cc03bb3eb992a0574d0c81dcfbd456974ff9264223f13,c1881d4f6c0f31cc50171d6c3004faa1325b5e8d,reconverge_s,3406.237159,s
ladder,S4_step_fault,kalman,2,10,True,S4_step_fault__kalman__seed2,adc80992e5ad2b0074c2ccb5fd189429c3fd11d2d51d242aa1caec078b0db1d2,2dcdf9429baa9fcc847cc03bb3eb992a0574d0c81dcfbd456974ff9264223f13,c1881d4f6c0f31cc50171d6c3004faa1325b5e8d,reconverge_s,1744.365268,s
ladder,S4_step_fault,kalman,3,10,True,S4_step_fault__kalman__seed3,755a0aa70d2f3fe05534c8cb137d5df18ed16325d4692fc840c3daee2c8a8c92,2dcdf9429baa9fcc847cc03bb3eb992a0574d0c81dcfbd456974ff9264223f13,c1881d4f6c0f31cc50171d6c3004faa1325b5e8d,reconverge_s,4995.935714,s
ladder,S5_outage,static_affine,1,10,True,S5_outage__static_affine__seed1,ab25696964de9a9bd056c05f5021821512f6128f06fede373f779014f2fed9d8,535f10e6c30103272f64653e50d0578cbf5af363b23f0ecbad28905519d7af3d,c1881d4f6c0f31cc50171d6c3004faa1325b5e8d,reconverge_s,,s
ladder,S5_outage,static_affine,2,10,True,S5_outage__static_affine__seed2,0052a68ebb4dd1334f0378cfa6defa07917942ba64b15d70b6cd736642ab3e2c,535f10e6c30103272f64653e50d0578cbf5af363b23f0ecbad28905519d7af3d,c1881d4f6c0f31cc50171d6c3004faa1325b5e8d,reconverge_s,,s
ladder,S5_outage,static_affine,3,10,True,S5_outage__static_affine__seed3,e71247b8c58f106fad94f1fa68a340a88baac5595f00b577c8912131cd60a6c4,535f10e6c30103272f64653e50d0578cbf5af363b23f0ecbad28905519d7af3d,c1881d4f6c0f31cc50171d6c3004faa1325b5e8d,reconverge_s,,s
ladder,S5_outage,rls,1,10,True,S5_outage__rls__seed1,ab25696964de9a9bd056c05f5021821512f6128f06fede373f779014f2fed9d8,f54c17346089ba805d00d389d8b7c1c3e1cdb89c6515d103c5f0f15f4eb61185,c1881d4f6c0f31cc50171d6c3004faa1325b5e8d,reconverge_s,,s
ladder,S5_outage,rls,2,10,True,S5_outage__rls__seed2,0052a68ebb4dd1334f0378cfa6defa07917942ba64b15d70b6cd736642ab3e2c,f54c17346089ba805d00d389d8b7c1c3e1cdb89c6515d103c5f0f15f4eb61185,c1881d4f6c0f31cc50171d6c3004faa1325b5e8d,reconverge_s,,s
ladder,S5_outage,rls,3,10,True,S5_outage__rls__seed3,e71247b8c58f106fad94f1fa68a340a88baac5595f00b577c8912131cd60a6c4,f54c17346089ba805d00d389d8b7c1c3e1cdb89c6515d103c5f0f15f4eb61185,c1881d4f6c0f31cc50171d6c3004faa1325b5e8d,reconverge_s,,s
ladder,S5_outage,kalman,1,10,True,S5_outage__kalman__seed1,ab25696964de9a9bd056c05f5021821512f6128f06fede373f779014f2fed9d8,2dcdf9429baa9fcc847cc03bb3eb992a0574d0c81dcfbd456974ff9264223f13,c1881d4f6c0f31cc50171d6c3004faa1325b5e8d,reconverge_s,,s
ladder,S5_outage,kalman,2,10,True,S5_outage__kalman__seed2,0052a68ebb4dd1334f0378cfa6defa07917942ba64b15d70b6cd736642ab3e2c,2dcdf9429baa9fcc847cc03bb3eb992a0574d0c81dcfbd456974ff9264223f13,c1881d4f6c0f31cc50171d6c3004faa1325b5e8d,reconverge_s,,s
ladder,S5_outage,kalman,3,10,True,S5_outage__kalman__seed3,e71247b8c58f106fad94f1fa68a340a88baac5595f00b577c8912131cd60a6c4,2dcdf9429baa9fcc847cc03bb3eb992a0574d0c81dcfbd456974ff9264223f13,c1881d4f6c0f31cc50171d6c3004faa1325b5e8d,reconverge_s,,s
ladder,S6_combined,static_affine,1,10,True,S6_combined__static_affine__seed1,b3cf8d14b3aed8b1d65ab4497dcbfb879dbda2ce1da03bb07f6401c9b4b9bd4a,535f10e6c30103272f64653e50d0578cbf5af363b23f0ecbad28905519d7af3d,c1881d4f6c0f31cc50171d6c3004faa1325b5e8d,reconverge_s,41262.240155,s
ladder,S6_combined,static_affine,2,10,True,S6_combined__static_affine__seed2,e4f7ab87faf6982be139dc8af97757bff8d540d357c41e3d06ec298e4dd75854,535f10e6c30103272f64653e50d0578cbf5af363b23f0ecbad28905519d7af3d,c1881d4f6c0f31cc50171d6c3004faa1325b5e8d,reconverge_s,9375.335591,s
ladder,S6_combined,static_affine,3,10,True,S6_combined__static_affine__seed3,c371bfebbbdb510b204e19fcaedea3c47a4e8b6d77499f04ee6ac55d13fed988,535f10e6c30103272f64653e50d0578cbf5af363b23f0ecbad28905519d7af3d,c1881d4f6c0f31cc50171d6c3004faa1325b5e8d,reconverge_s,13057.580058,s
ladder,S6_combined,rls,1,10,True,S6_combined__rls__seed1,b3cf8d14b3aed8b1d65ab4497dcbfb879dbda2ce1da03bb07f6401c9b4b9bd4a,f54c17346089ba805d00d389d8b7c1c3e1cdb89c6515d103c5f0f15f4eb61185,c1881d4f6c0f31cc50171d6c3004faa1325b5e8d,reconverge_s,,s
ladder,S6_combined,rls,2,10,True,S6_combined__rls__seed2,e4f7ab87faf6982be139dc8af97757bff8d540d357c41e3d06ec298e4dd75854,f54c17346089ba805d00d389d8b7c1c3e1cdb89c6515d103c5f0f15f4eb61185,c1881d4f6c0f31cc50171d6c3004faa1325b5e8d,reconverge_s,99407.796201,s
ladder,S6_combined,rls,3,10,True,S6_combined__rls__seed3,c371bfebbbdb510b204e19fcaedea3c47a4e8b6d77499f04ee6ac55d13fed988,f54c17346089ba805d00d389d8b7c1c3e1cdb89c6515d103c5f0f15f4eb61185,c1881d4f6c0f31cc50171d6c3004faa1325b5e8d,reconverge_s,5916.793585,s
ladder,S6_combined,kalman,1,10,True,S6_combined__kalman__seed1,b3cf8d14b3aed8b1d65ab4497dcbfb879dbda2ce1da03bb07f6401c9b4b9bd4a,2dcdf9429baa9fcc847cc03bb3eb992a0574d0c81dcfbd456974ff9264223f13,c1881d4f6c0f31cc50171d6c3004faa1325b5e8d,reconverge_s,,s
ladder,S6_combined,kalman,2,10,True,S6_combined__kalman__seed2,e4f7ab87faf6982be139dc8af97757bff8d540d357c41e3d06ec298e4dd75854,2dcdf9429baa9fcc847cc03bb3eb992a0574d0c81dcfbd456974ff9264223f13,c1881d4f6c0f31cc50171d6c3004faa1325b5e8d,reconverge_s,,s
ladder,S6_combined,kalman,3,10,True,S6_combined__kalman__seed3,c371bfebbbdb510b204e19fcaedea3c47a4e8b6d77499f04ee6ac55d13fed988,2dcdf9429baa9fcc847cc03bb3eb992a0574d0c81dcfbd456974ff9264223f13,c1881d4f6c0f31cc50171d6c3004faa1325b5e8d,reconverge_s,5805.666944,s
ladder,S7_sparse_reference,static_affine,1,10,True,S7_sparse_reference__static_affine__seed1,24835dafebd07f6facda17ec68b148ca21bd70070201cdbfe1cf136d6c2da50a,535f10e6c30103272f64653e50d0578cbf5af363b23f0ecbad28905519d7af3d,c1881d4f6c0f31cc50171d6c3004faa1325b5e8d,reconverge_s,5103.662683,s
ladder,S7_sparse_reference,static_affine,2,10,True,S7_sparse_reference__static_affine__seed2,1830f9600d18220efd37edc0ed15951b55aee715e2061c3ef38b60364f8b8678,535f10e6c30103272f64653e50d0578cbf5af363b23f0ecbad28905519d7af3d,c1881d4f6c0f31cc50171d6c3004faa1325b5e8d,reconverge_s,8475.907236,s
ladder,S7_sparse_reference,static_affine,3,10,True,S7_sparse_reference__static_affine__seed3,b10da6cea2c796fcd510a2c7d7f3d2074f0eed008477bb57609f09be0a5cc888,535f10e6c30103272f64653e50d0578cbf5af363b23f0ecbad28905519d7af3d,c1881d4f6c0f31cc50171d6c3004faa1325b5e8d,reconverge_s,,s
ladder,S7_sparse_reference,rls,1,10,True,S7_sparse_reference__rls__seed1,24835dafebd07f6facda17ec68b148ca21bd70070201cdbfe1cf136d6c2da50a,f54c17346089ba805d00d389d8b7c1c3e1cdb89c6515d103c5f0f15f4eb61185,c1881d4f6c0f31cc50171d6c3004faa1325b5e8d,reconverge_s,3033.913507,s
ladder,S7_sparse_reference,rls,2,10,True,S7_sparse_reference__rls__seed2,1830f9600d18220efd37edc0ed15951b55aee715e2061c3ef38b60364f8b8678,f54c17346089ba805d00d389d8b7c1c3e1cdb89c6515d103c5f0f15f4eb61185,c1881d4f6c0f31cc50171d6c3004faa1325b5e8d,reconverge_s,6362.07004,s
ladder,S7_sparse_reference,rls,3,10,True,S7_sparse_reference__rls__seed3,b10da6cea2c796fcd510a2c7d7f3d2074f0eed008477bb57609f09be0a5cc888,f54c17346089ba805d00d389d8b7c1c3e1cdb89c6515d103c5f0f15f4eb61185,c1881d4f6c0f31cc50171d6c3004faa1325b5e8d,reconverge_s,4906.260098,s
ladder,S7_sparse_reference,kalman,1,10,True,S7_sparse_reference__kalman__seed1,24835dafebd07f6facda17ec68b148ca21bd70070201cdbfe1cf136d6c2da50a,2dcdf9429baa9fcc847cc03bb3eb992a0574d0c81dcfbd456974ff9264223f13,c1881d4f6c0f31cc50171d6c3004faa1325b5e8d,reconverge_s,,s
ladder,S7_sparse_reference,kalman,2,10,True,S7_sparse_reference__kalman__seed2,1830f9600d18220efd37edc0ed15951b55aee715e2061c3ef38b60364f8b8678,2dcdf9429baa9fcc847cc03bb3eb992a0574d0c81dcfbd456974ff9264223f13,c1881d4f6c0f31cc50171d6c3004faa1325b5e8d,reconverge_s,,s
ladder,S7_sparse_reference,kalman,3,10,True,S7_sparse_reference__kalman__seed3,b10da6cea2c796fcd510a2c7d7f3d2074f0eed008477bb57609f09be0a5cc888,2dcdf9429baa9fcc847cc03bb3eb992a0574d0c81dcfbd456974ff9264223f13,c1881d4f6c0f31cc50171d6c3004faa1325b5e8d,reconverge_s,4811.689666,s
ladder,S1_nominal,static_affine,1,10,True,S1_nominal__static_affine__seed1,1f0eb7d0a64d2c9430bd781be2ad3a6383c85935e18ff7809210a4dbae3f4f74,535f10e6c30103272f64653e50d0578cbf5af363b23f0ecbad28905519d7af3d,c1881d4f6c0f31cc50171d6c3004faa1325b5e8d,mean_detection_delay_s,,s
ladder,S1_nominal,static_affine,2,10,True,S1_nominal__static_affine__seed2,c45f068e83a0db5af8037bcec208da070545216f5240a590ba8286dfcee1b0b4,535f10e6c30103272f64653e50d0578cbf5af363b23f0ecbad28905519d7af3d,c1881d4f6c0f31cc50171d6c3004faa1325b5e8d,mean_detection_delay_s,,s
ladder,S1_nominal,static_affine,3,10,True,S1_nominal__static_affine__seed3,7f808862af70bdf5f8b721f954c967c9d3eb0d071e708e4f266d8f7901642f98,535f10e6c30103272f64653e50d0578cbf5af363b23f0ecbad28905519d7af3d,c1881d4f6c0f31cc50171d6c3004faa1325b5e8d,mean_detection_delay_s,,s
ladder,S1_nominal,rls,1,10,True,S1_nominal__rls__seed1,1f0eb7d0a64d2c9430bd781be2ad3a6383c85935e18ff7809210a4dbae3f4f74,f54c17346089ba805d00d389d8b7c1c3e1cdb89c6515d103c5f0f15f4eb61185,c1881d4f6c0f31cc50171d6c3004faa1325b5e8d,mean_detection_delay_s,,s
ladder,S1_nominal,rls,2,10,True,S1_nominal__rls__seed2,c45f068e83a0db5af8037bcec208da070545216f5240a590ba8286dfcee1b0b4,f54c17346089ba805d00d389d8b7c1c3e1cdb89c6515d103c5f0f15f4eb61185,c1881d4f6c0f31cc50171d6c3004faa1325b5e8d,mean_detection_delay_s,,s
ladder,S1_nominal,rls,3,10,True,S1_nominal__rls__seed3,7f808862af70bdf5f8b721f954c967c9d3eb0d071e708e4f266d8f7901642f98,f54c17346089ba805d00d389d8b7c1c3e1cdb89c6515d103c5f0f15f4eb61185,c1881d4f6c0f31cc50171d6c3004faa1325b5e8d,mean_detection_delay_s,,s
ladder,S1_nominal,kalman,1,10,True,S1_nominal__kalman__seed1,1f0eb7d0a64d2c9430bd781be2ad3a6383c85935e18ff7809210a4dbae3f4f74,2dcdf9429baa9fcc847cc03bb3eb992a0574d0c81dcfbd456974ff9264223f13,c1881d4f6c0f31cc50171d6c3004faa1325b5e8d,mean_detection_delay_s,,s
ladder,S1_nominal,kalman,2,10,True,S1_nominal__kalman__seed2,c45f068e83a0db5af8037bcec208da070545216f5240a590ba8286dfcee1b0b4,2dcdf9429baa9fcc847cc03bb3eb992a0574d0c81dcfbd456974ff9264223f13,c1881d4f6c0f31cc50171d6c3004faa1325b5e8d,mean_detection_delay_s,,s
ladder,S1_nominal,kalman,3,10,True,S1_nominal__kalman__seed3,7f808862af70bdf5f8b721f954c967c9d3eb0d071e708e4f266d8f7901642f98,2dcdf9429baa9fcc847cc03bb3eb992a0574d0c81dcfbd456974ff9264223f13,c1881d4f6c0f31cc50171d6c3004faa1325b5e8d,mean_detection_delay_s,,s
ladder,S2_thermal_cycle,static_affine,1,10,True,S2_thermal_cycle__static_affine__seed1,a9d23ff021d7d7330d2f7690ce6fe1a23e9face2bceffa30bb9e10eb4c70e685,535f10e6c30103272f64653e50d0578cbf5af363b23f0ecbad28905519d7af3d,c1881d4f6c0f31cc50171d6c3004faa1325b5e8d,mean_detection_delay_s,,s
ladder,S2_thermal_cycle,static_affine,2,10,True,S2_thermal_cycle__static_affine__seed2,19c57e97290995438510692dd0c87d401ed506ad1b05f6b88446276b5f326325,535f10e6c30103272f64653e50d0578cbf5af363b23f0ecbad28905519d7af3d,c1881d4f6c0f31cc50171d6c3004faa1325b5e8d,mean_detection_delay_s,,s
ladder,S2_thermal_cycle,static_affine,3,10,True,S2_thermal_cycle__static_affine__seed3,24befa705b788e8ac92815dc24ece289db28b46d6894613726a31248a0b3f0e9,535f10e6c30103272f64653e50d0578cbf5af363b23f0ecbad28905519d7af3d,c1881d4f6c0f31cc50171d6c3004faa1325b5e8d,mean_detection_delay_s,,s
ladder,S2_thermal_cycle,rls,1,10,True,S2_thermal_cycle__rls__seed1,a9d23ff021d7d7330d2f7690ce6fe1a23e9face2bceffa30bb9e10eb4c70e685,f54c17346089ba805d00d389d8b7c1c3e1cdb89c6515d103c5f0f15f4eb61185,c1881d4f6c0f31cc50171d6c3004faa1325b5e8d,mean_detection_delay_s,,s
ladder,S2_thermal_cycle,rls,2,10,True,S2_thermal_cycle__rls__seed2,19c57e97290995438510692dd0c87d401ed506ad1b05f6b88446276b5f326325,f54c17346089ba805d00d389d8b7c1c3e1cdb89c6515d103c5f0f15f4eb61185,c1881d4f6c0f31cc50171d6c3004faa1325b5e8d,mean_detection_delay_s,,s
ladder,S2_thermal_cycle,rls,3,10,True,S2_thermal_cycle__rls__seed3,24befa705b788e8ac92815dc24ece289db28b46d6894613726a31248a0b3f0e9,f54c17346089ba805d00d389d8b7c1c3e1cdb89c6515d103c5f0f15f4eb61185,c1881d4f6c0f31cc50171d6c3004faa1325b5e8d,mean_detection_delay_s,,s
ladder,S2_thermal_cycle,kalman,1,10,True,S2_thermal_cycle__kalman__seed1,a9d23ff021d7d7330d2f7690ce6fe1a23e9face2bceffa30bb9e10eb4c70e685,2dcdf9429baa9fcc847cc03bb3eb992a0574d0c81dcfbd456974ff9264223f13,c1881d4f6c0f31cc50171d6c3004faa1325b5e8d,mean_detection_delay_s,,s
ladder,S2_thermal_cycle,kalman,2,10,True,S2_thermal_cycle__kalman__seed2,19c57e97290995438510692dd0c87d401ed506ad1b05f6b88446276b5f326325,2dcdf9429baa9fcc847cc03bb3eb992a0574d0c81dcfbd456974ff9264223f13,c1881d4f6c0f31cc50171d6c3004faa1325b5e8d,mean_detection_delay_s,,s
ladder,S2_thermal_cycle,kalman,3,10,True,S2_thermal_cycle__kalman__seed3,24befa705b788e8ac92815dc24ece289db28b46d6894613726a31248a0b3f0e9,2dcdf9429baa9fcc847cc03bb3eb992a0574d0c81dcfbd456974ff9264223f13,c1881d4f6c0f31cc50171d6c3004faa1325b5e8d,mean_detection_delay_s,,s
ladder,S3_zero_drift_walk,static_affine,1,10,True,S3_zero_drift_walk__static_affine__seed1,f100b6d8743f0beb23a874f69b02d3ff86fd69d1b80c3005bc53c22fbf24242c,535f10e6c30103272f64653e50d0578cbf5af363b23f0ecbad28905519d7af3d,c1881d4f6c0f31cc50171d6c3004faa1325b5e8d,mean_detection_delay_s,,s
ladder,S3_zero_drift_walk,static_affine,2,10,True,S3_zero_drift_walk__static_affine__seed2,d908b1eec1d6ca010fbfed3dff58421d1657520e5136c0976972c56a507b8a71,535f10e6c30103272f64653e50d0578cbf5af363b23f0ecbad28905519d7af3d,c1881d4f6c0f31cc50171d6c3004faa1325b5e8d,mean_detection_delay_s,,s
ladder,S3_zero_drift_walk,static_affine,3,10,True,S3_zero_drift_walk__static_affine__seed3,e65e6377500da0315dac92d9d159e61875ec095bbab24aed7387d0c3eeb9a9db,535f10e6c30103272f64653e50d0578cbf5af363b23f0ecbad28905519d7af3d,c1881d4f6c0f31cc50171d6c3004faa1325b5e8d,mean_detection_delay_s,,s
ladder,S3_zero_drift_walk,rls,1,10,True,S3_zero_drift_walk__rls__seed1,f100b6d8743f0beb23a874f69b02d3ff86fd69d1b80c3005bc53c22fbf24242c,f54c17346089ba805d00d389d8b7c1c3e1cdb89c6515d103c5f0f15f4eb61185,c1881d4f6c0f31cc50171d6c3004faa1325b5e8d,mean_detection_delay_s,,s
ladder,S3_zero_drift_walk,rls,2,10,True,S3_zero_drift_walk__rls__seed2,d908b1eec1d6ca010fbfed3dff58421d1657520e5136c0976972c56a507b8a71,f54c17346089ba805d00d389d8b7c1c3e1cdb89c6515d103c5f0f15f4eb61185,c1881d4f6c0f31cc50171d6c3004faa1325b5e8d,mean_detection_delay_s,,s
ladder,S3_zero_drift_walk,rls,3,10,True,S3_zero_drift_walk__rls__seed3,e65e6377500da0315dac92d9d159e61875ec095bbab24aed7387d0c3eeb9a9db,f54c17346089ba805d00d389d8b7c1c3e1cdb89c6515d103c5f0f15f4eb61185,c1881d4f6c0f31cc50171d6c3004faa1325b5e8d,mean_detection_delay_s,,s
ladder,S3_zero_drift_walk,kalman,1,10,True,S3_zero_drift_walk__kalman__seed1,f100b6d8743f0beb23a874f69b02d3ff86fd69d1b80c3005bc53c22fbf24242c,2dcdf9429baa9fcc847cc03bb3eb992a0574d0c81dcfbd456974ff9264223f13,c1881d4f6c0f31cc50171d6c3004faa1325b5e8d,mean_detection_delay_s,,s
ladder,S3_zero_drift_walk,kalman,2,10,True,S3_zero_drift_walk__kalman__seed2,d908b1eec1d6ca010fbfed3dff58421d1657520e5136c0976972c56a507b8a71,2dcdf9429baa9fcc847cc03bb3eb992a0574d0c81dcfbd456974ff9264223f13,c1881d4f6c0f31cc50171d6c3004faa1325b5e8d,mean_detection_delay_s,,s
ladder,S3_zero_drift_walk,kalman,3,10,True,S3_zero_drift_walk__kalman__seed3,e65e6377500da0315dac92d9d159e61875ec095bbab24aed7387d0c3eeb9a9db,2dcdf9429baa9fcc847cc03bb3eb992a0574d0c81dcfbd456974ff9264223f13,c1881d4f6c0f31cc50171d6c3004faa1325b5e8d,mean_detection_delay_s,,s
ladder,S4_step_fault,static_affine,1,10,True,S4_step_fault__static_affine__seed1,7d29a6d7dca932314e512c265e0e559ec6cc02e548aa25349a95d1f29dbf9ef1,535f10e6c30103272f64653e50d0578cbf5af363b23f0ecbad28905519d7af3d,c1881d4f6c0f31cc50171d6c3004faa1325b5e8d,mean_detection_delay_s,,s
ladder,S4_step_fault,static_affine,2,10,True,S4_step_fault__static_affine__seed2,adc80992e5ad2b0074c2ccb5fd189429c3fd11d2d51d242aa1caec078b0db1d2,535f10e6c30103272f64653e50d0578cbf5af363b23f0ecbad28905519d7af3d,c1881d4f6c0f31cc50171d6c3004faa1325b5e8d,mean_detection_delay_s,,s
ladder,S4_step_fault,static_affine,3,10,True,S4_step_fault__static_affine__seed3,755a0aa70d2f3fe05534c8cb137d5df18ed16325d4692fc840c3daee2c8a8c92,535f10e6c30103272f64653e50d0578cbf5af363b23f0ecbad28905519d7af3d,c1881d4f6c0f31cc50171d6c3004faa1325b5e8d,mean_detection_delay_s,1390.892524,s
ladder,S4_step_fault,rls,1,10,True,S4_step_fault__rls__seed1,7d29a6d7dca932314e512c265e0e559ec6cc02e548aa25349a95d1f29dbf9ef1,f54c17346089ba805d00d389d8b7c1c3e1cdb89c6515d103c5f0f15f4eb61185,c1881d4f6c0f31cc50171d6c3004faa1325b5e8d,mean_detection_delay_s,,s
ladder,S4_step_fault,rls,2,10,True,S4_step_fault__rls__seed2,adc80992e5ad2b0074c2ccb5fd189429c3fd11d2d51d242aa1caec078b0db1d2,f54c17346089ba805d00d389d8b7c1c3e1cdb89c6515d103c5f0f15f4eb61185,c1881d4f6c0f31cc50171d6c3004faa1325b5e8d,mean_detection_delay_s,,s
ladder,S4_step_fault,rls,3,10,True,S4_step_fault__rls__seed3,755a0aa70d2f3fe05534c8cb137d5df18ed16325d4692fc840c3daee2c8a8c92,f54c17346089ba805d00d389d8b7c1c3e1cdb89c6515d103c5f0f15f4eb61185,c1881d4f6c0f31cc50171d6c3004faa1325b5e8d,mean_detection_delay_s,1390.892524,s
ladder,S4_step_fault,kalman,1,10,True,S4_step_fault__kalman__seed1,7d29a6d7dca932314e512c265e0e559ec6cc02e548aa25349a95d1f29dbf9ef1,2dcdf9429baa9fcc847cc03bb3eb992a0574d0c81dcfbd456974ff9264223f13,c1881d4f6c0f31cc50171d6c3004faa1325b5e8d,mean_detection_delay_s,,s
ladder,S4_step_fault,kalman,2,10,True,S4_step_fault__kalman__seed2,adc80992e5ad2b0074c2ccb5fd189429c3fd11d2d51d242aa1caec078b0db1d2,2dcdf9429baa9fcc847cc03bb3eb992a0574d0c81dcfbd456974ff9264223f13,c1881d4f6c0f31cc50171d6c3004faa1325b5e8d,mean_detection_delay_s,,s
ladder,S4_step_fault,kalman,3,10,True,S4_step_fault__kalman__seed3,755a0aa70d2f3fe05534c8cb137d5df18ed16325d4692fc840c3daee2c8a8c92,2dcdf9429baa9fcc847cc03bb3eb992a0574d0c81dcfbd456974ff9264223f13,c1881d4f6c0f31cc50171d6c3004faa1325b5e8d,mean_detection_delay_s,1390.892524,s
ladder,S5_outage,static_affine,1,10,True,S5_outage__static_affine__seed1,ab25696964de9a9bd056c05f5021821512f6128f06fede373f779014f2fed9d8,535f10e6c30103272f64653e50d0578cbf5af363b23f0ecbad28905519d7af3d,c1881d4f6c0f31cc50171d6c3004faa1325b5e8d,mean_detection_delay_s,,s
ladder,S5_outage,static_affine,2,10,True,S5_outage__static_affine__seed2,0052a68ebb4dd1334f0378cfa6defa07917942ba64b15d70b6cd736642ab3e2c,535f10e6c30103272f64653e50d0578cbf5af363b23f0ecbad28905519d7af3d,c1881d4f6c0f31cc50171d6c3004faa1325b5e8d,mean_detection_delay_s,,s
ladder,S5_outage,static_affine,3,10,True,S5_outage__static_affine__seed3,e71247b8c58f106fad94f1fa68a340a88baac5595f00b577c8912131cd60a6c4,535f10e6c30103272f64653e50d0578cbf5af363b23f0ecbad28905519d7af3d,c1881d4f6c0f31cc50171d6c3004faa1325b5e8d,mean_detection_delay_s,,s
ladder,S5_outage,rls,1,10,True,S5_outage__rls__seed1,ab25696964de9a9bd056c05f5021821512f6128f06fede373f779014f2fed9d8,f54c17346089ba805d00d389d8b7c1c3e1cdb89c6515d103c5f0f15f4eb61185,c1881d4f6c0f31cc50171d6c3004faa1325b5e8d,mean_detection_delay_s,,s
ladder,S5_outage,rls,2,10,True,S5_outage__rls__seed2,0052a68ebb4dd1334f0378cfa6defa07917942ba64b15d70b6cd736642ab3e2c,f54c17346089ba805d00d389d8b7c1c3e1cdb89c6515d103c5f0f15f4eb61185,c1881d4f6c0f31cc50171d6c3004faa1325b5e8d,mean_detection_delay_s,,s
ladder,S5_outage,rls,3,10,True,S5_outage__rls__seed3,e71247b8c58f106fad94f1fa68a340a88baac5595f00b577c8912131cd60a6c4,f54c17346089ba805d00d389d8b7c1c3e1cdb89c6515d103c5f0f15f4eb61185,c1881d4f6c0f31cc50171d6c3004faa1325b5e8d,mean_detection_delay_s,,s
ladder,S5_outage,kalman,1,10,True,S5_outage__kalman__seed1,ab25696964de9a9bd056c05f5021821512f6128f06fede373f779014f2fed9d8,2dcdf9429baa9fcc847cc03bb3eb992a0574d0c81dcfbd456974ff9264223f13,c1881d4f6c0f31cc50171d6c3004faa1325b5e8d,mean_detection_delay_s,,s
ladder,S5_outage,kalman,2,10,True,S5_outage__kalman__seed2,0052a68ebb4dd1334f0378cfa6defa07917942ba64b15d70b6cd736642ab3e2c,2dcdf9429baa9fcc847cc03bb3eb992a0574d0c81dcfbd456974ff9264223f13,c1881d4f6c0f31cc50171d6c3004faa1325b5e8d,mean_detection_delay_s,,s
ladder,S5_outage,kalman,3,10,True,S5_outage__kalman__seed3,e71247b8c58f106fad94f1fa68a340a88baac5595f00b577c8912131cd60a6c4,2dcdf9429baa9fcc847cc03bb3eb992a0574d0c81dcfbd456974ff9264223f13,c1881d4f6c0f31cc50171d6c3004faa1325b5e8d,mean_detection_delay_s,,s
ladder,S6_combined,static_affine,1,10,True,S6_combined__static_affine__seed1,b3cf8d14b3aed8b1d65ab4497dcbfb879dbda2ce1da03bb07f6401c9b4b9bd4a,535f10e6c30103272f64653e50d0578cbf5af363b23f0ecbad28905519d7af3d,c1881d4f6c0f31cc50171d6c3004faa1325b5e8d,mean_detection_delay_s,1706.50165,s
ladder,S6_combined,static_affine,2,10,True,S6_combined__static_affine__seed2,e4f7ab87faf6982be139dc8af97757bff8d540d357c41e3d06ec298e4dd75854,535f10e6c30103272f64653e50d0578cbf5af363b23f0ecbad28905519d7af3d,c1881d4f6c0f31cc50171d6c3004faa1325b5e8d,mean_detection_delay_s,,s
ladder,S6_combined,static_affine,3,10,True,S6_combined__static_affine__seed3,c371bfebbbdb510b204e19fcaedea3c47a4e8b6d77499f04ee6ac55d13fed988,535f10e6c30103272f64653e50d0578cbf5af363b23f0ecbad28905519d7af3d,c1881d4f6c0f31cc50171d6c3004faa1325b5e8d,mean_detection_delay_s,,s
ladder,S6_combined,rls,1,10,True,S6_combined__rls__seed1,b3cf8d14b3aed8b1d65ab4497dcbfb879dbda2ce1da03bb07f6401c9b4b9bd4a,f54c17346089ba805d00d389d8b7c1c3e1cdb89c6515d103c5f0f15f4eb61185,c1881d4f6c0f31cc50171d6c3004faa1325b5e8d,mean_detection_delay_s,,s
ladder,S6_combined,rls,2,10,True,S6_combined__rls__seed2,e4f7ab87faf6982be139dc8af97757bff8d540d357c41e3d06ec298e4dd75854,f54c17346089ba805d00d389d8b7c1c3e1cdb89c6515d103c5f0f15f4eb61185,c1881d4f6c0f31cc50171d6c3004faa1325b5e8d,mean_detection_delay_s,,s
ladder,S6_combined,rls,3,10,True,S6_combined__rls__seed3,c371bfebbbdb510b204e19fcaedea3c47a4e8b6d77499f04ee6ac55d13fed988,f54c17346089ba805d00d389d8b7c1c3e1cdb89c6515d103c5f0f15f4eb61185,c1881d4f6c0f31cc50171d6c3004faa1325b5e8d,mean_detection_delay_s,,s
ladder,S6_combined,kalman,1,10,True,S6_combined__kalman__seed1,b3cf8d14b3aed8b1d65ab4497dcbfb879dbda2ce1da03bb07f6401c9b4b9bd4a,2dcdf9429baa9fcc847cc03bb3eb992a0574d0c81dcfbd456974ff9264223f13,c1881d4f6c0f31cc50171d6c3004faa1325b5e8d,mean_detection_delay_s,,s
ladder,S6_combined,kalman,2,10,True,S6_combined__kalman__seed2,e4f7ab87faf6982be139dc8af97757bff8d540d357c41e3d06ec298e4dd75854,2dcdf9429baa9fcc847cc03bb3eb992a0574d0c81dcfbd456974ff9264223f13,c1881d4f6c0f31cc50171d6c3004faa1325b5e8d,mean_detection_delay_s,,s
ladder,S6_combined,kalman,3,10,True,S6_combined__kalman__seed3,c371bfebbbdb510b204e19fcaedea3c47a4e8b6d77499f04ee6ac55d13fed988,2dcdf9429baa9fcc847cc03bb3eb992a0574d0c81dcfbd456974ff9264223f13,c1881d4f6c0f31cc50171d6c3004faa1325b5e8d,mean_detection_delay_s,,s
ladder,S7_sparse_reference,static_affine,1,10,True,S7_sparse_reference__static_affine__seed1,24835dafebd07f6facda17ec68b148ca21bd70070201cdbfe1cf136d6c2da50a,535f10e6c30103272f64653e50d0578cbf5af363b23f0ecbad28905519d7af3d,c1881d4f6c0f31cc50171d6c3004faa1325b5e8d,mean_detection_delay_s,,s
ladder,S7_sparse_reference,static_affine,2,10,True,S7_sparse_reference__static_affine__seed2,1830f9600d18220efd37edc0ed15951b55aee715e2061c3ef38b60364f8b8678,535f10e6c30103272f64653e50d0578cbf5af363b23f0ecbad28905519d7af3d,c1881d4f6c0f31cc50171d6c3004faa1325b5e8d,mean_detection_delay_s,,s
ladder,S7_sparse_reference,static_affine,3,10,True,S7_sparse_reference__static_affine__seed3,b10da6cea2c796fcd510a2c7d7f3d2074f0eed008477bb57609f09be0a5cc888,535f10e6c30103272f64653e50d0578cbf5af363b23f0ecbad28905519d7af3d,c1881d4f6c0f31cc50171d6c3004faa1325b5e8d,mean_detection_delay_s,,s
ladder,S7_sparse_reference,rls,1,10,True,S7_sparse_reference__rls__seed1,24835dafebd07f6facda17ec68b148ca21bd70070201cdbfe1cf136d6c2da50a,f54c17346089ba805d00d389d8b7c1c3e1cdb89c6515d103c5f0f15f4eb61185,c1881d4f6c0f31cc50171d6c3004faa1325b5e8d,mean_detection_delay_s,,s
ladder,S7_sparse_reference,rls,2,10,True,S7_sparse_reference__rls__seed2,1830f9600d18220efd37edc0ed15951b55aee715e2061c3ef38b60364f8b8678,f54c17346089ba805d00d389d8b7c1c3e1cdb89c6515d103c5f0f15f4eb61185,c1881d4f6c0f31cc50171d6c3004faa1325b5e8d,mean_detection_delay_s,508.656127,s
ladder,S7_sparse_reference,rls,3,10,True,S7_sparse_reference__rls__seed3,b10da6cea2c796fcd510a2c7d7f3d2074f0eed008477bb57609f09be0a5cc888,f54c17346089ba805d00d389d8b7c1c3e1cdb89c6515d103c5f0f15f4eb61185,c1881d4f6c0f31cc50171d6c3004faa1325b5e8d,mean_detection_delay_s,,s
ladder,S7_sparse_reference,kalman,1,10,True,S7_sparse_reference__kalman__seed1,24835dafebd07f6facda17ec68b148ca21bd70070201cdbfe1cf136d6c2da50a,2dcdf9429baa9fcc847cc03bb3eb992a0574d0c81dcfbd456974ff9264223f13,c1881d4f6c0f31cc50171d6c3004faa1325b5e8d,mean_detection_delay_s,,s
ladder,S7_sparse_reference,kalman,2,10,True,S7_sparse_reference__kalman__seed2,1830f9600d18220efd37edc0ed15951b55aee715e2061c3ef38b60364f8b8678,2dcdf9429baa9fcc847cc03bb3eb992a0574d0c81dcfbd456974ff9264223f13,c1881d4f6c0f31cc50171d6c3004faa1325b5e8d,mean_detection_delay_s,,s
ladder,S7_sparse_reference,kalman,3,10,True,S7_sparse_reference__kalman__seed3,b10da6cea2c796fcd510a2c7d7f3d2074f0eed008477bb57609f09be0a5cc888,2dcdf9429baa9fcc847cc03bb3eb992a0574d0c81dcfbd456974ff9264223f13,c1881d4f6c0f31cc50171d6c3004faa1325b5e8d,mean_detection_delay_s,,s
ladder,S1_nominal,static_affine,1,10,True,S1_nominal__static_affine__seed1,1f0eb7d0a64d2c9430bd781be2ad3a6383c85935e18ff7809210a4dbae3f4f74,535f10e6c30103272f64653e50d0578cbf5af363b23f0ecbad28905519d7af3d,c1881d4f6c0f31cc50171d6c3004faa1325b5e8d,duration_s,21600.0,s
ladder,S1_nominal,static_affine,2,10,True,S1_nominal__static_affine__seed2,c45f068e83a0db5af8037bcec208da070545216f5240a590ba8286dfcee1b0b4,535f10e6c30103272f64653e50d0578cbf5af363b23f0ecbad28905519d7af3d,c1881d4f6c0f31cc50171d6c3004faa1325b5e8d,duration_s,21600.0,s
ladder,S1_nominal,static_affine,3,10,True,S1_nominal__static_affine__seed3,7f808862af70bdf5f8b721f954c967c9d3eb0d071e708e4f266d8f7901642f98,535f10e6c30103272f64653e50d0578cbf5af363b23f0ecbad28905519d7af3d,c1881d4f6c0f31cc50171d6c3004faa1325b5e8d,duration_s,21600.0,s
ladder,S1_nominal,rls,1,10,True,S1_nominal__rls__seed1,1f0eb7d0a64d2c9430bd781be2ad3a6383c85935e18ff7809210a4dbae3f4f74,f54c17346089ba805d00d389d8b7c1c3e1cdb89c6515d103c5f0f15f4eb61185,c1881d4f6c0f31cc50171d6c3004faa1325b5e8d,duration_s,21600.0,s
ladder,S1_nominal,rls,2,10,True,S1_nominal__rls__seed2,c45f068e83a0db5af8037bcec208da070545216f5240a590ba8286dfcee1b0b4,f54c17346089ba805d00d389d8b7c1c3e1cdb89c6515d103c5f0f15f4eb61185,c1881d4f6c0f31cc50171d6c3004faa1325b5e8d,duration_s,21600.0,s
ladder,S1_nominal,rls,3,10,True,S1_nominal__rls__seed3,7f808862af70bdf5f8b721f954c967c9d3eb0d071e708e4f266d8f7901642f98,f54c17346089ba805d00d389d8b7c1c3e1cdb89c6515d103c5f0f15f4eb61185,c1881d4f6c0f31cc50171d6c3004faa1325b5e8d,duration_s,21600.0,s
ladder,S1_nominal,kalman,1,10,True,S1_nominal__kalman__seed1,1f0eb7d0a64d2c9430bd781be2ad3a6383c85935e18ff7809210a4dbae3f4f74,2dcdf9429baa9fcc847cc03bb3eb992a0574d0c81dcfbd456974ff9264223f13,c1881d4f6c0f31cc50171d6c3004faa1325b5e8d,duration_s,21600.0,s
ladder,S1_nominal,kalman,2,10,True,S1_nominal__kalman__seed2,c45f068e83a0db5af8037bcec208da070545216f5240a590ba8286dfcee1b0b4,2dcdf9429baa9fcc847cc03bb3eb992a0574d0c81dcfbd456974ff9264223f13,c1881d4f6c0f31cc50171d6c3004faa1325b5e8d,duration_s,21600.0,s
ladder,S1_nominal,kalman,3,10,True,S1_nominal__kalman__seed3,7f808862af70bdf5f8b721f954c967c9d3eb0d071e708e4f266d8f7901642f98,2dcdf9429baa9fcc847cc03bb3eb992a0574d0c81dcfbd456974ff9264223f13,c1881d4f6c0f31cc50171d6c3004faa1325b5e8d,duration_s,21600.0,s
ladder,S2_thermal_cycle,static_affine,1,10,True,S2_thermal_cycle__static_affine__seed1,a9d23ff021d7d7330d2f7690ce6fe1a23e9face2bceffa30bb9e10eb4c70e685,535f10e6c30103272f64653e50d0578cbf5af363b23f0ecbad28905519d7af3d,c1881d4f6c0f31cc50171d6c3004faa1325b5e8d,duration_s,259200.0,s
ladder,S2_thermal_cycle,static_affine,2,10,True,S2_thermal_cycle__static_affine__seed2,19c57e97290995438510692dd0c87d401ed506ad1b05f6b88446276b5f326325,535f10e6c30103272f64653e50d0578cbf5af363b23f0ecbad28905519d7af3d,c1881d4f6c0f31cc50171d6c3004faa1325b5e8d,duration_s,259200.0,s
ladder,S2_thermal_cycle,static_affine,3,10,True,S2_thermal_cycle__static_affine__seed3,24befa705b788e8ac92815dc24ece289db28b46d6894613726a31248a0b3f0e9,535f10e6c30103272f64653e50d0578cbf5af363b23f0ecbad28905519d7af3d,c1881d4f6c0f31cc50171d6c3004faa1325b5e8d,duration_s,259200.0,s
ladder,S2_thermal_cycle,rls,1,10,True,S2_thermal_cycle__rls__seed1,a9d23ff021d7d7330d2f7690ce6fe1a23e9face2bceffa30bb9e10eb4c70e685,f54c17346089ba805d00d389d8b7c1c3e1cdb89c6515d103c5f0f15f4eb61185,c1881d4f6c0f31cc50171d6c3004faa1325b5e8d,duration_s,259200.0,s
ladder,S2_thermal_cycle,rls,2,10,True,S2_thermal_cycle__rls__seed2,19c57e97290995438510692dd0c87d401ed506ad1b05f6b88446276b5f326325,f54c17346089ba805d00d389d8b7c1c3e1cdb89c6515d103c5f0f15f4eb61185,c1881d4f6c0f31cc50171d6c3004faa1325b5e8d,duration_s,259200.0,s
ladder,S2_thermal_cycle,rls,3,10,True,S2_thermal_cycle__rls__seed3,24befa705b788e8ac92815dc24ece289db28b46d6894613726a31248a0b3f0e9,f54c17346089ba805d00d389d8b7c1c3e1cdb89c6515d103c5f0f15f4eb61185,c1881d4f6c0f31cc50171d6c3004faa1325b5e8d,duration_s,259200.0,s
ladder,S2_thermal_cycle,kalman,1,10,True,S2_thermal_cycle__kalman__seed1,a9d23ff021d7d7330d2f7690ce6fe1a23e9face2bceffa30bb9e10eb4c70e685,2dcdf9429baa9fcc847cc03bb3eb992a0574d0c81dcfbd456974ff9264223f13,c1881d4f6c0f31cc50171d6c3004faa1325b5e8d,duration_s,259200.0,s
ladder,S2_thermal_cycle,kalman,2,10,True,S2_thermal_cycle__kalman__seed2,19c57e97290995438510692dd0c87d401ed506ad1b05f6b88446276b5f326325,2dcdf9429baa9fcc847cc03bb3eb992a0574d0c81dcfbd456974ff9264223f13,c1881d4f6c0f31cc50171d6c3004faa1325b5e8d,duration_s,259200.0,s
ladder,S2_thermal_cycle,kalman,3,10,True,S2_thermal_cycle__kalman__seed3,24befa705b788e8ac92815dc24ece289db28b46d6894613726a31248a0b3f0e9,2dcdf9429baa9fcc847cc03bb3eb992a0574d0c81dcfbd456974ff9264223f13,c1881d4f6c0f31cc50171d6c3004faa1325b5e8d,duration_s,259200.0,s
ladder,S3_zero_drift_walk,static_affine,1,10,True,S3_zero_drift_walk__static_affine__seed1,f100b6d8743f0beb23a874f69b02d3ff86fd69d1b80c3005bc53c22fbf24242c,535f10e6c30103272f64653e50d0578cbf5af363b23f0ecbad28905519d7af3d,c1881d4f6c0f31cc50171d6c3004faa1325b5e8d,duration_s,86400.0,s
ladder,S3_zero_drift_walk,static_affine,2,10,True,S3_zero_drift_walk__static_affine__seed2,d908b1eec1d6ca010fbfed3dff58421d1657520e5136c0976972c56a507b8a71,535f10e6c30103272f64653e50d0578cbf5af363b23f0ecbad28905519d7af3d,c1881d4f6c0f31cc50171d6c3004faa1325b5e8d,duration_s,86400.0,s
ladder,S3_zero_drift_walk,static_affine,3,10,True,S3_zero_drift_walk__static_affine__seed3,e65e6377500da0315dac92d9d159e61875ec095bbab24aed7387d0c3eeb9a9db,535f10e6c30103272f64653e50d0578cbf5af363b23f0ecbad28905519d7af3d,c1881d4f6c0f31cc50171d6c3004faa1325b5e8d,duration_s,86400.0,s
ladder,S3_zero_drift_walk,rls,1,10,True,S3_zero_drift_walk__rls__seed1,f100b6d8743f0beb23a874f69b02d3ff86fd69d1b80c3005bc53c22fbf24242c,f54c17346089ba805d00d389d8b7c1c3e1cdb89c6515d103c5f0f15f4eb61185,c1881d4f6c0f31cc50171d6c3004faa1325b5e8d,duration_s,86400.0,s
ladder,S3_zero_drift_walk,rls,2,10,True,S3_zero_drift_walk__rls__seed2,d908b1eec1d6ca010fbfed3dff58421d1657520e5136c0976972c56a507b8a71,f54c17346089ba805d00d389d8b7c1c3e1cdb89c6515d103c5f0f15f4eb61185,c1881d4f6c0f31cc50171d6c3004faa1325b5e8d,duration_s,86400.0,s
ladder,S3_zero_drift_walk,rls,3,10,True,S3_zero_drift_walk__rls__seed3,e65e6377500da0315dac92d9d159e61875ec095bbab24aed7387d0c3eeb9a9db,f54c17346089ba805d00d389d8b7c1c3e1cdb89c6515d103c5f0f15f4eb61185,c1881d4f6c0f31cc50171d6c3004faa1325b5e8d,duration_s,86400.0,s
ladder,S3_zero_drift_walk,kalman,1,10,True,S3_zero_drift_walk__kalman__seed1,f100b6d8743f0beb23a874f69b02d3ff86fd69d1b80c3005bc53c22fbf24242c,2dcdf9429baa9fcc847cc03bb3eb992a0574d0c81dcfbd456974ff9264223f13,c1881d4f6c0f31cc50171d6c3004faa1325b5e8d,duration_s,86400.0,s
ladder,S3_zero_drift_walk,kalman,2,10,True,S3_zero_drift_walk__kalman__seed2,d908b1eec1d6ca010fbfed3dff58421d1657520e5136c0976972c56a507b8a71,2dcdf9429baa9fcc847cc03bb3eb992a0574d0c81dcfbd456974ff9264223f13,c1881d4f6c0f31cc50171d6c3004faa1325b5e8d,duration_s,86400.0,s
ladder,S3_zero_drift_walk,kalman,3,10,True,S3_zero_drift_walk__kalman__seed3,e65e6377500da0315dac92d9d159e61875ec095bbab24aed7387d0c3eeb9a9db,2dcdf9429baa9fcc847cc03bb3eb992a0574d0c81dcfbd456974ff9264223f13,c1881d4f6c0f31cc50171d6c3004faa1325b5e8d,duration_s,86400.0,s
ladder,S4_step_fault,static_affine,1,10,True,S4_step_fault__static_affine__seed1,7d29a6d7dca932314e512c265e0e559ec6cc02e548aa25349a95d1f29dbf9ef1,535f10e6c30103272f64653e50d0578cbf5af363b23f0ecbad28905519d7af3d,c1881d4f6c0f31cc50171d6c3004faa1325b5e8d,duration_s,57600.0,s
ladder,S4_step_fault,static_affine,2,10,True,S4_step_fault__static_affine__seed2,adc80992e5ad2b0074c2ccb5fd189429c3fd11d2d51d242aa1caec078b0db1d2,535f10e6c30103272f64653e50d0578cbf5af363b23f0ecbad28905519d7af3d,c1881d4f6c0f31cc50171d6c3004faa1325b5e8d,duration_s,57600.0,s
ladder,S4_step_fault,static_affine,3,10,True,S4_step_fault__static_affine__seed3,755a0aa70d2f3fe05534c8cb137d5df18ed16325d4692fc840c3daee2c8a8c92,535f10e6c30103272f64653e50d0578cbf5af363b23f0ecbad28905519d7af3d,c1881d4f6c0f31cc50171d6c3004faa1325b5e8d,duration_s,57600.0,s
ladder,S4_step_fault,rls,1,10,True,S4_step_fault__rls__seed1,7d29a6d7dca932314e512c265e0e559ec6cc02e548aa25349a95d1f29dbf9ef1,f54c17346089ba805d00d389d8b7c1c3e1cdb89c6515d103c5f0f15f4eb61185,c1881d4f6c0f31cc50171d6c3004faa1325b5e8d,duration_s,57600.0,s
ladder,S4_step_fault,rls,2,10,True,S4_step_fault__rls__seed2,adc80992e5ad2b0074c2ccb5fd189429c3fd11d2d51d242aa1caec078b0db1d2,f54c17346089ba805d00d389d8b7c1c3e1cdb89c6515d103c5f0f15f4eb61185,c1881d4f6c0f31cc50171d6c3004faa1325b5e8d,duration_s,57600.0,s
ladder,S4_step_fault,rls,3,10,True,S4_step_fault__rls__seed3,755a0aa70d2f3fe05534c8cb137d5df18ed16325d4692fc840c3daee2c8a8c92,f54c17346089ba805d00d389d8b7c1c3e1cdb89c6515d103c5f0f15f4eb61185,c1881d4f6c0f31cc50171d6c3004faa1325b5e8d,duration_s,57600.0,s
ladder,S4_step_fault,kalman,1,10,True,S4_step_fault__kalman__seed1,7d29a6d7dca932314e512c265e0e559ec6cc02e548aa25349a95d1f29dbf9ef1,2dcdf9429baa9fcc847cc03bb3eb992a0574d0c81dcfbd456974ff9264223f13,c1881d4f6c0f31cc50171d6c3004faa1325b5e8d,duration_s,57600.0,s
ladder,S4_step_fault,kalman,2,10,True,S4_step_fault__kalman__seed2,adc80992e5ad2b0074c2ccb5fd189429c3fd11d2d51d242aa1caec078b0db1d2,2dcdf9429baa9fcc847cc03bb3eb992a0574d0c81dcfbd456974ff9264223f13,c1881d4f6c0f31cc50171d6c3004faa1325b5e8d,duration_s,57600.0,s
ladder,S4_step_fault,kalman,3,10,True,S4_step_fault__kalman__seed3,755a0aa70d2f3fe05534c8cb137d5df18ed16325d4692fc840c3daee2c8a8c92,2dcdf9429baa9fcc847cc03bb3eb992a0574d0c81dcfbd456974ff9264223f13,c1881d4f6c0f31cc50171d6c3004faa1325b5e8d,duration_s,57600.0,s
ladder,S5_outage,static_affine,1,10,True,S5_outage__static_affine__seed1,ab25696964de9a9bd056c05f5021821512f6128f06fede373f779014f2fed9d8,535f10e6c30103272f64653e50d0578cbf5af363b23f0ecbad28905519d7af3d,c1881d4f6c0f31cc50171d6c3004faa1325b5e8d,duration_s,21600.0,s
ladder,S5_outage,static_affine,2,10,True,S5_outage__static_affine__seed2,0052a68ebb4dd1334f0378cfa6defa07917942ba64b15d70b6cd736642ab3e2c,535f10e6c30103272f64653e50d0578cbf5af363b23f0ecbad28905519d7af3d,c1881d4f6c0f31cc50171d6c3004faa1325b5e8d,duration_s,21600.0,s
ladder,S5_outage,static_affine,3,10,True,S5_outage__static_affine__seed3,e71247b8c58f106fad94f1fa68a340a88baac5595f00b577c8912131cd60a6c4,535f10e6c30103272f64653e50d0578cbf5af363b23f0ecbad28905519d7af3d,c1881d4f6c0f31cc50171d6c3004faa1325b5e8d,duration_s,21600.0,s
ladder,S5_outage,rls,1,10,True,S5_outage__rls__seed1,ab25696964de9a9bd056c05f5021821512f6128f06fede373f779014f2fed9d8,f54c17346089ba805d00d389d8b7c1c3e1cdb89c6515d103c5f0f15f4eb61185,c1881d4f6c0f31cc50171d6c3004faa1325b5e8d,duration_s,21600.0,s
ladder,S5_outage,rls,2,10,True,S5_outage__rls__seed2,0052a68ebb4dd1334f0378cfa6defa07917942ba64b15d70b6cd736642ab3e2c,f54c17346089ba805d00d389d8b7c1c3e1cdb89c6515d103c5f0f15f4eb61185,c1881d4f6c0f31cc50171d6c3004faa1325b5e8d,duration_s,21600.0,s
ladder,S5_outage,rls,3,10,True,S5_outage__rls__seed3,e71247b8c58f106fad94f1fa68a340a88baac5595f00b577c8912131cd60a6c4,f54c17346089ba805d00d389d8b7c1c3e1cdb89c6515d103c5f0f15f4eb61185,c1881d4f6c0f31cc50171d6c3004faa1325b5e8d,duration_s,21600.0,s
ladder,S5_outage,kalman,1,10,True,S5_outage__kalman__seed1,ab25696964de9a9bd056c05f5021821512f6128f06fede373f779014f2fed9d8,2dcdf9429baa9fcc847cc03bb3eb992a0574d0c81dcfbd456974ff9264223f13,c1881d4f6c0f31cc50171d6c3004faa1325b5e8d,duration_s,21600.0,s
ladder,S5_outage,kalman,2,10,True,S5_outage__kalman__seed2,0052a68ebb4dd1334f0378cfa6defa07917942ba64b15d70b6cd736642ab3e2c,2dcdf9429baa9fcc847cc03bb3eb992a0574d0c81dcfbd456974ff9264223f13,c1881d4f6c0f31cc50171d6c3004faa1325b5e8d,duration_s,21600.0,s
ladder,S5_outage,kalman,3,10,True,S5_outage__kalman__seed3,e71247b8c58f106fad94f1fa68a340a88baac5595f00b577c8912131cd60a6c4,2dcdf9429baa9fcc847cc03bb3eb992a0574d0c81dcfbd456974ff9264223f13,c1881d4f6c0f31cc50171d6c3004faa1325b5e8d,duration_s,21600.0,s
ladder,S6_combined,static_affine,1,10,True,S6_combined__static_affine__seed1,b3cf8d14b3aed8b1d65ab4497dcbfb879dbda2ce1da03bb07f6401c9b4b9bd4a,535f10e6c30103272f64653e50d0578cbf5af363b23f0ecbad28905519d7af3d,c1881d4f6c0f31cc50171d6c3004faa1325b5e8d,duration_s,172800.0,s
ladder,S6_combined,static_affine,2,10,True,S6_combined__static_affine__seed2,e4f7ab87faf6982be139dc8af97757bff8d540d357c41e3d06ec298e4dd75854,535f10e6c30103272f64653e50d0578cbf5af363b23f0ecbad28905519d7af3d,c1881d4f6c0f31cc50171d6c3004faa1325b5e8d,duration_s,172800.0,s
ladder,S6_combined,static_affine,3,10,True,S6_combined__static_affine__seed3,c371bfebbbdb510b204e19fcaedea3c47a4e8b6d77499f04ee6ac55d13fed988,535f10e6c30103272f64653e50d0578cbf5af363b23f0ecbad28905519d7af3d,c1881d4f6c0f31cc50171d6c3004faa1325b5e8d,duration_s,172800.0,s
ladder,S6_combined,rls,1,10,True,S6_combined__rls__seed1,b3cf8d14b3aed8b1d65ab4497dcbfb879dbda2ce1da03bb07f6401c9b4b9bd4a,f54c17346089ba805d00d389d8b7c1c3e1cdb89c6515d103c5f0f15f4eb61185,c1881d4f6c0f31cc50171d6c3004faa1325b5e8d,duration_s,172800.0,s
ladder,S6_combined,rls,2,10,True,S6_combined__rls__seed2,e4f7ab87faf6982be139dc8af97757bff8d540d357c41e3d06ec298e4dd75854,f54c17346089ba805d00d389d8b7c1c3e1cdb89c6515d103c5f0f15f4eb61185,c1881d4f6c0f31cc50171d6c3004faa1325b5e8d,duration_s,172800.0,s
ladder,S6_combined,rls,3,10,True,S6_combined__rls__seed3,c371bfebbbdb510b204e19fcaedea3c47a4e8b6d77499f04ee6ac55d13fed988,f54c17346089ba805d00d389d8b7c1c3e1cdb89c6515d103c5f0f15f4eb61185,c1881d4f6c0f31cc50171d6c3004faa1325b5e8d,duration_s,172800.0,s
ladder,S6_combined,kalman,1,10,True,S6_combined__kalman__seed1,b3cf8d14b3aed8b1d65ab4497dcbfb879dbda2ce1da03bb07f6401c9b4b9bd4a,2dcdf9429baa9fcc847cc03bb3eb992a0574d0c81dcfbd456974ff9264223f13,c1881d4f6c0f31cc50171d6c3004faa1325b5e8d,duration_s,172800.0,s
ladder,S6_combined,kalman,2,10,True,S6_combined__kalman__seed2,e4f7ab87faf6982be139dc8af97757bff8d540d357c41e3d06ec298e4dd75854,2dcdf9429baa9fcc847cc03bb3eb992a0574d0c81dcfbd456974ff9264223f13,c1881d4f6c0f31cc50171d6c3004faa1325b5e8d,duration_s,172800.0,s
ladder,S6_combined,kalman,3,10,True,S6_combined__kalman__seed3,c371bfebbbdb510b204e19fcaedea3c47a4e8b6d77499f04ee6ac55d13fed988,2dcdf9429baa9fcc847cc03bb3eb992a0574d0c81dcfbd456974ff9264223f13,c1881d4f6c0f31cc50171d6c3004faa1325b5e8d,duration_s,172800.0,s
ladder,S7_sparse_reference,static_affine,1,10,True,S7_sparse_reference__static_affine__seed1,24835dafebd07f6facda17ec68b148ca21bd70070201cdbfe1cf136d6c2da50a,535f10e6c30103272f64653e50d0578cbf5af363b23f0ecbad28905519d7af3d,c1881d4f6c0f31cc50171d6c3004faa1325b5e8d,duration_s,43200.0,s
ladder,S7_sparse_reference,static_affine,2,10,True,S7_sparse_reference__static_affine__seed2,1830f9600d18220efd37edc0ed15951b55aee715e2061c3ef38b60364f8b8678,535f10e6c30103272f64653e50d0578cbf5af363b23f0ecbad28905519d7af3d,c1881d4f6c0f31cc50171d6c3004faa1325b5e8d,duration_s,43200.0,s
ladder,S7_sparse_reference,static_affine,3,10,True,S7_sparse_reference__static_affine__seed3,b10da6cea2c796fcd510a2c7d7f3d2074f0eed008477bb57609f09be0a5cc888,535f10e6c30103272f64653e50d0578cbf5af363b23f0ecbad28905519d7af3d,c1881d4f6c0f31cc50171d6c3004faa1325b5e8d,duration_s,43200.0,s
ladder,S7_sparse_reference,rls,1,10,True,S7_sparse_reference__rls__seed1,24835dafebd07f6facda17ec68b148ca21bd70070201cdbfe1cf136d6c2da50a,f54c17346089ba805d00d389d8b7c1c3e1cdb89c6515d103c5f0f15f4eb61185,c1881d4f6c0f31cc50171d6c3004faa1325b5e8d,duration_s,43200.0,s
ladder,S7_sparse_reference,rls,2,10,True,S7_sparse_reference__rls__seed2,1830f9600d18220efd37edc0ed15951b55aee715e2061c3ef38b60364f8b8678,f54c17346089ba805d00d389d8b7c1c3e1cdb89c6515d103c5f0f15f4eb61185,c1881d4f6c0f31cc50171d6c3004faa1325b5e8d,duration_s,43200.0,s
ladder,S7_sparse_reference,rls,3,10,True,S7_sparse_reference__rls__seed3,b10da6cea2c796fcd510a2c7d7f3d2074f0eed008477bb57609f09be0a5cc888,f54c17346089ba805d00d389d8b7c1c3e1cdb89c6515d103c5f0f15f4eb61185,c1881d4f6c0f31cc50171d6c3004faa1325b5e8d,duration_s,43200.0,s
ladder,S7_sparse_reference,kalman,1,10,True,S7_sparse_reference__kalman__seed1,24835dafebd07f6facda17ec68b148ca21bd70070201cdbfe1cf136d6c2da50a,2dcdf9429baa9fcc847cc03bb3eb992a0574d0c81dcfbd456974ff9264223f13,c1881d4f6c0f31cc50171d6c3004faa1325b5e8d,duration_s,43200.0,s
ladder,S7_sparse_reference,kalman,2,10,True,S7_sparse_reference__kalman__seed2,1830f9600d18220efd37edc0ed15951b55aee715e2061c3ef38b60364f8b8678,2dcdf9429baa9fcc847cc03bb3eb992a0574d0c81dcfbd456974ff9264223f13,c1881d4f6c0f31cc50171d6c3004faa1325b5e8d,duration_s,43200.0,s
ladder,S7_sparse_reference,kalman,3,10,True,S7_sparse_reference__kalman__seed3,b10da6cea2c796fcd510a2c7d7f3d2074f0eed008477bb57609f09be0a5cc888,2dcdf9429baa9fcc847cc03bb3eb992a0574d0c81dcfbd456974ff9264223f13,c1881d4f6c0f31cc50171d6c3004faa1325b5e8d,duration_s,43200.0,s
ladder,S1_nominal,static_affine,1,10,True,S1_nominal__static_affine__seed1,1f0eb7d0a64d2c9430bd781be2ad3a6383c85935e18ff7809210a4dbae3f4f74,535f10e6c30103272f64653e50d0578cbf5af363b23f0ecbad28905519d7af3d,c1881d4f6c0f31cc50171d6c3004faa1325b5e8d,elapsed_s,22.593186699999933,s
ladder,S1_nominal,static_affine,2,10,True,S1_nominal__static_affine__seed2,c45f068e83a0db5af8037bcec208da070545216f5240a590ba8286dfcee1b0b4,535f10e6c30103272f64653e50d0578cbf5af363b23f0ecbad28905519d7af3d,c1881d4f6c0f31cc50171d6c3004faa1325b5e8d,elapsed_s,23.84419700000035,s
ladder,S1_nominal,static_affine,3,10,True,S1_nominal__static_affine__seed3,7f808862af70bdf5f8b721f954c967c9d3eb0d071e708e4f266d8f7901642f98,535f10e6c30103272f64653e50d0578cbf5af363b23f0ecbad28905519d7af3d,c1881d4f6c0f31cc50171d6c3004faa1325b5e8d,elapsed_s,24.829025099999853,s
ladder,S1_nominal,rls,1,10,True,S1_nominal__rls__seed1,1f0eb7d0a64d2c9430bd781be2ad3a6383c85935e18ff7809210a4dbae3f4f74,f54c17346089ba805d00d389d8b7c1c3e1cdb89c6515d103c5f0f15f4eb61185,c1881d4f6c0f31cc50171d6c3004faa1325b5e8d,elapsed_s,23.769869599998856,s
ladder,S1_nominal,rls,2,10,True,S1_nominal__rls__seed2,c45f068e83a0db5af8037bcec208da070545216f5240a590ba8286dfcee1b0b4,f54c17346089ba805d00d389d8b7c1c3e1cdb89c6515d103c5f0f15f4eb61185,c1881d4f6c0f31cc50171d6c3004faa1325b5e8d,elapsed_s,23.822846799999752,s
ladder,S1_nominal,rls,3,10,True,S1_nominal__rls__seed3,7f808862af70bdf5f8b721f954c967c9d3eb0d071e708e4f266d8f7901642f98,f54c17346089ba805d00d389d8b7c1c3e1cdb89c6515d103c5f0f15f4eb61185,c1881d4f6c0f31cc50171d6c3004faa1325b5e8d,elapsed_s,23.899663500000315,s
ladder,S1_nominal,kalman,1,10,True,S1_nominal__kalman__seed1,1f0eb7d0a64d2c9430bd781be2ad3a6383c85935e18ff7809210a4dbae3f4f74,2dcdf9429baa9fcc847cc03bb3eb992a0574d0c81dcfbd456974ff9264223f13,c1881d4f6c0f31cc50171d6c3004faa1325b5e8d,elapsed_s,23.751505199999883,s
ladder,S1_nominal,kalman,2,10,True,S1_nominal__kalman__seed2,c45f068e83a0db5af8037bcec208da070545216f5240a590ba8286dfcee1b0b4,2dcdf9429baa9fcc847cc03bb3eb992a0574d0c81dcfbd456974ff9264223f13,c1881d4f6c0f31cc50171d6c3004faa1325b5e8d,elapsed_s,23.876283100000364,s
ladder,S1_nominal,kalman,3,10,True,S1_nominal__kalman__seed3,7f808862af70bdf5f8b721f954c967c9d3eb0d071e708e4f266d8f7901642f98,2dcdf9429baa9fcc847cc03bb3eb992a0574d0c81dcfbd456974ff9264223f13,c1881d4f6c0f31cc50171d6c3004faa1325b5e8d,elapsed_s,23.843289500000537,s
ladder,S2_thermal_cycle,static_affine,1,10,True,S2_thermal_cycle__static_affine__seed1,a9d23ff021d7d7330d2f7690ce6fe1a23e9face2bceffa30bb9e10eb4c70e685,535f10e6c30103272f64653e50d0578cbf5af363b23f0ecbad28905519d7af3d,c1881d4f6c0f31cc50171d6c3004faa1325b5e8d,elapsed_s,148.25907270000062,s
ladder,S2_thermal_cycle,static_affine,2,10,True,S2_thermal_cycle__static_affine__seed2,19c57e97290995438510692dd0c87d401ed506ad1b05f6b88446276b5f326325,535f10e6c30103272f64653e50d0578cbf5af363b23f0ecbad28905519d7af3d,c1881d4f6c0f31cc50171d6c3004faa1325b5e8d,elapsed_s,148.06629489999978,s
ladder,S2_thermal_cycle,static_affine,3,10,True,S2_thermal_cycle__static_affine__seed3,24befa705b788e8ac92815dc24ece289db28b46d6894613726a31248a0b3f0e9,535f10e6c30103272f64653e50d0578cbf5af363b23f0ecbad28905519d7af3d,c1881d4f6c0f31cc50171d6c3004faa1325b5e8d,elapsed_s,150.6598705999986,s
ladder,S2_thermal_cycle,rls,1,10,True,S2_thermal_cycle__rls__seed1,a9d23ff021d7d7330d2f7690ce6fe1a23e9face2bceffa30bb9e10eb4c70e685,f54c17346089ba805d00d389d8b7c1c3e1cdb89c6515d103c5f0f15f4eb61185,c1881d4f6c0f31cc50171d6c3004faa1325b5e8d,elapsed_s,148.46858839999913,s
ladder,S2_thermal_cycle,rls,2,10,True,S2_thermal_cycle__rls__seed2,19c57e97290995438510692dd0c87d401ed506ad1b05f6b88446276b5f326325,f54c17346089ba805d00d389d8b7c1c3e1cdb89c6515d103c5f0f15f4eb61185,c1881d4f6c0f31cc50171d6c3004faa1325b5e8d,elapsed_s,149.36006330000055,s
ladder,S2_thermal_cycle,rls,3,10,True,S2_thermal_cycle__rls__seed3,24befa705b788e8ac92815dc24ece289db28b46d6894613726a31248a0b3f0e9,f54c17346089ba805d00d389d8b7c1c3e1cdb89c6515d103c5f0f15f4eb61185,c1881d4f6c0f31cc50171d6c3004faa1325b5e8d,elapsed_s,151.60972720000063,s
ladder,S2_thermal_cycle,kalman,1,10,True,S2_thermal_cycle__kalman__seed1,a9d23ff021d7d7330d2f7690ce6fe1a23e9face2bceffa30bb9e10eb4c70e685,2dcdf9429baa9fcc847cc03bb3eb992a0574d0c81dcfbd456974ff9264223f13,c1881d4f6c0f31cc50171d6c3004faa1325b5e8d,elapsed_s,151.84790829999838,s
ladder,S2_thermal_cycle,kalman,2,10,True,S2_thermal_cycle__kalman__seed2,19c57e97290995438510692dd0c87d401ed506ad1b05f6b88446276b5f326325,2dcdf9429baa9fcc847cc03bb3eb992a0574d0c81dcfbd456974ff9264223f13,c1881d4f6c0f31cc50171d6c3004faa1325b5e8d,elapsed_s,148.37542440000107,s
ladder,S2_thermal_cycle,kalman,3,10,True,S2_thermal_cycle__kalman__seed3,24befa705b788e8ac92815dc24ece289db28b46d6894613726a31248a0b3f0e9,2dcdf9429baa9fcc847cc03bb3eb992a0574d0c81dcfbd456974ff9264223f13,c1881d4f6c0f31cc50171d6c3004faa1325b5e8d,elapsed_s,151.2528472999984,s
ladder,S3_zero_drift_walk,static_affine,1,10,True,S3_zero_drift_walk__static_affine__seed1,f100b6d8743f0beb23a874f69b02d3ff86fd69d1b80c3005bc53c22fbf24242c,535f10e6c30103272f64653e50d0578cbf5af363b23f0ecbad28905519d7af3d,c1881d4f6c0f31cc50171d6c3004faa1325b5e8d,elapsed_s,49.63081040000179,s
ladder,S3_zero_drift_walk,static_affine,2,10,True,S3_zero_drift_walk__static_affine__seed2,d908b1eec1d6ca010fbfed3dff58421d1657520e5136c0976972c56a507b8a71,535f10e6c30103272f64653e50d0578cbf5af363b23f0ecbad28905519d7af3d,c1881d4f6c0f31cc50171d6c3004faa1325b5e8d,elapsed_s,49.578534899999795,s
ladder,S3_zero_drift_walk,static_affine,3,10,True,S3_zero_drift_walk__static_affine__seed3,e65e6377500da0315dac92d9d159e61875ec095bbab24aed7387d0c3eeb9a9db,535f10e6c30103272f64653e50d0578cbf5af363b23f0ecbad28905519d7af3d,c1881d4f6c0f31cc50171d6c3004faa1325b5e8d,elapsed_s,50.93785460000072,s
ladder,S3_zero_drift_walk,rls,1,10,True,S3_zero_drift_walk__rls__seed1,f100b6d8743f0beb23a874f69b02d3ff86fd69d1b80c3005bc53c22fbf24242c,f54c17346089ba805d00d389d8b7c1c3e1cdb89c6515d103c5f0f15f4eb61185,c1881d4f6c0f31cc50171d6c3004faa1325b5e8d,elapsed_s,49.75992100000076,s
ladder,S3_zero_drift_walk,rls,2,10,True,S3_zero_drift_walk__rls__seed2,d908b1eec1d6ca010fbfed3dff58421d1657520e5136c0976972c56a507b8a71,f54c17346089ba805d00d389d8b7c1c3e1cdb89c6515d103c5f0f15f4eb61185,c1881d4f6c0f31cc50171d6c3004faa1325b5e8d,elapsed_s,49.889718400001584,s
ladder,S3_zero_drift_walk,rls,3,10,True,S3_zero_drift_walk__rls__seed3,e65e6377500da0315dac92d9d159e61875ec095bbab24aed7387d0c3eeb9a9db,f54c17346089ba805d00d389d8b7c1c3e1cdb89c6515d103c5f0f15f4eb61185,c1881d4f6c0f31cc50171d6c3004faa1325b5e8d,elapsed_s,51.45419359999869,s
ladder,S3_zero_drift_walk,kalman,1,10,True,S3_zero_drift_walk__kalman__seed1,f100b6d8743f0beb23a874f69b02d3ff86fd69d1b80c3005bc53c22fbf24242c,2dcdf9429baa9fcc847cc03bb3eb992a0574d0c81dcfbd456974ff9264223f13,c1881d4f6c0f31cc50171d6c3004faa1325b5e8d,elapsed_s,49.66690070000186,s
ladder,S3_zero_drift_walk,kalman,2,10,True,S3_zero_drift_walk__kalman__seed2,d908b1eec1d6ca010fbfed3dff58421d1657520e5136c0976972c56a507b8a71,2dcdf9429baa9fcc847cc03bb3eb992a0574d0c81dcfbd456974ff9264223f13,c1881d4f6c0f31cc50171d6c3004faa1325b5e8d,elapsed_s,49.627537099997426,s
ladder,S3_zero_drift_walk,kalman,3,10,True,S3_zero_drift_walk__kalman__seed3,e65e6377500da0315dac92d9d159e61875ec095bbab24aed7387d0c3eeb9a9db,2dcdf9429baa9fcc847cc03bb3eb992a0574d0c81dcfbd456974ff9264223f13,c1881d4f6c0f31cc50171d6c3004faa1325b5e8d,elapsed_s,50.72502339999846,s
ladder,S4_step_fault,static_affine,1,10,True,S4_step_fault__static_affine__seed1,7d29a6d7dca932314e512c265e0e559ec6cc02e548aa25349a95d1f29dbf9ef1,535f10e6c30103272f64653e50d0578cbf5af363b23f0ecbad28905519d7af3d,c1881d4f6c0f31cc50171d6c3004faa1325b5e8d,elapsed_s,33.99442320000162,s
ladder,S4_step_fault,static_affine,2,10,True,S4_step_fault__static_affine__seed2,adc80992e5ad2b0074c2ccb5fd189429c3fd11d2d51d242aa1caec078b0db1d2,535f10e6c30103272f64653e50d0578cbf5af363b23f0ecbad28905519d7af3d,c1881d4f6c0f31cc50171d6c3004faa1325b5e8d,elapsed_s,33.707022500002495,s
ladder,S4_step_fault,static_affine,3,10,True,S4_step_fault__static_affine__seed3,755a0aa70d2f3fe05534c8cb137d5df18ed16325d4692fc840c3daee2c8a8c92,535f10e6c30103272f64653e50d0578cbf5af363b23f0ecbad28905519d7af3d,c1881d4f6c0f31cc50171d6c3004faa1325b5e8d,elapsed_s,34.55895869999949,s
ladder,S4_step_fault,rls,1,10,True,S4_step_fault__rls__seed1,7d29a6d7dca932314e512c265e0e559ec6cc02e548aa25349a95d1f29dbf9ef1,f54c17346089ba805d00d389d8b7c1c3e1cdb89c6515d103c5f0f15f4eb61185,c1881d4f6c0f31cc50171d6c3004faa1325b5e8d,elapsed_s,33.76684419999947,s
ladder,S4_step_fault,rls,2,10,True,S4_step_fault__rls__seed2,adc80992e5ad2b0074c2ccb5fd189429c3fd11d2d51d242aa1caec078b0db1d2,f54c17346089ba805d00d389d8b7c1c3e1cdb89c6515d103c5f0f15f4eb61185,c1881d4f6c0f31cc50171d6c3004faa1325b5e8d,elapsed_s,33.75113230000352,s
ladder,S4_step_fault,rls,3,10,True,S4_step_fault__rls__seed3,755a0aa70d2f3fe05534c8cb137d5df18ed16325d4692fc840c3daee2c8a8c92,f54c17346089ba805d00d389d8b7c1c3e1cdb89c6515d103c5f0f15f4eb61185,c1881d4f6c0f31cc50171d6c3004faa1325b5e8d,elapsed_s,34.504729600001156,s
ladder,S4_step_fault,kalman,1,10,True,S4_step_fault__kalman__seed1,7d29a6d7dca932314e512c265e0e559ec6cc02e548aa25349a95d1f29dbf9ef1,2dcdf9429baa9fcc847cc03bb3eb992a0574d0c81dcfbd456974ff9264223f13,c1881d4f6c0f31cc50171d6c3004faa1325b5e8d,elapsed_s,33.85654270000305,s
ladder,S4_step_fault,kalman,2,10,True,S4_step_fault__kalman__seed2,adc80992e5ad2b0074c2ccb5fd189429c3fd11d2d51d242aa1caec078b0db1d2,2dcdf9429baa9fcc847cc03bb3eb992a0574d0c81dcfbd456974ff9264223f13,c1881d4f6c0f31cc50171d6c3004faa1325b5e8d,elapsed_s,33.875039200000174,s
ladder,S4_step_fault,kalman,3,10,True,S4_step_fault__kalman__seed3,755a0aa70d2f3fe05534c8cb137d5df18ed16325d4692fc840c3daee2c8a8c92,2dcdf9429baa9fcc847cc03bb3eb992a0574d0c81dcfbd456974ff9264223f13,c1881d4f6c0f31cc50171d6c3004faa1325b5e8d,elapsed_s,34.634033199999976,s
ladder,S5_outage,static_affine,1,10,True,S5_outage__static_affine__seed1,ab25696964de9a9bd056c05f5021821512f6128f06fede373f779014f2fed9d8,535f10e6c30103272f64653e50d0578cbf5af363b23f0ecbad28905519d7af3d,c1881d4f6c0f31cc50171d6c3004faa1325b5e8d,elapsed_s,12.780937800001993,s
ladder,S5_outage,static_affine,2,10,True,S5_outage__static_affine__seed2,0052a68ebb4dd1334f0378cfa6defa07917942ba64b15d70b6cd736642ab3e2c,535f10e6c30103272f64653e50d0578cbf5af363b23f0ecbad28905519d7af3d,c1881d4f6c0f31cc50171d6c3004faa1325b5e8d,elapsed_s,13.024305300001288,s
ladder,S5_outage,static_affine,3,10,True,S5_outage__static_affine__seed3,e71247b8c58f106fad94f1fa68a340a88baac5595f00b577c8912131cd60a6c4,535f10e6c30103272f64653e50d0578cbf5af363b23f0ecbad28905519d7af3d,c1881d4f6c0f31cc50171d6c3004faa1325b5e8d,elapsed_s,12.974830900002416,s
ladder,S5_outage,rls,1,10,True,S5_outage__rls__seed1,ab25696964de9a9bd056c05f5021821512f6128f06fede373f779014f2fed9d8,f54c17346089ba805d00d389d8b7c1c3e1cdb89c6515d103c5f0f15f4eb61185,c1881d4f6c0f31cc50171d6c3004faa1325b5e8d,elapsed_s,12.693073900001764,s
ladder,S5_outage,rls,2,10,True,S5_outage__rls__seed2,0052a68ebb4dd1334f0378cfa6defa07917942ba64b15d70b6cd736642ab3e2c,f54c17346089ba805d00d389d8b7c1c3e1cdb89c6515d103c5f0f15f4eb61185,c1881d4f6c0f31cc50171d6c3004faa1325b5e8d,elapsed_s,12.73371639999823,s
ladder,S5_outage,rls,3,10,True,S5_outage__rls__seed3,e71247b8c58f106fad94f1fa68a340a88baac5595f00b577c8912131cd60a6c4,f54c17346089ba805d00d389d8b7c1c3e1cdb89c6515d103c5f0f15f4eb61185,c1881d4f6c0f31cc50171d6c3004faa1325b5e8d,elapsed_s,12.991537300000346,s
ladder,S5_outage,kalman,1,10,True,S5_outage__kalman__seed1,ab25696964de9a9bd056c05f5021821512f6128f06fede373f779014f2fed9d8,2dcdf9429baa9fcc847cc03bb3eb992a0574d0c81dcfbd456974ff9264223f13,c1881d4f6c0f31cc50171d6c3004faa1325b5e8d,elapsed_s,12.934815799999342,s
ladder,S5_outage,kalman,2,10,True,S5_outage__kalman__seed2,0052a68ebb4dd1334f0378cfa6defa07917942ba64b15d70b6cd736642ab3e2c,2dcdf9429baa9fcc847cc03bb3eb992a0574d0c81dcfbd456974ff9264223f13,c1881d4f6c0f31cc50171d6c3004faa1325b5e8d,elapsed_s,12.819548100000247,s
ladder,S5_outage,kalman,3,10,True,S5_outage__kalman__seed3,e71247b8c58f106fad94f1fa68a340a88baac5595f00b577c8912131cd60a6c4,2dcdf9429baa9fcc847cc03bb3eb992a0574d0c81dcfbd456974ff9264223f13,c1881d4f6c0f31cc50171d6c3004faa1325b5e8d,elapsed_s,12.94966310000018,s
ladder,S6_combined,static_affine,1,10,True,S6_combined__static_affine__seed1,b3cf8d14b3aed8b1d65ab4497dcbfb879dbda2ce1da03bb07f6401c9b4b9bd4a,535f10e6c30103272f64653e50d0578cbf5af363b23f0ecbad28905519d7af3d,c1881d4f6c0f31cc50171d6c3004faa1325b5e8d,elapsed_s,107.71855510000023,s
ladder,S6_combined,static_affine,2,10,True,S6_combined__static_affine__seed2,e4f7ab87faf6982be139dc8af97757bff8d540d357c41e3d06ec298e4dd75854,535f10e6c30103272f64653e50d0578cbf5af363b23f0ecbad28905519d7af3d,c1881d4f6c0f31cc50171d6c3004faa1325b5e8d,elapsed_s,108.19619880000027,s
ladder,S6_combined,static_affine,3,10,True,S6_combined__static_affine__seed3,c371bfebbbdb510b204e19fcaedea3c47a4e8b6d77499f04ee6ac55d13fed988,535f10e6c30103272f64653e50d0578cbf5af363b23f0ecbad28905519d7af3d,c1881d4f6c0f31cc50171d6c3004faa1325b5e8d,elapsed_s,111.49818019999657,s
ladder,S6_combined,rls,1,10,True,S6_combined__rls__seed1,b3cf8d14b3aed8b1d65ab4497dcbfb879dbda2ce1da03bb07f6401c9b4b9bd4a,f54c17346089ba805d00d389d8b7c1c3e1cdb89c6515d103c5f0f15f4eb61185,c1881d4f6c0f31cc50171d6c3004faa1325b5e8d,elapsed_s,104.87508510000043,s
ladder,S6_combined,rls,2,10,True,S6_combined__rls__seed2,e4f7ab87faf6982be139dc8af97757bff8d540d357c41e3d06ec298e4dd75854,f54c17346089ba805d00d389d8b7c1c3e1cdb89c6515d103c5f0f15f4eb61185,c1881d4f6c0f31cc50171d6c3004faa1325b5e8d,elapsed_s,104.21074340000268,s
ladder,S6_combined,rls,3,10,True,S6_combined__rls__seed3,c371bfebbbdb510b204e19fcaedea3c47a4e8b6d77499f04ee6ac55d13fed988,f54c17346089ba805d00d389d8b7c1c3e1cdb89c6515d103c5f0f15f4eb61185,c1881d4f6c0f31cc50171d6c3004faa1325b5e8d,elapsed_s,105.95478979999825,s
ladder,S6_combined,kalman,1,10,True,S6_combined__kalman__seed1,b3cf8d14b3aed8b1d65ab4497dcbfb879dbda2ce1da03bb07f6401c9b4b9bd4a,2dcdf9429baa9fcc847cc03bb3eb992a0574d0c81dcfbd456974ff9264223f13,c1881d4f6c0f31cc50171d6c3004faa1325b5e8d,elapsed_s,105.74595110000155,s
ladder,S6_combined,kalman,2,10,True,S6_combined__kalman__seed2,e4f7ab87faf6982be139dc8af97757bff8d540d357c41e3d06ec298e4dd75854,2dcdf9429baa9fcc847cc03bb3eb992a0574d0c81dcfbd456974ff9264223f13,c1881d4f6c0f31cc50171d6c3004faa1325b5e8d,elapsed_s,104.85138670000015,s
ladder,S6_combined,kalman,3,10,True,S6_combined__kalman__seed3,c371bfebbbdb510b204e19fcaedea3c47a4e8b6d77499f04ee6ac55d13fed988,2dcdf9429baa9fcc847cc03bb3eb992a0574d0c81dcfbd456974ff9264223f13,c1881d4f6c0f31cc50171d6c3004faa1325b5e8d,elapsed_s,107.1036245000032,s
ladder,S7_sparse_reference,static_affine,1,10,True,S7_sparse_reference__static_affine__seed1,24835dafebd07f6facda17ec68b148ca21bd70070201cdbfe1cf136d6c2da50a,535f10e6c30103272f64653e50d0578cbf5af363b23f0ecbad28905519d7af3d,c1881d4f6c0f31cc50171d6c3004faa1325b5e8d,elapsed_s,33.258624599999166,s
ladder,S7_sparse_reference,static_affine,2,10,True,S7_sparse_reference__static_affine__seed2,1830f9600d18220efd37edc0ed15951b55aee715e2061c3ef38b60364f8b8678,535f10e6c30103272f64653e50d0578cbf5af363b23f0ecbad28905519d7af3d,c1881d4f6c0f31cc50171d6c3004faa1325b5e8d,elapsed_s,33.28465259999939,s
ladder,S7_sparse_reference,static_affine,3,10,True,S7_sparse_reference__static_affine__seed3,b10da6cea2c796fcd510a2c7d7f3d2074f0eed008477bb57609f09be0a5cc888,535f10e6c30103272f64653e50d0578cbf5af363b23f0ecbad28905519d7af3d,c1881d4f6c0f31cc50171d6c3004faa1325b5e8d,elapsed_s,33.60111049999978,s
ladder,S7_sparse_reference,rls,1,10,True,S7_sparse_reference__rls__seed1,24835dafebd07f6facda17ec68b148ca21bd70070201cdbfe1cf136d6c2da50a,f54c17346089ba805d00d389d8b7c1c3e1cdb89c6515d103c5f0f15f4eb61185,c1881d4f6c0f31cc50171d6c3004faa1325b5e8d,elapsed_s,33.35500349999711,s
ladder,S7_sparse_reference,rls,2,10,True,S7_sparse_reference__rls__seed2,1830f9600d18220efd37edc0ed15951b55aee715e2061c3ef38b60364f8b8678,f54c17346089ba805d00d389d8b7c1c3e1cdb89c6515d103c5f0f15f4eb61185,c1881d4f6c0f31cc50171d6c3004faa1325b5e8d,elapsed_s,33.29892590000236,s
ladder,S7_sparse_reference,rls,3,10,True,S7_sparse_reference__rls__seed3,b10da6cea2c796fcd510a2c7d7f3d2074f0eed008477bb57609f09be0a5cc888,f54c17346089ba805d00d389d8b7c1c3e1cdb89c6515d103c5f0f15f4eb61185,c1881d4f6c0f31cc50171d6c3004faa1325b5e8d,elapsed_s,34.30657590000192,s
ladder,S7_sparse_reference,kalman,1,10,True,S7_sparse_reference__kalman__seed1,24835dafebd07f6facda17ec68b148ca21bd70070201cdbfe1cf136d6c2da50a,2dcdf9429baa9fcc847cc03bb3eb992a0574d0c81dcfbd456974ff9264223f13,c1881d4f6c0f31cc50171d6c3004faa1325b5e8d,elapsed_s,33.31856890000199,s
ladder,S7_sparse_reference,kalman,2,10,True,S7_sparse_reference__kalman__seed2,1830f9600d18220efd37edc0ed15951b55aee715e2061c3ef38b60364f8b8678,2dcdf9429baa9fcc847cc03bb3eb992a0574d0c81dcfbd456974ff9264223f13,c1881d4f6c0f31cc50171d6c3004faa1325b5e8d,elapsed_s,34.02939509999851,s
ladder,S7_sparse_reference,kalman,3,10,True,S7_sparse_reference__kalman__seed3,b10da6cea2c796fcd510a2c7d7f3d2074f0eed008477bb57609f09be0a5cc888,2dcdf9429baa9fcc847cc03bb3eb992a0574d0c81dcfbd456974ff9264223f13,c1881d4f6c0f31cc50171d6c3004faa1325b5e8d,elapsed_s,33.72816920000332,s
ladder,S1_nominal,static_affine,1,10,True,S1_nominal__static_affine__seed1,1f0eb7d0a64d2c9430bd781be2ad3a6383c85935e18ff7809210a4dbae3f4f74,535f10e6c30103272f64653e50d0578cbf5af363b23f0ecbad28905519d7af3d,c1881d4f6c0f31cc50171d6c3004faa1325b5e8d,false_alarms_per_hour,0.0,1/h
ladder,S1_nominal,static_affine,2,10,True,S1_nominal__static_affine__seed2,c45f068e83a0db5af8037bcec208da070545216f5240a590ba8286dfcee1b0b4,535f10e6c30103272f64653e50d0578cbf5af363b23f0ecbad28905519d7af3d,c1881d4f6c0f31cc50171d6c3004faa1325b5e8d,false_alarms_per_hour,0.0,1/h
ladder,S1_nominal,static_affine,3,10,True,S1_nominal__static_affine__seed3,7f808862af70bdf5f8b721f954c967c9d3eb0d071e708e4f266d8f7901642f98,535f10e6c30103272f64653e50d0578cbf5af363b23f0ecbad28905519d7af3d,c1881d4f6c0f31cc50171d6c3004faa1325b5e8d,false_alarms_per_hour,0.0,1/h
ladder,S1_nominal,rls,1,10,True,S1_nominal__rls__seed1,1f0eb7d0a64d2c9430bd781be2ad3a6383c85935e18ff7809210a4dbae3f4f74,f54c17346089ba805d00d389d8b7c1c3e1cdb89c6515d103c5f0f15f4eb61185,c1881d4f6c0f31cc50171d6c3004faa1325b5e8d,false_alarms_per_hour,0.0,1/h
ladder,S1_nominal,rls,2,10,True,S1_nominal__rls__seed2,c45f068e83a0db5af8037bcec208da070545216f5240a590ba8286dfcee1b0b4,f54c17346089ba805d00d389d8b7c1c3e1cdb89c6515d103c5f0f15f4eb61185,c1881d4f6c0f31cc50171d6c3004faa1325b5e8d,false_alarms_per_hour,0.0,1/h
ladder,S1_nominal,rls,3,10,True,S1_nominal__rls__seed3,7f808862af70bdf5f8b721f954c967c9d3eb0d071e708e4f266d8f7901642f98,f54c17346089ba805d00d389d8b7c1c3e1cdb89c6515d103c5f0f15f4eb61185,c1881d4f6c0f31cc50171d6c3004faa1325b5e8d,false_alarms_per_hour,0.0,1/h
ladder,S1_nominal,kalman,1,10,True,S1_nominal__kalman__seed1,1f0eb7d0a64d2c9430bd781be2ad3a6383c85935e18ff7809210a4dbae3f4f74,2dcdf9429baa9fcc847cc03bb3eb992a0574d0c81dcfbd456974ff9264223f13,c1881d4f6c0f31cc50171d6c3004faa1325b5e8d,false_alarms_per_hour,0.0,1/h
ladder,S1_nominal,kalman,2,10,True,S1_nominal__kalman__seed2,c45f068e83a0db5af8037bcec208da070545216f5240a590ba8286dfcee1b0b4,2dcdf9429baa9fcc847cc03bb3eb992a0574d0c81dcfbd456974ff9264223f13,c1881d4f6c0f31cc50171d6c3004faa1325b5e8d,false_alarms_per_hour,0.0,1/h
ladder,S1_nominal,kalman,3,10,True,S1_nominal__kalman__seed3,7f808862af70bdf5f8b721f954c967c9d3eb0d071e708e4f266d8f7901642f98,2dcdf9429baa9fcc847cc03bb3eb992a0574d0c81dcfbd456974ff9264223f13,c1881d4f6c0f31cc50171d6c3004faa1325b5e8d,false_alarms_per_hour,0.0,1/h
ladder,S2_thermal_cycle,static_affine,1,10,True,S2_thermal_cycle__static_affine__seed1,a9d23ff021d7d7330d2f7690ce6fe1a23e9face2bceffa30bb9e10eb4c70e685,535f10e6c30103272f64653e50d0578cbf5af363b23f0ecbad28905519d7af3d,c1881d4f6c0f31cc50171d6c3004faa1325b5e8d,false_alarms_per_hour,0.027777777777777776,1/h
ladder,S2_thermal_cycle,static_affine,2,10,True,S2_thermal_cycle__static_affine__seed2,19c57e97290995438510692dd0c87d401ed506ad1b05f6b88446276b5f326325,535f10e6c30103272f64653e50d0578cbf5af363b23f0ecbad28905519d7af3d,c1881d4f6c0f31cc50171d6c3004faa1325b5e8d,false_alarms_per_hour,0.013888888888888888,1/h
ladder,S2_thermal_cycle,static_affine,3,10,True,S2_thermal_cycle__static_affine__seed3,24befa705b788e8ac92815dc24ece289db28b46d6894613726a31248a0b3f0e9,535f10e6c30103272f64653e50d0578cbf5af363b23f0ecbad28905519d7af3d,c1881d4f6c0f31cc50171d6c3004faa1325b5e8d,false_alarms_per_hour,0.06944444444444445,1/h
ladder,S2_thermal_cycle,rls,1,10,True,S2_thermal_cycle__rls__seed1,a9d23ff021d7d7330d2f7690ce6fe1a23e9face2bceffa30bb9e10eb4c70e685,f54c17346089ba805d00d389d8b7c1c3e1cdb89c6515d103c5f0f15f4eb61185,c1881d4f6c0f31cc50171d6c3004faa1325b5e8d,false_alarms_per_hour,0.013888888888888888,1/h
ladder,S2_thermal_cycle,rls,2,10,True,S2_thermal_cycle__rls__seed2,19c57e97290995438510692dd0c87d401ed506ad1b05f6b88446276b5f326325,f54c17346089ba805d00d389d8b7c1c3e1cdb89c6515d103c5f0f15f4eb61185,c1881d4f6c0f31cc50171d6c3004faa1325b5e8d,false_alarms_per_hour,0.041666666666666664,1/h
ladder,S2_thermal_cycle,rls,3,10,True,S2_thermal_cycle__rls__seed3,24befa705b788e8ac92815dc24ece289db28b46d6894613726a31248a0b3f0e9,f54c17346089ba805d00d389d8b7c1c3e1cdb89c6515d103c5f0f15f4eb61185,c1881d4f6c0f31cc50171d6c3004faa1325b5e8d,false_alarms_per_hour,0.027777777777777776,1/h
ladder,S2_thermal_cycle,kalman,1,10,True,S2_thermal_cycle__kalman__seed1,a9d23ff021d7d7330d2f7690ce6fe1a23e9face2bceffa30bb9e10eb4c70e685,2dcdf9429baa9fcc847cc03bb3eb992a0574d0c81dcfbd456974ff9264223f13,c1881d4f6c0f31cc50171d6c3004faa1325b5e8d,false_alarms_per_hour,0.027777777777777776,1/h
ladder,S2_thermal_cycle,kalman,2,10,True,S2_thermal_cycle__kalman__seed2,19c57e97290995438510692dd0c87d401ed506ad1b05f6b88446276b5f326325,2dcdf9429baa9fcc847cc03bb3eb992a0574d0c81dcfbd456974ff9264223f13,c1881d4f6c0f31cc50171d6c3004faa1325b5e8d,false_alarms_per_hour,0.027777777777777776,1/h
ladder,S2_thermal_cycle,kalman,3,10,True,S2_thermal_cycle__kalman__seed3,24befa705b788e8ac92815dc24ece289db28b46d6894613726a31248a0b3f0e9,2dcdf9429baa9fcc847cc03bb3eb992a0574d0c81dcfbd456974ff9264223f13,c1881d4f6c0f31cc50171d6c3004faa1325b5e8d,false_alarms_per_hour,0.041666666666666664,1/h
ladder,S3_zero_drift_walk,static_affine,1,10,True,S3_zero_drift_walk__static_affine__seed1,f100b6d8743f0beb23a874f69b02d3ff86fd69d1b80c3005bc53c22fbf24242c,535f10e6c30103272f64653e50d0578cbf5af363b23f0ecbad28905519d7af3d,c1881d4f6c0f31cc50171d6c3004faa1325b5e8d,false_alarms_per_hour,0.0,1/h
ladder,S3_zero_drift_walk,static_affine,2,10,True,S3_zero_drift_walk__static_affine__seed2,d908b1eec1d6ca010fbfed3dff58421d1657520e5136c0976972c56a507b8a71,535f10e6c30103272f64653e50d0578cbf5af363b23f0ecbad28905519d7af3d,c1881d4f6c0f31cc50171d6c3004faa1325b5e8d,false_alarms_per_hour,0.0,1/h
ladder,S3_zero_drift_walk,static_affine,3,10,True,S3_zero_drift_walk__static_affine__seed3,e65e6377500da0315dac92d9d159e61875ec095bbab24aed7387d0c3eeb9a9db,535f10e6c30103272f64653e50d0578cbf5af363b23f0ecbad28905519d7af3d,c1881d4f6c0f31cc50171d6c3004faa1325b5e8d,false_alarms_per_hour,0.08333333333333333,1/h
ladder,S3_zero_drift_walk,rls,1,10,True,S3_zero_drift_walk__rls__seed1,f100b6d8743f0beb23a874f69b02d3ff86fd69d1b80c3005bc53c22fbf24242c,f54c17346089ba805d00d389d8b7c1c3e1cdb89c6515d103c5f0f15f4eb61185,c1881d4f6c0f31cc50171d6c3004faa1325b5e8d,false_alarms_per_hour,0.0,1/h
ladder,S3_zero_drift_walk,rls,2,10,True,S3_zero_drift_walk__rls__seed2,d908b1eec1d6ca010fbfed3dff58421d1657520e5136c0976972c56a507b8a71,f54c17346089ba805d00d389d8b7c1c3e1cdb89c6515d103c5f0f15f4eb61185,c1881d4f6c0f31cc50171d6c3004faa1325b5e8d,false_alarms_per_hour,0.041666666666666664,1/h
ladder,S3_zero_drift_walk,rls,3,10,True,S3_zero_drift_walk__rls__seed3,e65e6377500da0315dac92d9d159e61875ec095bbab24aed7387d0c3eeb9a9db,f54c17346089ba805d00d389d8b7c1c3e1cdb89c6515d103c5f0f15f4eb61185,c1881d4f6c0f31cc50171d6c3004faa1325b5e8d,false_alarms_per_hour,0.08333333333333333,1/h
ladder,S3_zero_drift_walk,kalman,1,10,True,S3_zero_drift_walk__kalman__seed1,f100b6d8743f0beb23a874f69b02d3ff86fd69d1b80c3005bc53c22fbf24242c,2dcdf9429baa9fcc847cc03bb3eb992a0574d0c81dcfbd456974ff9264223f13,c1881d4f6c0f31cc50171d6c3004faa1325b5e8d,false_alarms_per_hour,0.0,1/h
ladder,S3_zero_drift_walk,kalman,2,10,True,S3_zero_drift_walk__kalman__seed2,d908b1eec1d6ca010fbfed3dff58421d1657520e5136c0976972c56a507b8a71,2dcdf9429baa9fcc847cc03bb3eb992a0574d0c81dcfbd456974ff9264223f13,c1881d4f6c0f31cc50171d6c3004faa1325b5e8d,false_alarms_per_hour,0.041666666666666664,1/h
ladder,S3_zero_drift_walk,kalman,3,10,True,S3_zero_drift_walk__kalman__seed3,e65e6377500da0315dac92d9d159e61875ec095bbab24aed7387d0c3eeb9a9db,2dcdf9429baa9fcc847cc03bb3eb992a0574d0c81dcfbd456974ff9264223f13,c1881d4f6c0f31cc50171d6c3004faa1325b5e8d,false_alarms_per_hour,0.041666666666666664,1/h
ladder,S4_step_fault,static_affine,1,10,True,S4_step_fault__static_affine__seed1,7d29a6d7dca932314e512c265e0e559ec6cc02e548aa25349a95d1f29dbf9ef1,535f10e6c30103272f64653e50d0578cbf5af363b23f0ecbad28905519d7af3d,c1881d4f6c0f31cc50171d6c3004faa1325b5e8d,false_alarms_per_hour,0.125,1/h
ladder,S4_step_fault,static_affine,2,10,True,S4_step_fault__static_affine__seed2,adc80992e5ad2b0074c2ccb5fd189429c3fd11d2d51d242aa1caec078b0db1d2,535f10e6c30103272f64653e50d0578cbf5af363b23f0ecbad28905519d7af3d,c1881d4f6c0f31cc50171d6c3004faa1325b5e8d,false_alarms_per_hour,0.125,1/h
ladder,S4_step_fault,static_affine,3,10,True,S4_step_fault__static_affine__seed3,755a0aa70d2f3fe05534c8cb137d5df18ed16325d4692fc840c3daee2c8a8c92,535f10e6c30103272f64653e50d0578cbf5af363b23f0ecbad28905519d7af3d,c1881d4f6c0f31cc50171d6c3004faa1325b5e8d,false_alarms_per_hour,0.0625,1/h
ladder,S4_step_fault,rls,1,10,True,S4_step_fault__rls__seed1,7d29a6d7dca932314e512c265e0e559ec6cc02e548aa25349a95d1f29dbf9ef1,f54c17346089ba805d00d389d8b7c1c3e1cdb89c6515d103c5f0f15f4eb61185,c1881d4f6c0f31cc50171d6c3004faa1325b5e8d,false_alarms_per_hour,0.125,1/h
ladder,S4_step_fault,rls,2,10,True,S4_step_fault__rls__seed2,adc80992e5ad2b0074c2ccb5fd189429c3fd11d2d51d242aa1caec078b0db1d2,f54c17346089ba805d00d389d8b7c1c3e1cdb89c6515d103c5f0f15f4eb61185,c1881d4f6c0f31cc50171d6c3004faa1325b5e8d,false_alarms_per_hour,0.0625,1/h
ladder,S4_step_fault,rls,3,10,True,S4_step_fault__rls__seed3,755a0aa70d2f3fe05534c8cb137d5df18ed16325d4692fc840c3daee2c8a8c92,f54c17346089ba805d00d389d8b7c1c3e1cdb89c6515d103c5f0f15f4eb61185,c1881d4f6c0f31cc50171d6c3004faa1325b5e8d,false_alarms_per_hour,0.0625,1/h
ladder,S4_step_fault,kalman,1,10,True,S4_step_fault__kalman__seed1,7d29a6d7dca932314e512c265e0e559ec6cc02e548aa25349a95d1f29dbf9ef1,2dcdf9429baa9fcc847cc03bb3eb992a0574d0c81dcfbd456974ff9264223f13,c1881d4f6c0f31cc50171d6c3004faa1325b5e8d,false_alarms_per_hour,0.0625,1/h
ladder,S4_step_fault,kalman,2,10,True,S4_step_fault__kalman__seed2,adc80992e5ad2b0074c2ccb5fd189429c3fd11d2d51d242aa1caec078b0db1d2,2dcdf9429baa9fcc847cc03bb3eb992a0574d0c81dcfbd456974ff9264223f13,c1881d4f6c0f31cc50171d6c3004faa1325b5e8d,false_alarms_per_hour,0.0625,1/h
ladder,S4_step_fault,kalman,3,10,True,S4_step_fault__kalman__seed3,755a0aa70d2f3fe05534c8cb137d5df18ed16325d4692fc840c3daee2c8a8c92,2dcdf9429baa9fcc847cc03bb3eb992a0574d0c81dcfbd456974ff9264223f13,c1881d4f6c0f31cc50171d6c3004faa1325b5e8d,false_alarms_per_hour,0.0625,1/h
ladder,S5_outage,static_affine,1,10,True,S5_outage__static_affine__seed1,ab25696964de9a9bd056c05f5021821512f6128f06fede373f779014f2fed9d8,535f10e6c30103272f64653e50d0578cbf5af363b23f0ecbad28905519d7af3d,c1881d4f6c0f31cc50171d6c3004faa1325b5e8d,false_alarms_per_hour,0.0,1/h
ladder,S5_outage,static_affine,2,10,True,S5_outage__static_affine__seed2,0052a68ebb4dd1334f0378cfa6defa07917942ba64b15d70b6cd736642ab3e2c,535f10e6c30103272f64653e50d0578cbf5af363b23f0ecbad28905519d7af3d,c1881d4f6c0f31cc50171d6c3004faa1325b5e8d,false_alarms_per_hour,0.0,1/h
ladder,S5_outage,static_affine,3,10,True,S5_outage__static_affine__seed3,e71247b8c58f106fad94f1fa68a340a88baac5595f00b577c8912131cd60a6c4,535f10e6c30103272f64653e50d0578cbf5af363b23f0ecbad28905519d7af3d,c1881d4f6c0f31cc50171d6c3004faa1325b5e8d,false_alarms_per_hour,0.16666666666666666,1/h
ladder,S5_outage,rls,1,10,True,S5_outage__rls__seed1,ab25696964de9a9bd056c05f5021821512f6128f06fede373f779014f2fed9d8,f54c17346089ba805d00d389d8b7c1c3e1cdb89c6515d103c5f0f15f4eb61185,c1881d4f6c0f31cc50171d6c3004faa1325b5e8d,false_alarms_per_hour,0.0,1/h
ladder,S5_outage,rls,2,10,True,S5_outage__rls__seed2,0052a68ebb4dd1334f0378cfa6defa07917942ba64b15d70b6cd736642ab3e2c,f54c17346089ba805d00d389d8b7c1c3e1cdb89c6515d103c5f0f15f4eb61185,c1881d4f6c0f31cc50171d6c3004faa1325b5e8d,false_alarms_per_hour,0.0,1/h
ladder,S5_outage,rls,3,10,True,S5_outage__rls__seed3,e71247b8c58f106fad94f1fa68a340a88baac5595f00b577c8912131cd60a6c4,f54c17346089ba805d00d389d8b7c1c3e1cdb89c6515d103c5f0f15f4eb61185,c1881d4f6c0f31cc50171d6c3004faa1325b5e8d,false_alarms_per_hour,0.16666666666666666,1/h
ladder,S5_outage,kalman,1,10,True,S5_outage__kalman__seed1,ab25696964de9a9bd056c05f5021821512f6128f06fede373f779014f2fed9d8,2dcdf9429baa9fcc847cc03bb3eb992a0574d0c81dcfbd456974ff9264223f13,c1881d4f6c0f31cc50171d6c3004faa1325b5e8d,false_alarms_per_hour,0.0,1/h
ladder,S5_outage,kalman,2,10,True,S5_outage__kalman__seed2,0052a68ebb4dd1334f0378cfa6defa07917942ba64b15d70b6cd736642ab3e2c,2dcdf9429baa9fcc847cc03bb3eb992a0574d0c81dcfbd456974ff9264223f13,c1881d4f6c0f31cc50171d6c3004faa1325b5e8d,false_alarms_per_hour,0.0,1/h
ladder,S5_outage,kalman,3,10,True,S5_outage__kalman__seed3,e71247b8c58f106fad94f1fa68a340a88baac5595f00b577c8912131cd60a6c4,2dcdf9429baa9fcc847cc03bb3eb992a0574d0c81dcfbd456974ff9264223f13,c1881d4f6c0f31cc50171d6c3004faa1325b5e8d,false_alarms_per_hour,0.0,1/h
ladder,S6_combined,static_affine,1,10,True,S6_combined__static_affine__seed1,b3cf8d14b3aed8b1d65ab4497dcbfb879dbda2ce1da03bb07f6401c9b4b9bd4a,535f10e6c30103272f64653e50d0578cbf5af363b23f0ecbad28905519d7af3d,c1881d4f6c0f31cc50171d6c3004faa1325b5e8d,false_alarms_per_hour,0.020833333333333332,1/h
ladder,S6_combined,static_affine,2,10,True,S6_combined__static_affine__seed2,e4f7ab87faf6982be139dc8af97757bff8d540d357c41e3d06ec298e4dd75854,535f10e6c30103272f64653e50d0578cbf5af363b23f0ecbad28905519d7af3d,c1881d4f6c0f31cc50171d6c3004faa1325b5e8d,false_alarms_per_hour,0.041666666666666664,1/h
ladder,S6_combined,static_affine,3,10,True,S6_combined__static_affine__seed3,c371bfebbbdb510b204e19fcaedea3c47a4e8b6d77499f04ee6ac55d13fed988,535f10e6c30103272f64653e50d0578cbf5af363b23f0ecbad28905519d7af3d,c1881d4f6c0f31cc50171d6c3004faa1325b5e8d,false_alarms_per_hour,0.020833333333333332,1/h
ladder,S6_combined,rls,1,10,True,S6_combined__rls__seed1,b3cf8d14b3aed8b1d65ab4497dcbfb879dbda2ce1da03bb07f6401c9b4b9bd4a,f54c17346089ba805d00d389d8b7c1c3e1cdb89c6515d103c5f0f15f4eb61185,c1881d4f6c0f31cc50171d6c3004faa1325b5e8d,false_alarms_per_hour,0.041666666666666664,1/h
ladder,S6_combined,rls,2,10,True,S6_combined__rls__seed2,e4f7ab87faf6982be139dc8af97757bff8d540d357c41e3d06ec298e4dd75854,f54c17346089ba805d00d389d8b7c1c3e1cdb89c6515d103c5f0f15f4eb61185,c1881d4f6c0f31cc50171d6c3004faa1325b5e8d,false_alarms_per_hour,0.041666666666666664,1/h
ladder,S6_combined,rls,3,10,True,S6_combined__rls__seed3,c371bfebbbdb510b204e19fcaedea3c47a4e8b6d77499f04ee6ac55d13fed988,f54c17346089ba805d00d389d8b7c1c3e1cdb89c6515d103c5f0f15f4eb61185,c1881d4f6c0f31cc50171d6c3004faa1325b5e8d,false_alarms_per_hour,0.041666666666666664,1/h
ladder,S6_combined,kalman,1,10,True,S6_combined__kalman__seed1,b3cf8d14b3aed8b1d65ab4497dcbfb879dbda2ce1da03bb07f6401c9b4b9bd4a,2dcdf9429baa9fcc847cc03bb3eb992a0574d0c81dcfbd456974ff9264223f13,c1881d4f6c0f31cc50171d6c3004faa1325b5e8d,false_alarms_per_hour,0.041666666666666664,1/h
ladder,S6_combined,kalman,2,10,True,S6_combined__kalman__seed2,e4f7ab87faf6982be139dc8af97757bff8d540d357c41e3d06ec298e4dd75854,2dcdf9429baa9fcc847cc03bb3eb992a0574d0c81dcfbd456974ff9264223f13,c1881d4f6c0f31cc50171d6c3004faa1325b5e8d,false_alarms_per_hour,0.020833333333333332,1/h
ladder,S6_combined,kalman,3,10,True,S6_combined__kalman__seed3,c371bfebbbdb510b204e19fcaedea3c47a4e8b6d77499f04ee6ac55d13fed988,2dcdf9429baa9fcc847cc03bb3eb992a0574d0c81dcfbd456974ff9264223f13,c1881d4f6c0f31cc50171d6c3004faa1325b5e8d,false_alarms_per_hour,0.041666666666666664,1/h
ladder,S7_sparse_reference,static_affine,1,10,True,S7_sparse_reference__static_affine__seed1,24835dafebd07f6facda17ec68b148ca21bd70070201cdbfe1cf136d6c2da50a,535f10e6c30103272f64653e50d0578cbf5af363b23f0ecbad28905519d7af3d,c1881d4f6c0f31cc50171d6c3004faa1325b5e8d,false_alarms_per_hour,0.16666666666666666,1/h
ladder,S7_sparse_reference,static_affine,2,10,True,S7_sparse_reference__static_affine__seed2,1830f9600d18220efd37edc0ed15951b55aee715e2061c3ef38b60364f8b8678,535f10e6c30103272f64653e50d0578cbf5af363b23f0ecbad28905519d7af3d,c1881d4f6c0f31cc50171d6c3004faa1325b5e8d,false_alarms_per_hour,0.16666666666666666,1/h
ladder,S7_sparse_reference,static_affine,3,10,True,S7_sparse_reference__static_affine__seed3,b10da6cea2c796fcd510a2c7d7f3d2074f0eed008477bb57609f09be0a5cc888,535f10e6c30103272f64653e50d0578cbf5af363b23f0ecbad28905519d7af3d,c1881d4f6c0f31cc50171d6c3004faa1325b5e8d,false_alarms_per_hour,0.25,1/h
ladder,S7_sparse_reference,rls,1,10,True,S7_sparse_reference__rls__seed1,24835dafebd07f6facda17ec68b148ca21bd70070201cdbfe1cf136d6c2da50a,f54c17346089ba805d00d389d8b7c1c3e1cdb89c6515d103c5f0f15f4eb61185,c1881d4f6c0f31cc50171d6c3004faa1325b5e8d,false_alarms_per_hour,0.08333333333333333,1/h
ladder,S7_sparse_reference,rls,2,10,True,S7_sparse_reference__rls__seed2,1830f9600d18220efd37edc0ed15951b55aee715e2061c3ef38b60364f8b8678,f54c17346089ba805d00d389d8b7c1c3e1cdb89c6515d103c5f0f15f4eb61185,c1881d4f6c0f31cc50171d6c3004faa1325b5e8d,false_alarms_per_hour,0.08333333333333333,1/h
ladder,S7_sparse_reference,rls,3,10,True,S7_sparse_reference__rls__seed3,b10da6cea2c796fcd510a2c7d7f3d2074f0eed008477bb57609f09be0a5cc888,f54c17346089ba805d00d389d8b7c1c3e1cdb89c6515d103c5f0f15f4eb61185,c1881d4f6c0f31cc50171d6c3004faa1325b5e8d,false_alarms_per_hour,0.08333333333333333,1/h
ladder,S7_sparse_reference,kalman,1,10,True,S7_sparse_reference__kalman__seed1,24835dafebd07f6facda17ec68b148ca21bd70070201cdbfe1cf136d6c2da50a,2dcdf9429baa9fcc847cc03bb3eb992a0574d0c81dcfbd456974ff9264223f13,c1881d4f6c0f31cc50171d6c3004faa1325b5e8d,false_alarms_per_hour,0.0,1/h
ladder,S7_sparse_reference,kalman,2,10,True,S7_sparse_reference__kalman__seed2,1830f9600d18220efd37edc0ed15951b55aee715e2061c3ef38b60364f8b8678,2dcdf9429baa9fcc847cc03bb3eb992a0574d0c81dcfbd456974ff9264223f13,c1881d4f6c0f31cc50171d6c3004faa1325b5e8d,false_alarms_per_hour,0.0,1/h
ladder,S7_sparse_reference,kalman,3,10,True,S7_sparse_reference__kalman__seed3,b10da6cea2c796fcd510a2c7d7f3d2074f0eed008477bb57609f09be0a5cc888,2dcdf9429baa9fcc847cc03bb3eb992a0574d0c81dcfbd456974ff9264223f13,c1881d4f6c0f31cc50171d6c3004faa1325b5e8d,false_alarms_per_hour,0.08333333333333333,1/h
ladder,S1_nominal,static_affine,1,10,True,S1_nominal__static_affine__seed1,1f0eb7d0a64d2c9430bd781be2ad3a6383c85935e18ff7809210a4dbae3f4f74,535f10e6c30103272f64653e50d0578cbf5af363b23f0ecbad28905519d7af3d,c1881d4f6c0f31cc50171d6c3004faa1325b5e8d,n_truth,1359.0,count
ladder,S1_nominal,static_affine,2,10,True,S1_nominal__static_affine__seed2,c45f068e83a0db5af8037bcec208da070545216f5240a590ba8286dfcee1b0b4,535f10e6c30103272f64653e50d0578cbf5af363b23f0ecbad28905519d7af3d,c1881d4f6c0f31cc50171d6c3004faa1325b5e8d,n_truth,1420.0,count
ladder,S1_nominal,static_affine,3,10,True,S1_nominal__static_affine__seed3,7f808862af70bdf5f8b721f954c967c9d3eb0d071e708e4f266d8f7901642f98,535f10e6c30103272f64653e50d0578cbf5af363b23f0ecbad28905519d7af3d,c1881d4f6c0f31cc50171d6c3004faa1325b5e8d,n_truth,1396.0,count
ladder,S1_nominal,rls,1,10,True,S1_nominal__rls__seed1,1f0eb7d0a64d2c9430bd781be2ad3a6383c85935e18ff7809210a4dbae3f4f74,f54c17346089ba805d00d389d8b7c1c3e1cdb89c6515d103c5f0f15f4eb61185,c1881d4f6c0f31cc50171d6c3004faa1325b5e8d,n_truth,1359.0,count
ladder,S1_nominal,rls,2,10,True,S1_nominal__rls__seed2,c45f068e83a0db5af8037bcec208da070545216f5240a590ba8286dfcee1b0b4,f54c17346089ba805d00d389d8b7c1c3e1cdb89c6515d103c5f0f15f4eb61185,c1881d4f6c0f31cc50171d6c3004faa1325b5e8d,n_truth,1420.0,count
ladder,S1_nominal,rls,3,10,True,S1_nominal__rls__seed3,7f808862af70bdf5f8b721f954c967c9d3eb0d071e708e4f266d8f7901642f98,f54c17346089ba805d00d389d8b7c1c3e1cdb89c6515d103c5f0f15f4eb61185,c1881d4f6c0f31cc50171d6c3004faa1325b5e8d,n_truth,1396.0,count
ladder,S1_nominal,kalman,1,10,True,S1_nominal__kalman__seed1,1f0eb7d0a64d2c9430bd781be2ad3a6383c85935e18ff7809210a4dbae3f4f74,2dcdf9429baa9fcc847cc03bb3eb992a0574d0c81dcfbd456974ff9264223f13,c1881d4f6c0f31cc50171d6c3004faa1325b5e8d,n_truth,1359.0,count
ladder,S1_nominal,kalman,2,10,True,S1_nominal__kalman__seed2,c45f068e83a0db5af8037bcec208da070545216f5240a590ba8286dfcee1b0b4,2dcdf9429baa9fcc847cc03bb3eb992a0574d0c81dcfbd456974ff9264223f13,c1881d4f6c0f31cc50171d6c3004faa1325b5e8d,n_truth,1420.0,count
ladder,S1_nominal,kalman,3,10,True,S1_nominal__kalman__seed3,7f808862af70bdf5f8b721f954c967c9d3eb0d071e708e4f266d8f7901642f98,2dcdf9429baa9fcc847cc03bb3eb992a0574d0c81dcfbd456974ff9264223f13,c1881d4f6c0f31cc50171d6c3004faa1325b5e8d,n_truth,1396.0,count
ladder,S2_thermal_cycle,static_affine,1,10,True,S2_thermal_cycle__static_affine__seed1,a9d23ff021d7d7330d2f7690ce6fe1a23e9face2bceffa30bb9e10eb4c70e685,535f10e6c30103272f64653e50d0578cbf5af363b23f0ecbad28905519d7af3d,c1881d4f6c0f31cc50171d6c3004faa1325b5e8d,n_truth,12870.0,count
ladder,S2_thermal_cycle,static_affine,2,10,True,S2_thermal_cycle__static_affine__seed2,19c57e97290995438510692dd0c87d401ed506ad1b05f6b88446276b5f326325,535f10e6c30103272f64653e50d0578cbf5af363b23f0ecbad28905519d7af3d,c1881d4f6c0f31cc50171d6c3004faa1325b5e8d,n_truth,12955.0,count
ladder,S2_thermal_cycle,static_affine,3,10,True,S2_thermal_cycle__static_affine__seed3,24befa705b788e8ac92815dc24ece289db28b46d6894613726a31248a0b3f0e9,535f10e6c30103272f64653e50d0578cbf5af363b23f0ecbad28905519d7af3d,c1881d4f6c0f31cc50171d6c3004faa1325b5e8d,n_truth,13027.0,count
ladder,S2_thermal_cycle,rls,1,10,True,S2_thermal_cycle__rls__seed1,a9d23ff021d7d7330d2f7690ce6fe1a23e9face2bceffa30bb9e10eb4c70e685,f54c17346089ba805d00d389d8b7c1c3e1cdb89c6515d103c5f0f15f4eb61185,c1881d4f6c0f31cc50171d6c3004faa1325b5e8d,n_truth,12870.0,count
ladder,S2_thermal_cycle,rls,2,10,True,S2_thermal_cycle__rls__seed2,19c57e97290995438510692dd0c87d401ed506ad1b05f6b88446276b5f326325,f54c17346089ba805d00d389d8b7c1c3e1cdb89c6515d103c5f0f15f4eb61185,c1881d4f6c0f31cc50171d6c3004faa1325b5e8d,n_truth,12955.0,count
ladder,S2_thermal_cycle,rls,3,10,True,S2_thermal_cycle__rls__seed3,24befa705b788e8ac92815dc24ece289db28b46d6894613726a31248a0b3f0e9,f54c17346089ba805d00d389d8b7c1c3e1cdb89c6515d103c5f0f15f4eb61185,c1881d4f6c0f31cc50171d6c3004faa1325b5e8d,n_truth,13027.0,count
ladder,S2_thermal_cycle,kalman,1,10,True,S2_thermal_cycle__kalman__seed1,a9d23ff021d7d7330d2f7690ce6fe1a23e9face2bceffa30bb9e10eb4c70e685,2dcdf9429baa9fcc847cc03bb3eb992a0574d0c81dcfbd456974ff9264223f13,c1881d4f6c0f31cc50171d6c3004faa1325b5e8d,n_truth,12870.0,count
ladder,S2_thermal_cycle,kalman,2,10,True,S2_thermal_cycle__kalman__seed2,19c57e97290995438510692dd0c87d401ed506ad1b05f6b88446276b5f326325,2dcdf9429baa9fcc847cc03bb3eb992a0574d0c81dcfbd456974ff9264223f13,c1881d4f6c0f31cc50171d6c3004faa1325b5e8d,n_truth,12955.0,count
ladder,S2_thermal_cycle,kalman,3,10,True,S2_thermal_cycle__kalman__seed3,24befa705b788e8ac92815dc24ece289db28b46d6894613726a31248a0b3f0e9,2dcdf9429baa9fcc847cc03bb3eb992a0574d0c81dcfbd456974ff9264223f13,c1881d4f6c0f31cc50171d6c3004faa1325b5e8d,n_truth,13027.0,count
ladder,S3_zero_drift_walk,static_affine,1,10,True,S3_zero_drift_walk__static_affine__seed1,f100b6d8743f0beb23a874f69b02d3ff86fd69d1b80c3005bc53c22fbf24242c,535f10e6c30103272f64653e50d0578cbf5af363b23f0ecbad28905519d7af3d,c1881d4f6c0f31cc50171d6c3004faa1325b5e8d,n_truth,4702.0,count
ladder,S3_zero_drift_walk,static_affine,2,10,True,S3_zero_drift_walk__static_affine__seed2,d908b1eec1d6ca010fbfed3dff58421d1657520e5136c0976972c56a507b8a71,535f10e6c30103272f64653e50d0578cbf5af363b23f0ecbad28905519d7af3d,c1881d4f6c0f31cc50171d6c3004faa1325b5e8d,n_truth,4775.0,count
ladder,S3_zero_drift_walk,static_affine,3,10,True,S3_zero_drift_walk__static_affine__seed3,e65e6377500da0315dac92d9d159e61875ec095bbab24aed7387d0c3eeb9a9db,535f10e6c30103272f64653e50d0578cbf5af363b23f0ecbad28905519d7af3d,c1881d4f6c0f31cc50171d6c3004faa1325b5e8d,n_truth,4776.0,count
ladder,S3_zero_drift_walk,rls,1,10,True,S3_zero_drift_walk__rls__seed1,f100b6d8743f0beb23a874f69b02d3ff86fd69d1b80c3005bc53c22fbf24242c,f54c17346089ba805d00d389d8b7c1c3e1cdb89c6515d103c5f0f15f4eb61185,c1881d4f6c0f31cc50171d6c3004faa1325b5e8d,n_truth,4702.0,count
ladder,S3_zero_drift_walk,rls,2,10,True,S3_zero_drift_walk__rls__seed2,d908b1eec1d6ca010fbfed3dff58421d1657520e5136c0976972c56a507b8a71,f54c17346089ba805d00d389d8b7c1c3e1cdb89c6515d103c5f0f15f4eb61185,c1881d4f6c0f31cc50171d6c3004faa1325b5e8d,n_truth,4775.0,count
ladder,S3_zero_drift_walk,rls,3,10,True,S3_zero_drift_walk__rls__seed3,e65e6377500da0315dac92d9d159e61875ec095bbab24aed7387d0c3eeb9a9db,f54c17346089ba805d00d389d8b7c1c3e1cdb89c6515d103c5f0f15f4eb61185,c1881d4f6c0f31cc50171d6c3004faa1325b5e8d,n_truth,4776.0,count
ladder,S3_zero_drift_walk,kalman,1,10,True,S3_zero_drift_walk__kalman__seed1,f100b6d8743f0beb23a874f69b02d3ff86fd69d1b80c3005bc53c22fbf24242c,2dcdf9429baa9fcc847cc03bb3eb992a0574d0c81dcfbd456974ff9264223f13,c1881d4f6c0f31cc50171d6c3004faa1325b5e8d,n_truth,4702.0,count
ladder,S3_zero_drift_walk,kalman,2,10,True,S3_zero_drift_walk__kalman__seed2,d908b1eec1d6ca010fbfed3dff58421d1657520e5136c0976972c56a507b8a71,2dcdf9429baa9fcc847cc03bb3eb992a0574d0c81dcfbd456974ff9264223f13,c1881d4f6c0f31cc50171d6c3004faa1325b5e8d,n_truth,4775.0,count
ladder,S3_zero_drift_walk,kalman,3,10,True,S3_zero_drift_walk__kalman__seed3,e65e6377500da0315dac92d9d159e61875ec095bbab24aed7387d0c3eeb9a9db,2dcdf9429baa9fcc847cc03bb3eb992a0574d0c81dcfbd456974ff9264223f13,c1881d4f6c0f31cc50171d6c3004faa1325b5e8d,n_truth,4776.0,count
ladder,S4_step_fault,static_affine,1,10,True,S4_step_fault__static_affine__seed1,7d29a6d7dca932314e512c265e0e559ec6cc02e548aa25349a95d1f29dbf9ef1,535f10e6c30103272f64653e50d0578cbf5af363b23f0ecbad28905519d7af3d,c1881d4f6c0f31cc50171d6c3004faa1325b5e8d,n_truth,3392.0,count
ladder,S4_step_fault,static_affine,2,10,True,S4_step_fault__static_affine__seed2,adc80992e5ad2b0074c2ccb5fd189429c3fd11d2d51d242aa1caec078b0db1d2,535f10e6c30103272f64653e50d0578cbf5af363b23f0ecbad28905519d7af3d,c1881d4f6c0f31cc50171d6c3004faa1325b5e8d,n_truth,3484.0,count
ladder,S4_step_fault,static_affine,3,10,True,S4_step_fault__static_affine__seed3,755a0aa70d2f3fe05534c8cb137d5df18ed16325d4692fc840c3daee2c8a8c92,535f10e6c30103272f64653e50d0578cbf5af363b23f0ecbad28905519d7af3d,c1881d4f6c0f31cc50171d6c3004faa1325b5e8d,n_truth,3520.0,count
ladder,S4_step_fault,rls,1,10,True,S4_step_fault__rls__seed1,7d29a6d7dca932314e512c265e0e559ec6cc02e548aa25349a95d1f29dbf9ef1,f54c17346089ba805d00d389d8b7c1c3e1cdb89c6515d103c5f0f15f4eb61185,c1881d4f6c0f31cc50171d6c3004faa1325b5e8d,n_truth,3392.0,count
ladder,S4_step_fault,rls,2,10,True,S4_step_fault__rls__seed2,adc80992e5ad2b0074c2ccb5fd189429c3fd11d2d51d242aa1caec078b0db1d2,f54c17346089ba805d00d389d8b7c1c3e1cdb89c6515d103c5f0f15f4eb61185,c1881d4f6c0f31cc50171d6c3004faa1325b5e8d,n_truth,3484.0,count
ladder,S4_step_fault,rls,3,10,True,S4_step_fault__rls__seed3,755a0aa70d2f3fe05534c8cb137d5df18ed16325d4692fc840c3daee2c8a8c92,f54c17346089ba805d00d389d8b7c1c3e1cdb89c6515d103c5f0f15f4eb61185,c1881d4f6c0f31cc50171d6c3004faa1325b5e8d,n_truth,3520.0,count
ladder,S4_step_fault,kalman,1,10,True,S4_step_fault__kalman__seed1,7d29a6d7dca932314e512c265e0e559ec6cc02e548aa25349a95d1f29dbf9ef1,2dcdf9429baa9fcc847cc03bb3eb992a0574d0c81dcfbd456974ff9264223f13,c1881d4f6c0f31cc50171d6c3004faa1325b5e8d,n_truth,3392.0,count
ladder,S4_step_fault,kalman,2,10,True,S4_step_fault__kalman__seed2,adc80992e5ad2b0074c2ccb5fd189429c3fd11d2d51d242aa1caec078b0db1d2,2dcdf9429baa9fcc847cc03bb3eb992a0574d0c81dcfbd456974ff9264223f13,c1881d4f6c0f31cc50171d6c3004faa1325b5e8d,n_truth,3484.0,count
ladder,S4_step_fault,kalman,3,10,True,S4_step_fault__kalman__seed3,755a0aa70d2f3fe05534c8cb137d5df18ed16325d4692fc840c3daee2c8a8c92,2dcdf9429baa9fcc847cc03bb3eb992a0574d0c81dcfbd456974ff9264223f13,c1881d4f6c0f31cc50171d6c3004faa1325b5e8d,n_truth,3520.0,count
ladder,S5_outage,static_affine,1,10,True,S5_outage__static_affine__seed1,ab25696964de9a9bd056c05f5021821512f6128f06fede373f779014f2fed9d8,535f10e6c30103272f64653e50d0578cbf5af363b23f0ecbad28905519d7af3d,c1881d4f6c0f31cc50171d6c3004faa1325b5e8d,n_truth,1359.0,count
ladder,S5_outage,static_affine,2,10,True,S5_outage__static_affine__seed2,0052a68ebb4dd1334f0378cfa6defa07917942ba64b15d70b6cd736642ab3e2c,535f10e6c30103272f64653e50d0578cbf5af363b23f0ecbad28905519d7af3d,c1881d4f6c0f31cc50171d6c3004faa1325b5e8d,n_truth,1420.0,count
ladder,S5_outage,static_affine,3,10,True,S5_outage__static_affine__seed3,e71247b8c58f106fad94f1fa68a340a88baac5595f00b577c8912131cd60a6c4,535f10e6c30103272f64653e50d0578cbf5af363b23f0ecbad28905519d7af3d,c1881d4f6c0f31cc50171d6c3004faa1325b5e8d,n_truth,1396.0,count
ladder,S5_outage,rls,1,10,True,S5_outage__rls__seed1,ab25696964de9a9bd056c05f5021821512f6128f06fede373f779014f2fed9d8,f54c17346089ba805d00d389d8b7c1c3e1cdb89c6515d103c5f0f15f4eb61185,c1881d4f6c0f31cc50171d6c3004faa1325b5e8d,n_truth,1359.0,count
ladder,S5_outage,rls,2,10,True,S5_outage__rls__seed2,0052a68ebb4dd1334f0378cfa6defa07917942ba64b15d70b6cd736642ab3e2c,f54c17346089ba805d00d389d8b7c1c3e1cdb89c6515d103c5f0f15f4eb61185,c1881d4f6c0f31cc50171d6c3004faa1325b5e8d,n_truth,1420.0,count
ladder,S5_outage,rls,3,10,True,S5_outage__rls__seed3,e71247b8c58f106fad94f1fa68a340a88baac5595f00b577c8912131cd60a6c4,f54c17346089ba805d00d389d8b7c1c3e1cdb89c6515d103c5f0f15f4eb61185,c1881d4f6c0f31cc50171d6c3004faa1325b5e8d,n_truth,1396.0,count
ladder,S5_outage,kalman,1,10,True,S5_outage__kalman__seed1,ab25696964de9a9bd056c05f5021821512f6128f06fede373f779014f2fed9d8,2dcdf9429baa9fcc847cc03bb3eb992a0574d0c81dcfbd456974ff9264223f13,c1881d4f6c0f31cc50171d6c3004faa1325b5e8d,n_truth,1359.0,count
ladder,S5_outage,kalman,2,10,True,S5_outage__kalman__seed2,0052a68ebb4dd1334f0378cfa6defa07917942ba64b15d70b6cd736642ab3e2c,2dcdf9429baa9fcc847cc03bb3eb992a0574d0c81dcfbd456974ff9264223f13,c1881d4f6c0f31cc50171d6c3004faa1325b5e8d,n_truth,1420.0,count
ladder,S5_outage,kalman,3,10,True,S5_outage__kalman__seed3,e71247b8c58f106fad94f1fa68a340a88baac5595f00b577c8912131cd60a6c4,2dcdf9429baa9fcc847cc03bb3eb992a0574d0c81dcfbd456974ff9264223f13,c1881d4f6c0f31cc50171d6c3004faa1325b5e8d,n_truth,1396.0,count
ladder,S6_combined,static_affine,1,10,True,S6_combined__static_affine__seed1,b3cf8d14b3aed8b1d65ab4497dcbfb879dbda2ce1da03bb07f6401c9b4b9bd4a,535f10e6c30103272f64653e50d0578cbf5af363b23f0ecbad28905519d7af3d,c1881d4f6c0f31cc50171d6c3004faa1325b5e8d,n_truth,9570.0,count
ladder,S6_combined,static_affine,2,10,True,S6_combined__static_affine__seed2,e4f7ab87faf6982be139dc8af97757bff8d540d357c41e3d06ec298e4dd75854,535f10e6c30103272f64653e50d0578cbf5af363b23f0ecbad28905519d7af3d,c1881d4f6c0f31cc50171d6c3004faa1325b5e8d,n_truth,9542.0,count
ladder,S6_combined,static_affine,3,10,True,S6_combined__static_affine__seed3,c371bfebbbdb510b204e19fcaedea3c47a4e8b6d77499f04ee6ac55d13fed988,535f10e6c30103272f64653e50d0578cbf5af363b23f0ecbad28905519d7af3d,c1881d4f6c0f31cc50171d6c3004faa1325b5e8d,n_truth,9499.0,count
ladder,S6_combined,rls,1,10,True,S6_combined__rls__seed1,b3cf8d14b3aed8b1d65ab4497dcbfb879dbda2ce1da03bb07f6401c9b4b9bd4a,f54c17346089ba805d00d389d8b7c1c3e1cdb89c6515d103c5f0f15f4eb61185,c1881d4f6c0f31cc50171d6c3004faa1325b5e8d,n_truth,9570.0,count
ladder,S6_combined,rls,2,10,True,S6_combined__rls__seed2,e4f7ab87faf6982be139dc8af97757bff8d540d357c41e3d06ec298e4dd75854,f54c17346089ba805d00d389d8b7c1c3e1cdb89c6515d103c5f0f15f4eb61185,c1881d4f6c0f31cc50171d6c3004faa1325b5e8d,n_truth,9542.0,count
ladder,S6_combined,rls,3,10,True,S6_combined__rls__seed3,c371bfebbbdb510b204e19fcaedea3c47a4e8b6d77499f04ee6ac55d13fed988,f54c17346089ba805d00d389d8b7c1c3e1cdb89c6515d103c5f0f15f4eb61185,c1881d4f6c0f31cc50171d6c3004faa1325b5e8d,n_truth,9499.0,count
ladder,S6_combined,kalman,1,10,True,S6_combined__kalman__seed1,b3cf8d14b3aed8b1d65ab4497dcbfb879dbda2ce1da03bb07f6401c9b4b9bd4a,2dcdf9429baa9fcc847cc03bb3eb992a0574d0c81dcfbd456974ff9264223f13,c1881d4f6c0f31cc50171d6c3004faa1325b5e8d,n_truth,9570.0,count
ladder,S6_combined,kalman,2,10,True,S6_combined__kalman__seed2,e4f7ab87faf6982be139dc8af97757bff8d540d357c41e3d06ec298e4dd75854,2dcdf9429baa9fcc847cc03bb3eb992a0574d0c81dcfbd456974ff9264223f13,c1881d4f6c0f31cc50171d6c3004faa1325b5e8d,n_truth,9542.0,count
ladder,S6_combined,kalman,3,10,True,S6_combined__kalman__seed3,c371bfebbbdb510b204e19fcaedea3c47a4e8b6d77499f04ee6ac55d13fed988,2dcdf9429baa9fcc847cc03bb3eb992a0574d0c81dcfbd456974ff9264223f13,c1881d4f6c0f31cc50171d6c3004faa1325b5e8d,n_truth,9499.0,count
ladder,S7_sparse_reference,static_affine,1,10,True,S7_sparse_reference__static_affine__seed1,24835dafebd07f6facda17ec68b148ca21bd70070201cdbfe1cf136d6c2da50a,535f10e6c30103272f64653e50d0578cbf5af363b23f0ecbad28905519d7af3d,c1881d4f6c0f31cc50171d6c3004faa1325b5e8d,n_truth,7109.0,count
ladder,S7_sparse_reference,static_affine,2,10,True,S7_sparse_reference__static_affine__seed2,1830f9600d18220efd37edc0ed15951b55aee715e2061c3ef38b60364f8b8678,535f10e6c30103272f64653e50d0578cbf5af363b23f0ecbad28905519d7af3d,c1881d4f6c0f31cc50171d6c3004faa1325b5e8d,n_truth,7162.0,count
ladder,S7_sparse_reference,static_affine,3,10,True,S7_sparse_reference__static_affine__seed3,b10da6cea2c796fcd510a2c7d7f3d2074f0eed008477bb57609f09be0a5cc888,535f10e6c30103272f64653e50d0578cbf5af363b23f0ecbad28905519d7af3d,c1881d4f6c0f31cc50171d6c3004faa1325b5e8d,n_truth,7170.0,count
ladder,S7_sparse_reference,rls,1,10,True,S7_sparse_reference__rls__seed1,24835dafebd07f6facda17ec68b148ca21bd70070201cdbfe1cf136d6c2da50a,f54c17346089ba805d00d389d8b7c1c3e1cdb89c6515d103c5f0f15f4eb61185,c1881d4f6c0f31cc50171d6c3004faa1325b5e8d,n_truth,7109.0,count
ladder,S7_sparse_reference,rls,2,10,True,S7_sparse_reference__rls__seed2,1830f9600d18220efd37edc0ed15951b55aee715e2061c3ef38b60364f8b8678,f54c17346089ba805d00d389d8b7c1c3e1cdb89c6515d103c5f0f15f4eb61185,c1881d4f6c0f31cc50171d6c3004faa1325b5e8d,n_truth,7162.0,count
ladder,S7_sparse_reference,rls,3,10,True,S7_sparse_reference__rls__seed3,b10da6cea2c796fcd510a2c7d7f3d2074f0eed008477bb57609f09be0a5cc888,f54c17346089ba805d00d389d8b7c1c3e1cdb89c6515d103c5f0f15f4eb61185,c1881d4f6c0f31cc50171d6c3004faa1325b5e8d,n_truth,7170.0,count
ladder,S7_sparse_reference,kalman,1,10,True,S7_sparse_reference__kalman__seed1,24835dafebd07f6facda17ec68b148ca21bd70070201cdbfe1cf136d6c2da50a,2dcdf9429baa9fcc847cc03bb3eb992a0574d0c81dcfbd456974ff9264223f13,c1881d4f6c0f31cc50171d6c3004faa1325b5e8d,n_truth,7109.0,count
ladder,S7_sparse_reference,kalman,2,10,True,S7_sparse_reference__kalman__seed2,1830f9600d18220efd37edc0ed15951b55aee715e2061c3ef38b60364f8b8678,2dcdf9429baa9fcc847cc03bb3eb992a0574d0c81dcfbd456974ff9264223f13,c1881d4f6c0f31cc50171d6c3004faa1325b5e8d,n_truth,7162.0,count
ladder,S7_sparse_reference,kalman,3,10,True,S7_sparse_reference__kalman__seed3,b10da6cea2c796fcd510a2c7d7f3d2074f0eed008477bb57609f09be0a5cc888,2dcdf9429baa9fcc847cc03bb3eb992a0574d0c81dcfbd456974ff9264223f13,c1881d4f6c0f31cc50171d6c3004faa1325b5e8d,n_truth,7170.0,count
ladder,S1_nominal,static_affine,1,10,True,S1_nominal__static_affine__seed1,1f0eb7d0a64d2c9430bd781be2ad3a6383c85935e18ff7809210a4dbae3f4f74,535f10e6c30103272f64653e50d0578cbf5af363b23f0ecbad28905519d7af3d,c1881d4f6c0f31cc50171d6c3004faa1325b5e8d,n_matched,1359.0,count
ladder,S1_nominal,static_affine,2,10,True,S1_nominal__static_affine__seed2,c45f068e83a0db5af8037bcec208da070545216f5240a590ba8286dfcee1b0b4,535f10e6c30103272f64653e50d0578cbf5af363b23f0ecbad28905519d7af3d,c1881d4f6c0f31cc50171d6c3004faa1325b5e8d,n_matched,1420.0,count
ladder,S1_nominal,static_affine,3,10,True,S1_nominal__static_affine__seed3,7f808862af70bdf5f8b721f954c967c9d3eb0d071e708e4f266d8f7901642f98,535f10e6c30103272f64653e50d0578cbf5af363b23f0ecbad28905519d7af3d,c1881d4f6c0f31cc50171d6c3004faa1325b5e8d,n_matched,1396.0,count
ladder,S1_nominal,rls,1,10,True,S1_nominal__rls__seed1,1f0eb7d0a64d2c9430bd781be2ad3a6383c85935e18ff7809210a4dbae3f4f74,f54c17346089ba805d00d389d8b7c1c3e1cdb89c6515d103c5f0f15f4eb61185,c1881d4f6c0f31cc50171d6c3004faa1325b5e8d,n_matched,1359.0,count
ladder,S1_nominal,rls,2,10,True,S1_nominal__rls__seed2,c45f068e83a0db5af8037bcec208da070545216f5240a590ba8286dfcee1b0b4,f54c17346089ba805d00d389d8b7c1c3e1cdb89c6515d103c5f0f15f4eb61185,c1881d4f6c0f31cc50171d6c3004faa1325b5e8d,n_matched,1420.0,count
ladder,S1_nominal,rls,3,10,True,S1_nominal__rls__seed3,7f808862af70bdf5f8b721f954c967c9d3eb0d071e708e4f266d8f7901642f98,f54c17346089ba805d00d389d8b7c1c3e1cdb89c6515d103c5f0f15f4eb61185,c1881d4f6c0f31cc50171d6c3004faa1325b5e8d,n_matched,1396.0,count
ladder,S1_nominal,kalman,1,10,True,S1_nominal__kalman__seed1,1f0eb7d0a64d2c9430bd781be2ad3a6383c85935e18ff7809210a4dbae3f4f74,2dcdf9429baa9fcc847cc03bb3eb992a0574d0c81dcfbd456974ff9264223f13,c1881d4f6c0f31cc50171d6c3004faa1325b5e8d,n_matched,1359.0,count
ladder,S1_nominal,kalman,2,10,True,S1_nominal__kalman__seed2,c45f068e83a0db5af8037bcec208da070545216f5240a590ba8286dfcee1b0b4,2dcdf9429baa9fcc847cc03bb3eb992a0574d0c81dcfbd456974ff9264223f13,c1881d4f6c0f31cc50171d6c3004faa1325b5e8d,n_matched,1420.0,count
ladder,S1_nominal,kalman,3,10,True,S1_nominal__kalman__seed3,7f808862af70bdf5f8b721f954c967c9d3eb0d071e708e4f266d8f7901642f98,2dcdf9429baa9fcc847cc03bb3eb992a0574d0c81dcfbd456974ff9264223f13,c1881d4f6c0f31cc50171d6c3004faa1325b5e8d,n_matched,1396.0,count
ladder,S2_thermal_cycle,static_affine,1,10,True,S2_thermal_cycle__static_affine__seed1,a9d23ff021d7d7330d2f7690ce6fe1a23e9face2bceffa30bb9e10eb4c70e685,535f10e6c30103272f64653e50d0578cbf5af363b23f0ecbad28905519d7af3d,c1881d4f6c0f31cc50171d6c3004faa1325b5e8d,n_matched,12870.0,count
ladder,S2_thermal_cycle,static_affine,2,10,True,S2_thermal_cycle__static_affine__seed2,19c57e97290995438510692dd0c87d401ed506ad1b05f6b88446276b5f326325,535f10e6c30103272f64653e50d0578cbf5af363b23f0ecbad28905519d7af3d,c1881d4f6c0f31cc50171d6c3004faa1325b5e8d,n_matched,12955.0,count
ladder,S2_thermal_cycle,static_affine,3,10,True,S2_thermal_cycle__static_affine__seed3,24befa705b788e8ac92815dc24ece289db28b46d6894613726a31248a0b3f0e9,535f10e6c30103272f64653e50d0578cbf5af363b23f0ecbad28905519d7af3d,c1881d4f6c0f31cc50171d6c3004faa1325b5e8d,n_matched,13027.0,count
ladder,S2_thermal_cycle,rls,1,10,True,S2_thermal_cycle__rls__seed1,a9d23ff021d7d7330d2f7690ce6fe1a23e9face2bceffa30bb9e10eb4c70e685,f54c17346089ba805d00d389d8b7c1c3e1cdb89c6515d103c5f0f15f4eb61185,c1881d4f6c0f31cc50171d6c3004faa1325b5e8d,n_matched,12870.0,count
ladder,S2_thermal_cycle,rls,2,10,True,S2_thermal_cycle__rls__seed2,19c57e97290995438510692dd0c87d401ed506ad1b05f6b88446276b5f326325,f54c17346089ba805d00d389d8b7c1c3e1cdb89c6515d103c5f0f15f4eb61185,c1881d4f6c0f31cc50171d6c3004faa1325b5e8d,n_matched,12955.0,count
ladder,S2_thermal_cycle,rls,3,10,True,S2_thermal_cycle__rls__seed3,24befa705b788e8ac92815dc24ece289db28b46d6894613726a31248a0b3f0e9,f54c17346089ba805d00d389d8b7c1c3e1cdb89c6515d103c5f0f15f4eb61185,c1881d4f6c0f31cc50171d6c3004faa1325b5e8d,n_matched,13027.0,count
ladder,S2_thermal_cycle,kalman,1,10,True,S2_thermal_cycle__kalman__seed1,a9d23ff021d7d7330d2f7690ce6fe1a23e9face2bceffa30bb9e10eb4c70e685,2dcdf9429baa9fcc847cc03bb3eb992a0574d0c81dcfbd456974ff9264223f13,c1881d4f6c0f31cc50171d6c3004faa1325b5e8d,n_matched,12870.0,count
ladder,S2_thermal_cycle,kalman,2,10,True,S2_thermal_cycle__kalman__seed2,19c57e97290995438510692dd0c87d401ed506ad1b05f6b88446276b5f326325,2dcdf9429baa9fcc847cc03bb3eb992a0574d0c81dcfbd456974ff9264223f13,c1881d4f6c0f31cc50171d6c3004faa1325b5e8d,n_matched,12955.0,count
ladder,S2_thermal_cycle,kalman,3,10,True,S2_thermal_cycle__kalman__seed3,24befa705b788e8ac92815dc24ece289db28b46d6894613726a31248a0b3f0e9,2dcdf9429baa9fcc847cc03bb3eb992a0574d0c81dcfbd456974ff9264223f13,c1881d4f6c0f31cc50171d6c3004faa1325b5e8d,n_matched,13027.0,count
ladder,S3_zero_drift_walk,static_affine,1,10,True,S3_zero_drift_walk__static_affine__seed1,f100b6d8743f0beb23a874f69b02d3ff86fd69d1b80c3005bc53c22fbf24242c,535f10e6c30103272f64653e50d0578cbf5af363b23f0ecbad28905519d7af3d,c1881d4f6c0f31cc50171d6c3004faa1325b5e8d,n_matched,4702.0,count
ladder,S3_zero_drift_walk,static_affine,2,10,True,S3_zero_drift_walk__static_affine__seed2,d908b1eec1d6ca010fbfed3dff58421d1657520e5136c0976972c56a507b8a71,535f10e6c30103272f64653e50d0578cbf5af363b23f0ecbad28905519d7af3d,c1881d4f6c0f31cc50171d6c3004faa1325b5e8d,n_matched,4775.0,count
ladder,S3_zero_drift_walk,static_affine,3,10,True,S3_zero_drift_walk__static_affine__seed3,e65e6377500da0315dac92d9d159e61875ec095bbab24aed7387d0c3eeb9a9db,535f10e6c30103272f64653e50d0578cbf5af363b23f0ecbad28905519d7af3d,c1881d4f6c0f31cc50171d6c3004faa1325b5e8d,n_matched,4776.0,count
ladder,S3_zero_drift_walk,rls,1,10,True,S3_zero_drift_walk__rls__seed1,f100b6d8743f0beb23a874f69b02d3ff86fd69d1b80c3005bc53c22fbf24242c,f54c17346089ba805d00d389d8b7c1c3e1cdb89c6515d103c5f0f15f4eb61185,c1881d4f6c0f31cc50171d6c3004faa1325b5e8d,n_matched,4702.0,count
ladder,S3_zero_drift_walk,rls,2,10,True,S3_zero_drift_walk__rls__seed2,d908b1eec1d6ca010fbfed3dff58421d1657520e5136c0976972c56a507b8a71,f54c17346089ba805d00d389d8b7c1c3e1cdb89c6515d103c5f0f15f4eb61185,c1881d4f6c0f31cc50171d6c3004faa1325b5e8d,n_matched,4775.0,count
ladder,S3_zero_drift_walk,rls,3,10,True,S3_zero_drift_walk__rls__seed3,e65e6377500da0315dac92d9d159e61875ec095bbab24aed7387d0c3eeb9a9db,f54c17346089ba805d00d389d8b7c1c3e1cdb89c6515d103c5f0f15f4eb61185,c1881d4f6c0f31cc50171d6c3004faa1325b5e8d,n_matched,4776.0,count
ladder,S3_zero_drift_walk,kalman,1,10,True,S3_zero_drift_walk__kalman__seed1,f100b6d8743f0beb23a874f69b02d3ff86fd69d1b80c3005bc53c22fbf24242c,2dcdf9429baa9fcc847cc03bb3eb992a0574d0c81dcfbd456974ff9264223f13,c1881d4f6c0f31cc50171d6c3004faa1325b5e8d,n_matched,4702.0,count
ladder,S3_zero_drift_walk,kalman,2,10,True,S3_zero_drift_walk__kalman__seed2,d908b1eec1d6ca010fbfed3dff58421d1657520e5136c0976972c56a507b8a71,2dcdf9429baa9fcc847cc03bb3eb992a0574d0c81dcfbd456974ff9264223f13,c1881d4f6c0f31cc50171d6c3004faa1325b5e8d,n_matched,4775.0,count
ladder,S3_zero_drift_walk,kalman,3,10,True,S3_zero_drift_walk__kalman__seed3,e65e6377500da0315dac92d9d159e61875ec095bbab24aed7387d0c3eeb9a9db,2dcdf9429baa9fcc847cc03bb3eb992a0574d0c81dcfbd456974ff9264223f13,c1881d4f6c0f31cc50171d6c3004faa1325b5e8d,n_matched,4776.0,count
ladder,S4_step_fault,static_affine,1,10,True,S4_step_fault__static_affine__seed1,7d29a6d7dca932314e512c265e0e559ec6cc02e548aa25349a95d1f29dbf9ef1,535f10e6c30103272f64653e50d0578cbf5af363b23f0ecbad28905519d7af3d,c1881d4f6c0f31cc50171d6c3004faa1325b5e8d,n_matched,3392.0,count
ladder,S4_step_fault,static_affine,2,10,True,S4_step_fault__static_affine__seed2,adc80992e5ad2b0074c2ccb5fd189429c3fd11d2d51d242aa1caec078b0db1d2,535f10e6c30103272f64653e50d0578cbf5af363b23f0ecbad28905519d7af3d,c1881d4f6c0f31cc50171d6c3004faa1325b5e8d,n_matched,3484.0,count
ladder,S4_step_fault,static_affine,3,10,True,S4_step_fault__static_affine__seed3,755a0aa70d2f3fe05534c8cb137d5df18ed16325d4692fc840c3daee2c8a8c92,535f10e6c30103272f64653e50d0578cbf5af363b23f0ecbad28905519d7af3d,c1881d4f6c0f31cc50171d6c3004faa1325b5e8d,n_matched,3520.0,count
ladder,S4_step_fault,rls,1,10,True,S4_step_fault__rls__seed1,7d29a6d7dca932314e512c265e0e559ec6cc02e548aa25349a95d1f29dbf9ef1,f54c17346089ba805d00d389d8b7c1c3e1cdb89c6515d103c5f0f15f4eb61185,c1881d4f6c0f31cc50171d6c3004faa1325b5e8d,n_matched,3392.0,count
ladder,S4_step_fault,rls,2,10,True,S4_step_fault__rls__seed2,adc80992e5ad2b0074c2ccb5fd189429c3fd11d2d51d242aa1caec078b0db1d2,f54c17346089ba805d00d389d8b7c1c3e1cdb89c6515d103c5f0f15f4eb61185,c1881d4f6c0f31cc50171d6c3004faa1325b5e8d,n_matched,3484.0,count
ladder,S4_step_fault,rls,3,10,True,S4_step_fault__rls__seed3,755a0aa70d2f3fe05534c8cb137d5df18ed16325d4692fc840c3daee2c8a8c92,f54c17346089ba805d00d389d8b7c1c3e1cdb89c6515d103c5f0f15f4eb61185,c1881d4f6c0f31cc50171d6c3004faa1325b5e8d,n_matched,3520.0,count
ladder,S4_step_fault,kalman,1,10,True,S4_step_fault__kalman__seed1,7d29a6d7dca932314e512c265e0e559ec6cc02e548aa25349a95d1f29dbf9ef1,2dcdf9429baa9fcc847cc03bb3eb992a0574d0c81dcfbd456974ff9264223f13,c1881d4f6c0f31cc50171d6c3004faa1325b5e8d,n_matched,3392.0,count
ladder,S4_step_fault,kalman,2,10,True,S4_step_fault__kalman__seed2,adc80992e5ad2b0074c2ccb5fd189429c3fd11d2d51d242aa1caec078b0db1d2,2dcdf9429baa9fcc847cc03bb3eb992a0574d0c81dcfbd456974ff9264223f13,c1881d4f6c0f31cc50171d6c3004faa1325b5e8d,n_matched,3484.0,count
ladder,S4_step_fault,kalman,3,10,True,S4_step_fault__kalman__seed3,755a0aa70d2f3fe05534c8cb137d5df18ed16325d4692fc840c3daee2c8a8c92,2dcdf9429baa9fcc847cc03bb3eb992a0574d0c81dcfbd456974ff9264223f13,c1881d4f6c0f31cc50171d6c3004faa1325b5e8d,n_matched,3520.0,count
ladder,S5_outage,static_affine,1,10,True,S5_outage__static_affine__seed1,ab25696964de9a9bd056c05f5021821512f6128f06fede373f779014f2fed9d8,535f10e6c30103272f64653e50d0578cbf5af363b23f0ecbad28905519d7af3d,c1881d4f6c0f31cc50171d6c3004faa1325b5e8d,n_matched,1357.0,count
ladder,S5_outage,static_affine,2,10,True,S5_outage__static_affine__seed2,0052a68ebb4dd1334f0378cfa6defa07917942ba64b15d70b6cd736642ab3e2c,535f10e6c30103272f64653e50d0578cbf5af363b23f0ecbad28905519d7af3d,c1881d4f6c0f31cc50171d6c3004faa1325b5e8d,n_matched,1414.0,count
ladder,S5_outage,static_affine,3,10,True,S5_outage__static_affine__seed3,e71247b8c58f106fad94f1fa68a340a88baac5595f00b577c8912131cd60a6c4,535f10e6c30103272f64653e50d0578cbf5af363b23f0ecbad28905519d7af3d,c1881d4f6c0f31cc50171d6c3004faa1325b5e8d,n_matched,1392.0,count
ladder,S5_outage,rls,1,10,True,S5_outage__rls__seed1,ab25696964de9a9bd056c05f5021821512f6128f06fede373f779014f2fed9d8,f54c17346089ba805d00d389d8b7c1c3e1cdb89c6515d103c5f0f15f4eb61185,c1881d4f6c0f31cc50171d6c3004faa1325b5e8d,n_matched,1357.0,count
ladder,S5_outage,rls,2,10,True,S5_outage__rls__seed2,0052a68ebb4dd1334f0378cfa6defa07917942ba64b15d70b6cd736642ab3e2c,f54c17346089ba805d00d389d8b7c1c3e1cdb89c6515d103c5f0f15f4eb61185,c1881d4f6c0f31cc50171d6c3004faa1325b5e8d,n_matched,1414.0,count
ladder,S5_outage,rls,3,10,True,S5_outage__rls__seed3,e71247b8c58f106fad94f1fa68a340a88baac5595f00b577c8912131cd60a6c4,f54c17346089ba805d00d389d8b7c1c3e1cdb89c6515d103c5f0f15f4eb61185,c1881d4f6c0f31cc50171d6c3004faa1325b5e8d,n_matched,1392.0,count
ladder,S5_outage,kalman,1,10,True,S5_outage__kalman__seed1,ab25696964de9a9bd056c05f5021821512f6128f06fede373f779014f2fed9d8,2dcdf9429baa9fcc847cc03bb3eb992a0574d0c81dcfbd456974ff9264223f13,c1881d4f6c0f31cc50171d6c3004faa1325b5e8d,n_matched,1357.0,count
ladder,S5_outage,kalman,2,10,True,S5_outage__kalman__seed2,0052a68ebb4dd1334f0378cfa6defa07917942ba64b15d70b6cd736642ab3e2c,2dcdf9429baa9fcc847cc03bb3eb992a0574d0c81dcfbd456974ff9264223f13,c1881d4f6c0f31cc50171d6c3004faa1325b5e8d,n_matched,1414.0,count
ladder,S5_outage,kalman,3,10,True,S5_outage__kalman__seed3,e71247b8c58f106fad94f1fa68a340a88baac5595f00b577c8912131cd60a6c4,2dcdf9429baa9fcc847cc03bb3eb992a0574d0c81dcfbd456974ff9264223f13,c1881d4f6c0f31cc50171d6c3004faa1325b5e8d,n_matched,1392.0,count
ladder,S6_combined,static_affine,1,10,True,S6_combined__static_affine__seed1,b3cf8d14b3aed8b1d65ab4497dcbfb879dbda2ce1da03bb07f6401c9b4b9bd4a,535f10e6c30103272f64653e50d0578cbf5af363b23f0ecbad28905519d7af3d,c1881d4f6c0f31cc50171d6c3004faa1325b5e8d,n_matched,5002.0,count
ladder,S6_combined,static_affine,2,10,True,S6_combined__static_affine__seed2,e4f7ab87faf6982be139dc8af97757bff8d540d357c41e3d06ec298e4dd75854,535f10e6c30103272f64653e50d0578cbf5af363b23f0ecbad28905519d7af3d,c1881d4f6c0f31cc50171d6c3004faa1325b5e8d,n_matched,5068.0,count
ladder,S6_combined,static_affine,3,10,True,S6_combined__static_affine__seed3,c371bfebbbdb510b204e19fcaedea3c47a4e8b6d77499f04ee6ac55d13fed988,535f10e6c30103272f64653e50d0578cbf5af363b23f0ecbad28905519d7af3d,c1881d4f6c0f31cc50171d6c3004faa1325b5e8d,n_matched,5054.0,count
ladder,S6_combined,rls,1,10,True,S6_combined__rls__seed1,b3cf8d14b3aed8b1d65ab4497dcbfb879dbda2ce1da03bb07f6401c9b4b9bd4a,f54c17346089ba805d00d389d8b7c1c3e1cdb89c6515d103c5f0f15f4eb61185,c1881d4f6c0f31cc50171d6c3004faa1325b5e8d,n_matched,5002.0,count
ladder,S6_combined,rls,2,10,True,S6_combined__rls__seed2,e4f7ab87faf6982be139dc8af97757bff8d540d357c41e3d06ec298e4dd75854,f54c17346089ba805d00d389d8b7c1c3e1cdb89c6515d103c5f0f15f4eb61185,c1881d4f6c0f31cc50171d6c3004faa1325b5e8d,n_matched,5068.0,count
ladder,S6_combined,rls,3,10,True,S6_combined__rls__seed3,c371bfebbbdb510b204e19fcaedea3c47a4e8b6d77499f04ee6ac55d13fed988,f54c17346089ba805d00d389d8b7c1c3e1cdb89c6515d103c5f0f15f4eb61185,c1881d4f6c0f31cc50171d6c3004faa1325b5e8d,n_matched,5054.0,count
ladder,S6_combined,kalman,1,10,True,S6_combined__kalman__seed1,b3cf8d14b3aed8b1d65ab4497dcbfb879dbda2ce1da03bb07f6401c9b4b9bd4a,2dcdf9429baa9fcc847cc03bb3eb992a0574d0c81dcfbd456974ff9264223f13,c1881d4f6c0f31cc50171d6c3004faa1325b5e8d,n_matched,5002.0,count
ladder,S6_combined,kalman,2,10,True,S6_combined__kalman__seed2,e4f7ab87faf6982be139dc8af97757bff8d540d357c41e3d06ec298e4dd75854,2dcdf9429baa9fcc847cc03bb3eb992a0574d0c81dcfbd456974ff9264223f13,c1881d4f6c0f31cc50171d6c3004faa1325b5e8d,n_matched,5068.0,count
ladder,S6_combined,kalman,3,10,True,S6_combined__kalman__seed3,c371bfebbbdb510b204e19fcaedea3c47a4e8b6d77499f04ee6ac55d13fed988,2dcdf9429baa9fcc847cc03bb3eb992a0574d0c81dcfbd456974ff9264223f13,c1881d4f6c0f31cc50171d6c3004faa1325b5e8d,n_matched,5054.0,count
ladder,S7_sparse_reference,static_affine,1,10,True,S7_sparse_reference__static_affine__seed1,24835dafebd07f6facda17ec68b148ca21bd70070201cdbfe1cf136d6c2da50a,535f10e6c30103272f64653e50d0578cbf5af363b23f0ecbad28905519d7af3d,c1881d4f6c0f31cc50171d6c3004faa1325b5e8d,n_matched,7109.0,count
ladder,S7_sparse_reference,static_affine,2,10,True,S7_sparse_reference__static_affine__seed2,1830f9600d18220efd37edc0ed15951b55aee715e2061c3ef38b60364f8b8678,535f10e6c30103272f64653e50d0578cbf5af363b23f0ecbad28905519d7af3d,c1881d4f6c0f31cc50171d6c3004faa1325b5e8d,n_matched,7162.0,count
ladder,S7_sparse_reference,static_affine,3,10,True,S7_sparse_reference__static_affine__seed3,b10da6cea2c796fcd510a2c7d7f3d2074f0eed008477bb57609f09be0a5cc888,535f10e6c30103272f64653e50d0578cbf5af363b23f0ecbad28905519d7af3d,c1881d4f6c0f31cc50171d6c3004faa1325b5e8d,n_matched,7170.0,count
ladder,S7_sparse_reference,rls,1,10,True,S7_sparse_reference__rls__seed1,24835dafebd07f6facda17ec68b148ca21bd70070201cdbfe1cf136d6c2da50a,f54c17346089ba805d00d389d8b7c1c3e1cdb89c6515d103c5f0f15f4eb61185,c1881d4f6c0f31cc50171d6c3004faa1325b5e8d,n_matched,7109.0,count
ladder,S7_sparse_reference,rls,2,10,True,S7_sparse_reference__rls__seed2,1830f9600d18220efd37edc0ed15951b55aee715e2061c3ef38b60364f8b8678,f54c17346089ba805d00d389d8b7c1c3e1cdb89c6515d103c5f0f15f4eb61185,c1881d4f6c0f31cc50171d6c3004faa1325b5e8d,n_matched,7162.0,count
ladder,S7_sparse_reference,rls,3,10,True,S7_sparse_reference__rls__seed3,b10da6cea2c796fcd510a2c7d7f3d2074f0eed008477bb57609f09be0a5cc888,f54c17346089ba805d00d389d8b7c1c3e1cdb89c6515d103c5f0f15f4eb61185,c1881d4f6c0f31cc50171d6c3004faa1325b5e8d,n_matched,7170.0,count
ladder,S7_sparse_reference,kalman,1,10,True,S7_sparse_reference__kalman__seed1,24835dafebd07f6facda17ec68b148ca21bd70070201cdbfe1cf136d6c2da50a,2dcdf9429baa9fcc847cc03bb3eb992a0574d0c81dcfbd456974ff9264223f13,c1881d4f6c0f31cc50171d6c3004faa1325b5e8d,n_matched,7109.0,count
ladder,S7_sparse_reference,kalman,2,10,True,S7_sparse_reference__kalman__seed2,1830f9600d18220efd37edc0ed15951b55aee715e2061c3ef38b60364f8b8678,2dcdf9429baa9fcc847cc03bb3eb992a0574d0c81dcfbd456974ff9264223f13,c1881d4f6c0f31cc50171d6c3004faa1325b5e8d,n_matched,7162.0,count
ladder,S7_sparse_reference,kalman,3,10,True,S7_sparse_reference__kalman__seed3,b10da6cea2c796fcd510a2c7d7f3d2074f0eed008477bb57609f09be0a5cc888,2dcdf9429baa9fcc847cc03bb3eb992a0574d0c81dcfbd456974ff9264223f13,c1881d4f6c0f31cc50171d6c3004faa1325b5e8d,n_matched,7170.0,count
ladder,S1_nominal,static_affine,1,10,True,S1_nominal__static_affine__seed1,1f0eb7d0a64d2c9430bd781be2ad3a6383c85935e18ff7809210a4dbae3f4f74,535f10e6c30103272f64653e50d0578cbf5af363b23f0ecbad28905519d7af3d,c1881d4f6c0f31cc50171d6c3004faa1325b5e8d,n_detected,1419.0,count
ladder,S1_nominal,static_affine,2,10,True,S1_nominal__static_affine__seed2,c45f068e83a0db5af8037bcec208da070545216f5240a590ba8286dfcee1b0b4,535f10e6c30103272f64653e50d0578cbf5af363b23f0ecbad28905519d7af3d,c1881d4f6c0f31cc50171d6c3004faa1325b5e8d,n_detected,1480.0,count
ladder,S1_nominal,static_affine,3,10,True,S1_nominal__static_affine__seed3,7f808862af70bdf5f8b721f954c967c9d3eb0d071e708e4f266d8f7901642f98,535f10e6c30103272f64653e50d0578cbf5af363b23f0ecbad28905519d7af3d,c1881d4f6c0f31cc50171d6c3004faa1325b5e8d,n_detected,1456.0,count
ladder,S1_nominal,rls,1,10,True,S1_nominal__rls__seed1,1f0eb7d0a64d2c9430bd781be2ad3a6383c85935e18ff7809210a4dbae3f4f74,f54c17346089ba805d00d389d8b7c1c3e1cdb89c6515d103c5f0f15f4eb61185,c1881d4f6c0f31cc50171d6c3004faa1325b5e8d,n_detected,1419.0,count
ladder,S1_nominal,rls,2,10,True,S1_nominal__rls__seed2,c45f068e83a0db5af8037bcec208da070545216f5240a590ba8286dfcee1b0b4,f54c17346089ba805d00d389d8b7c1c3e1cdb89c6515d103c5f0f15f4eb61185,c1881d4f6c0f31cc50171d6c3004faa1325b5e8d,n_detected,1480.0,count
ladder,S1_nominal,rls,3,10,True,S1_nominal__rls__seed3,7f808862af70bdf5f8b721f954c967c9d3eb0d071e708e4f266d8f7901642f98,f54c17346089ba805d00d389d8b7c1c3e1cdb89c6515d103c5f0f15f4eb61185,c1881d4f6c0f31cc50171d6c3004faa1325b5e8d,n_detected,1456.0,count
ladder,S1_nominal,kalman,1,10,True,S1_nominal__kalman__seed1,1f0eb7d0a64d2c9430bd781be2ad3a6383c85935e18ff7809210a4dbae3f4f74,2dcdf9429baa9fcc847cc03bb3eb992a0574d0c81dcfbd456974ff9264223f13,c1881d4f6c0f31cc50171d6c3004faa1325b5e8d,n_detected,1419.0,count
ladder,S1_nominal,kalman,2,10,True,S1_nominal__kalman__seed2,c45f068e83a0db5af8037bcec208da070545216f5240a590ba8286dfcee1b0b4,2dcdf9429baa9fcc847cc03bb3eb992a0574d0c81dcfbd456974ff9264223f13,c1881d4f6c0f31cc50171d6c3004faa1325b5e8d,n_detected,1480.0,count
ladder,S1_nominal,kalman,3,10,True,S1_nominal__kalman__seed3,7f808862af70bdf5f8b721f954c967c9d3eb0d071e708e4f266d8f7901642f98,2dcdf9429baa9fcc847cc03bb3eb992a0574d0c81dcfbd456974ff9264223f13,c1881d4f6c0f31cc50171d6c3004faa1325b5e8d,n_detected,1456.0,count
ladder,S2_thermal_cycle,static_affine,1,10,True,S2_thermal_cycle__static_affine__seed1,a9d23ff021d7d7330d2f7690ce6fe1a23e9face2bceffa30bb9e10eb4c70e685,535f10e6c30103272f64653e50d0578cbf5af363b23f0ecbad28905519d7af3d,c1881d4f6c0f31cc50171d6c3004faa1325b5e8d,n_detected,12930.0,count
ladder,S2_thermal_cycle,static_affine,2,10,True,S2_thermal_cycle__static_affine__seed2,19c57e97290995438510692dd0c87d401ed506ad1b05f6b88446276b5f326325,535f10e6c30103272f64653e50d0578cbf5af363b23f0ecbad28905519d7af3d,c1881d4f6c0f31cc50171d6c3004faa1325b5e8d,n_detected,13015.0,count
ladder,S2_thermal_cycle,static_affine,3,10,True,S2_thermal_cycle__static_affine__seed3,24befa705b788e8ac92815dc24ece289db28b46d6894613726a31248a0b3f0e9,535f10e6c30103272f64653e50d0578cbf5af363b23f0ecbad28905519d7af3d,c1881d4f6c0f31cc50171d6c3004faa1325b5e8d,n_detected,13087.0,count
ladder,S2_thermal_cycle,rls,1,10,True,S2_thermal_cycle__rls__seed1,a9d23ff021d7d7330d2f7690ce6fe1a23e9face2bceffa30bb9e10eb4c70e685,f54c17346089ba805d00d389d8b7c1c3e1cdb89c6515d103c5f0f15f4eb61185,c1881d4f6c0f31cc50171d6c3004faa1325b5e8d,n_detected,12930.0,count
ladder,S2_thermal_cycle,rls,2,10,True,S2_thermal_cycle__rls__seed2,19c57e97290995438510692dd0c87d401ed506ad1b05f6b88446276b5f326325,f54c17346089ba805d00d389d8b7c1c3e1cdb89c6515d103c5f0f15f4eb61185,c1881d4f6c0f31cc50171d6c3004faa1325b5e8d,n_detected,13015.0,count
ladder,S2_thermal_cycle,rls,3,10,True,S2_thermal_cycle__rls__seed3,24befa705b788e8ac92815dc24ece289db28b46d6894613726a31248a0b3f0e9,f54c17346089ba805d00d389d8b7c1c3e1cdb89c6515d103c5f0f15f4eb61185,c1881d4f6c0f31cc50171d6c3004faa1325b5e8d,n_detected,13087.0,count
ladder,S2_thermal_cycle,kalman,1,10,True,S2_thermal_cycle__kalman__seed1,a9d23ff021d7d7330d2f7690ce6fe1a23e9face2bceffa30bb9e10eb4c70e685,2dcdf9429baa9fcc847cc03bb3eb992a0574d0c81dcfbd456974ff9264223f13,c1881d4f6c0f31cc50171d6c3004faa1325b5e8d,n_detected,12930.0,count
ladder,S2_thermal_cycle,kalman,2,10,True,S2_thermal_cycle__kalman__seed2,19c57e97290995438510692dd0c87d401ed506ad1b05f6b88446276b5f326325,2dcdf9429baa9fcc847cc03bb3eb992a0574d0c81dcfbd456974ff9264223f13,c1881d4f6c0f31cc50171d6c3004faa1325b5e8d,n_detected,13015.0,count
ladder,S2_thermal_cycle,kalman,3,10,True,S2_thermal_cycle__kalman__seed3,24befa705b788e8ac92815dc24ece289db28b46d6894613726a31248a0b3f0e9,2dcdf9429baa9fcc847cc03bb3eb992a0574d0c81dcfbd456974ff9264223f13,c1881d4f6c0f31cc50171d6c3004faa1325b5e8d,n_detected,13087.0,count
ladder,S3_zero_drift_walk,static_affine,1,10,True,S3_zero_drift_walk__static_affine__seed1,f100b6d8743f0beb23a874f69b02d3ff86fd69d1b80c3005bc53c22fbf24242c,535f10e6c30103272f64653e50d0578cbf5af363b23f0ecbad28905519d7af3d,c1881d4f6c0f31cc50171d6c3004faa1325b5e8d,n_detected,4762.0,count
ladder,S3_zero_drift_walk,static_affine,2,10,True,S3_zero_drift_walk__static_affine__seed2,d908b1eec1d6ca010fbfed3dff58421d1657520e5136c0976972c56a507b8a71,535f10e6c30103272f64653e50d0578cbf5af363b23f0ecbad28905519d7af3d,c1881d4f6c0f31cc50171d6c3004faa1325b5e8d,n_detected,4835.0,count
ladder,S3_zero_drift_walk,static_affine,3,10,True,S3_zero_drift_walk__static_affine__seed3,e65e6377500da0315dac92d9d159e61875ec095bbab24aed7387d0c3eeb9a9db,535f10e6c30103272f64653e50d0578cbf5af363b23f0ecbad28905519d7af3d,c1881d4f6c0f31cc50171d6c3004faa1325b5e8d,n_detected,4836.0,count
ladder,S3_zero_drift_walk,rls,1,10,True,S3_zero_drift_walk__rls__seed1,f100b6d8743f0beb23a874f69b02d3ff86fd69d1b80c3005bc53c22fbf24242c,f54c17346089ba805d00d389d8b7c1c3e1cdb89c6515d103c5f0f15f4eb61185,c1881d4f6c0f31cc50171d6c3004faa1325b5e8d,n_detected,4762.0,count
ladder,S3_zero_drift_walk,rls,2,10,True,S3_zero_drift_walk__rls__seed2,d908b1eec1d6ca010fbfed3dff58421d1657520e5136c0976972c56a507b8a71,f54c17346089ba805d00d389d8b7c1c3e1cdb89c6515d103c5f0f15f4eb61185,c1881d4f6c0f31cc50171d6c3004faa1325b5e8d,n_detected,4835.0,count
ladder,S3_zero_drift_walk,rls,3,10,True,S3_zero_drift_walk__rls__seed3,e65e6377500da0315dac92d9d159e61875ec095bbab24aed7387d0c3eeb9a9db,f54c17346089ba805d00d389d8b7c1c3e1cdb89c6515d103c5f0f15f4eb61185,c1881d4f6c0f31cc50171d6c3004faa1325b5e8d,n_detected,4836.0,count
ladder,S3_zero_drift_walk,kalman,1,10,True,S3_zero_drift_walk__kalman__seed1,f100b6d8743f0beb23a874f69b02d3ff86fd69d1b80c3005bc53c22fbf24242c,2dcdf9429baa9fcc847cc03bb3eb992a0574d0c81dcfbd456974ff9264223f13,c1881d4f6c0f31cc50171d6c3004faa1325b5e8d,n_detected,4762.0,count
ladder,S3_zero_drift_walk,kalman,2,10,True,S3_zero_drift_walk__kalman__seed2,d908b1eec1d6ca010fbfed3dff58421d1657520e5136c0976972c56a507b8a71,2dcdf9429baa9fcc847cc03bb3eb992a0574d0c81dcfbd456974ff9264223f13,c1881d4f6c0f31cc50171d6c3004faa1325b5e8d,n_detected,4835.0,count
ladder,S3_zero_drift_walk,kalman,3,10,True,S3_zero_drift_walk__kalman__seed3,e65e6377500da0315dac92d9d159e61875ec095bbab24aed7387d0c3eeb9a9db,2dcdf9429baa9fcc847cc03bb3eb992a0574d0c81dcfbd456974ff9264223f13,c1881d4f6c0f31cc50171d6c3004faa1325b5e8d,n_detected,4836.0,count
ladder,S4_step_fault,static_affine,1,10,True,S4_step_fault__static_affine__seed1,7d29a6d7dca932314e512c265e0e559ec6cc02e548aa25349a95d1f29dbf9ef1,535f10e6c30103272f64653e50d0578cbf5af363b23f0ecbad28905519d7af3d,c1881d4f6c0f31cc50171d6c3004faa1325b5e8d,n_detected,3452.0,count
ladder,S4_step_fault,static_affine,2,10,True,S4_step_fault__static_affine__seed2,adc80992e5ad2b0074c2ccb5fd189429c3fd11d2d51d242aa1caec078b0db1d2,535f10e6c30103272f64653e50d0578cbf5af363b23f0ecbad28905519d7af3d,c1881d4f6c0f31cc50171d6c3004faa1325b5e8d,n_detected,3544.0,count
ladder,S4_step_fault,static_affine,3,10,True,S4_step_fault__static_affine__seed3,755a0aa70d2f3fe05534c8cb137d5df18ed16325d4692fc840c3daee2c8a8c92,535f10e6c30103272f64653e50d0578cbf5af363b23f0ecbad28905519d7af3d,c1881d4f6c0f31cc50171d6c3004faa1325b5e8d,n_detected,3580.0,count
ladder,S4_step_fault,rls,1,10,True,S4_step_fault__rls__seed1,7d29a6d7dca932314e512c265e0e559ec6cc02e548aa25349a95d1f29dbf9ef1,f54c17346089ba805d00d389d8b7c1c3e1cdb89c6515d103c5f0f15f4eb61185,c1881d4f6c0f31cc50171d6c3004faa1325b5e8d,n_detected,3452.0,count
ladder,S4_step_fault,rls,2,10,True,S4_step_fault__rls__seed2,adc80992e5ad2b0074c2ccb5fd189429c3fd11d2d51d242aa1caec078b0db1d2,f54c17346089ba805d00d389d8b7c1c3e1cdb89c6515d103c5f0f15f4eb61185,c1881d4f6c0f31cc50171d6c3004faa1325b5e8d,n_detected,3544.0,count
ladder,S4_step_fault,rls,3,10,True,S4_step_fault__rls__seed3,755a0aa70d2f3fe05534c8cb137d5df18ed16325d4692fc840c3daee2c8a8c92,f54c17346089ba805d00d389d8b7c1c3e1cdb89c6515d103c5f0f15f4eb61185,c1881d4f6c0f31cc50171d6c3004faa1325b5e8d,n_detected,3580.0,count
ladder,S4_step_fault,kalman,1,10,True,S4_step_fault__kalman__seed1,7d29a6d7dca932314e512c265e0e559ec6cc02e548aa25349a95d1f29dbf9ef1,2dcdf9429baa9fcc847cc03bb3eb992a0574d0c81dcfbd456974ff9264223f13,c1881d4f6c0f31cc50171d6c3004faa1325b5e8d,n_detected,3452.0,count
ladder,S4_step_fault,kalman,2,10,True,S4_step_fault__kalman__seed2,adc80992e5ad2b0074c2ccb5fd189429c3fd11d2d51d242aa1caec078b0db1d2,2dcdf9429baa9fcc847cc03bb3eb992a0574d0c81dcfbd456974ff9264223f13,c1881d4f6c0f31cc50171d6c3004faa1325b5e8d,n_detected,3544.0,count
ladder,S4_step_fault,kalman,3,10,True,S4_step_fault__kalman__seed3,755a0aa70d2f3fe05534c8cb137d5df18ed16325d4692fc840c3daee2c8a8c92,2dcdf9429baa9fcc847cc03bb3eb992a0574d0c81dcfbd456974ff9264223f13,c1881d4f6c0f31cc50171d6c3004faa1325b5e8d,n_detected,3580.0,count
ladder,S5_outage,static_affine,1,10,True,S5_outage__static_affine__seed1,ab25696964de9a9bd056c05f5021821512f6128f06fede373f779014f2fed9d8,535f10e6c30103272f64653e50d0578cbf5af363b23f0ecbad28905519d7af3d,c1881d4f6c0f31cc50171d6c3004faa1325b5e8d,n_detected,1417.0,count
ladder,S5_outage,static_affine,2,10,True,S5_outage__static_affine__seed2,0052a68ebb4dd1334f0378cfa6defa07917942ba64b15d70b6cd736642ab3e2c,535f10e6c30103272f64653e50d0578cbf5af363b23f0ecbad28905519d7af3d,c1881d4f6c0f31cc50171d6c3004faa1325b5e8d,n_detected,1474.0,count
ladder,S5_outage,static_affine,3,10,True,S5_outage__static_affine__seed3,e71247b8c58f106fad94f1fa68a340a88baac5595f00b577c8912131cd60a6c4,535f10e6c30103272f64653e50d0578cbf5af363b23f0ecbad28905519d7af3d,c1881d4f6c0f31cc50171d6c3004faa1325b5e8d,n_detected,1452.0,count
ladder,S5_outage,rls,1,10,True,S5_outage__rls__seed1,ab25696964de9a9bd056c05f5021821512f6128f06fede373f779014f2fed9d8,f54c17346089ba805d00d389d8b7c1c3e1cdb89c6515d103c5f0f15f4eb61185,c1881d4f6c0f31cc50171d6c3004faa1325b5e8d,n_detected,1417.0,count
ladder,S5_outage,rls,2,10,True,S5_outage__rls__seed2,0052a68ebb4dd1334f0378cfa6defa07917942ba64b15d70b6cd736642ab3e2c,f54c17346089ba805d00d389d8b7c1c3e1cdb89c6515d103c5f0f15f4eb61185,c1881d4f6c0f31cc50171d6c3004faa1325b5e8d,n_detected,1474.0,count
ladder,S5_outage,rls,3,10,True,S5_outage__rls__seed3,e71247b8c58f106fad94f1fa68a340a88baac5595f00b577c8912131cd60a6c4,f54c17346089ba805d00d389d8b7c1c3e1cdb89c6515d103c5f0f15f4eb61185,c1881d4f6c0f31cc50171d6c3004faa1325b5e8d,n_detected,1452.0,count
ladder,S5_outage,kalman,1,10,True,S5_outage__kalman__seed1,ab25696964de9a9bd056c05f5021821512f6128f06fede373f779014f2fed9d8,2dcdf9429baa9fcc847cc03bb3eb992a0574d0c81dcfbd456974ff9264223f13,c1881d4f6c0f31cc50171d6c3004faa1325b5e8d,n_detected,1417.0,count
ladder,S5_outage,kalman,2,10,True,S5_outage__kalman__seed2,0052a68ebb4dd1334f0378cfa6defa07917942ba64b15d70b6cd736642ab3e2c,2dcdf9429baa9fcc847cc03bb3eb992a0574d0c81dcfbd456974ff9264223f13,c1881d4f6c0f31cc50171d6c3004faa1325b5e8d,n_detected,1474.0,count
ladder,S5_outage,kalman,3,10,True,S5_outage__kalman__seed3,e71247b8c58f106fad94f1fa68a340a88baac5595f00b577c8912131cd60a6c4,2dcdf9429baa9fcc847cc03bb3eb992a0574d0c81dcfbd456974ff9264223f13,c1881d4f6c0f31cc50171d6c3004faa1325b5e8d,n_detected,1452.0,count
ladder,S6_combined,static_affine,1,10,True,S6_combined__static_affine__seed1,b3cf8d14b3aed8b1d65ab4497dcbfb879dbda2ce1da03bb07f6401c9b4b9bd4a,535f10e6c30103272f64653e50d0578cbf5af363b23f0ecbad28905519d7af3d,c1881d4f6c0f31cc50171d6c3004faa1325b5e8d,n_detected,9622.0,count
ladder,S6_combined,static_affine,2,10,True,S6_combined__static_affine__seed2,e4f7ab87faf6982be139dc8af97757bff8d540d357c41e3d06ec298e4dd75854,535f10e6c30103272f64653e50d0578cbf5af363b23f0ecbad28905519d7af3d,c1881d4f6c0f31cc50171d6c3004faa1325b5e8d,n_detected,9597.0,count
ladder,S6_combined,static_affine,3,10,True,S6_combined__static_affine__seed3,c371bfebbbdb510b204e19fcaedea3c47a4e8b6d77499f04ee6ac55d13fed988,535f10e6c30103272f64653e50d0578cbf5af363b23f0ecbad28905519d7af3d,c1881d4f6c0f31cc50171d6c3004faa1325b5e8d,n_detected,9554.0,count
ladder,S6_combined,rls,1,10,True,S6_combined__rls__seed1,b3cf8d14b3aed8b1d65ab4497dcbfb879dbda2ce1da03bb07f6401c9b4b9bd4a,f54c17346089ba805d00d389d8b7c1c3e1cdb89c6515d103c5f0f15f4eb61185,c1881d4f6c0f31cc50171d6c3004faa1325b5e8d,n_detected,9622.0,count
ladder,S6_combined,rls,2,10,True,S6_combined__rls__seed2,e4f7ab87faf6982be139dc8af97757bff8d540d357c41e3d06ec298e4dd75854,f54c17346089ba805d00d389d8b7c1c3e1cdb89c6515d103c5f0f15f4eb61185,c1881d4f6c0f31cc50171d6c3004faa1325b5e8d,n_detected,9597.0,count
ladder,S6_combined,rls,3,10,True,S6_combined__rls__seed3,c371bfebbbdb510b204e19fcaedea3c47a4e8b6d77499f04ee6ac55d13fed988,f54c17346089ba805d00d389d8b7c1c3e1cdb89c6515d103c5f0f15f4eb61185,c1881d4f6c0f31cc50171d6c3004faa1325b5e8d,n_detected,9554.0,count
ladder,S6_combined,kalman,1,10,True,S6_combined__kalman__seed1,b3cf8d14b3aed8b1d65ab4497dcbfb879dbda2ce1da03bb07f6401c9b4b9bd4a,2dcdf9429baa9fcc847cc03bb3eb992a0574d0c81dcfbd456974ff9264223f13,c1881d4f6c0f31cc50171d6c3004faa1325b5e8d,n_detected,9622.0,count
ladder,S6_combined,kalman,2,10,True,S6_combined__kalman__seed2,e4f7ab87faf6982be139dc8af97757bff8d540d357c41e3d06ec298e4dd75854,2dcdf9429baa9fcc847cc03bb3eb992a0574d0c81dcfbd456974ff9264223f13,c1881d4f6c0f31cc50171d6c3004faa1325b5e8d,n_detected,9597.0,count
ladder,S6_combined,kalman,3,10,True,S6_combined__kalman__seed3,c371bfebbbdb510b204e19fcaedea3c47a4e8b6d77499f04ee6ac55d13fed988,2dcdf9429baa9fcc847cc03bb3eb992a0574d0c81dcfbd456974ff9264223f13,c1881d4f6c0f31cc50171d6c3004faa1325b5e8d,n_detected,9554.0,count
ladder,S7_sparse_reference,static_affine,1,10,True,S7_sparse_reference__static_affine__seed1,24835dafebd07f6facda17ec68b148ca21bd70070201cdbfe1cf136d6c2da50a,535f10e6c30103272f64653e50d0578cbf5af363b23f0ecbad28905519d7af3d,c1881d4f6c0f31cc50171d6c3004faa1325b5e8d,n_detected,7169.0,count
ladder,S7_sparse_reference,static_affine,2,10,True,S7_sparse_reference__static_affine__seed2,1830f9600d18220efd37edc0ed15951b55aee715e2061c3ef38b60364f8b8678,535f10e6c30103272f64653e50d0578cbf5af363b23f0ecbad28905519d7af3d,c1881d4f6c0f31cc50171d6c3004faa1325b5e8d,n_detected,7222.0,count
ladder,S7_sparse_reference,static_affine,3,10,True,S7_sparse_reference__static_affine__seed3,b10da6cea2c796fcd510a2c7d7f3d2074f0eed008477bb57609f09be0a5cc888,535f10e6c30103272f64653e50d0578cbf5af363b23f0ecbad28905519d7af3d,c1881d4f6c0f31cc50171d6c3004faa1325b5e8d,n_detected,7230.0,count
ladder,S7_sparse_reference,rls,1,10,True,S7_sparse_reference__rls__seed1,24835dafebd07f6facda17ec68b148ca21bd70070201cdbfe1cf136d6c2da50a,f54c17346089ba805d00d389d8b7c1c3e1cdb89c6515d103c5f0f15f4eb61185,c1881d4f6c0f31cc50171d6c3004faa1325b5e8d,n_detected,7169.0,count
ladder,S7_sparse_reference,rls,2,10,True,S7_sparse_reference__rls__seed2,1830f9600d18220efd37edc0ed15951b55aee715e2061c3ef38b60364f8b8678,f54c17346089ba805d00d389d8b7c1c3e1cdb89c6515d103c5f0f15f4eb61185,c1881d4f6c0f31cc50171d6c3004faa1325b5e8d,n_detected,7222.0,count
ladder,S7_sparse_reference,rls,3,10,True,S7_sparse_reference__rls__seed3,b10da6cea2c796fcd510a2c7d7f3d2074f0eed008477bb57609f09be0a5cc888,f54c17346089ba805d00d389d8b7c1c3e1cdb89c6515d103c5f0f15f4eb61185,c1881d4f6c0f31cc50171d6c3004faa1325b5e8d,n_detected,7230.0,count
ladder,S7_sparse_reference,kalman,1,10,True,S7_sparse_reference__kalman__seed1,24835dafebd07f6facda17ec68b148ca21bd70070201cdbfe1cf136d6c2da50a,2dcdf9429baa9fcc847cc03bb3eb992a0574d0c81dcfbd456974ff9264223f13,c1881d4f6c0f31cc50171d6c3004faa1325b5e8d,n_detected,7169.0,count
ladder,S7_sparse_reference,kalman,2,10,True,S7_sparse_reference__kalman__seed2,1830f9600d18220efd37edc0ed15951b55aee715e2061c3ef38b60364f8b8678,2dcdf9429baa9fcc847cc03bb3eb992a0574d0c81dcfbd456974ff9264223f13,c1881d4f6c0f31cc50171d6c3004faa1325b5e8d,n_detected,7222.0,count
ladder,S7_sparse_reference,kalman,3,10,True,S7_sparse_reference__kalman__seed3,b10da6cea2c796fcd510a2c7d7f3d2074f0eed008477bb57609f09be0a5cc888,2dcdf9429baa9fcc847cc03bb3eb992a0574d0c81dcfbd456974ff9264223f13,c1881d4f6c0f31cc50171d6c3004faa1325b5e8d,n_detected,7230.0,count
ladder,S1_nominal,static_affine,1,10,True,S1_nominal__static_affine__seed1,1f0eb7d0a64d2c9430bd781be2ad3a6383c85935e18ff7809210a4dbae3f4f74,535f10e6c30103272f64653e50d0578cbf5af363b23f0ecbad28905519d7af3d,c1881d4f6c0f31cc50171d6c3004faa1325b5e8d,n_references,142.0,count
ladder,S1_nominal,static_affine,2,10,True,S1_nominal__static_affine__seed2,c45f068e83a0db5af8037bcec208da070545216f5240a590ba8286dfcee1b0b4,535f10e6c30103272f64653e50d0578cbf5af363b23f0ecbad28905519d7af3d,c1881d4f6c0f31cc50171d6c3004faa1325b5e8d,n_references,148.0,count
ladder,S1_nominal,static_affine,3,10,True,S1_nominal__static_affine__seed3,7f808862af70bdf5f8b721f954c967c9d3eb0d071e708e4f266d8f7901642f98,535f10e6c30103272f64653e50d0578cbf5af363b23f0ecbad28905519d7af3d,c1881d4f6c0f31cc50171d6c3004faa1325b5e8d,n_references,146.0,count
ladder,S1_nominal,rls,1,10,True,S1_nominal__rls__seed1,1f0eb7d0a64d2c9430bd781be2ad3a6383c85935e18ff7809210a4dbae3f4f74,f54c17346089ba805d00d389d8b7c1c3e1cdb89c6515d103c5f0f15f4eb61185,c1881d4f6c0f31cc50171d6c3004faa1325b5e8d,n_references,142.0,count
ladder,S1_nominal,rls,2,10,True,S1_nominal__rls__seed2,c45f068e83a0db5af8037bcec208da070545216f5240a590ba8286dfcee1b0b4,f54c17346089ba805d00d389d8b7c1c3e1cdb89c6515d103c5f0f15f4eb61185,c1881d4f6c0f31cc50171d6c3004faa1325b5e8d,n_references,148.0,count
ladder,S1_nominal,rls,3,10,True,S1_nominal__rls__seed3,7f808862af70bdf5f8b721f954c967c9d3eb0d071e708e4f266d8f7901642f98,f54c17346089ba805d00d389d8b7c1c3e1cdb89c6515d103c5f0f15f4eb61185,c1881d4f6c0f31cc50171d6c3004faa1325b5e8d,n_references,146.0,count
ladder,S1_nominal,kalman,1,10,True,S1_nominal__kalman__seed1,1f0eb7d0a64d2c9430bd781be2ad3a6383c85935e18ff7809210a4dbae3f4f74,2dcdf9429baa9fcc847cc03bb3eb992a0574d0c81dcfbd456974ff9264223f13,c1881d4f6c0f31cc50171d6c3004faa1325b5e8d,n_references,142.0,count
ladder,S1_nominal,kalman,2,10,True,S1_nominal__kalman__seed2,c45f068e83a0db5af8037bcec208da070545216f5240a590ba8286dfcee1b0b4,2dcdf9429baa9fcc847cc03bb3eb992a0574d0c81dcfbd456974ff9264223f13,c1881d4f6c0f31cc50171d6c3004faa1325b5e8d,n_references,148.0,count
ladder,S1_nominal,kalman,3,10,True,S1_nominal__kalman__seed3,7f808862af70bdf5f8b721f954c967c9d3eb0d071e708e4f266d8f7901642f98,2dcdf9429baa9fcc847cc03bb3eb992a0574d0c81dcfbd456974ff9264223f13,c1881d4f6c0f31cc50171d6c3004faa1325b5e8d,n_references,146.0,count
ladder,S2_thermal_cycle,static_affine,1,10,True,S2_thermal_cycle__static_affine__seed1,a9d23ff021d7d7330d2f7690ce6fe1a23e9face2bceffa30bb9e10eb4c70e685,535f10e6c30103272f64653e50d0578cbf5af363b23f0ecbad28905519d7af3d,c1881d4f6c0f31cc50171d6c3004faa1325b5e8d,n_references,1293.0,count
ladder,S2_thermal_cycle,static_affine,2,10,True,S2_thermal_cycle__static_affine__seed2,19c57e97290995438510692dd0c87d401ed506ad1b05f6b88446276b5f326325,535f10e6c30103272f64653e50d0578cbf5af363b23f0ecbad28905519d7af3d,c1881d4f6c0f31cc50171d6c3004faa1325b5e8d,n_references,1302.0,count
ladder,S2_thermal_cycle,static_affine,3,10,True,S2_thermal_cycle__static_affine__seed3,24befa705b788e8ac92815dc24ece289db28b46d6894613726a31248a0b3f0e9,535f10e6c30103272f64653e50d0578cbf5af363b23f0ecbad28905519d7af3d,c1881d4f6c0f31cc50171d6c3004faa1325b5e8d,n_references,1309.0,count
ladder,S2_thermal_cycle,rls,1,10,True,S2_thermal_cycle__rls__seed1,a9d23ff021d7d7330d2f7690ce6fe1a23e9face2bceffa30bb9e10eb4c70e685,f54c17346089ba805d00d389d8b7c1c3e1cdb89c6515d103c5f0f15f4eb61185,c1881d4f6c0f31cc50171d6c3004faa1325b5e8d,n_references,1293.0,count
ladder,S2_thermal_cycle,rls,2,10,True,S2_thermal_cycle__rls__seed2,19c57e97290995438510692dd0c87d401ed506ad1b05f6b88446276b5f326325,f54c17346089ba805d00d389d8b7c1c3e1cdb89c6515d103c5f0f15f4eb61185,c1881d4f6c0f31cc50171d6c3004faa1325b5e8d,n_references,1302.0,count
ladder,S2_thermal_cycle,rls,3,10,True,S2_thermal_cycle__rls__seed3,24befa705b788e8ac92815dc24ece289db28b46d6894613726a31248a0b3f0e9,f54c17346089ba805d00d389d8b7c1c3e1cdb89c6515d103c5f0f15f4eb61185,c1881d4f6c0f31cc50171d6c3004faa1325b5e8d,n_references,1309.0,count
ladder,S2_thermal_cycle,kalman,1,10,True,S2_thermal_cycle__kalman__seed1,a9d23ff021d7d7330d2f7690ce6fe1a23e9face2bceffa30bb9e10eb4c70e685,2dcdf9429baa9fcc847cc03bb3eb992a0574d0c81dcfbd456974ff9264223f13,c1881d4f6c0f31cc50171d6c3004faa1325b5e8d,n_references,1293.0,count
ladder,S2_thermal_cycle,kalman,2,10,True,S2_thermal_cycle__kalman__seed2,19c57e97290995438510692dd0c87d401ed506ad1b05f6b88446276b5f326325,2dcdf9429baa9fcc847cc03bb3eb992a0574d0c81dcfbd456974ff9264223f13,c1881d4f6c0f31cc50171d6c3004faa1325b5e8d,n_references,1302.0,count
ladder,S2_thermal_cycle,kalman,3,10,True,S2_thermal_cycle__kalman__seed3,24befa705b788e8ac92815dc24ece289db28b46d6894613726a31248a0b3f0e9,2dcdf9429baa9fcc847cc03bb3eb992a0574d0c81dcfbd456974ff9264223f13,c1881d4f6c0f31cc50171d6c3004faa1325b5e8d,n_references,1309.0,count
ladder,S3_zero_drift_walk,static_affine,1,10,True,S3_zero_drift_walk__static_affine__seed1,f100b6d8743f0beb23a874f69b02d3ff86fd69d1b80c3005bc53c22fbf24242c,535f10e6c30103272f64653e50d0578cbf5af363b23f0ecbad28905519d7af3d,c1881d4f6c0f31cc50171d6c3004faa1325b5e8d,n_references,477.0,count
ladder,S3_zero_drift_walk,static_affine,2,10,True,S3_zero_drift_walk__static_affine__seed2,d908b1eec1d6ca010fbfed3dff58421d1657520e5136c0976972c56a507b8a71,535f10e6c30103272f64653e50d0578cbf5af363b23f0ecbad28905519d7af3d,c1881d4f6c0f31cc50171d6c3004faa1325b5e8d,n_references,484.0,count
ladder,S3_zero_drift_walk,static_affine,3,10,True,S3_zero_drift_walk__static_affine__seed3,e65e6377500da0315dac92d9d159e61875ec095bbab24aed7387d0c3eeb9a9db,535f10e6c30103272f64653e50d0578cbf5af363b23f0ecbad28905519d7af3d,c1881d4f6c0f31cc50171d6c3004faa1325b5e8d,n_references,484.0,count
ladder,S3_zero_drift_walk,rls,1,10,True,S3_zero_drift_walk__rls__seed1,f100b6d8743f0beb23a874f69b02d3ff86fd69d1b80c3005bc53c22fbf24242c,f54c17346089ba805d00d389d8b7c1c3e1cdb89c6515d103c5f0f15f4eb61185,c1881d4f6c0f31cc50171d6c3004faa1325b5e8d,n_references,477.0,count
ladder,S3_zero_drift_walk,rls,2,10,True,S3_zero_drift_walk__rls__seed2,d908b1eec1d6ca010fbfed3dff58421d1657520e5136c0976972c56a507b8a71,f54c17346089ba805d00d389d8b7c1c3e1cdb89c6515d103c5f0f15f4eb61185,c1881d4f6c0f31cc50171d6c3004faa1325b5e8d,n_references,484.0,count
ladder,S3_zero_drift_walk,rls,3,10,True,S3_zero_drift_walk__rls__seed3,e65e6377500da0315dac92d9d159e61875ec095bbab24aed7387d0c3eeb9a9db,f54c17346089ba805d00d389d8b7c1c3e1cdb89c6515d103c5f0f15f4eb61185,c1881d4f6c0f31cc50171d6c3004faa1325b5e8d,n_references,484.0,count
ladder,S3_zero_drift_walk,kalman,1,10,True,S3_zero_drift_walk__kalman__seed1,f100b6d8743f0beb23a874f69b02d3ff86fd69d1b80c3005bc53c22fbf24242c,2dcdf9429baa9fcc847cc03bb3eb992a0574d0c81dcfbd456974ff9264223f13,c1881d4f6c0f31cc50171d6c3004faa1325b5e8d,n_references,477.0,count
ladder,S3_zero_drift_walk,kalman,2,10,True,S3_zero_drift_walk__kalman__seed2,d908b1eec1d6ca010fbfed3dff58421d1657520e5136c0976972c56a507b8a71,2dcdf9429baa9fcc847cc03bb3eb992a0574d0c81dcfbd456974ff9264223f13,c1881d4f6c0f31cc50171d6c3004faa1325b5e8d,n_references,484.0,count
ladder,S3_zero_drift_walk,kalman,3,10,True,S3_zero_drift_walk__kalman__seed3,e65e6377500da0315dac92d9d159e61875ec095bbab24aed7387d0c3eeb9a9db,2dcdf9429baa9fcc847cc03bb3eb992a0574d0c81dcfbd456974ff9264223f13,c1881d4f6c0f31cc50171d6c3004faa1325b5e8d,n_references,484.0,count
ladder,S4_step_fault,static_affine,1,10,True,S4_step_fault__static_affine__seed1,7d29a6d7dca932314e512c265e0e559ec6cc02e548aa25349a95d1f29dbf9ef1,535f10e6c30103272f64653e50d0578cbf5af363b23f0ecbad28905519d7af3d,c1881d4f6c0f31cc50171d6c3004faa1325b5e8d,n_references,346.0,count
ladder,S4_step_fault,static_affine,2,10,True,S4_step_fault__static_affine__seed2,adc80992e5ad2b0074c2ccb5fd189429c3fd11d2d51d242aa1caec078b0db1d2,535f10e6c30103272f64653e50d0578cbf5af363b23f0ecbad28905519d7af3d,c1881d4f6c0f31cc50171d6c3004faa1325b5e8d,n_references,355.0,count
ladder,S4_step_fault,static_affine,3,10,True,S4_step_fault__static_affine__seed3,755a0aa70d2f3fe05534c8cb137d5df18ed16325d4692fc840c3daee2c8a8c92,535f10e6c30103272f64653e50d0578cbf5af363b23f0ecbad28905519d7af3d,c1881d4f6c0f31cc50171d6c3004faa1325b5e8d,n_references,358.0,count
ladder,S4_step_fault,rls,1,10,True,S4_step_fault__rls__seed1,7d29a6d7dca932314e512c265e0e559ec6cc02e548aa25349a95d1f29dbf9ef1,f54c17346089ba805d00d389d8b7c1c3e1cdb89c6515d103c5f0f15f4eb61185,c1881d4f6c0f31cc50171d6c3004faa1325b5e8d,n_references,346.0,count
ladder,S4_step_fault,rls,2,10,True,S4_step_fault__rls__seed2,adc80992e5ad2b0074c2ccb5fd189429c3fd11d2d51d242aa1caec078b0db1d2,f54c17346089ba805d00d389d8b7c1c3e1cdb89c6515d103c5f0f15f4eb61185,c1881d4f6c0f31cc50171d6c3004faa1325b5e8d,n_references,355.0,count
ladder,S4_step_fault,rls,3,10,True,S4_step_fault__rls__seed3,755a0aa70d2f3fe05534c8cb137d5df18ed16325d4692fc840c3daee2c8a8c92,f54c17346089ba805d00d389d8b7c1c3e1cdb89c6515d103c5f0f15f4eb61185,c1881d4f6c0f31cc50171d6c3004faa1325b5e8d,n_references,358.0,count
ladder,S4_step_fault,kalman,1,10,True,S4_step_fault__kalman__seed1,7d29a6d7dca932314e512c265e0e559ec6cc02e548aa25349a95d1f29dbf9ef1,2dcdf9429baa9fcc847cc03bb3eb992a0574d0c81dcfbd456974ff9264223f13,c1881d4f6c0f31cc50171d6c3004faa1325b5e8d,n_references,346.0,count
ladder,S4_step_fault,kalman,2,10,True,S4_step_fault__kalman__seed2,adc80992e5ad2b0074c2ccb5fd189429c3fd11d2d51d242aa1caec078b0db1d2,2dcdf9429baa9fcc847cc03bb3eb992a0574d0c81dcfbd456974ff9264223f13,c1881d4f6c0f31cc50171d6c3004faa1325b5e8d,n_references,355.0,count
ladder,S4_step_fault,kalman,3,10,True,S4_step_fault__kalman__seed3,755a0aa70d2f3fe05534c8cb137d5df18ed16325d4692fc840c3daee2c8a8c92,2dcdf9429baa9fcc847cc03bb3eb992a0574d0c81dcfbd456974ff9264223f13,c1881d4f6c0f31cc50171d6c3004faa1325b5e8d,n_references,358.0,count
ladder,S5_outage,static_affine,1,10,True,S5_outage__static_affine__seed1,ab25696964de9a9bd056c05f5021821512f6128f06fede373f779014f2fed9d8,535f10e6c30103272f64653e50d0578cbf5af363b23f0ecbad28905519d7af3d,c1881d4f6c0f31cc50171d6c3004faa1325b5e8d,n_references,142.0,count
ladder,S5_outage,static_affine,2,10,True,S5_outage__static_affine__seed2,0052a68ebb4dd1334f0378cfa6defa07917942ba64b15d70b6cd736642ab3e2c,535f10e6c30103272f64653e50d0578cbf5af363b23f0ecbad28905519d7af3d,c1881d4f6c0f31cc50171d6c3004faa1325b5e8d,n_references,148.0,count
ladder,S5_outage,static_affine,3,10,True,S5_outage__static_affine__seed3,e71247b8c58f106fad94f1fa68a340a88baac5595f00b577c8912131cd60a6c4,535f10e6c30103272f64653e50d0578cbf5af363b23f0ecbad28905519d7af3d,c1881d4f6c0f31cc50171d6c3004faa1325b5e8d,n_references,146.0,count
ladder,S5_outage,rls,1,10,True,S5_outage__rls__seed1,ab25696964de9a9bd056c05f5021821512f6128f06fede373f779014f2fed9d8,f54c17346089ba805d00d389d8b7c1c3e1cdb89c6515d103c5f0f15f4eb61185,c1881d4f6c0f31cc50171d6c3004faa1325b5e8d,n_references,142.0,count
ladder,S5_outage,rls,2,10,True,S5_outage__rls__seed2,0052a68ebb4dd1334f0378cfa6defa07917942ba64b15d70b6cd736642ab3e2c,f54c17346089ba805d00d389d8b7c1c3e1cdb89c6515d103c5f0f15f4eb61185,c1881d4f6c0f31cc50171d6c3004faa1325b5e8d,n_references,148.0,count
ladder,S5_outage,rls,3,10,True,S5_outage__rls__seed3,e71247b8c58f106fad94f1fa68a340a88baac5595f00b577c8912131cd60a6c4,f54c17346089ba805d00d389d8b7c1c3e1cdb89c6515d103c5f0f15f4eb61185,c1881d4f6c0f31cc50171d6c3004faa1325b5e8d,n_references,146.0,count
ladder,S5_outage,kalman,1,10,True,S5_outage__kalman__seed1,ab25696964de9a9bd056c05f5021821512f6128f06fede373f779014f2fed9d8,2dcdf9429baa9fcc847cc03bb3eb992a0574d0c81dcfbd456974ff9264223f13,c1881d4f6c0f31cc50171d6c3004faa1325b5e8d,n_references,142.0,count
ladder,S5_outage,kalman,2,10,True,S5_outage__kalman__seed2,0052a68ebb4dd1334f0378cfa6defa07917942ba64b15d70b6cd736642ab3e2c,2dcdf9429baa9fcc847cc03bb3eb992a0574d0c81dcfbd456974ff9264223f13,c1881d4f6c0f31cc50171d6c3004faa1325b5e8d,n_references,148.0,count
ladder,S5_outage,kalman,3,10,True,S5_outage__kalman__seed3,e71247b8c58f106fad94f1fa68a340a88baac5595f00b577c8912131cd60a6c4,2dcdf9429baa9fcc847cc03bb3eb992a0574d0c81dcfbd456974ff9264223f13,c1881d4f6c0f31cc50171d6c3004faa1325b5e8d,n_references,146.0,count
ladder,S6_combined,static_affine,1,10,True,S6_combined__static_affine__seed1,b3cf8d14b3aed8b1d65ab4497dcbfb879dbda2ce1da03bb07f6401c9b4b9bd4a,535f10e6c30103272f64653e50d0578cbf5af363b23f0ecbad28905519d7af3d,c1881d4f6c0f31cc50171d6c3004faa1325b5e8d,n_references,489.0,count
ladder,S6_combined,static_affine,2,10,True,S6_combined__static_affine__seed2,e4f7ab87faf6982be139dc8af97757bff8d540d357c41e3d06ec298e4dd75854,535f10e6c30103272f64653e50d0578cbf5af363b23f0ecbad28905519d7af3d,c1881d4f6c0f31cc50171d6c3004faa1325b5e8d,n_references,502.0,count
ladder,S6_combined,static_affine,3,10,True,S6_combined__static_affine__seed3,c371bfebbbdb510b204e19fcaedea3c47a4e8b6d77499f04ee6ac55d13fed988,535f10e6c30103272f64653e50d0578cbf5af363b23f0ecbad28905519d7af3d,c1881d4f6c0f31cc50171d6c3004faa1325b5e8d,n_references,497.0,count
ladder,S6_combined,rls,1,10,True,S6_combined__rls__seed1,b3cf8d14b3aed8b1d65ab4497dcbfb879dbda2ce1da03bb07f6401c9b4b9bd4a,f54c17346089ba805d00d389d8b7c1c3e1cdb89c6515d103c5f0f15f4eb61185,c1881d4f6c0f31cc50171d6c3004faa1325b5e8d,n_references,489.0,count
ladder,S6_combined,rls,2,10,True,S6_combined__rls__seed2,e4f7ab87faf6982be139dc8af97757bff8d540d357c41e3d06ec298e4dd75854,f54c17346089ba805d00d389d8b7c1c3e1cdb89c6515d103c5f0f15f4eb61185,c1881d4f6c0f31cc50171d6c3004faa1325b5e8d,n_references,502.0,count
ladder,S6_combined,rls,3,10,True,S6_combined__rls__seed3,c371bfebbbdb510b204e19fcaedea3c47a4e8b6d77499f04ee6ac55d13fed988,f54c17346089ba805d00d389d8b7c1c3e1cdb89c6515d103c5f0f15f4eb61185,c1881d4f6c0f31cc50171d6c3004faa1325b5e8d,n_references,497.0,count
ladder,S6_combined,kalman,1,10,True,S6_combined__kalman__seed1,b3cf8d14b3aed8b1d65ab4497dcbfb879dbda2ce1da03bb07f6401c9b4b9bd4a,2dcdf9429baa9fcc847cc03bb3eb992a0574d0c81dcfbd456974ff9264223f13,c1881d4f6c0f31cc50171d6c3004faa1325b5e8d,n_references,489.0,count
ladder,S6_combined,kalman,2,10,True,S6_combined__kalman__seed2,e4f7ab87faf6982be139dc8af97757bff8d540d357c41e3d06ec298e4dd75854,2dcdf9429baa9fcc847cc03bb3eb992a0574d0c81dcfbd456974ff9264223f13,c1881d4f6c0f31cc50171d6c3004faa1325b5e8d,n_references,502.0,count
ladder,S6_combined,kalman,3,10,True,S6_combined__kalman__seed3,c371bfebbbdb510b204e19fcaedea3c47a4e8b6d77499f04ee6ac55d13fed988,2dcdf9429baa9fcc847cc03bb3eb992a0574d0c81dcfbd456974ff9264223f13,c1881d4f6c0f31cc50171d6c3004faa1325b5e8d,n_references,497.0,count
ladder,S7_sparse_reference,static_affine,1,10,True,S7_sparse_reference__static_affine__seed1,24835dafebd07f6facda17ec68b148ca21bd70070201cdbfe1cf136d6c2da50a,535f10e6c30103272f64653e50d0578cbf5af363b23f0ecbad28905519d7af3d,c1881d4f6c0f31cc50171d6c3004faa1325b5e8d,n_references,717.0,count
ladder,S7_sparse_reference,static_affine,2,10,True,S7_sparse_reference__static_affine__seed2,1830f9600d18220efd37edc0ed15951b55aee715e2061c3ef38b60364f8b8678,535f10e6c30103272f64653e50d0578cbf5af363b23f0ecbad28905519d7af3d,c1881d4f6c0f31cc50171d6c3004faa1325b5e8d,n_references,723.0,count
ladder,S7_sparse_reference,static_affine,3,10,True,S7_sparse_reference__static_affine__seed3,b10da6cea2c796fcd510a2c7d7f3d2074f0eed008477bb57609f09be0a5cc888,535f10e6c30103272f64653e50d0578cbf5af363b23f0ecbad28905519d7af3d,c1881d4f6c0f31cc50171d6c3004faa1325b5e8d,n_references,723.0,count
ladder,S7_sparse_reference,rls,1,10,True,S7_sparse_reference__rls__seed1,24835dafebd07f6facda17ec68b148ca21bd70070201cdbfe1cf136d6c2da50a,f54c17346089ba805d00d389d8b7c1c3e1cdb89c6515d103c5f0f15f4eb61185,c1881d4f6c0f31cc50171d6c3004faa1325b5e8d,n_references,717.0,count
ladder,S7_sparse_reference,rls,2,10,True,S7_sparse_reference__rls__seed2,1830f9600d18220efd37edc0ed15951b55aee715e2061c3ef38b60364f8b8678,f54c17346089ba805d00d389d8b7c1c3e1cdb89c6515d103c5f0f15f4eb61185,c1881d4f6c0f31cc50171d6c3004faa1325b5e8d,n_references,723.0,count
ladder,S7_sparse_reference,rls,3,10,True,S7_sparse_reference__rls__seed3,b10da6cea2c796fcd510a2c7d7f3d2074f0eed008477bb57609f09be0a5cc888,f54c17346089ba805d00d389d8b7c1c3e1cdb89c6515d103c5f0f15f4eb61185,c1881d4f6c0f31cc50171d6c3004faa1325b5e8d,n_references,723.0,count
ladder,S7_sparse_reference,kalman,1,10,True,S7_sparse_reference__kalman__seed1,24835dafebd07f6facda17ec68b148ca21bd70070201cdbfe1cf136d6c2da50a,2dcdf9429baa9fcc847cc03bb3eb992a0574d0c81dcfbd456974ff9264223f13,c1881d4f6c0f31cc50171d6c3004faa1325b5e8d,n_references,717.0,count
ladder,S7_sparse_reference,kalman,2,10,True,S7_sparse_reference__kalman__seed2,1830f9600d18220efd37edc0ed15951b55aee715e2061c3ef38b60364f8b8678,2dcdf9429baa9fcc847cc03bb3eb992a0574d0c81dcfbd456974ff9264223f13,c1881d4f6c0f31cc50171d6c3004faa1325b5e8d,n_references,723.0,count
ladder,S7_sparse_reference,kalman,3,10,True,S7_sparse_reference__kalman__seed3,b10da6cea2c796fcd510a2c7d7f3d2074f0eed008477bb57609f09be0a5cc888,2dcdf9429baa9fcc847cc03bb3eb992a0574d0c81dcfbd456974ff9264223f13,c1881d4f6c0f31cc50171d6c3004faa1325b5e8d,n_references,723.0,count
ladder,S1_nominal,static_affine,1,10,True,S1_nominal__static_affine__seed1,1f0eb7d0a64d2c9430bd781be2ad3a6383c85935e18ff7809210a4dbae3f4f74,535f10e6c30103272f64653e50d0578cbf5af363b23f0ecbad28905519d7af3d,c1881d4f6c0f31cc50171d6c3004faa1325b5e8d,alarms,0.0,count
ladder,S1_nominal,static_affine,2,10,True,S1_nominal__static_affine__seed2,c45f068e83a0db5af8037bcec208da070545216f5240a590ba8286dfcee1b0b4,535f10e6c30103272f64653e50d0578cbf5af363b23f0ecbad28905519d7af3d,c1881d4f6c0f31cc50171d6c3004faa1325b5e8d,alarms,0.0,count
ladder,S1_nominal,static_affine,3,10,True,S1_nominal__static_affine__seed3,7f808862af70bdf5f8b721f954c967c9d3eb0d071e708e4f266d8f7901642f98,535f10e6c30103272f64653e50d0578cbf5af363b23f0ecbad28905519d7af3d,c1881d4f6c0f31cc50171d6c3004faa1325b5e8d,alarms,0.0,count
ladder,S1_nominal,rls,1,10,True,S1_nominal__rls__seed1,1f0eb7d0a64d2c9430bd781be2ad3a6383c85935e18ff7809210a4dbae3f4f74,f54c17346089ba805d00d389d8b7c1c3e1cdb89c6515d103c5f0f15f4eb61185,c1881d4f6c0f31cc50171d6c3004faa1325b5e8d,alarms,0.0,count
ladder,S1_nominal,rls,2,10,True,S1_nominal__rls__seed2,c45f068e83a0db5af8037bcec208da070545216f5240a590ba8286dfcee1b0b4,f54c17346089ba805d00d389d8b7c1c3e1cdb89c6515d103c5f0f15f4eb61185,c1881d4f6c0f31cc50171d6c3004faa1325b5e8d,alarms,0.0,count
ladder,S1_nominal,rls,3,10,True,S1_nominal__rls__seed3,7f808862af70bdf5f8b721f954c967c9d3eb0d071e708e4f266d8f7901642f98,f54c17346089ba805d00d389d8b7c1c3e1cdb89c6515d103c5f0f15f4eb61185,c1881d4f6c0f31cc50171d6c3004faa1325b5e8d,alarms,0.0,count
ladder,S1_nominal,kalman,1,10,True,S1_nominal__kalman__seed1,1f0eb7d0a64d2c9430bd781be2ad3a6383c85935e18ff7809210a4dbae3f4f74,2dcdf9429baa9fcc847cc03bb3eb992a0574d0c81dcfbd456974ff9264223f13,c1881d4f6c0f31cc50171d6c3004faa1325b5e8d,alarms,0.0,count
ladder,S1_nominal,kalman,2,10,True,S1_nominal__kalman__seed2,c45f068e83a0db5af8037bcec208da070545216f5240a590ba8286dfcee1b0b4,2dcdf9429baa9fcc847cc03bb3eb992a0574d0c81dcfbd456974ff9264223f13,c1881d4f6c0f31cc50171d6c3004faa1325b5e8d,alarms,0.0,count
ladder,S1_nominal,kalman,3,10,True,S1_nominal__kalman__seed3,7f808862af70bdf5f8b721f954c967c9d3eb0d071e708e4f266d8f7901642f98,2dcdf9429baa9fcc847cc03bb3eb992a0574d0c81dcfbd456974ff9264223f13,c1881d4f6c0f31cc50171d6c3004faa1325b5e8d,alarms,0.0,count
ladder,S2_thermal_cycle,static_affine,1,10,True,S2_thermal_cycle__static_affine__seed1,a9d23ff021d7d7330d2f7690ce6fe1a23e9face2bceffa30bb9e10eb4c70e685,535f10e6c30103272f64653e50d0578cbf5af363b23f0ecbad28905519d7af3d,c1881d4f6c0f31cc50171d6c3004faa1325b5e8d,alarms,2.0,count
ladder,S2_thermal_cycle,static_affine,2,10,True,S2_thermal_cycle__static_affine__seed2,19c57e97290995438510692dd0c87d401ed506ad1b05f6b88446276b5f326325,535f10e6c30103272f64653e50d0578cbf5af363b23f0ecbad28905519d7af3d,c1881d4f6c0f31cc50171d6c3004faa1325b5e8d,alarms,1.0,count
ladder,S2_thermal_cycle,static_affine,3,10,True,S2_thermal_cycle__static_affine__seed3,24befa705b788e8ac92815dc24ece289db28b46d6894613726a31248a0b3f0e9,535f10e6c30103272f64653e50d0578cbf5af363b23f0ecbad28905519d7af3d,c1881d4f6c0f31cc50171d6c3004faa1325b5e8d,alarms,5.0,count
ladder,S2_thermal_cycle,rls,1,10,True,S2_thermal_cycle__rls__seed1,a9d23ff021d7d7330d2f7690ce6fe1a23e9face2bceffa30bb9e10eb4c70e685,f54c17346089ba805d00d389d8b7c1c3e1cdb89c6515d103c5f0f15f4eb61185,c1881d4f6c0f31cc50171d6c3004faa1325b5e8d,alarms,1.0,count
ladder,S2_thermal_cycle,rls,2,10,True,S2_thermal_cycle__rls__seed2,19c57e97290995438510692dd0c87d401ed506ad1b05f6b88446276b5f326325,f54c17346089ba805d00d389d8b7c1c3e1cdb89c6515d103c5f0f15f4eb61185,c1881d4f6c0f31cc50171d6c3004faa1325b5e8d,alarms,3.0,count
ladder,S2_thermal_cycle,rls,3,10,True,S2_thermal_cycle__rls__seed3,24befa705b788e8ac92815dc24ece289db28b46d6894613726a31248a0b3f0e9,f54c17346089ba805d00d389d8b7c1c3e1cdb89c6515d103c5f0f15f4eb61185,c1881d4f6c0f31cc50171d6c3004faa1325b5e8d,alarms,2.0,count
ladder,S2_thermal_cycle,kalman,1,10,True,S2_thermal_cycle__kalman__seed1,a9d23ff021d7d7330d2f7690ce6fe1a23e9face2bceffa30bb9e10eb4c70e685,2dcdf9429baa9fcc847cc03bb3eb992a0574d0c81dcfbd456974ff9264223f13,c1881d4f6c0f31cc50171d6c3004faa1325b5e8d,alarms,2.0,count
ladder,S2_thermal_cycle,kalman,2,10,True,S2_thermal_cycle__kalman__seed2,19c57e97290995438510692dd0c87d401ed506ad1b05f6b88446276b5f326325,2dcdf9429baa9fcc847cc03bb3eb992a0574d0c81dcfbd456974ff9264223f13,c1881d4f6c0f31cc50171d6c3004faa1325b5e8d,alarms,2.0,count
ladder,S2_thermal_cycle,kalman,3,10,True,S2_thermal_cycle__kalman__seed3,24befa705b788e8ac92815dc24ece289db28b46d6894613726a31248a0b3f0e9,2dcdf9429baa9fcc847cc03bb3eb992a0574d0c81dcfbd456974ff9264223f13,c1881d4f6c0f31cc50171d6c3004faa1325b5e8d,alarms,3.0,count
ladder,S3_zero_drift_walk,static_affine,1,10,True,S3_zero_drift_walk__static_affine__seed1,f100b6d8743f0beb23a874f69b02d3ff86fd69d1b80c3005bc53c22fbf24242c,535f10e6c30103272f64653e50d0578cbf5af363b23f0ecbad28905519d7af3d,c1881d4f6c0f31cc50171d6c3004faa1325b5e8d,alarms,0.0,count
ladder,S3_zero_drift_walk,static_affine,2,10,True,S3_zero_drift_walk__static_affine__seed2,d908b1eec1d6ca010fbfed3dff58421d1657520e5136c0976972c56a507b8a71,535f10e6c30103272f64653e50d0578cbf5af363b23f0ecbad28905519d7af3d,c1881d4f6c0f31cc50171d6c3004faa1325b5e8d,alarms,0.0,count
ladder,S3_zero_drift_walk,static_affine,3,10,True,S3_zero_drift_walk__static_affine__seed3,e65e6377500da0315dac92d9d159e61875ec095bbab24aed7387d0c3eeb9a9db,535f10e6c30103272f64653e50d0578cbf5af363b23f0ecbad28905519d7af3d,c1881d4f6c0f31cc50171d6c3004faa1325b5e8d,alarms,2.0,count
ladder,S3_zero_drift_walk,rls,1,10,True,S3_zero_drift_walk__rls__seed1,f100b6d8743f0beb23a874f69b02d3ff86fd69d1b80c3005bc53c22fbf24242c,f54c17346089ba805d00d389d8b7c1c3e1cdb89c6515d103c5f0f15f4eb61185,c1881d4f6c0f31cc50171d6c3004faa1325b5e8d,alarms,0.0,count
ladder,S3_zero_drift_walk,rls,2,10,True,S3_zero_drift_walk__rls__seed2,d908b1eec1d6ca010fbfed3dff58421d1657520e5136c0976972c56a507b8a71,f54c17346089ba805d00d389d8b7c1c3e1cdb89c6515d103c5f0f15f4eb61185,c1881d4f6c0f31cc50171d6c3004faa1325b5e8d,alarms,1.0,count
ladder,S3_zero_drift_walk,rls,3,10,True,S3_zero_drift_walk__rls__seed3,e65e6377500da0315dac92d9d159e61875ec095bbab24aed7387d0c3eeb9a9db,f54c17346089ba805d00d389d8b7c1c3e1cdb89c6515d103c5f0f15f4eb61185,c1881d4f6c0f31cc50171d6c3004faa1325b5e8d,alarms,2.0,count
ladder,S3_zero_drift_walk,kalman,1,10,True,S3_zero_drift_walk__kalman__seed1,f100b6d8743f0beb23a874f69b02d3ff86fd69d1b80c3005bc53c22fbf24242c,2dcdf9429baa9fcc847cc03bb3eb992a0574d0c81dcfbd456974ff9264223f13,c1881d4f6c0f31cc50171d6c3004faa1325b5e8d,alarms,0.0,count
ladder,S3_zero_drift_walk,kalman,2,10,True,S3_zero_drift_walk__kalman__seed2,d908b1eec1d6ca010fbfed3dff58421d1657520e5136c0976972c56a507b8a71,2dcdf9429baa9fcc847cc03bb3eb992a0574d0c81dcfbd456974ff9264223f13,c1881d4f6c0f31cc50171d6c3004faa1325b5e8d,alarms,1.0,count
ladder,S3_zero_drift_walk,kalman,3,10,True,S3_zero_drift_walk__kalman__seed3,e65e6377500da0315dac92d9d159e61875ec095bbab24aed7387d0c3eeb9a9db,2dcdf9429baa9fcc847cc03bb3eb992a0574d0c81dcfbd456974ff9264223f13,c1881d4f6c0f31cc50171d6c3004faa1325b5e8d,alarms,1.0,count
ladder,S4_step_fault,static_affine,1,10,True,S4_step_fault__static_affine__seed1,7d29a6d7dca932314e512c265e0e559ec6cc02e548aa25349a95d1f29dbf9ef1,535f10e6c30103272f64653e50d0578cbf5af363b23f0ecbad28905519d7af3d,c1881d4f6c0f31cc50171d6c3004faa1325b5e8d,alarms,2.0,count
ladder,S4_step_fault,static_affine,2,10,True,S4_step_fault__static_affine__seed2,adc80992e5ad2b0074c2ccb5fd189429c3fd11d2d51d242aa1caec078b0db1d2,535f10e6c30103272f64653e50d0578cbf5af363b23f0ecbad28905519d7af3d,c1881d4f6c0f31cc50171d6c3004faa1325b5e8d,alarms,2.0,count
ladder,S4_step_fault,static_affine,3,10,True,S4_step_fault__static_affine__seed3,755a0aa70d2f3fe05534c8cb137d5df18ed16325d4692fc840c3daee2c8a8c92,535f10e6c30103272f64653e50d0578cbf5af363b23f0ecbad28905519d7af3d,c1881d4f6c0f31cc50171d6c3004faa1325b5e8d,alarms,2.0,count
ladder,S4_step_fault,rls,1,10,True,S4_step_fault__rls__seed1,7d29a6d7dca932314e512c265e0e559ec6cc02e548aa25349a95d1f29dbf9ef1,f54c17346089ba805d00d389d8b7c1c3e1cdb89c6515d103c5f0f15f4eb61185,c1881d4f6c0f31cc50171d6c3004faa1325b5e8d,alarms,2.0,count
ladder,S4_step_fault,rls,2,10,True,S4_step_fault__rls__seed2,adc80992e5ad2b0074c2ccb5fd189429c3fd11d2d51d242aa1caec078b0db1d2,f54c17346089ba805d00d389d8b7c1c3e1cdb89c6515d103c5f0f15f4eb61185,c1881d4f6c0f31cc50171d6c3004faa1325b5e8d,alarms,1.0,count
ladder,S4_step_fault,rls,3,10,True,S4_step_fault__rls__seed3,755a0aa70d2f3fe05534c8cb137d5df18ed16325d4692fc840c3daee2c8a8c92,f54c17346089ba805d00d389d8b7c1c3e1cdb89c6515d103c5f0f15f4eb61185,c1881d4f6c0f31cc50171d6c3004faa1325b5e8d,alarms,2.0,count
ladder,S4_step_fault,kalman,1,10,True,S4_step_fault__kalman__seed1,7d29a6d7dca932314e512c265e0e559ec6cc02e548aa25349a95d1f29dbf9ef1,2dcdf9429baa9fcc847cc03bb3eb992a0574d0c81dcfbd456974ff9264223f13,c1881d4f6c0f31cc50171d6c3004faa1325b5e8d,alarms,1.0,count
ladder,S4_step_fault,kalman,2,10,True,S4_step_fault__kalman__seed2,adc80992e5ad2b0074c2ccb5fd189429c3fd11d2d51d242aa1caec078b0db1d2,2dcdf9429baa9fcc847cc03bb3eb992a0574d0c81dcfbd456974ff9264223f13,c1881d4f6c0f31cc50171d6c3004faa1325b5e8d,alarms,1.0,count
ladder,S4_step_fault,kalman,3,10,True,S4_step_fault__kalman__seed3,755a0aa70d2f3fe05534c8cb137d5df18ed16325d4692fc840c3daee2c8a8c92,2dcdf9429baa9fcc847cc03bb3eb992a0574d0c81dcfbd456974ff9264223f13,c1881d4f6c0f31cc50171d6c3004faa1325b5e8d,alarms,2.0,count
ladder,S5_outage,static_affine,1,10,True,S5_outage__static_affine__seed1,ab25696964de9a9bd056c05f5021821512f6128f06fede373f779014f2fed9d8,535f10e6c30103272f64653e50d0578cbf5af363b23f0ecbad28905519d7af3d,c1881d4f6c0f31cc50171d6c3004faa1325b5e8d,alarms,0.0,count
ladder,S5_outage,static_affine,2,10,True,S5_outage__static_affine__seed2,0052a68ebb4dd1334f0378cfa6defa07917942ba64b15d70b6cd736642ab3e2c,535f10e6c30103272f64653e50d0578cbf5af363b23f0ecbad28905519d7af3d,c1881d4f6c0f31cc50171d6c3004faa1325b5e8d,alarms,0.0,count
ladder,S5_outage,static_affine,3,10,True,S5_outage__static_affine__seed3,e71247b8c58f106fad94f1fa68a340a88baac5595f00b577c8912131cd60a6c4,535f10e6c30103272f64653e50d0578cbf5af363b23f0ecbad28905519d7af3d,c1881d4f6c0f31cc50171d6c3004faa1325b5e8d,alarms,1.0,count
ladder,S5_outage,rls,1,10,True,S5_outage__rls__seed1,ab25696964de9a9bd056c05f5021821512f6128f06fede373f779014f2fed9d8,f54c17346089ba805d00d389d8b7c1c3e1cdb89c6515d103c5f0f15f4eb61185,c1881d4f6c0f31cc50171d6c3004faa1325b5e8d,alarms,0.0,count
ladder,S5_outage,rls,2,10,True,S5_outage__rls__seed2,0052a68ebb4dd1334f0378cfa6defa07917942ba64b15d70b6cd736642ab3e2c,f54c17346089ba805d00d389d8b7c1c3e1cdb89c6515d103c5f0f15f4eb61185,c1881d4f6c0f31cc50171d6c3004faa1325b5e8d,alarms,0.0,count
ladder,S5_outage,rls,3,10,True,S5_outage__rls__seed3,e71247b8c58f106fad94f1fa68a340a88baac5595f00b577c8912131cd60a6c4,f54c17346089ba805d00d389d8b7c1c3e1cdb89c6515d103c5f0f15f4eb61185,c1881d4f6c0f31cc50171d6c3004faa1325b5e8d,alarms,1.0,count
ladder,S5_outage,kalman,1,10,True,S5_outage__kalman__seed1,ab25696964de9a9bd056c05f5021821512f6128f06fede373f779014f2fed9d8,2dcdf9429baa9fcc847cc03bb3eb992a0574d0c81dcfbd456974ff9264223f13,c1881d4f6c0f31cc50171d6c3004faa1325b5e8d,alarms,0.0,count
ladder,S5_outage,kalman,2,10,True,S5_outage__kalman__seed2,0052a68ebb4dd1334f0378cfa6defa07917942ba64b15d70b6cd736642ab3e2c,2dcdf9429baa9fcc847cc03bb3eb992a0574d0c81dcfbd456974ff9264223f13,c1881d4f6c0f31cc50171d6c3004faa1325b5e8d,alarms,0.0,count
ladder,S5_outage,kalman,3,10,True,S5_outage__kalman__seed3,e71247b8c58f106fad94f1fa68a340a88baac5595f00b577c8912131cd60a6c4,2dcdf9429baa9fcc847cc03bb3eb992a0574d0c81dcfbd456974ff9264223f13,c1881d4f6c0f31cc50171d6c3004faa1325b5e8d,alarms,0.0,count
ladder,S6_combined,static_affine,1,10,True,S6_combined__static_affine__seed1,b3cf8d14b3aed8b1d65ab4497dcbfb879dbda2ce1da03bb07f6401c9b4b9bd4a,535f10e6c30103272f64653e50d0578cbf5af363b23f0ecbad28905519d7af3d,c1881d4f6c0f31cc50171d6c3004faa1325b5e8d,alarms,2.0,count
ladder,S6_combined,static_affine,2,10,True,S6_combined__static_affine__seed2,e4f7ab87faf6982be139dc8af97757bff8d540d357c41e3d06ec298e4dd75854,535f10e6c30103272f64653e50d0578cbf5af363b23f0ecbad28905519d7af3d,c1881d4f6c0f31cc50171d6c3004faa1325b5e8d,alarms,2.0,count
ladder,S6_combined,static_affine,3,10,True,S6_combined__static_affine__seed3,c371bfebbbdb510b204e19fcaedea3c47a4e8b6d77499f04ee6ac55d13fed988,535f10e6c30103272f64653e50d0578cbf5af363b23f0ecbad28905519d7af3d,c1881d4f6c0f31cc50171d6c3004faa1325b5e8d,alarms,1.0,count
ladder,S6_combined,rls,1,10,True,S6_combined__rls__seed1,b3cf8d14b3aed8b1d65ab4497dcbfb879dbda2ce1da03bb07f6401c9b4b9bd4a,f54c17346089ba805d00d389d8b7c1c3e1cdb89c6515d103c5f0f15f4eb61185,c1881d4f6c0f31cc50171d6c3004faa1325b5e8d,alarms,2.0,count
ladder,S6_combined,rls,2,10,True,S6_combined__rls__seed2,e4f7ab87faf6982be139dc8af97757bff8d540d357c41e3d06ec298e4dd75854,f54c17346089ba805d00d389d8b7c1c3e1cdb89c6515d103c5f0f15f4eb61185,c1881d4f6c0f31cc50171d6c3004faa1325b5e8d,alarms,2.0,count
ladder,S6_combined,rls,3,10,True,S6_combined__rls__seed3,c371bfebbbdb510b204e19fcaedea3c47a4e8b6d77499f04ee6ac55d13fed988,f54c17346089ba805d00d389d8b7c1c3e1cdb89c6515d103c5f0f15f4eb61185,c1881d4f6c0f31cc50171d6c3004faa1325b5e8d,alarms,2.0,count
ladder,S6_combined,kalman,1,10,True,S6_combined__kalman__seed1,b3cf8d14b3aed8b1d65ab4497dcbfb879dbda2ce1da03bb07f6401c9b4b9bd4a,2dcdf9429baa9fcc847cc03bb3eb992a0574d0c81dcfbd456974ff9264223f13,c1881d4f6c0f31cc50171d6c3004faa1325b5e8d,alarms,2.0,count
ladder,S6_combined,kalman,2,10,True,S6_combined__kalman__seed2,e4f7ab87faf6982be139dc8af97757bff8d540d357c41e3d06ec298e4dd75854,2dcdf9429baa9fcc847cc03bb3eb992a0574d0c81dcfbd456974ff9264223f13,c1881d4f6c0f31cc50171d6c3004faa1325b5e8d,alarms,1.0,count
ladder,S6_combined,kalman,3,10,True,S6_combined__kalman__seed3,c371bfebbbdb510b204e19fcaedea3c47a4e8b6d77499f04ee6ac55d13fed988,2dcdf9429baa9fcc847cc03bb3eb992a0574d0c81dcfbd456974ff9264223f13,c1881d4f6c0f31cc50171d6c3004faa1325b5e8d,alarms,2.0,count
ladder,S7_sparse_reference,static_affine,1,10,True,S7_sparse_reference__static_affine__seed1,24835dafebd07f6facda17ec68b148ca21bd70070201cdbfe1cf136d6c2da50a,535f10e6c30103272f64653e50d0578cbf5af363b23f0ecbad28905519d7af3d,c1881d4f6c0f31cc50171d6c3004faa1325b5e8d,alarms,2.0,count
ladder,S7_sparse_reference,static_affine,2,10,True,S7_sparse_reference__static_affine__seed2,1830f9600d18220efd37edc0ed15951b55aee715e2061c3ef38b60364f8b8678,535f10e6c30103272f64653e50d0578cbf5af363b23f0ecbad28905519d7af3d,c1881d4f6c0f31cc50171d6c3004faa1325b5e8d,alarms,2.0,count
ladder,S7_sparse_reference,static_affine,3,10,True,S7_sparse_reference__static_affine__seed3,b10da6cea2c796fcd510a2c7d7f3d2074f0eed008477bb57609f09be0a5cc888,535f10e6c30103272f64653e50d0578cbf5af363b23f0ecbad28905519d7af3d,c1881d4f6c0f31cc50171d6c3004faa1325b5e8d,alarms,3.0,count
ladder,S7_sparse_reference,rls,1,10,True,S7_sparse_reference__rls__seed1,24835dafebd07f6facda17ec68b148ca21bd70070201cdbfe1cf136d6c2da50a,f54c17346089ba805d00d389d8b7c1c3e1cdb89c6515d103c5f0f15f4eb61185,c1881d4f6c0f31cc50171d6c3004faa1325b5e8d,alarms,1.0,count
ladder,S7_sparse_reference,rls,2,10,True,S7_sparse_reference__rls__seed2,1830f9600d18220efd37edc0ed15951b55aee715e2061c3ef38b60364f8b8678,f54c17346089ba805d00d389d8b7c1c3e1cdb89c6515d103c5f0f15f4eb61185,c1881d4f6c0f31cc50171d6c3004faa1325b5e8d,alarms,2.0,count
ladder,S7_sparse_reference,rls,3,10,True,S7_sparse_reference__rls__seed3,b10da6cea2c796fcd510a2c7d7f3d2074f0eed008477bb57609f09be0a5cc888,f54c17346089ba805d00d389d8b7c1c3e1cdb89c6515d103c5f0f15f4eb61185,c1881d4f6c0f31cc50171d6c3004faa1325b5e8d,alarms,1.0,count
ladder,S7_sparse_reference,kalman,1,10,True,S7_sparse_reference__kalman__seed1,24835dafebd07f6facda17ec68b148ca21bd70070201cdbfe1cf136d6c2da50a,2dcdf9429baa9fcc847cc03bb3eb992a0574d0c81dcfbd456974ff9264223f13,c1881d4f6c0f31cc50171d6c3004faa1325b5e8d,alarms,0.0,count
ladder,S7_sparse_reference,kalman,2,10,True,S7_sparse_reference__kalman__seed2,1830f9600d18220efd37edc0ed15951b55aee715e2061c3ef38b60364f8b8678,2dcdf9429baa9fcc847cc03bb3eb992a0574d0c81dcfbd456974ff9264223f13,c1881d4f6c0f31cc50171d6c3004faa1325b5e8d,alarms,0.0,count
ladder,S7_sparse_reference,kalman,3,10,True,S7_sparse_reference__kalman__seed3,b10da6cea2c796fcd510a2c7d7f3d2074f0eed008477bb57609f09be0a5cc888,2dcdf9429baa9fcc847cc03bb3eb992a0574d0c81dcfbd456974ff9264223f13,c1881d4f6c0f31cc50171d6c3004faa1325b5e8d,alarms,1.0,count
ladder,S1_nominal,static_affine,1,10,True,S1_nominal__static_affine__seed1,1f0eb7d0a64d2c9430bd781be2ad3a6383c85935e18ff7809210a4dbae3f4f74,535f10e6c30103272f64653e50d0578cbf5af363b23f0ecbad28905519d7af3d,c1881d4f6c0f31cc50171d6c3004faa1325b5e8d,recalibrations,0.0,count
ladder,S1_nominal,static_affine,2,10,True,S1_nominal__static_affine__seed2,c45f068e83a0db5af8037bcec208da070545216f5240a590ba8286dfcee1b0b4,535f10e6c30103272f64653e50d0578cbf5af363b23f0ecbad28905519d7af3d,c1881d4f6c0f31cc50171d6c3004faa1325b5e8d,recalibrations,0.0,count
ladder,S1_nominal,static_affine,3,10,True,S1_nominal__static_affine__seed3,7f808862af70bdf5f8b721f954c967c9d3eb0d071e708e4f266d8f7901642f98,535f10e6c30103272f64653e50d0578cbf5af363b23f0ecbad28905519d7af3d,c1881d4f6c0f31cc50171d6c3004faa1325b5e8d,recalibrations,0.0,count
ladder,S1_nominal,rls,1,10,True,S1_nominal__rls__seed1,1f0eb7d0a64d2c9430bd781be2ad3a6383c85935e18ff7809210a4dbae3f4f74,f54c17346089ba805d00d389d8b7c1c3e1cdb89c6515d103c5f0f15f4eb61185,c1881d4f6c0f31cc50171d6c3004faa1325b5e8d,recalibrations,0.0,count
ladder,S1_nominal,rls,2,10,True,S1_nominal__rls__seed2,c45f068e83a0db5af8037bcec208da070545216f5240a590ba8286dfcee1b0b4,f54c17346089ba805d00d389d8b7c1c3e1cdb89c6515d103c5f0f15f4eb61185,c1881d4f6c0f31cc50171d6c3004faa1325b5e8d,recalibrations,0.0,count
ladder,S1_nominal,rls,3,10,True,S1_nominal__rls__seed3,7f808862af70bdf5f8b721f954c967c9d3eb0d071e708e4f266d8f7901642f98,f54c17346089ba805d00d389d8b7c1c3e1cdb89c6515d103c5f0f15f4eb61185,c1881d4f6c0f31cc50171d6c3004faa1325b5e8d,recalibrations,0.0,count
ladder,S1_nominal,kalman,1,10,True,S1_nominal__kalman__seed1,1f0eb7d0a64d2c9430bd781be2ad3a6383c85935e18ff7809210a4dbae3f4f74,2dcdf9429baa9fcc847cc03bb3eb992a0574d0c81dcfbd456974ff9264223f13,c1881d4f6c0f31cc50171d6c3004faa1325b5e8d,recalibrations,0.0,count
ladder,S1_nominal,kalman,2,10,True,S1_nominal__kalman__seed2,c45f068e83a0db5af8037bcec208da070545216f5240a590ba8286dfcee1b0b4,2dcdf9429baa9fcc847cc03bb3eb992a0574d0c81dcfbd456974ff9264223f13,c1881d4f6c0f31cc50171d6c3004faa1325b5e8d,recalibrations,0.0,count
ladder,S1_nominal,kalman,3,10,True,S1_nominal__kalman__seed3,7f808862af70bdf5f8b721f954c967c9d3eb0d071e708e4f266d8f7901642f98,2dcdf9429baa9fcc847cc03bb3eb992a0574d0c81dcfbd456974ff9264223f13,c1881d4f6c0f31cc50171d6c3004faa1325b5e8d,recalibrations,0.0,count
ladder,S2_thermal_cycle,static_affine,1,10,True,S2_thermal_cycle__static_affine__seed1,a9d23ff021d7d7330d2f7690ce6fe1a23e9face2bceffa30bb9e10eb4c70e685,535f10e6c30103272f64653e50d0578cbf5af363b23f0ecbad28905519d7af3d,c1881d4f6c0f31cc50171d6c3004faa1325b5e8d,recalibrations,0.0,count
ladder,S2_thermal_cycle,static_affine,2,10,True,S2_thermal_cycle__static_affine__seed2,19c57e97290995438510692dd0c87d401ed506ad1b05f6b88446276b5f326325,535f10e6c30103272f64653e50d0578cbf5af363b23f0ecbad28905519d7af3d,c1881d4f6c0f31cc50171d6c3004faa1325b5e8d,recalibrations,0.0,count
ladder,S2_thermal_cycle,static_affine,3,10,True,S2_thermal_cycle__static_affine__seed3,24befa705b788e8ac92815dc24ece289db28b46d6894613726a31248a0b3f0e9,535f10e6c30103272f64653e50d0578cbf5af363b23f0ecbad28905519d7af3d,c1881d4f6c0f31cc50171d6c3004faa1325b5e8d,recalibrations,0.0,count
ladder,S2_thermal_cycle,rls,1,10,True,S2_thermal_cycle__rls__seed1,a9d23ff021d7d7330d2f7690ce6fe1a23e9face2bceffa30bb9e10eb4c70e685,f54c17346089ba805d00d389d8b7c1c3e1cdb89c6515d103c5f0f15f4eb61185,c1881d4f6c0f31cc50171d6c3004faa1325b5e8d,recalibrations,0.0,count
ladder,S2_thermal_cycle,rls,2,10,True,S2_thermal_cycle__rls__seed2,19c57e97290995438510692dd0c87d401ed506ad1b05f6b88446276b5f326325,f54c17346089ba805d00d389d8b7c1c3e1cdb89c6515d103c5f0f15f4eb61185,c1881d4f6c0f31cc50171d6c3004faa1325b5e8d,recalibrations,0.0,count
ladder,S2_thermal_cycle,rls,3,10,True,S2_thermal_cycle__rls__seed3,24befa705b788e8ac92815dc24ece289db28b46d6894613726a31248a0b3f0e9,f54c17346089ba805d00d389d8b7c1c3e1cdb89c6515d103c5f0f15f4eb61185,c1881d4f6c0f31cc50171d6c3004faa1325b5e8d,recalibrations,0.0,count
ladder,S2_thermal_cycle,kalman,1,10,True,S2_thermal_cycle__kalman__seed1,a9d23ff021d7d7330d2f7690ce6fe1a23e9face2bceffa30bb9e10eb4c70e685,2dcdf9429baa9fcc847cc03bb3eb992a0574d0c81dcfbd456974ff9264223f13,c1881d4f6c0f31cc50171d6c3004faa1325b5e8d,recalibrations,0.0,count
ladder,S2_thermal_cycle,kalman,2,10,True,S2_thermal_cycle__kalman__seed2,19c57e97290995438510692dd0c87d401ed506ad1b05f6b88446276b5f326325,2dcdf9429baa9fcc847cc03bb3eb992a0574d0c81dcfbd456974ff9264223f13,c1881d4f6c0f31cc50171d6c3004faa1325b5e8d,recalibrations,0.0,count
ladder,S2_thermal_cycle,kalman,3,10,True,S2_thermal_cycle__kalman__seed3,24befa705b788e8ac92815dc24ece289db28b46d6894613726a31248a0b3f0e9,2dcdf9429baa9fcc847cc03bb3eb992a0574d0c81dcfbd456974ff9264223f13,c1881d4f6c0f31cc50171d6c3004faa1325b5e8d,recalibrations,0.0,count
ladder,S3_zero_drift_walk,static_affine,1,10,True,S3_zero_drift_walk__static_affine__seed1,f100b6d8743f0beb23a874f69b02d3ff86fd69d1b80c3005bc53c22fbf24242c,535f10e6c30103272f64653e50d0578cbf5af363b23f0ecbad28905519d7af3d,c1881d4f6c0f31cc50171d6c3004faa1325b5e8d,recalibrations,0.0,count
ladder,S3_zero_drift_walk,static_affine,2,10,True,S3_zero_drift_walk__static_affine__seed2,d908b1eec1d6ca010fbfed3dff58421d1657520e5136c0976972c56a507b8a71,535f10e6c30103272f64653e50d0578cbf5af363b23f0ecbad28905519d7af3d,c1881d4f6c0f31cc50171d6c3004faa1325b5e8d,recalibrations,0.0,count
ladder,S3_zero_drift_walk,static_affine,3,10,True,S3_zero_drift_walk__static_affine__seed3,e65e6377500da0315dac92d9d159e61875ec095bbab24aed7387d0c3eeb9a9db,535f10e6c30103272f64653e50d0578cbf5af363b23f0ecbad28905519d7af3d,c1881d4f6c0f31cc50171d6c3004faa1325b5e8d,recalibrations,0.0,count
ladder,S3_zero_drift_walk,rls,1,10,True,S3_zero_drift_walk__rls__seed1,f100b6d8743f0beb23a874f69b02d3ff86fd69d1b80c3005bc53c22fbf24242c,f54c17346089ba805d00d389d8b7c1c3e1cdb89c6515d103c5f0f15f4eb61185,c1881d4f6c0f31cc50171d6c3004faa1325b5e8d,recalibrations,0.0,count
ladder,S3_zero_drift_walk,rls,2,10,True,S3_zero_drift_walk__rls__seed2,d908b1eec1d6ca010fbfed3dff58421d1657520e5136c0976972c56a507b8a71,f54c17346089ba805d00d389d8b7c1c3e1cdb89c6515d103c5f0f15f4eb61185,c1881d4f6c0f31cc50171d6c3004faa1325b5e8d,recalibrations,0.0,count
ladder,S3_zero_drift_walk,rls,3,10,True,S3_zero_drift_walk__rls__seed3,e65e6377500da0315dac92d9d159e61875ec095bbab24aed7387d0c3eeb9a9db,f54c17346089ba805d00d389d8b7c1c3e1cdb89c6515d103c5f0f15f4eb61185,c1881d4f6c0f31cc50171d6c3004faa1325b5e8d,recalibrations,0.0,count
ladder,S3_zero_drift_walk,kalman,1,10,True,S3_zero_drift_walk__kalman__seed1,f100b6d8743f0beb23a874f69b02d3ff86fd69d1b80c3005bc53c22fbf24242c,2dcdf9429baa9fcc847cc03bb3eb992a0574d0c81dcfbd456974ff9264223f13,c1881d4f6c0f31cc50171d6c3004faa1325b5e8d,recalibrations,0.0,count
ladder,S3_zero_drift_walk,kalman,2,10,True,S3_zero_drift_walk__kalman__seed2,d908b1eec1d6ca010fbfed3dff58421d1657520e5136c0976972c56a507b8a71,2dcdf9429baa9fcc847cc03bb3eb992a0574d0c81dcfbd456974ff9264223f13,c1881d4f6c0f31cc50171d6c3004faa1325b5e8d,recalibrations,0.0,count
ladder,S3_zero_drift_walk,kalman,3,10,True,S3_zero_drift_walk__kalman__seed3,e65e6377500da0315dac92d9d159e61875ec095bbab24aed7387d0c3eeb9a9db,2dcdf9429baa9fcc847cc03bb3eb992a0574d0c81dcfbd456974ff9264223f13,c1881d4f6c0f31cc50171d6c3004faa1325b5e8d,recalibrations,0.0,count
ladder,S4_step_fault,static_affine,1,10,True,S4_step_fault__static_affine__seed1,7d29a6d7dca932314e512c265e0e559ec6cc02e548aa25349a95d1f29dbf9ef1,535f10e6c30103272f64653e50d0578cbf5af363b23f0ecbad28905519d7af3d,c1881d4f6c0f31cc50171d6c3004faa1325b5e8d,recalibrations,2.0,count
ladder,S4_step_fault,static_affine,2,10,True,S4_step_fault__static_affine__seed2,adc80992e5ad2b0074c2ccb5fd189429c3fd11d2d51d242aa1caec078b0db1d2,535f10e6c30103272f64653e50d0578cbf5af363b23f0ecbad28905519d7af3d,c1881d4f6c0f31cc50171d6c3004faa1325b5e8d,recalibrations,1.0,count
ladder,S4_step_fault,static_affine,3,10,True,S4_step_fault__static_affine__seed3,755a0aa70d2f3fe05534c8cb137d5df18ed16325d4692fc840c3daee2c8a8c92,535f10e6c30103272f64653e50d0578cbf5af363b23f0ecbad28905519d7af3d,c1881d4f6c0f31cc50171d6c3004faa1325b5e8d,recalibrations,1.0,count
ladder,S4_step_fault,rls,1,10,True,S4_step_fault__rls__seed1,7d29a6d7dca932314e512c265e0e559ec6cc02e548aa25349a95d1f29dbf9ef1,f54c17346089ba805d00d389d8b7c1c3e1cdb89c6515d103c5f0f15f4eb61185,c1881d4f6c0f31cc50171d6c3004faa1325b5e8d,recalibrations,1.0,count
ladder,S4_step_fault,rls,2,10,True,S4_step_fault__rls__seed2,adc80992e5ad2b0074c2ccb5fd189429c3fd11d2d51d242aa1caec078b0db1d2,f54c17346089ba805d00d389d8b7c1c3e1cdb89c6515d103c5f0f15f4eb61185,c1881d4f6c0f31cc50171d6c3004faa1325b5e8d,recalibrations,1.0,count
ladder,S4_step_fault,rls,3,10,True,S4_step_fault__rls__seed3,755a0aa70d2f3fe05534c8cb137d5df18ed16325d4692fc840c3daee2c8a8c92,f54c17346089ba805d00d389d8b7c1c3e1cdb89c6515d103c5f0f15f4eb61185,c1881d4f6c0f31cc50171d6c3004faa1325b5e8d,recalibrations,0.0,count
ladder,S4_step_fault,kalman,1,10,True,S4_step_fault__kalman__seed1,7d29a6d7dca932314e512c265e0e559ec6cc02e548aa25349a95d1f29dbf9ef1,2dcdf9429baa9fcc847cc03bb3eb992a0574d0c81dcfbd456974ff9264223f13,c1881d4f6c0f31cc50171d6c3004faa1325b5e8d,recalibrations,0.0,count
ladder,S4_step_fault,kalman,2,10,True,S4_step_fault__kalman__seed2,adc80992e5ad2b0074c2ccb5fd189429c3fd11d2d51d242aa1caec078b0db1d2,2dcdf9429baa9fcc847cc03bb3eb992a0574d0c81dcfbd456974ff9264223f13,c1881d4f6c0f31cc50171d6c3004faa1325b5e8d,recalibrations,0.0,count
ladder,S4_step_fault,kalman,3,10,True,S4_step_fault__kalman__seed3,755a0aa70d2f3fe05534c8cb137d5df18ed16325d4692fc840c3daee2c8a8c92,2dcdf9429baa9fcc847cc03bb3eb992a0574d0c81dcfbd456974ff9264223f13,c1881d4f6c0f31cc50171d6c3004faa1325b5e8d,recalibrations,0.0,count
ladder,S5_outage,static_affine,1,10,True,S5_outage__static_affine__seed1,ab25696964de9a9bd056c05f5021821512f6128f06fede373f779014f2fed9d8,535f10e6c30103272f64653e50d0578cbf5af363b23f0ecbad28905519d7af3d,c1881d4f6c0f31cc50171d6c3004faa1325b5e8d,recalibrations,0.0,count
ladder,S5_outage,static_affine,2,10,True,S5_outage__static_affine__seed2,0052a68ebb4dd1334f0378cfa6defa07917942ba64b15d70b6cd736642ab3e2c,535f10e6c30103272f64653e50d0578cbf5af363b23f0ecbad28905519d7af3d,c1881d4f6c0f31cc50171d6c3004faa1325b5e8d,recalibrations,0.0,count
ladder,S5_outage,static_affine,3,10,True,S5_outage__static_affine__seed3,e71247b8c58f106fad94f1fa68a340a88baac5595f00b577c8912131cd60a6c4,535f10e6c30103272f64653e50d0578cbf5af363b23f0ecbad28905519d7af3d,c1881d4f6c0f31cc50171d6c3004faa1325b5e8d,recalibrations,0.0,count
ladder,S5_outage,rls,1,10,True,S5_outage__rls__seed1,ab25696964de9a9bd056c05f5021821512f6128f06fede373f779014f2fed9d8,f54c17346089ba805d00d389d8b7c1c3e1cdb89c6515d103c5f0f15f4eb61185,c1881d4f6c0f31cc50171d6c3004faa1325b5e8d,recalibrations,0.0,count
ladder,S5_outage,rls,2,10,True,S5_outage__rls__seed2,0052a68ebb4dd1334f0378cfa6defa07917942ba64b15d70b6cd736642ab3e2c,f54c17346089ba805d00d389d8b7c1c3e1cdb89c6515d103c5f0f15f4eb61185,c1881d4f6c0f31cc50171d6c3004faa1325b5e8d,recalibrations,0.0,count
ladder,S5_outage,rls,3,10,True,S5_outage__rls__seed3,e71247b8c58f106fad94f1fa68a340a88baac5595f00b577c8912131cd60a6c4,f54c17346089ba805d00d389d8b7c1c3e1cdb89c6515d103c5f0f15f4eb61185,c1881d4f6c0f31cc50171d6c3004faa1325b5e8d,recalibrations,0.0,count
ladder,S5_outage,kalman,1,10,True,S5_outage__kalman__seed1,ab25696964de9a9bd056c05f5021821512f6128f06fede373f779014f2fed9d8,2dcdf9429baa9fcc847cc03bb3eb992a0574d0c81dcfbd456974ff9264223f13,c1881d4f6c0f31cc50171d6c3004faa1325b5e8d,recalibrations,0.0,count
ladder,S5_outage,kalman,2,10,True,S5_outage__kalman__seed2,0052a68ebb4dd1334f0378cfa6defa07917942ba64b15d70b6cd736642ab3e2c,2dcdf9429baa9fcc847cc03bb3eb992a0574d0c81dcfbd456974ff9264223f13,c1881d4f6c0f31cc50171d6c3004faa1325b5e8d,recalibrations,0.0,count
ladder,S5_outage,kalman,3,10,True,S5_outage__kalman__seed3,e71247b8c58f106fad94f1fa68a340a88baac5595f00b577c8912131cd60a6c4,2dcdf9429baa9fcc847cc03bb3eb992a0574d0c81dcfbd456974ff9264223f13,c1881d4f6c0f31cc50171d6c3004faa1325b5e8d,recalibrations,0.0,count
ladder,S6_combined,static_affine,1,10,True,S6_combined__static_affine__seed1,b3cf8d14b3aed8b1d65ab4497dcbfb879dbda2ce1da03bb07f6401c9b4b9bd4a,535f10e6c30103272f64653e50d0578cbf5af363b23f0ecbad28905519d7af3d,c1881d4f6c0f31cc50171d6c3004faa1325b5e8d,recalibrations,0.0,count
ladder,S6_combined,static_affine,2,10,True,S6_combined__static_affine__seed2,e4f7ab87faf6982be139dc8af97757bff8d540d357c41e3d06ec298e4dd75854,535f10e6c30103272f64653e50d0578cbf5af363b23f0ecbad28905519d7af3d,c1881d4f6c0f31cc50171d6c3004faa1325b5e8d,recalibrations,1.0,count
ladder,S6_combined,static_affine,3,10,True,S6_combined__static_affine__seed3,c371bfebbbdb510b204e19fcaedea3c47a4e8b6d77499f04ee6ac55d13fed988,535f10e6c30103272f64653e50d0578cbf5af363b23f0ecbad28905519d7af3d,c1881d4f6c0f31cc50171d6c3004faa1325b5e8d,recalibrations,1.0,count
ladder,S6_combined,rls,1,10,True,S6_combined__rls__seed1,b3cf8d14b3aed8b1d65ab4497dcbfb879dbda2ce1da03bb07f6401c9b4b9bd4a,f54c17346089ba805d00d389d8b7c1c3e1cdb89c6515d103c5f0f15f4eb61185,c1881d4f6c0f31cc50171d6c3004faa1325b5e8d,recalibrations,0.0,count
ladder,S6_combined,rls,2,10,True,S6_combined__rls__seed2,e4f7ab87faf6982be139dc8af97757bff8d540d357c41e3d06ec298e4dd75854,f54c17346089ba805d00d389d8b7c1c3e1cdb89c6515d103c5f0f15f4eb61185,c1881d4f6c0f31cc50171d6c3004faa1325b5e8d,recalibrations,0.0,count
ladder,S6_combined,rls,3,10,True,S6_combined__rls__seed3,c371bfebbbdb510b204e19fcaedea3c47a4e8b6d77499f04ee6ac55d13fed988,f54c17346089ba805d00d389d8b7c1c3e1cdb89c6515d103c5f0f15f4eb61185,c1881d4f6c0f31cc50171d6c3004faa1325b5e8d,recalibrations,1.0,count
ladder,S6_combined,kalman,1,10,True,S6_combined__kalman__seed1,b3cf8d14b3aed8b1d65ab4497dcbfb879dbda2ce1da03bb07f6401c9b4b9bd4a,2dcdf9429baa9fcc847cc03bb3eb992a0574d0c81dcfbd456974ff9264223f13,c1881d4f6c0f31cc50171d6c3004faa1325b5e8d,recalibrations,0.0,count
ladder,S6_combined,kalman,2,10,True,S6_combined__kalman__seed2,e4f7ab87faf6982be139dc8af97757bff8d540d357c41e3d06ec298e4dd75854,2dcdf9429baa9fcc847cc03bb3eb992a0574d0c81dcfbd456974ff9264223f13,c1881d4f6c0f31cc50171d6c3004faa1325b5e8d,recalibrations,0.0,count
ladder,S6_combined,kalman,3,10,True,S6_combined__kalman__seed3,c371bfebbbdb510b204e19fcaedea3c47a4e8b6d77499f04ee6ac55d13fed988,2dcdf9429baa9fcc847cc03bb3eb992a0574d0c81dcfbd456974ff9264223f13,c1881d4f6c0f31cc50171d6c3004faa1325b5e8d,recalibrations,0.0,count
ladder,S7_sparse_reference,static_affine,1,10,True,S7_sparse_reference__static_affine__seed1,24835dafebd07f6facda17ec68b148ca21bd70070201cdbfe1cf136d6c2da50a,535f10e6c30103272f64653e50d0578cbf5af363b23f0ecbad28905519d7af3d,c1881d4f6c0f31cc50171d6c3004faa1325b5e8d,recalibrations,0.0,count
ladder,S7_sparse_reference,static_affine,2,10,True,S7_sparse_reference__static_affine__seed2,1830f9600d18220efd37edc0ed15951b55aee715e2061c3ef38b60364f8b8678,535f10e6c30103272f64653e50d0578cbf5af363b23f0ecbad28905519d7af3d,c1881d4f6c0f31cc50171d6c3004faa1325b5e8d,recalibrations,0.0,count
ladder,S7_sparse_reference,static_affine,3,10,True,S7_sparse_reference__static_affine__seed3,b10da6cea2c796fcd510a2c7d7f3d2074f0eed008477bb57609f09be0a5cc888,535f10e6c30103272f64653e50d0578cbf5af363b23f0ecbad28905519d7af3d,c1881d4f6c0f31cc50171d6c3004faa1325b5e8d,recalibrations,0.0,count
ladder,S7_sparse_reference,rls,1,10,True,S7_sparse_reference__rls__seed1,24835dafebd07f6facda17ec68b148ca21bd70070201cdbfe1cf136d6c2da50a,f54c17346089ba805d00d389d8b7c1c3e1cdb89c6515d103c5f0f15f4eb61185,c1881d4f6c0f31cc50171d6c3004faa1325b5e8d,recalibrations,0.0,count
ladder,S7_sparse_reference,rls,2,10,True,S7_sparse_reference__rls__seed2,1830f9600d18220efd37edc0ed15951b55aee715e2061c3ef38b60364f8b8678,f54c17346089ba805d00d389d8b7c1c3e1cdb89c6515d103c5f0f15f4eb61185,c1881d4f6c0f31cc50171d6c3004faa1325b5e8d,recalibrations,0.0,count
ladder,S7_sparse_reference,rls,3,10,True,S7_sparse_reference__rls__seed3,b10da6cea2c796fcd510a2c7d7f3d2074f0eed008477bb57609f09be0a5cc888,f54c17346089ba805d00d389d8b7c1c3e1cdb89c6515d103c5f0f15f4eb61185,c1881d4f6c0f31cc50171d6c3004faa1325b5e8d,recalibrations,0.0,count
ladder,S7_sparse_reference,kalman,1,10,True,S7_sparse_reference__kalman__seed1,24835dafebd07f6facda17ec68b148ca21bd70070201cdbfe1cf136d6c2da50a,2dcdf9429baa9fcc847cc03bb3eb992a0574d0c81dcfbd456974ff9264223f13,c1881d4f6c0f31cc50171d6c3004faa1325b5e8d,recalibrations,0.0,count
ladder,S7_sparse_reference,kalman,2,10,True,S7_sparse_reference__kalman__seed2,1830f9600d18220efd37edc0ed15951b55aee715e2061c3ef38b60364f8b8678,2dcdf9429baa9fcc847cc03bb3eb992a0574d0c81dcfbd456974ff9264223f13,c1881d4f6c0f31cc50171d6c3004faa1325b5e8d,recalibrations,0.0,count
ladder,S7_sparse_reference,kalman,3,10,True,S7_sparse_reference__kalman__seed3,b10da6cea2c796fcd510a2c7d7f3d2074f0eed008477bb57609f09be0a5cc888,2dcdf9429baa9fcc847cc03bb3eb992a0574d0c81dcfbd456974ff9264223f13,c1881d4f6c0f31cc50171d6c3004faa1325b5e8d,recalibrations,0.0,count
ladder,S1_nominal,static_affine,1,10,True,S1_nominal__static_affine__seed1,1f0eb7d0a64d2c9430bd781be2ad3a6383c85935e18ff7809210a4dbae3f4f74,535f10e6c30103272f64653e50d0578cbf5af363b23f0ecbad28905519d7af3d,c1881d4f6c0f31cc50171d6c3004faa1325b5e8d,degradations,0.0,count
ladder,S1_nominal,static_affine,2,10,True,S1_nominal__static_affine__seed2,c45f068e83a0db5af8037bcec208da070545216f5240a590ba8286dfcee1b0b4,535f10e6c30103272f64653e50d0578cbf5af363b23f0ecbad28905519d7af3d,c1881d4f6c0f31cc50171d6c3004faa1325b5e8d,degradations,0.0,count
ladder,S1_nominal,static_affine,3,10,True,S1_nominal__static_affine__seed3,7f808862af70bdf5f8b721f954c967c9d3eb0d071e708e4f266d8f7901642f98,535f10e6c30103272f64653e50d0578cbf5af363b23f0ecbad28905519d7af3d,c1881d4f6c0f31cc50171d6c3004faa1325b5e8d,degradations,0.0,count
ladder,S1_nominal,rls,1,10,True,S1_nominal__rls__seed1,1f0eb7d0a64d2c9430bd781be2ad3a6383c85935e18ff7809210a4dbae3f4f74,f54c17346089ba805d00d389d8b7c1c3e1cdb89c6515d103c5f0f15f4eb61185,c1881d4f6c0f31cc50171d6c3004faa1325b5e8d,degradations,0.0,count
ladder,S1_nominal,rls,2,10,True,S1_nominal__rls__seed2,c45f068e83a0db5af8037bcec208da070545216f5240a590ba8286dfcee1b0b4,f54c17346089ba805d00d389d8b7c1c3e1cdb89c6515d103c5f0f15f4eb61185,c1881d4f6c0f31cc50171d6c3004faa1325b5e8d,degradations,0.0,count
ladder,S1_nominal,rls,3,10,True,S1_nominal__rls__seed3,7f808862af70bdf5f8b721f954c967c9d3eb0d071e708e4f266d8f7901642f98,f54c17346089ba805d00d389d8b7c1c3e1cdb89c6515d103c5f0f15f4eb61185,c1881d4f6c0f31cc50171d6c3004faa1325b5e8d,degradations,0.0,count
ladder,S1_nominal,kalman,1,10,True,S1_nominal__kalman__seed1,1f0eb7d0a64d2c9430bd781be2ad3a6383c85935e18ff7809210a4dbae3f4f74,2dcdf9429baa9fcc847cc03bb3eb992a0574d0c81dcfbd456974ff9264223f13,c1881d4f6c0f31cc50171d6c3004faa1325b5e8d,degradations,0.0,count
ladder,S1_nominal,kalman,2,10,True,S1_nominal__kalman__seed2,c45f068e83a0db5af8037bcec208da070545216f5240a590ba8286dfcee1b0b4,2dcdf9429baa9fcc847cc03bb3eb992a0574d0c81dcfbd456974ff9264223f13,c1881d4f6c0f31cc50171d6c3004faa1325b5e8d,degradations,0.0,count
ladder,S1_nominal,kalman,3,10,True,S1_nominal__kalman__seed3,7f808862af70bdf5f8b721f954c967c9d3eb0d071e708e4f266d8f7901642f98,2dcdf9429baa9fcc847cc03bb3eb992a0574d0c81dcfbd456974ff9264223f13,c1881d4f6c0f31cc50171d6c3004faa1325b5e8d,degradations,0.0,count
ladder,S2_thermal_cycle,static_affine,1,10,True,S2_thermal_cycle__static_affine__seed1,a9d23ff021d7d7330d2f7690ce6fe1a23e9face2bceffa30bb9e10eb4c70e685,535f10e6c30103272f64653e50d0578cbf5af363b23f0ecbad28905519d7af3d,c1881d4f6c0f31cc50171d6c3004faa1325b5e8d,degradations,0.0,count
ladder,S2_thermal_cycle,static_affine,2,10,True,S2_thermal_cycle__static_affine__seed2,19c57e97290995438510692dd0c87d401ed506ad1b05f6b88446276b5f326325,535f10e6c30103272f64653e50d0578cbf5af363b23f0ecbad28905519d7af3d,c1881d4f6c0f31cc50171d6c3004faa1325b5e8d,degradations,0.0,count
ladder,S2_thermal_cycle,static_affine,3,10,True,S2_thermal_cycle__static_affine__seed3,24befa705b788e8ac92815dc24ece289db28b46d6894613726a31248a0b3f0e9,535f10e6c30103272f64653e50d0578cbf5af363b23f0ecbad28905519d7af3d,c1881d4f6c0f31cc50171d6c3004faa1325b5e8d,degradations,0.0,count
ladder,S2_thermal_cycle,rls,1,10,True,S2_thermal_cycle__rls__seed1,a9d23ff021d7d7330d2f7690ce6fe1a23e9face2bceffa30bb9e10eb4c70e685,f54c17346089ba805d00d389d8b7c1c3e1cdb89c6515d103c5f0f15f4eb61185,c1881d4f6c0f31cc50171d6c3004faa1325b5e8d,degradations,0.0,count
ladder,S2_thermal_cycle,rls,2,10,True,S2_thermal_cycle__rls__seed2,19c57e97290995438510692dd0c87d401ed506ad1b05f6b88446276b5f326325,f54c17346089ba805d00d389d8b7c1c3e1cdb89c6515d103c5f0f15f4eb61185,c1881d4f6c0f31cc50171d6c3004faa1325b5e8d,degradations,0.0,count
ladder,S2_thermal_cycle,rls,3,10,True,S2_thermal_cycle__rls__seed3,24befa705b788e8ac92815dc24ece289db28b46d6894613726a31248a0b3f0e9,f54c17346089ba805d00d389d8b7c1c3e1cdb89c6515d103c5f0f15f4eb61185,c1881d4f6c0f31cc50171d6c3004faa1325b5e8d,degradations,0.0,count
ladder,S2_thermal_cycle,kalman,1,10,True,S2_thermal_cycle__kalman__seed1,a9d23ff021d7d7330d2f7690ce6fe1a23e9face2bceffa30bb9e10eb4c70e685,2dcdf9429baa9fcc847cc03bb3eb992a0574d0c81dcfbd456974ff9264223f13,c1881d4f6c0f31cc50171d6c3004faa1325b5e8d,degradations,0.0,count
ladder,S2_thermal_cycle,kalman,2,10,True,S2_thermal_cycle__kalman__seed2,19c57e97290995438510692dd0c87d401ed506ad1b05f6b88446276b5f326325,2dcdf9429baa9fcc847cc03bb3eb992a0574d0c81dcfbd456974ff9264223f13,c1881d4f6c0f31cc50171d6c3004faa1325b5e8d,degradations,0.0,count
ladder,S2_thermal_cycle,kalman,3,10,True,S2_thermal_cycle__kalman__seed3,24befa705b788e8ac92815dc24ece289db28b46d6894613726a31248a0b3f0e9,2dcdf9429baa9fcc847cc03bb3eb992a0574d0c81dcfbd456974ff9264223f13,c1881d4f6c0f31cc50171d6c3004faa1325b5e8d,degradations,0.0,count
ladder,S3_zero_drift_walk,static_affine,1,10,True,S3_zero_drift_walk__static_affine__seed1,f100b6d8743f0beb23a874f69b02d3ff86fd69d1b80c3005bc53c22fbf24242c,535f10e6c30103272f64653e50d0578cbf5af363b23f0ecbad28905519d7af3d,c1881d4f6c0f31cc50171d6c3004faa1325b5e8d,degradations,0.0,count
ladder,S3_zero_drift_walk,static_affine,2,10,True,S3_zero_drift_walk__static_affine__seed2,d908b1eec1d6ca010fbfed3dff58421d1657520e5136c0976972c56a507b8a71,535f10e6c30103272f64653e50d0578cbf5af363b23f0ecbad28905519d7af3d,c1881d4f6c0f31cc50171d6c3004faa1325b5e8d,degradations,0.0,count
ladder,S3_zero_drift_walk,static_affine,3,10,True,S3_zero_drift_walk__static_affine__seed3,e65e6377500da0315dac92d9d159e61875ec095bbab24aed7387d0c3eeb9a9db,535f10e6c30103272f64653e50d0578cbf5af363b23f0ecbad28905519d7af3d,c1881d4f6c0f31cc50171d6c3004faa1325b5e8d,degradations,0.0,count
ladder,S3_zero_drift_walk,rls,1,10,True,S3_zero_drift_walk__rls__seed1,f100b6d8743f0beb23a874f69b02d3ff86fd69d1b80c3005bc53c22fbf24242c,f54c17346089ba805d00d389d8b7c1c3e1cdb89c6515d103c5f0f15f4eb61185,c1881d4f6c0f31cc50171d6c3004faa1325b5e8d,degradations,0.0,count
ladder,S3_zero_drift_walk,rls,2,10,True,S3_zero_drift_walk__rls__seed2,d908b1eec1d6ca010fbfed3dff58421d1657520e5136c0976972c56a507b8a71,f54c17346089ba805d00d389d8b7c1c3e1cdb89c6515d103c5f0f15f4eb61185,c1881d4f6c0f31cc50171d6c3004faa1325b5e8d,degradations,0.0,count
ladder,S3_zero_drift_walk,rls,3,10,True,S3_zero_drift_walk__rls__seed3,e65e6377500da0315dac92d9d159e61875ec095bbab24aed7387d0c3eeb9a9db,f54c17346089ba805d00d389d8b7c1c3e1cdb89c6515d103c5f0f15f4eb61185,c1881d4f6c0f31cc50171d6c3004faa1325b5e8d,degradations,0.0,count
ladder,S3_zero_drift_walk,kalman,1,10,True,S3_zero_drift_walk__kalman__seed1,f100b6d8743f0beb23a874f69b02d3ff86fd69d1b80c3005bc53c22fbf24242c,2dcdf9429baa9fcc847cc03bb3eb992a0574d0c81dcfbd456974ff9264223f13,c1881d4f6c0f31cc50171d6c3004faa1325b5e8d,degradations,0.0,count
ladder,S3_zero_drift_walk,kalman,2,10,True,S3_zero_drift_walk__kalman__seed2,d908b1eec1d6ca010fbfed3dff58421d1657520e5136c0976972c56a507b8a71,2dcdf9429baa9fcc847cc03bb3eb992a0574d0c81dcfbd456974ff9264223f13,c1881d4f6c0f31cc50171d6c3004faa1325b5e8d,degradations,0.0,count
ladder,S3_zero_drift_walk,kalman,3,10,True,S3_zero_drift_walk__kalman__seed3,e65e6377500da0315dac92d9d159e61875ec095bbab24aed7387d0c3eeb9a9db,2dcdf9429baa9fcc847cc03bb3eb992a0574d0c81dcfbd456974ff9264223f13,c1881d4f6c0f31cc50171d6c3004faa1325b5e8d,degradations,0.0,count
ladder,S4_step_fault,static_affine,1,10,True,S4_step_fault__static_affine__seed1,7d29a6d7dca932314e512c265e0e559ec6cc02e548aa25349a95d1f29dbf9ef1,535f10e6c30103272f64653e50d0578cbf5af363b23f0ecbad28905519d7af3d,c1881d4f6c0f31cc50171d6c3004faa1325b5e8d,degradations,0.0,count
ladder,S4_step_fault,static_affine,2,10,True,S4_step_fault__static_affine__seed2,adc80992e5ad2b0074c2ccb5fd189429c3fd11d2d51d242aa1caec078b0db1d2,535f10e6c30103272f64653e50d0578cbf5af363b23f0ecbad28905519d7af3d,c1881d4f6c0f31cc50171d6c3004faa1325b5e8d,degradations,0.0,count
ladder,S4_step_fault,static_affine,3,10,True,S4_step_fault__static_affine__seed3,755a0aa70d2f3fe05534c8cb137d5df18ed16325d4692fc840c3daee2c8a8c92,535f10e6c30103272f64653e50d0578cbf5af363b23f0ecbad28905519d7af3d,c1881d4f6c0f31cc50171d6c3004faa1325b5e8d,degradations,0.0,count
ladder,S4_step_fault,rls,1,10,True,S4_step_fault__rls__seed1,7d29a6d7dca932314e512c265e0e559ec6cc02e548aa25349a95d1f29dbf9ef1,f54c17346089ba805d00d389d8b7c1c3e1cdb89c6515d103c5f0f15f4eb61185,c1881d4f6c0f31cc50171d6c3004faa1325b5e8d,degradations,0.0,count
ladder,S4_step_fault,rls,2,10,True,S4_step_fault__rls__seed2,adc80992e5ad2b0074c2ccb5fd189429c3fd11d2d51d242aa1caec078b0db1d2,f54c17346089ba805d00d389d8b7c1c3e1cdb89c6515d103c5f0f15f4eb61185,c1881d4f6c0f31cc50171d6c3004faa1325b5e8d,degradations,0.0,count
ladder,S4_step_fault,rls,3,10,True,S4_step_fault__rls__seed3,755a0aa70d2f3fe05534c8cb137d5df18ed16325d4692fc840c3daee2c8a8c92,f54c17346089ba805d00d389d8b7c1c3e1cdb89c6515d103c5f0f15f4eb61185,c1881d4f6c0f31cc50171d6c3004faa1325b5e8d,degradations,0.0,count
ladder,S4_step_fault,kalman,1,10,True,S4_step_fault__kalman__seed1,7d29a6d7dca932314e512c265e0e559ec6cc02e548aa25349a95d1f29dbf9ef1,2dcdf9429baa9fcc847cc03bb3eb992a0574d0c81dcfbd456974ff9264223f13,c1881d4f6c0f31cc50171d6c3004faa1325b5e8d,degradations,0.0,count
ladder,S4_step_fault,kalman,2,10,True,S4_step_fault__kalman__seed2,adc80992e5ad2b0074c2ccb5fd189429c3fd11d2d51d242aa1caec078b0db1d2,2dcdf9429baa9fcc847cc03bb3eb992a0574d0c81dcfbd456974ff9264223f13,c1881d4f6c0f31cc50171d6c3004faa1325b5e8d,degradations,0.0,count
ladder,S4_step_fault,kalman,3,10,True,S4_step_fault__kalman__seed3,755a0aa70d2f3fe05534c8cb137d5df18ed16325d4692fc840c3daee2c8a8c92,2dcdf9429baa9fcc847cc03bb3eb992a0574d0c81dcfbd456974ff9264223f13,c1881d4f6c0f31cc50171d6c3004faa1325b5e8d,degradations,0.0,count
ladder,S5_outage,static_affine,1,10,True,S5_outage__static_affine__seed1,ab25696964de9a9bd056c05f5021821512f6128f06fede373f779014f2fed9d8,535f10e6c30103272f64653e50d0578cbf5af363b23f0ecbad28905519d7af3d,c1881d4f6c0f31cc50171d6c3004faa1325b5e8d,degradations,0.0,count
ladder,S5_outage,static_affine,2,10,True,S5_outage__static_affine__seed2,0052a68ebb4dd1334f0378cfa6defa07917942ba64b15d70b6cd736642ab3e2c,535f10e6c30103272f64653e50d0578cbf5af363b23f0ecbad28905519d7af3d,c1881d4f6c0f31cc50171d6c3004faa1325b5e8d,degradations,0.0,count
ladder,S5_outage,static_affine,3,10,True,S5_outage__static_affine__seed3,e71247b8c58f106fad94f1fa68a340a88baac5595f00b577c8912131cd60a6c4,535f10e6c30103272f64653e50d0578cbf5af363b23f0ecbad28905519d7af3d,c1881d4f6c0f31cc50171d6c3004faa1325b5e8d,degradations,0.0,count
ladder,S5_outage,rls,1,10,True,S5_outage__rls__seed1,ab25696964de9a9bd056c05f5021821512f6128f06fede373f779014f2fed9d8,f54c17346089ba805d00d389d8b7c1c3e1cdb89c6515d103c5f0f15f4eb61185,c1881d4f6c0f31cc50171d6c3004faa1325b5e8d,degradations,0.0,count
ladder,S5_outage,rls,2,10,True,S5_outage__rls__seed2,0052a68ebb4dd1334f0378cfa6defa07917942ba64b15d70b6cd736642ab3e2c,f54c17346089ba805d00d389d8b7c1c3e1cdb89c6515d103c5f0f15f4eb61185,c1881d4f6c0f31cc50171d6c3004faa1325b5e8d,degradations,0.0,count
ladder,S5_outage,rls,3,10,True,S5_outage__rls__seed3,e71247b8c58f106fad94f1fa68a340a88baac5595f00b577c8912131cd60a6c4,f54c17346089ba805d00d389d8b7c1c3e1cdb89c6515d103c5f0f15f4eb61185,c1881d4f6c0f31cc50171d6c3004faa1325b5e8d,degradations,0.0,count
ladder,S5_outage,kalman,1,10,True,S5_outage__kalman__seed1,ab25696964de9a9bd056c05f5021821512f6128f06fede373f779014f2fed9d8,2dcdf9429baa9fcc847cc03bb3eb992a0574d0c81dcfbd456974ff9264223f13,c1881d4f6c0f31cc50171d6c3004faa1325b5e8d,degradations,0.0,count
ladder,S5_outage,kalman,2,10,True,S5_outage__kalman__seed2,0052a68ebb4dd1334f0378cfa6defa07917942ba64b15d70b6cd736642ab3e2c,2dcdf9429baa9fcc847cc03bb3eb992a0574d0c81dcfbd456974ff9264223f13,c1881d4f6c0f31cc50171d6c3004faa1325b5e8d,degradations,0.0,count
ladder,S5_outage,kalman,3,10,True,S5_outage__kalman__seed3,e71247b8c58f106fad94f1fa68a340a88baac5595f00b577c8912131cd60a6c4,2dcdf9429baa9fcc847cc03bb3eb992a0574d0c81dcfbd456974ff9264223f13,c1881d4f6c0f31cc50171d6c3004faa1325b5e8d,degradations,0.0,count
ladder,S6_combined,static_affine,1,10,True,S6_combined__static_affine__seed1,b3cf8d14b3aed8b1d65ab4497dcbfb879dbda2ce1da03bb07f6401c9b4b9bd4a,535f10e6c30103272f64653e50d0578cbf5af363b23f0ecbad28905519d7af3d,c1881d4f6c0f31cc50171d6c3004faa1325b5e8d,degradations,0.0,count
ladder,S6_combined,static_affine,2,10,True,S6_combined__static_affine__seed2,e4f7ab87faf6982be139dc8af97757bff8d540d357c41e3d06ec298e4dd75854,535f10e6c30103272f64653e50d0578cbf5af363b23f0ecbad28905519d7af3d,c1881d4f6c0f31cc50171d6c3004faa1325b5e8d,degradations,0.0,count
ladder,S6_combined,static_affine,3,10,True,S6_combined__static_affine__seed3,c371bfebbbdb510b204e19fcaedea3c47a4e8b6d77499f04ee6ac55d13fed988,535f10e6c30103272f64653e50d0578cbf5af363b23f0ecbad28905519d7af3d,c1881d4f6c0f31cc50171d6c3004faa1325b5e8d,degradations,1.0,count
ladder,S6_combined,rls,1,10,True,S6_combined__rls__seed1,b3cf8d14b3aed8b1d65ab4497dcbfb879dbda2ce1da03bb07f6401c9b4b9bd4a,f54c17346089ba805d00d389d8b7c1c3e1cdb89c6515d103c5f0f15f4eb61185,c1881d4f6c0f31cc50171d6c3004faa1325b5e8d,degradations,0.0,count
ladder,S6_combined,rls,2,10,True,S6_combined__rls__seed2,e4f7ab87faf6982be139dc8af97757bff8d540d357c41e3d06ec298e4dd75854,f54c17346089ba805d00d389d8b7c1c3e1cdb89c6515d103c5f0f15f4eb61185,c1881d4f6c0f31cc50171d6c3004faa1325b5e8d,degradations,0.0,count
ladder,S6_combined,rls,3,10,True,S6_combined__rls__seed3,c371bfebbbdb510b204e19fcaedea3c47a4e8b6d77499f04ee6ac55d13fed988,f54c17346089ba805d00d389d8b7c1c3e1cdb89c6515d103c5f0f15f4eb61185,c1881d4f6c0f31cc50171d6c3004faa1325b5e8d,degradations,0.0,count
ladder,S6_combined,kalman,1,10,True,S6_combined__kalman__seed1,b3cf8d14b3aed8b1d65ab4497dcbfb879dbda2ce1da03bb07f6401c9b4b9bd4a,2dcdf9429baa9fcc847cc03bb3eb992a0574d0c81dcfbd456974ff9264223f13,c1881d4f6c0f31cc50171d6c3004faa1325b5e8d,degradations,0.0,count
ladder,S6_combined,kalman,2,10,True,S6_combined__kalman__seed2,e4f7ab87faf6982be139dc8af97757bff8d540d357c41e3d06ec298e4dd75854,2dcdf9429baa9fcc847cc03bb3eb992a0574d0c81dcfbd456974ff9264223f13,c1881d4f6c0f31cc50171d6c3004faa1325b5e8d,degradations,0.0,count
ladder,S6_combined,kalman,3,10,True,S6_combined__kalman__seed3,c371bfebbbdb510b204e19fcaedea3c47a4e8b6d77499f04ee6ac55d13fed988,2dcdf9429baa9fcc847cc03bb3eb992a0574d0c81dcfbd456974ff9264223f13,c1881d4f6c0f31cc50171d6c3004faa1325b5e8d,degradations,0.0,count
ladder,S7_sparse_reference,static_affine,1,10,True,S7_sparse_reference__static_affine__seed1,24835dafebd07f6facda17ec68b148ca21bd70070201cdbfe1cf136d6c2da50a,535f10e6c30103272f64653e50d0578cbf5af363b23f0ecbad28905519d7af3d,c1881d4f6c0f31cc50171d6c3004faa1325b5e8d,degradations,0.0,count
ladder,S7_sparse_reference,static_affine,2,10,True,S7_sparse_reference__static_affine__seed2,1830f9600d18220efd37edc0ed15951b55aee715e2061c3ef38b60364f8b8678,535f10e6c30103272f64653e50d0578cbf5af363b23f0ecbad28905519d7af3d,c1881d4f6c0f31cc50171d6c3004faa1325b5e8d,degradations,0.0,count
ladder,S7_sparse_reference,static_affine,3,10,True,S7_sparse_reference__static_affine__seed3,b10da6cea2c796fcd510a2c7d7f3d2074f0eed008477bb57609f09be0a5cc888,535f10e6c30103272f64653e50d0578cbf5af363b23f0ecbad28905519d7af3d,c1881d4f6c0f31cc50171d6c3004faa1325b5e8d,degradations,0.0,count
ladder,S7_sparse_reference,rls,1,10,True,S7_sparse_reference__rls__seed1,24835dafebd07f6facda17ec68b148ca21bd70070201cdbfe1cf136d6c2da50a,f54c17346089ba805d00d389d8b7c1c3e1cdb89c6515d103c5f0f15f4eb61185,c1881d4f6c0f31cc50171d6c3004faa1325b5e8d,degradations,0.0,count
ladder,S7_sparse_reference,rls,2,10,True,S7_sparse_reference__rls__seed2,1830f9600d18220efd37edc0ed15951b55aee715e2061c3ef38b60364f8b8678,f54c17346089ba805d00d389d8b7c1c3e1cdb89c6515d103c5f0f15f4eb61185,c1881d4f6c0f31cc50171d6c3004faa1325b5e8d,degradations,0.0,count
ladder,S7_sparse_reference,rls,3,10,True,S7_sparse_reference__rls__seed3,b10da6cea2c796fcd510a2c7d7f3d2074f0eed008477bb57609f09be0a5cc888,f54c17346089ba805d00d389d8b7c1c3e1cdb89c6515d103c5f0f15f4eb61185,c1881d4f6c0f31cc50171d6c3004faa1325b5e8d,degradations,0.0,count
ladder,S7_sparse_reference,kalman,1,10,True,S7_sparse_reference__kalman__seed1,24835dafebd07f6facda17ec68b148ca21bd70070201cdbfe1cf136d6c2da50a,2dcdf9429baa9fcc847cc03bb3eb992a0574d0c81dcfbd456974ff9264223f13,c1881d4f6c0f31cc50171d6c3004faa1325b5e8d,degradations,0.0,count
ladder,S7_sparse_reference,kalman,2,10,True,S7_sparse_reference__kalman__seed2,1830f9600d18220efd37edc0ed15951b55aee715e2061c3ef38b60364f8b8678,2dcdf9429baa9fcc847cc03bb3eb992a0574d0c81dcfbd456974ff9264223f13,c1881d4f6c0f31cc50171d6c3004faa1325b5e8d,degradations,0.0,count
ladder,S7_sparse_reference,kalman,3,10,True,S7_sparse_reference__kalman__seed3,b10da6cea2c796fcd510a2c7d7f3d2074f0eed008477bb57609f09be0a5cc888,2dcdf9429baa9fcc847cc03bb3eb992a0574d0c81dcfbd456974ff9264223f13,c1881d4f6c0f31cc50171d6c3004faa1325b5e8d,degradations,0.0,count
ladder,S1_nominal,static_affine,1,10,True,S1_nominal__static_affine__seed1,1f0eb7d0a64d2c9430bd781be2ad3a6383c85935e18ff7809210a4dbae3f4f74,535f10e6c30103272f64653e50d0578cbf5af363b23f0ecbad28905519d7af3d,c1881d4f6c0f31cc50171d6c3004faa1325b5e8d,n_profiles,1.0,count
ladder,S1_nominal,static_affine,2,10,True,S1_nominal__static_affine__seed2,c45f068e83a0db5af8037bcec208da070545216f5240a590ba8286dfcee1b0b4,535f10e6c30103272f64653e50d0578cbf5af363b23f0ecbad28905519d7af3d,c1881d4f6c0f31cc50171d6c3004faa1325b5e8d,n_profiles,1.0,count
ladder,S1_nominal,static_affine,3,10,True,S1_nominal__static_affine__seed3,7f808862af70bdf5f8b721f954c967c9d3eb0d071e708e4f266d8f7901642f98,535f10e6c30103272f64653e50d0578cbf5af363b23f0ecbad28905519d7af3d,c1881d4f6c0f31cc50171d6c3004faa1325b5e8d,n_profiles,1.0,count
ladder,S1_nominal,rls,1,10,True,S1_nominal__rls__seed1,1f0eb7d0a64d2c9430bd781be2ad3a6383c85935e18ff7809210a4dbae3f4f74,f54c17346089ba805d00d389d8b7c1c3e1cdb89c6515d103c5f0f15f4eb61185,c1881d4f6c0f31cc50171d6c3004faa1325b5e8d,n_profiles,1.0,count
ladder,S1_nominal,rls,2,10,True,S1_nominal__rls__seed2,c45f068e83a0db5af8037bcec208da070545216f5240a590ba8286dfcee1b0b4,f54c17346089ba805d00d389d8b7c1c3e1cdb89c6515d103c5f0f15f4eb61185,c1881d4f6c0f31cc50171d6c3004faa1325b5e8d,n_profiles,1.0,count
ladder,S1_nominal,rls,3,10,True,S1_nominal__rls__seed3,7f808862af70bdf5f8b721f954c967c9d3eb0d071e708e4f266d8f7901642f98,f54c17346089ba805d00d389d8b7c1c3e1cdb89c6515d103c5f0f15f4eb61185,c1881d4f6c0f31cc50171d6c3004faa1325b5e8d,n_profiles,1.0,count
ladder,S1_nominal,kalman,1,10,True,S1_nominal__kalman__seed1,1f0eb7d0a64d2c9430bd781be2ad3a6383c85935e18ff7809210a4dbae3f4f74,2dcdf9429baa9fcc847cc03bb3eb992a0574d0c81dcfbd456974ff9264223f13,c1881d4f6c0f31cc50171d6c3004faa1325b5e8d,n_profiles,1.0,count
ladder,S1_nominal,kalman,2,10,True,S1_nominal__kalman__seed2,c45f068e83a0db5af8037bcec208da070545216f5240a590ba8286dfcee1b0b4,2dcdf9429baa9fcc847cc03bb3eb992a0574d0c81dcfbd456974ff9264223f13,c1881d4f6c0f31cc50171d6c3004faa1325b5e8d,n_profiles,1.0,count
ladder,S1_nominal,kalman,3,10,True,S1_nominal__kalman__seed3,7f808862af70bdf5f8b721f954c967c9d3eb0d071e708e4f266d8f7901642f98,2dcdf9429baa9fcc847cc03bb3eb992a0574d0c81dcfbd456974ff9264223f13,c1881d4f6c0f31cc50171d6c3004faa1325b5e8d,n_profiles,1.0,count
ladder,S2_thermal_cycle,static_affine,1,10,True,S2_thermal_cycle__static_affine__seed1,a9d23ff021d7d7330d2f7690ce6fe1a23e9face2bceffa30bb9e10eb4c70e685,535f10e6c30103272f64653e50d0578cbf5af363b23f0ecbad28905519d7af3d,c1881d4f6c0f31cc50171d6c3004faa1325b5e8d,n_profiles,1.0,count
ladder,S2_thermal_cycle,static_affine,2,10,True,S2_thermal_cycle__static_affine__seed2,19c57e97290995438510692dd0c87d401ed506ad1b05f6b88446276b5f326325,535f10e6c30103272f64653e50d0578cbf5af363b23f0ecbad28905519d7af3d,c1881d4f6c0f31cc50171d6c3004faa1325b5e8d,n_profiles,1.0,count
ladder,S2_thermal_cycle,static_affine,3,10,True,S2_thermal_cycle__static_affine__seed3,24befa705b788e8ac92815dc24ece289db28b46d6894613726a31248a0b3f0e9,535f10e6c30103272f64653e50d0578cbf5af363b23f0ecbad28905519d7af3d,c1881d4f6c0f31cc50171d6c3004faa1325b5e8d,n_profiles,1.0,count
ladder,S2_thermal_cycle,rls,1,10,True,S2_thermal_cycle__rls__seed1,a9d23ff021d7d7330d2f7690ce6fe1a23e9face2bceffa30bb9e10eb4c70e685,f54c17346089ba805d00d389d8b7c1c3e1cdb89c6515d103c5f0f15f4eb61185,c1881d4f6c0f31cc50171d6c3004faa1325b5e8d,n_profiles,1.0,count
ladder,S2_thermal_cycle,rls,2,10,True,S2_thermal_cycle__rls__seed2,19c57e97290995438510692dd0c87d401ed506ad1b05f6b88446276b5f326325,f54c17346089ba805d00d389d8b7c1c3e1cdb89c6515d103c5f0f15f4eb61185,c1881d4f6c0f31cc50171d6c3004faa1325b5e8d,n_profiles,1.0,count
ladder,S2_thermal_cycle,rls,3,10,True,S2_thermal_cycle__rls__seed3,24befa705b788e8ac92815dc24ece289db28b46d6894613726a31248a0b3f0e9,f54c17346089ba805d00d389d8b7c1c3e1cdb89c6515d103c5f0f15f4eb61185,c1881d4f6c0f31cc50171d6c3004faa1325b5e8d,n_profiles,1.0,count
ladder,S2_thermal_cycle,kalman,1,10,True,S2_thermal_cycle__kalman__seed1,a9d23ff021d7d7330d2f7690ce6fe1a23e9face2bceffa30bb9e10eb4c70e685,2dcdf9429baa9fcc847cc03bb3eb992a0574d0c81dcfbd456974ff9264223f13,c1881d4f6c0f31cc50171d6c3004faa1325b5e8d,n_profiles,1.0,count
ladder,S2_thermal_cycle,kalman,2,10,True,S2_thermal_cycle__kalman__seed2,19c57e97290995438510692dd0c87d401ed506ad1b05f6b88446276b5f326325,2dcdf9429baa9fcc847cc03bb3eb992a0574d0c81dcfbd456974ff9264223f13,c1881d4f6c0f31cc50171d6c3004faa1325b5e8d,n_profiles,1.0,count
ladder,S2_thermal_cycle,kalman,3,10,True,S2_thermal_cycle__kalman__seed3,24befa705b788e8ac92815dc24ece289db28b46d6894613726a31248a0b3f0e9,2dcdf9429baa9fcc847cc03bb3eb992a0574d0c81dcfbd456974ff9264223f13,c1881d4f6c0f31cc50171d6c3004faa1325b5e8d,n_profiles,1.0,count
ladder,S3_zero_drift_walk,static_affine,1,10,True,S3_zero_drift_walk__static_affine__seed1,f100b6d8743f0beb23a874f69b02d3ff86fd69d1b80c3005bc53c22fbf24242c,535f10e6c30103272f64653e50d0578cbf5af363b23f0ecbad28905519d7af3d,c1881d4f6c0f31cc50171d6c3004faa1325b5e8d,n_profiles,1.0,count
ladder,S3_zero_drift_walk,static_affine,2,10,True,S3_zero_drift_walk__static_affine__seed2,d908b1eec1d6ca010fbfed3dff58421d1657520e5136c0976972c56a507b8a71,535f10e6c30103272f64653e50d0578cbf5af363b23f0ecbad28905519d7af3d,c1881d4f6c0f31cc50171d6c3004faa1325b5e8d,n_profiles,1.0,count
ladder,S3_zero_drift_walk,static_affine,3,10,True,S3_zero_drift_walk__static_affine__seed3,e65e6377500da0315dac92d9d159e61875ec095bbab24aed7387d0c3eeb9a9db,535f10e6c30103272f64653e50d0578cbf5af363b23f0ecbad28905519d7af3d,c1881d4f6c0f31cc50171d6c3004faa1325b5e8d,n_profiles,1.0,count
ladder,S3_zero_drift_walk,rls,1,10,True,S3_zero_drift_walk__rls__seed1,f100b6d8743f0beb23a874f69b02d3ff86fd69d1b80c3005bc53c22fbf24242c,f54c17346089ba805d00d389d8b7c1c3e1cdb89c6515d103c5f0f15f4eb61185,c1881d4f6c0f31cc50171d6c3004faa1325b5e8d,n_profiles,1.0,count
ladder,S3_zero_drift_walk,rls,2,10,True,S3_zero_drift_walk__rls__seed2,d908b1eec1d6ca010fbfed3dff58421d1657520e5136c0976972c56a507b8a71,f54c17346089ba805d00d389d8b7c1c3e1cdb89c6515d103c5f0f15f4eb61185,c1881d4f6c0f31cc50171d6c3004faa1325b5e8d,n_profiles,1.0,count
ladder,S3_zero_drift_walk,rls,3,10,True,S3_zero_drift_walk__rls__seed3,e65e6377500da0315dac92d9d159e61875ec095bbab24aed7387d0c3eeb9a9db,f54c17346089ba805d00d389d8b7c1c3e1cdb89c6515d103c5f0f15f4eb61185,c1881d4f6c0f31cc50171d6c3004faa1325b5e8d,n_profiles,1.0,count
ladder,S3_zero_drift_walk,kalman,1,10,True,S3_zero_drift_walk__kalman__seed1,f100b6d8743f0beb23a874f69b02d3ff86fd69d1b80c3005bc53c22fbf24242c,2dcdf9429baa9fcc847cc03bb3eb992a0574d0c81dcfbd456974ff9264223f13,c1881d4f6c0f31cc50171d6c3004faa1325b5e8d,n_profiles,1.0,count
ladder,S3_zero_drift_walk,kalman,2,10,True,S3_zero_drift_walk__kalman__seed2,d908b1eec1d6ca010fbfed3dff58421d1657520e5136c0976972c56a507b8a71,2dcdf9429baa9fcc847cc03bb3eb992a0574d0c81dcfbd456974ff9264223f13,c1881d4f6c0f31cc50171d6c3004faa1325b5e8d,n_profiles,1.0,count
ladder,S3_zero_drift_walk,kalman,3,10,True,S3_zero_drift_walk__kalman__seed3,e65e6377500da0315dac92d9d159e61875ec095bbab24aed7387d0c3eeb9a9db,2dcdf9429baa9fcc847cc03bb3eb992a0574d0c81dcfbd456974ff9264223f13,c1881d4f6c0f31cc50171d6c3004faa1325b5e8d,n_profiles,1.0,count
ladder,S4_step_fault,static_affine,1,10,True,S4_step_fault__static_affine__seed1,7d29a6d7dca932314e512c265e0e559ec6cc02e548aa25349a95d1f29dbf9ef1,535f10e6c30103272f64653e50d0578cbf5af363b23f0ecbad28905519d7af3d,c1881d4f6c0f31cc50171d6c3004faa1325b5e8d,n_profiles,3.0,count
ladder,S4_step_fault,static_affine,2,10,True,S4_step_fault__static_affine__seed2,adc80992e5ad2b0074c2ccb5fd189429c3fd11d2d51d242aa1caec078b0db1d2,535f10e6c30103272f64653e50d0578cbf5af363b23f0ecbad28905519d7af3d,c1881d4f6c0f31cc50171d6c3004faa1325b5e8d,n_profiles,2.0,count
ladder,S4_step_fault,static_affine,3,10,True,S4_step_fault__static_affine__seed3,755a0aa70d2f3fe05534c8cb137d5df18ed16325d4692fc840c3daee2c8a8c92,535f10e6c30103272f64653e50d0578cbf5af363b23f0ecbad28905519d7af3d,c1881d4f6c0f31cc50171d6c3004faa1325b5e8d,n_profiles,2.0,count
ladder,S4_step_fault,rls,1,10,True,S4_step_fault__rls__seed1,7d29a6d7dca932314e512c265e0e559ec6cc02e548aa25349a95d1f29dbf9ef1,f54c17346089ba805d00d389d8b7c1c3e1cdb89c6515d103c5f0f15f4eb61185,c1881d4f6c0f31cc50171d6c3004faa1325b5e8d,n_profiles,2.0,count
ladder,S4_step_fault,rls,2,10,True,S4_step_fault__rls__seed2,adc80992e5ad2b0074c2ccb5fd189429c3fd11d2d51d242aa1caec078b0db1d2,f54c17346089ba805d00d389d8b7c1c3e1cdb89c6515d103c5f0f15f4eb61185,c1881d4f6c0f31cc50171d6c3004faa1325b5e8d,n_profiles,2.0,count
ladder,S4_step_fault,rls,3,10,True,S4_step_fault__rls__seed3,755a0aa70d2f3fe05534c8cb137d5df18ed16325d4692fc840c3daee2c8a8c92,f54c17346089ba805d00d389d8b7c1c3e1cdb89c6515d103c5f0f15f4eb61185,c1881d4f6c0f31cc50171d6c3004faa1325b5e8d,n_profiles,1.0,count
ladder,S4_step_fault,kalman,1,10,True,S4_step_fault__kalman__seed1,7d29a6d7dca932314e512c265e0e559ec6cc02e548aa25349a95d1f29dbf9ef1,2dcdf9429baa9fcc847cc03bb3eb992a0574d0c81dcfbd456974ff9264223f13,c1881d4f6c0f31cc50171d6c3004faa1325b5e8d,n_profiles,1.0,count
ladder,S4_step_fault,kalman,2,10,True,S4_step_fault__kalman__seed2,adc80992e5ad2b0074c2ccb5fd189429c3fd11d2d51d242aa1caec078b0db1d2,2dcdf9429baa9fcc847cc03bb3eb992a0574d0c81dcfbd456974ff9264223f13,c1881d4f6c0f31cc50171d6c3004faa1325b5e8d,n_profiles,1.0,count
ladder,S4_step_fault,kalman,3,10,True,S4_step_fault__kalman__seed3,755a0aa70d2f3fe05534c8cb137d5df18ed16325d4692fc840c3daee2c8a8c92,2dcdf9429baa9fcc847cc03bb3eb992a0574d0c81dcfbd456974ff9264223f13,c1881d4f6c0f31cc50171d6c3004faa1325b5e8d,n_profiles,1.0,count
ladder,S5_outage,static_affine,1,10,True,S5_outage__static_affine__seed1,ab25696964de9a9bd056c05f5021821512f6128f06fede373f779014f2fed9d8,535f10e6c30103272f64653e50d0578cbf5af363b23f0ecbad28905519d7af3d,c1881d4f6c0f31cc50171d6c3004faa1325b5e8d,n_profiles,1.0,count
ladder,S5_outage,static_affine,2,10,True,S5_outage__static_affine__seed2,0052a68ebb4dd1334f0378cfa6defa07917942ba64b15d70b6cd736642ab3e2c,535f10e6c30103272f64653e50d0578cbf5af363b23f0ecbad28905519d7af3d,c1881d4f6c0f31cc50171d6c3004faa1325b5e8d,n_profiles,1.0,count
ladder,S5_outage,static_affine,3,10,True,S5_outage__static_affine__seed3,e71247b8c58f106fad94f1fa68a340a88baac5595f00b577c8912131cd60a6c4,535f10e6c30103272f64653e50d0578cbf5af363b23f0ecbad28905519d7af3d,c1881d4f6c0f31cc50171d6c3004faa1325b5e8d,n_profiles,1.0,count
ladder,S5_outage,rls,1,10,True,S5_outage__rls__seed1,ab25696964de9a9bd056c05f5021821512f6128f06fede373f779014f2fed9d8,f54c17346089ba805d00d389d8b7c1c3e1cdb89c6515d103c5f0f15f4eb61185,c1881d4f6c0f31cc50171d6c3004faa1325b5e8d,n_profiles,1.0,count
ladder,S5_outage,rls,2,10,True,S5_outage__rls__seed2,0052a68ebb4dd1334f0378cfa6defa07917942ba64b15d70b6cd736642ab3e2c,f54c17346089ba805d00d389d8b7c1c3e1cdb89c6515d103c5f0f15f4eb61185,c1881d4f6c0f31cc50171d6c3004faa1325b5e8d,n_profiles,1.0,count
ladder,S5_outage,rls,3,10,True,S5_outage__rls__seed3,e71247b8c58f106fad94f1fa68a340a88baac5595f00b577c8912131cd60a6c4,f54c17346089ba805d00d389d8b7c1c3e1cdb89c6515d103c5f0f15f4eb61185,c1881d4f6c0f31cc50171d6c3004faa1325b5e8d,n_profiles,1.0,count
ladder,S5_outage,kalman,1,10,True,S5_outage__kalman__seed1,ab25696964de9a9bd056c05f5021821512f6128f06fede373f779014f2fed9d8,2dcdf9429baa9fcc847cc03bb3eb992a0574d0c81dcfbd456974ff9264223f13,c1881d4f6c0f31cc50171d6c3004faa1325b5e8d,n_profiles,1.0,count
ladder,S5_outage,kalman,2,10,True,S5_outage__kalman__seed2,0052a68ebb4dd1334f0378cfa6defa07917942ba64b15d70b6cd736642ab3e2c,2dcdf9429baa9fcc847cc03bb3eb992a0574d0c81dcfbd456974ff9264223f13,c1881d4f6c0f31cc50171d6c3004faa1325b5e8d,n_profiles,1.0,count
ladder,S5_outage,kalman,3,10,True,S5_outage__kalman__seed3,e71247b8c58f106fad94f1fa68a340a88baac5595f00b577c8912131cd60a6c4,2dcdf9429baa9fcc847cc03bb3eb992a0574d0c81dcfbd456974ff9264223f13,c1881d4f6c0f31cc50171d6c3004faa1325b5e8d,n_profiles,1.0,count
ladder,S6_combined,static_affine,1,10,True,S6_combined__static_affine__seed1,b3cf8d14b3aed8b1d65ab4497dcbfb879dbda2ce1da03bb07f6401c9b4b9bd4a,535f10e6c30103272f64653e50d0578cbf5af363b23f0ecbad28905519d7af3d,c1881d4f6c0f31cc50171d6c3004faa1325b5e8d,n_profiles,1.0,count
ladder,S6_combined,static_affine,2,10,True,S6_combined__static_affine__seed2,e4f7ab87faf6982be139dc8af97757bff8d540d357c41e3d06ec298e4dd75854,535f10e6c30103272f64653e50d0578cbf5af363b23f0ecbad28905519d7af3d,c1881d4f6c0f31cc50171d6c3004faa1325b5e8d,n_profiles,2.0,count
ladder,S6_combined,static_affine,3,10,True,S6_combined__static_affine__seed3,c371bfebbbdb510b204e19fcaedea3c47a4e8b6d77499f04ee6ac55d13fed988,535f10e6c30103272f64653e50d0578cbf5af363b23f0ecbad28905519d7af3d,c1881d4f6c0f31cc50171d6c3004faa1325b5e8d,n_profiles,2.0,count
ladder,S6_combined,rls,1,10,True,S6_combined__rls__seed1,b3cf8d14b3aed8b1d65ab4497dcbfb879dbda2ce1da03bb07f6401c9b4b9bd4a,f54c17346089ba805d00d389d8b7c1c3e1cdb89c6515d103c5f0f15f4eb61185,c1881d4f6c0f31cc50171d6c3004faa1325b5e8d,n_profiles,1.0,count
ladder,S6_combined,rls,2,10,True,S6_combined__rls__seed2,e4f7ab87faf6982be139dc8af97757bff8d540d357c41e3d06ec298e4dd75854,f54c17346089ba805d00d389d8b7c1c3e1cdb89c6515d103c5f0f15f4eb61185,c1881d4f6c0f31cc50171d6c3004faa1325b5e8d,n_profiles,1.0,count
ladder,S6_combined,rls,3,10,True,S6_combined__rls__seed3,c371bfebbbdb510b204e19fcaedea3c47a4e8b6d77499f04ee6ac55d13fed988,f54c17346089ba805d00d389d8b7c1c3e1cdb89c6515d103c5f0f15f4eb61185,c1881d4f6c0f31cc50171d6c3004faa1325b5e8d,n_profiles,2.0,count
ladder,S6_combined,kalman,1,10,True,S6_combined__kalman__seed1,b3cf8d14b3aed8b1d65ab4497dcbfb879dbda2ce1da03bb07f6401c9b4b9bd4a,2dcdf9429baa9fcc847cc03bb3eb992a0574d0c81dcfbd456974ff9264223f13,c1881d4f6c0f31cc50171d6c3004faa1325b5e8d,n_profiles,1.0,count
ladder,S6_combined,kalman,2,10,True,S6_combined__kalman__seed2,e4f7ab87faf6982be139dc8af97757bff8d540d357c41e3d06ec298e4dd75854,2dcdf9429baa9fcc847cc03bb3eb992a0574d0c81dcfbd456974ff9264223f13,c1881d4f6c0f31cc50171d6c3004faa1325b5e8d,n_profiles,1.0,count
ladder,S6_combined,kalman,3,10,True,S6_combined__kalman__seed3,c371bfebbbdb510b204e19fcaedea3c47a4e8b6d77499f04ee6ac55d13fed988,2dcdf9429baa9fcc847cc03bb3eb992a0574d0c81dcfbd456974ff9264223f13,c1881d4f6c0f31cc50171d6c3004faa1325b5e8d,n_profiles,1.0,count
ladder,S7_sparse_reference,static_affine,1,10,True,S7_sparse_reference__static_affine__seed1,24835dafebd07f6facda17ec68b148ca21bd70070201cdbfe1cf136d6c2da50a,535f10e6c30103272f64653e50d0578cbf5af363b23f0ecbad28905519d7af3d,c1881d4f6c0f31cc50171d6c3004faa1325b5e8d,n_profiles,1.0,count
ladder,S7_sparse_reference,static_affine,2,10,True,S7_sparse_reference__static_affine__seed2,1830f9600d18220efd37edc0ed15951b55aee715e2061c3ef38b60364f8b8678,535f10e6c30103272f64653e50d0578cbf5af363b23f0ecbad28905519d7af3d,c1881d4f6c0f31cc50171d6c3004faa1325b5e8d,n_profiles,1.0,count
ladder,S7_sparse_reference,static_affine,3,10,True,S7_sparse_reference__static_affine__seed3,b10da6cea2c796fcd510a2c7d7f3d2074f0eed008477bb57609f09be0a5cc888,535f10e6c30103272f64653e50d0578cbf5af363b23f0ecbad28905519d7af3d,c1881d4f6c0f31cc50171d6c3004faa1325b5e8d,n_profiles,1.0,count
ladder,S7_sparse_reference,rls,1,10,True,S7_sparse_reference__rls__seed1,24835dafebd07f6facda17ec68b148ca21bd70070201cdbfe1cf136d6c2da50a,f54c17346089ba805d00d389d8b7c1c3e1cdb89c6515d103c5f0f15f4eb61185,c1881d4f6c0f31cc50171d6c3004faa1325b5e8d,n_profiles,1.0,count
ladder,S7_sparse_reference,rls,2,10,True,S7_sparse_reference__rls__seed2,1830f9600d18220efd37edc0ed15951b55aee715e2061c3ef38b60364f8b8678,f54c17346089ba805d00d389d8b7c1c3e1cdb89c6515d103c5f0f15f4eb61185,c1881d4f6c0f31cc50171d6c3004faa1325b5e8d,n_profiles,1.0,count
ladder,S7_sparse_reference,rls,3,10,True,S7_sparse_reference__rls__seed3,b10da6cea2c796fcd510a2c7d7f3d2074f0eed008477bb57609f09be0a5cc888,f54c17346089ba805d00d389d8b7c1c3e1cdb89c6515d103c5f0f15f4eb61185,c1881d4f6c0f31cc50171d6c3004faa1325b5e8d,n_profiles,1.0,count
ladder,S7_sparse_reference,kalman,1,10,True,S7_sparse_reference__kalman__seed1,24835dafebd07f6facda17ec68b148ca21bd70070201cdbfe1cf136d6c2da50a,2dcdf9429baa9fcc847cc03bb3eb992a0574d0c81dcfbd456974ff9264223f13,c1881d4f6c0f31cc50171d6c3004faa1325b5e8d,n_profiles,1.0,count
ladder,S7_sparse_reference,kalman,2,10,True,S7_sparse_reference__kalman__seed2,1830f9600d18220efd37edc0ed15951b55aee715e2061c3ef38b60364f8b8678,2dcdf9429baa9fcc847cc03bb3eb992a0574d0c81dcfbd456974ff9264223f13,c1881d4f6c0f31cc50171d6c3004faa1325b5e8d,n_profiles,1.0,count
ladder,S7_sparse_reference,kalman,3,10,True,S7_sparse_reference__kalman__seed3,b10da6cea2c796fcd510a2c7d7f3d2074f0eed008477bb57609f09be0a5cc888,2dcdf9429baa9fcc847cc03bb3eb992a0574d0c81dcfbd456974ff9264223f13,c1881d4f6c0f31cc50171d6c3004faa1325b5e8d,n_profiles,1.0,count
ladder,S1_nominal,static_affine,1,10,True,S1_nominal__static_affine__seed1,1f0eb7d0a64d2c9430bd781be2ad3a6383c85935e18ff7809210a4dbae3f4f74,535f10e6c30103272f64653e50d0578cbf5af363b23f0ecbad28905519d7af3d,c1881d4f6c0f31cc50171d6c3004faa1325b5e8d,detected,0.0,count
ladder,S1_nominal,static_affine,2,10,True,S1_nominal__static_affine__seed2,c45f068e83a0db5af8037bcec208da070545216f5240a590ba8286dfcee1b0b4,535f10e6c30103272f64653e50d0578cbf5af363b23f0ecbad28905519d7af3d,c1881d4f6c0f31cc50171d6c3004faa1325b5e8d,detected,0.0,count
ladder,S1_nominal,static_affine,3,10,True,S1_nominal__static_affine__seed3,7f808862af70bdf5f8b721f954c967c9d3eb0d071e708e4f266d8f7901642f98,535f10e6c30103272f64653e50d0578cbf5af363b23f0ecbad28905519d7af3d,c1881d4f6c0f31cc50171d6c3004faa1325b5e8d,detected,0.0,count
ladder,S1_nominal,rls,1,10,True,S1_nominal__rls__seed1,1f0eb7d0a64d2c9430bd781be2ad3a6383c85935e18ff7809210a4dbae3f4f74,f54c17346089ba805d00d389d8b7c1c3e1cdb89c6515d103c5f0f15f4eb61185,c1881d4f6c0f31cc50171d6c3004faa1325b5e8d,detected,0.0,count
ladder,S1_nominal,rls,2,10,True,S1_nominal__rls__seed2,c45f068e83a0db5af8037bcec208da070545216f5240a590ba8286dfcee1b0b4,f54c17346089ba805d00d389d8b7c1c3e1cdb89c6515d103c5f0f15f4eb61185,c1881d4f6c0f31cc50171d6c3004faa1325b5e8d,detected,0.0,count
ladder,S1_nominal,rls,3,10,True,S1_nominal__rls__seed3,7f808862af70bdf5f8b721f954c967c9d3eb0d071e708e4f266d8f7901642f98,f54c17346089ba805d00d389d8b7c1c3e1cdb89c6515d103c5f0f15f4eb61185,c1881d4f6c0f31cc50171d6c3004faa1325b5e8d,detected,0.0,count
ladder,S1_nominal,kalman,1,10,True,S1_nominal__kalman__seed1,1f0eb7d0a64d2c9430bd781be2ad3a6383c85935e18ff7809210a4dbae3f4f74,2dcdf9429baa9fcc847cc03bb3eb992a0574d0c81dcfbd456974ff9264223f13,c1881d4f6c0f31cc50171d6c3004faa1325b5e8d,detected,0.0,count
ladder,S1_nominal,kalman,2,10,True,S1_nominal__kalman__seed2,c45f068e83a0db5af8037bcec208da070545216f5240a590ba8286dfcee1b0b4,2dcdf9429baa9fcc847cc03bb3eb992a0574d0c81dcfbd456974ff9264223f13,c1881d4f6c0f31cc50171d6c3004faa1325b5e8d,detected,0.0,count
ladder,S1_nominal,kalman,3,10,True,S1_nominal__kalman__seed3,7f808862af70bdf5f8b721f954c967c9d3eb0d071e708e4f266d8f7901642f98,2dcdf9429baa9fcc847cc03bb3eb992a0574d0c81dcfbd456974ff9264223f13,c1881d4f6c0f31cc50171d6c3004faa1325b5e8d,detected,0.0,count
ladder,S2_thermal_cycle,static_affine,1,10,True,S2_thermal_cycle__static_affine__seed1,a9d23ff021d7d7330d2f7690ce6fe1a23e9face2bceffa30bb9e10eb4c70e685,535f10e6c30103272f64653e50d0578cbf5af363b23f0ecbad28905519d7af3d,c1881d4f6c0f31cc50171d6c3004faa1325b5e8d,detected,0.0,count
ladder,S2_thermal_cycle,static_affine,2,10,True,S2_thermal_cycle__static_affine__seed2,19c57e97290995438510692dd0c87d401ed506ad1b05f6b88446276b5f326325,535f10e6c30103272f64653e50d0578cbf5af363b23f0ecbad28905519d7af3d,c1881d4f6c0f31cc50171d6c3004faa1325b5e8d,detected,0.0,count
ladder,S2_thermal_cycle,static_affine,3,10,True,S2_thermal_cycle__static_affine__seed3,24befa705b788e8ac92815dc24ece289db28b46d6894613726a31248a0b3f0e9,535f10e6c30103272f64653e50d0578cbf5af363b23f0ecbad28905519d7af3d,c1881d4f6c0f31cc50171d6c3004faa1325b5e8d,detected,0.0,count
ladder,S2_thermal_cycle,rls,1,10,True,S2_thermal_cycle__rls__seed1,a9d23ff021d7d7330d2f7690ce6fe1a23e9face2bceffa30bb9e10eb4c70e685,f54c17346089ba805d00d389d8b7c1c3e1cdb89c6515d103c5f0f15f4eb61185,c1881d4f6c0f31cc50171d6c3004faa1325b5e8d,detected,0.0,count
ladder,S2_thermal_cycle,rls,2,10,True,S2_thermal_cycle__rls__seed2,19c57e97290995438510692dd0c87d401ed506ad1b05f6b88446276b5f326325,f54c17346089ba805d00d389d8b7c1c3e1cdb89c6515d103c5f0f15f4eb61185,c1881d4f6c0f31cc50171d6c3004faa1325b5e8d,detected,0.0,count
ladder,S2_thermal_cycle,rls,3,10,True,S2_thermal_cycle__rls__seed3,24befa705b788e8ac92815dc24ece289db28b46d6894613726a31248a0b3f0e9,f54c17346089ba805d00d389d8b7c1c3e1cdb89c6515d103c5f0f15f4eb61185,c1881d4f6c0f31cc50171d6c3004faa1325b5e8d,detected,0.0,count
ladder,S2_thermal_cycle,kalman,1,10,True,S2_thermal_cycle__kalman__seed1,a9d23ff021d7d7330d2f7690ce6fe1a23e9face2bceffa30bb9e10eb4c70e685,2dcdf9429baa9fcc847cc03bb3eb992a0574d0c81dcfbd456974ff9264223f13,c1881d4f6c0f31cc50171d6c3004faa1325b5e8d,detected,0.0,count
ladder,S2_thermal_cycle,kalman,2,10,True,S2_thermal_cycle__kalman__seed2,19c57e97290995438510692dd0c87d401ed506ad1b05f6b88446276b5f326325,2dcdf9429baa9fcc847cc03bb3eb992a0574d0c81dcfbd456974ff9264223f13,c1881d4f6c0f31cc50171d6c3004faa1325b5e8d,detected,0.0,count
ladder,S2_thermal_cycle,kalman,3,10,True,S2_thermal_cycle__kalman__seed3,24befa705b788e8ac92815dc24ece289db28b46d6894613726a31248a0b3f0e9,2dcdf9429baa9fcc847cc03bb3eb992a0574d0c81dcfbd456974ff9264223f13,c1881d4f6c0f31cc50171d6c3004faa1325b5e8d,detected,0.0,count
ladder,S3_zero_drift_walk,static_affine,1,10,True,S3_zero_drift_walk__static_affine__seed1,f100b6d8743f0beb23a874f69b02d3ff86fd69d1b80c3005bc53c22fbf24242c,535f10e6c30103272f64653e50d0578cbf5af363b23f0ecbad28905519d7af3d,c1881d4f6c0f31cc50171d6c3004faa1325b5e8d,detected,0.0,count
ladder,S3_zero_drift_walk,static_affine,2,10,True,S3_zero_drift_walk__static_affine__seed2,d908b1eec1d6ca010fbfed3dff58421d1657520e5136c0976972c56a507b8a71,535f10e6c30103272f64653e50d0578cbf5af363b23f0ecbad28905519d7af3d,c1881d4f6c0f31cc50171d6c3004faa1325b5e8d,detected,0.0,count
ladder,S3_zero_drift_walk,static_affine,3,10,True,S3_zero_drift_walk__static_affine__seed3,e65e6377500da0315dac92d9d159e61875ec095bbab24aed7387d0c3eeb9a9db,535f10e6c30103272f64653e50d0578cbf5af363b23f0ecbad28905519d7af3d,c1881d4f6c0f31cc50171d6c3004faa1325b5e8d,detected,0.0,count
ladder,S3_zero_drift_walk,rls,1,10,True,S3_zero_drift_walk__rls__seed1,f100b6d8743f0beb23a874f69b02d3ff86fd69d1b80c3005bc53c22fbf24242c,f54c17346089ba805d00d389d8b7c1c3e1cdb89c6515d103c5f0f15f4eb61185,c1881d4f6c0f31cc50171d6c3004faa1325b5e8d,detected,0.0,count
ladder,S3_zero_drift_walk,rls,2,10,True,S3_zero_drift_walk__rls__seed2,d908b1eec1d6ca010fbfed3dff58421d1657520e5136c0976972c56a507b8a71,f54c17346089ba805d00d389d8b7c1c3e1cdb89c6515d103c5f0f15f4eb61185,c1881d4f6c0f31cc50171d6c3004faa1325b5e8d,detected,0.0,count
ladder,S3_zero_drift_walk,rls,3,10,True,S3_zero_drift_walk__rls__seed3,e65e6377500da0315dac92d9d159e61875ec095bbab24aed7387d0c3eeb9a9db,f54c17346089ba805d00d389d8b7c1c3e1cdb89c6515d103c5f0f15f4eb61185,c1881d4f6c0f31cc50171d6c3004faa1325b5e8d,detected,0.0,count
ladder,S3_zero_drift_walk,kalman,1,10,True,S3_zero_drift_walk__kalman__seed1,f100b6d8743f0beb23a874f69b02d3ff86fd69d1b80c3005bc53c22fbf24242c,2dcdf9429baa9fcc847cc03bb3eb992a0574d0c81dcfbd456974ff9264223f13,c1881d4f6c0f31cc50171d6c3004faa1325b5e8d,detected,0.0,count
ladder,S3_zero_drift_walk,kalman,2,10,True,S3_zero_drift_walk__kalman__seed2,d908b1eec1d6ca010fbfed3dff58421d1657520e5136c0976972c56a507b8a71,2dcdf9429baa9fcc847cc03bb3eb992a0574d0c81dcfbd456974ff9264223f13,c1881d4f6c0f31cc50171d6c3004faa1325b5e8d,detected,0.0,count
ladder,S3_zero_drift_walk,kalman,3,10,True,S3_zero_drift_walk__kalman__seed3,e65e6377500da0315dac92d9d159e61875ec095bbab24aed7387d0c3eeb9a9db,2dcdf9429baa9fcc847cc03bb3eb992a0574d0c81dcfbd456974ff9264223f13,c1881d4f6c0f31cc50171d6c3004faa1325b5e8d,detected,0.0,count
ladder,S4_step_fault,static_affine,1,10,True,S4_step_fault__static_affine__seed1,7d29a6d7dca932314e512c265e0e559ec6cc02e548aa25349a95d1f29dbf9ef1,535f10e6c30103272f64653e50d0578cbf5af363b23f0ecbad28905519d7af3d,c1881d4f6c0f31cc50171d6c3004faa1325b5e8d,detected,0.0,count
ladder,S4_step_fault,static_affine,2,10,True,S4_step_fault__static_affine__seed2,adc80992e5ad2b0074c2ccb5fd189429c3fd11d2d51d242aa1caec078b0db1d2,535f10e6c30103272f64653e50d0578cbf5af363b23f0ecbad28905519d7af3d,c1881d4f6c0f31cc50171d6c3004faa1325b5e8d,detected,0.0,count
ladder,S4_step_fault,static_affine,3,10,True,S4_step_fault__static_affine__seed3,755a0aa70d2f3fe05534c8cb137d5df18ed16325d4692fc840c3daee2c8a8c92,535f10e6c30103272f64653e50d0578cbf5af363b23f0ecbad28905519d7af3d,c1881d4f6c0f31cc50171d6c3004faa1325b5e8d,detected,1.0,count
ladder,S4_step_fault,rls,1,10,True,S4_step_fault__rls__seed1,7d29a6d7dca932314e512c265e0e559ec6cc02e548aa25349a95d1f29dbf9ef1,f54c17346089ba805d00d389d8b7c1c3e1cdb89c6515d103c5f0f15f4eb61185,c1881d4f6c0f31cc50171d6c3004faa1325b5e8d,detected,0.0,count
ladder,S4_step_fault,rls,2,10,True,S4_step_fault__rls__seed2,adc80992e5ad2b0074c2ccb5fd189429c3fd11d2d51d242aa1caec078b0db1d2,f54c17346089ba805d00d389d8b7c1c3e1cdb89c6515d103c5f0f15f4eb61185,c1881d4f6c0f31cc50171d6c3004faa1325b5e8d,detected,0.0,count
ladder,S4_step_fault,rls,3,10,True,S4_step_fault__rls__seed3,755a0aa70d2f3fe05534c8cb137d5df18ed16325d4692fc840c3daee2c8a8c92,f54c17346089ba805d00d389d8b7c1c3e1cdb89c6515d103c5f0f15f4eb61185,c1881d4f6c0f31cc50171d6c3004faa1325b5e8d,detected,1.0,count
ladder,S4_step_fault,kalman,1,10,True,S4_step_fault__kalman__seed1,7d29a6d7dca932314e512c265e0e559ec6cc02e548aa25349a95d1f29dbf9ef1,2dcdf9429baa9fcc847cc03bb3eb992a0574d0c81dcfbd456974ff9264223f13,c1881d4f6c0f31cc50171d6c3004faa1325b5e8d,detected,0.0,count
ladder,S4_step_fault,kalman,2,10,True,S4_step_fault__kalman__seed2,adc80992e5ad2b0074c2ccb5fd189429c3fd11d2d51d242aa1caec078b0db1d2,2dcdf9429baa9fcc847cc03bb3eb992a0574d0c81dcfbd456974ff9264223f13,c1881d4f6c0f31cc50171d6c3004faa1325b5e8d,detected,0.0,count
ladder,S4_step_fault,kalman,3,10,True,S4_step_fault__kalman__seed3,755a0aa70d2f3fe05534c8cb137d5df18ed16325d4692fc840c3daee2c8a8c92,2dcdf9429baa9fcc847cc03bb3eb992a0574d0c81dcfbd456974ff9264223f13,c1881d4f6c0f31cc50171d6c3004faa1325b5e8d,detected,1.0,count
ladder,S5_outage,static_affine,1,10,True,S5_outage__static_affine__seed1,ab25696964de9a9bd056c05f5021821512f6128f06fede373f779014f2fed9d8,535f10e6c30103272f64653e50d0578cbf5af363b23f0ecbad28905519d7af3d,c1881d4f6c0f31cc50171d6c3004faa1325b5e8d,detected,0.0,count
ladder,S5_outage,static_affine,2,10,True,S5_outage__static_affine__seed2,0052a68ebb4dd1334f0378cfa6defa07917942ba64b15d70b6cd736642ab3e2c,535f10e6c30103272f64653e50d0578cbf5af363b23f0ecbad28905519d7af3d,c1881d4f6c0f31cc50171d6c3004faa1325b5e8d,detected,0.0,count
ladder,S5_outage,static_affine,3,10,True,S5_outage__static_affine__seed3,e71247b8c58f106fad94f1fa68a340a88baac5595f00b577c8912131cd60a6c4,535f10e6c30103272f64653e50d0578cbf5af363b23f0ecbad28905519d7af3d,c1881d4f6c0f31cc50171d6c3004faa1325b5e8d,detected,0.0,count
ladder,S5_outage,rls,1,10,True,S5_outage__rls__seed1,ab25696964de9a9bd056c05f5021821512f6128f06fede373f779014f2fed9d8,f54c17346089ba805d00d389d8b7c1c3e1cdb89c6515d103c5f0f15f4eb61185,c1881d4f6c0f31cc50171d6c3004faa1325b5e8d,detected,0.0,count
ladder,S5_outage,rls,2,10,True,S5_outage__rls__seed2,0052a68ebb4dd1334f0378cfa6defa07917942ba64b15d70b6cd736642ab3e2c,f54c17346089ba805d00d389d8b7c1c3e1cdb89c6515d103c5f0f15f4eb61185,c1881d4f6c0f31cc50171d6c3004faa1325b5e8d,detected,0.0,count
ladder,S5_outage,rls,3,10,True,S5_outage__rls__seed3,e71247b8c58f106fad94f1fa68a340a88baac5595f00b577c8912131cd60a6c4,f54c17346089ba805d00d389d8b7c1c3e1cdb89c6515d103c5f0f15f4eb61185,c1881d4f6c0f31cc50171d6c3004faa1325b5e8d,detected,0.0,count
ladder,S5_outage,kalman,1,10,True,S5_outage__kalman__seed1,ab25696964de9a9bd056c05f5021821512f6128f06fede373f779014f2fed9d8,2dcdf9429baa9fcc847cc03bb3eb992a0574d0c81dcfbd456974ff9264223f13,c1881d4f6c0f31cc50171d6c3004faa1325b5e8d,detected,0.0,count
ladder,S5_outage,kalman,2,10,True,S5_outage__kalman__seed2,0052a68ebb4dd1334f0378cfa6defa07917942ba64b15d70b6cd736642ab3e2c,2dcdf9429baa9fcc847cc03bb3eb992a0574d0c81dcfbd456974ff9264223f13,c1881d4f6c0f31cc50171d6c3004faa1325b5e8d,detected,0.0,count
ladder,S5_outage,kalman,3,10,True,S5_outage__kalman__seed3,e71247b8c58f106fad94f1fa68a340a88baac5595f00b577c8912131cd60a6c4,2dcdf9429baa9fcc847cc03bb3eb992a0574d0c81dcfbd456974ff9264223f13,c1881d4f6c0f31cc50171d6c3004faa1325b5e8d,detected,0.0,count
ladder,S6_combined,static_affine,1,10,True,S6_combined__static_affine__seed1,b3cf8d14b3aed8b1d65ab4497dcbfb879dbda2ce1da03bb07f6401c9b4b9bd4a,535f10e6c30103272f64653e50d0578cbf5af363b23f0ecbad28905519d7af3d,c1881d4f6c0f31cc50171d6c3004faa1325b5e8d,detected,1.0,count
ladder,S6_combined,static_affine,2,10,True,S6_combined__static_affine__seed2,e4f7ab87faf6982be139dc8af97757bff8d540d357c41e3d06ec298e4dd75854,535f10e6c30103272f64653e50d0578cbf5af363b23f0ecbad28905519d7af3d,c1881d4f6c0f31cc50171d6c3004faa1325b5e8d,detected,0.0,count
ladder,S6_combined,static_affine,3,10,True,S6_combined__static_affine__seed3,c371bfebbbdb510b204e19fcaedea3c47a4e8b6d77499f04ee6ac55d13fed988,535f10e6c30103272f64653e50d0578cbf5af363b23f0ecbad28905519d7af3d,c1881d4f6c0f31cc50171d6c3004faa1325b5e8d,detected,0.0,count
ladder,S6_combined,rls,1,10,True,S6_combined__rls__seed1,b3cf8d14b3aed8b1d65ab4497dcbfb879dbda2ce1da03bb07f6401c9b4b9bd4a,f54c17346089ba805d00d389d8b7c1c3e1cdb89c6515d103c5f0f15f4eb61185,c1881d4f6c0f31cc50171d6c3004faa1325b5e8d,detected,0.0,count
ladder,S6_combined,rls,2,10,True,S6_combined__rls__seed2,e4f7ab87faf6982be139dc8af97757bff8d540d357c41e3d06ec298e4dd75854,f54c17346089ba805d00d389d8b7c1c3e1cdb89c6515d103c5f0f15f4eb61185,c1881d4f6c0f31cc50171d6c3004faa1325b5e8d,detected,0.0,count
ladder,S6_combined,rls,3,10,True,S6_combined__rls__seed3,c371bfebbbdb510b204e19fcaedea3c47a4e8b6d77499f04ee6ac55d13fed988,f54c17346089ba805d00d389d8b7c1c3e1cdb89c6515d103c5f0f15f4eb61185,c1881d4f6c0f31cc50171d6c3004faa1325b5e8d,detected,0.0,count
ladder,S6_combined,kalman,1,10,True,S6_combined__kalman__seed1,b3cf8d14b3aed8b1d65ab4497dcbfb879dbda2ce1da03bb07f6401c9b4b9bd4a,2dcdf9429baa9fcc847cc03bb3eb992a0574d0c81dcfbd456974ff9264223f13,c1881d4f6c0f31cc50171d6c3004faa1325b5e8d,detected,0.0,count
ladder,S6_combined,kalman,2,10,True,S6_combined__kalman__seed2,e4f7ab87faf6982be139dc8af97757bff8d540d357c41e3d06ec298e4dd75854,2dcdf9429baa9fcc847cc03bb3eb992a0574d0c81dcfbd456974ff9264223f13,c1881d4f6c0f31cc50171d6c3004faa1325b5e8d,detected,0.0,count
ladder,S6_combined,kalman,3,10,True,S6_combined__kalman__seed3,c371bfebbbdb510b204e19fcaedea3c47a4e8b6d77499f04ee6ac55d13fed988,2dcdf9429baa9fcc847cc03bb3eb992a0574d0c81dcfbd456974ff9264223f13,c1881d4f6c0f31cc50171d6c3004faa1325b5e8d,detected,0.0,count
ladder,S7_sparse_reference,static_affine,1,10,True,S7_sparse_reference__static_affine__seed1,24835dafebd07f6facda17ec68b148ca21bd70070201cdbfe1cf136d6c2da50a,535f10e6c30103272f64653e50d0578cbf5af363b23f0ecbad28905519d7af3d,c1881d4f6c0f31cc50171d6c3004faa1325b5e8d,detected,0.0,count
ladder,S7_sparse_reference,static_affine,2,10,True,S7_sparse_reference__static_affine__seed2,1830f9600d18220efd37edc0ed15951b55aee715e2061c3ef38b60364f8b8678,535f10e6c30103272f64653e50d0578cbf5af363b23f0ecbad28905519d7af3d,c1881d4f6c0f31cc50171d6c3004faa1325b5e8d,detected,0.0,count
ladder,S7_sparse_reference,static_affine,3,10,True,S7_sparse_reference__static_affine__seed3,b10da6cea2c796fcd510a2c7d7f3d2074f0eed008477bb57609f09be0a5cc888,535f10e6c30103272f64653e50d0578cbf5af363b23f0ecbad28905519d7af3d,c1881d4f6c0f31cc50171d6c3004faa1325b5e8d,detected,0.0,count
ladder,S7_sparse_reference,rls,1,10,True,S7_sparse_reference__rls__seed1,24835dafebd07f6facda17ec68b148ca21bd70070201cdbfe1cf136d6c2da50a,f54c17346089ba805d00d389d8b7c1c3e1cdb89c6515d103c5f0f15f4eb61185,c1881d4f6c0f31cc50171d6c3004faa1325b5e8d,detected,0.0,count
ladder,S7_sparse_reference,rls,2,10,True,S7_sparse_reference__rls__seed2,1830f9600d18220efd37edc0ed15951b55aee715e2061c3ef38b60364f8b8678,f54c17346089ba805d00d389d8b7c1c3e1cdb89c6515d103c5f0f15f4eb61185,c1881d4f6c0f31cc50171d6c3004faa1325b5e8d,detected,1.0,count
ladder,S7_sparse_reference,rls,3,10,True,S7_sparse_reference__rls__seed3,b10da6cea2c796fcd510a2c7d7f3d2074f0eed008477bb57609f09be0a5cc888,f54c17346089ba805d00d389d8b7c1c3e1cdb89c6515d103c5f0f15f4eb61185,c1881d4f6c0f31cc50171d6c3004faa1325b5e8d,detected,0.0,count
ladder,S7_sparse_reference,kalman,1,10,True,S7_sparse_reference__kalman__seed1,24835dafebd07f6facda17ec68b148ca21bd70070201cdbfe1cf136d6c2da50a,2dcdf9429baa9fcc847cc03bb3eb992a0574d0c81dcfbd456974ff9264223f13,c1881d4f6c0f31cc50171d6c3004faa1325b5e8d,detected,0.0,count
ladder,S7_sparse_reference,kalman,2,10,True,S7_sparse_reference__kalman__seed2,1830f9600d18220efd37edc0ed15951b55aee715e2061c3ef38b60364f8b8678,2dcdf9429baa9fcc847cc03bb3eb992a0574d0c81dcfbd456974ff9264223f13,c1881d4f6c0f31cc50171d6c3004faa1325b5e8d,detected,0.0,count
ladder,S7_sparse_reference,kalman,3,10,True,S7_sparse_reference__kalman__seed3,b10da6cea2c796fcd510a2c7d7f3d2074f0eed008477bb57609f09be0a5cc888,2dcdf9429baa9fcc847cc03bb3eb992a0574d0c81dcfbd456974ff9264223f13,c1881d4f6c0f31cc50171d6c3004faa1325b5e8d,detected,0.0,count
ladder,S1_nominal,static_affine,1,10,True,S1_nominal__static_affine__seed1,1f0eb7d0a64d2c9430bd781be2ad3a6383c85935e18ff7809210a4dbae3f4f74,535f10e6c30103272f64653e50d0578cbf5af363b23f0ecbad28905519d7af3d,c1881d4f6c0f31cc50171d6c3004faa1325b5e8d,missed,0.0,count
ladder,S1_nominal,static_affine,2,10,True,S1_nominal__static_affine__seed2,c45f068e83a0db5af8037bcec208da070545216f5240a590ba8286dfcee1b0b4,535f10e6c30103272f64653e50d0578cbf5af363b23f0ecbad28905519d7af3d,c1881d4f6c0f31cc50171d6c3004faa1325b5e8d,missed,0.0,count
ladder,S1_nominal,static_affine,3,10,True,S1_nominal__static_affine__seed3,7f808862af70bdf5f8b721f954c967c9d3eb0d071e708e4f266d8f7901642f98,535f10e6c30103272f64653e50d0578cbf5af363b23f0ecbad28905519d7af3d,c1881d4f6c0f31cc50171d6c3004faa1325b5e8d,missed,0.0,count
ladder,S1_nominal,rls,1,10,True,S1_nominal__rls__seed1,1f0eb7d0a64d2c9430bd781be2ad3a6383c85935e18ff7809210a4dbae3f4f74,f54c17346089ba805d00d389d8b7c1c3e1cdb89c6515d103c5f0f15f4eb61185,c1881d4f6c0f31cc50171d6c3004faa1325b5e8d,missed,0.0,count
ladder,S1_nominal,rls,2,10,True,S1_nominal__rls__seed2,c45f068e83a0db5af8037bcec208da070545216f5240a590ba8286dfcee1b0b4,f54c17346089ba805d00d389d8b7c1c3e1cdb89c6515d103c5f0f15f4eb61185,c1881d4f6c0f31cc50171d6c3004faa1325b5e8d,missed,0.0,count
ladder,S1_nominal,rls,3,10,True,S1_nominal__rls__seed3,7f808862af70bdf5f8b721f954c967c9d3eb0d071e708e4f266d8f7901642f98,f54c17346089ba805d00d389d8b7c1c3e1cdb89c6515d103c5f0f15f4eb61185,c1881d4f6c0f31cc50171d6c3004faa1325b5e8d,missed,0.0,count
ladder,S1_nominal,kalman,1,10,True,S1_nominal__kalman__seed1,1f0eb7d0a64d2c9430bd781be2ad3a6383c85935e18ff7809210a4dbae3f4f74,2dcdf9429baa9fcc847cc03bb3eb992a0574d0c81dcfbd456974ff9264223f13,c1881d4f6c0f31cc50171d6c3004faa1325b5e8d,missed,0.0,count
ladder,S1_nominal,kalman,2,10,True,S1_nominal__kalman__seed2,c45f068e83a0db5af8037bcec208da070545216f5240a590ba8286dfcee1b0b4,2dcdf9429baa9fcc847cc03bb3eb992a0574d0c81dcfbd456974ff9264223f13,c1881d4f6c0f31cc50171d6c3004faa1325b5e8d,missed,0.0,count
ladder,S1_nominal,kalman,3,10,True,S1_nominal__kalman__seed3,7f808862af70bdf5f8b721f954c967c9d3eb0d071e708e4f266d8f7901642f98,2dcdf9429baa9fcc847cc03bb3eb992a0574d0c81dcfbd456974ff9264223f13,c1881d4f6c0f31cc50171d6c3004faa1325b5e8d,missed,0.0,count
ladder,S2_thermal_cycle,static_affine,1,10,True,S2_thermal_cycle__static_affine__seed1,a9d23ff021d7d7330d2f7690ce6fe1a23e9face2bceffa30bb9e10eb4c70e685,535f10e6c30103272f64653e50d0578cbf5af363b23f0ecbad28905519d7af3d,c1881d4f6c0f31cc50171d6c3004faa1325b5e8d,missed,0.0,count
ladder,S2_thermal_cycle,static_affine,2,10,True,S2_thermal_cycle__static_affine__seed2,19c57e97290995438510692dd0c87d401ed506ad1b05f6b88446276b5f326325,535f10e6c30103272f64653e50d0578cbf5af363b23f0ecbad28905519d7af3d,c1881d4f6c0f31cc50171d6c3004faa1325b5e8d,missed,0.0,count
ladder,S2_thermal_cycle,static_affine,3,10,True,S2_thermal_cycle__static_affine__seed3,24befa705b788e8ac92815dc24ece289db28b46d6894613726a31248a0b3f0e9,535f10e6c30103272f64653e50d0578cbf5af363b23f0ecbad28905519d7af3d,c1881d4f6c0f31cc50171d6c3004faa1325b5e8d,missed,0.0,count
ladder,S2_thermal_cycle,rls,1,10,True,S2_thermal_cycle__rls__seed1,a9d23ff021d7d7330d2f7690ce6fe1a23e9face2bceffa30bb9e10eb4c70e685,f54c17346089ba805d00d389d8b7c1c3e1cdb89c6515d103c5f0f15f4eb61185,c1881d4f6c0f31cc50171d6c3004faa1325b5e8d,missed,0.0,count
ladder,S2_thermal_cycle,rls,2,10,True,S2_thermal_cycle__rls__seed2,19c57e97290995438510692dd0c87d401ed506ad1b05f6b88446276b5f326325,f54c17346089ba805d00d389d8b7c1c3e1cdb89c6515d103c5f0f15f4eb61185,c1881d4f6c0f31cc50171d6c3004faa1325b5e8d,missed,0.0,count
ladder,S2_thermal_cycle,rls,3,10,True,S2_thermal_cycle__rls__seed3,24befa705b788e8ac92815dc24ece289db28b46d6894613726a31248a0b3f0e9,f54c17346089ba805d00d389d8b7c1c3e1cdb89c6515d103c5f0f15f4eb61185,c1881d4f6c0f31cc50171d6c3004faa1325b5e8d,missed,0.0,count
ladder,S2_thermal_cycle,kalman,1,10,True,S2_thermal_cycle__kalman__seed1,a9d23ff021d7d7330d2f7690ce6fe1a23e9face2bceffa30bb9e10eb4c70e685,2dcdf9429baa9fcc847cc03bb3eb992a0574d0c81dcfbd456974ff9264223f13,c1881d4f6c0f31cc50171d6c3004faa1325b5e8d,missed,0.0,count
ladder,S2_thermal_cycle,kalman,2,10,True,S2_thermal_cycle__kalman__seed2,19c57e97290995438510692dd0c87d401ed506ad1b05f6b88446276b5f326325,2dcdf9429baa9fcc847cc03bb3eb992a0574d0c81dcfbd456974ff9264223f13,c1881d4f6c0f31cc50171d6c3004faa1325b5e8d,missed,0.0,count
ladder,S2_thermal_cycle,kalman,3,10,True,S2_thermal_cycle__kalman__seed3,24befa705b788e8ac92815dc24ece289db28b46d6894613726a31248a0b3f0e9,2dcdf9429baa9fcc847cc03bb3eb992a0574d0c81dcfbd456974ff9264223f13,c1881d4f6c0f31cc50171d6c3004faa1325b5e8d,missed,0.0,count
ladder,S3_zero_drift_walk,static_affine,1,10,True,S3_zero_drift_walk__static_affine__seed1,f100b6d8743f0beb23a874f69b02d3ff86fd69d1b80c3005bc53c22fbf24242c,535f10e6c30103272f64653e50d0578cbf5af363b23f0ecbad28905519d7af3d,c1881d4f6c0f31cc50171d6c3004faa1325b5e8d,missed,0.0,count
ladder,S3_zero_drift_walk,static_affine,2,10,True,S3_zero_drift_walk__static_affine__seed2,d908b1eec1d6ca010fbfed3dff58421d1657520e5136c0976972c56a507b8a71,535f10e6c30103272f64653e50d0578cbf5af363b23f0ecbad28905519d7af3d,c1881d4f6c0f31cc50171d6c3004faa1325b5e8d,missed,0.0,count
ladder,S3_zero_drift_walk,static_affine,3,10,True,S3_zero_drift_walk__static_affine__seed3,e65e6377500da0315dac92d9d159e61875ec095bbab24aed7387d0c3eeb9a9db,535f10e6c30103272f64653e50d0578cbf5af363b23f0ecbad28905519d7af3d,c1881d4f6c0f31cc50171d6c3004faa1325b5e8d,missed,0.0,count
ladder,S3_zero_drift_walk,rls,1,10,True,S3_zero_drift_walk__rls__seed1,f100b6d8743f0beb23a874f69b02d3ff86fd69d1b80c3005bc53c22fbf24242c,f54c17346089ba805d00d389d8b7c1c3e1cdb89c6515d103c5f0f15f4eb61185,c1881d4f6c0f31cc50171d6c3004faa1325b5e8d,missed,0.0,count
ladder,S3_zero_drift_walk,rls,2,10,True,S3_zero_drift_walk__rls__seed2,d908b1eec1d6ca010fbfed3dff58421d1657520e5136c0976972c56a507b8a71,f54c17346089ba805d00d389d8b7c1c3e1cdb89c6515d103c5f0f15f4eb61185,c1881d4f6c0f31cc50171d6c3004faa1325b5e8d,missed,0.0,count
ladder,S3_zero_drift_walk,rls,3,10,True,S3_zero_drift_walk__rls__seed3,e65e6377500da0315dac92d9d159e61875ec095bbab24aed7387d0c3eeb9a9db,f54c17346089ba805d00d389d8b7c1c3e1cdb89c6515d103c5f0f15f4eb61185,c1881d4f6c0f31cc50171d6c3004faa1325b5e8d,missed,0.0,count
ladder,S3_zero_drift_walk,kalman,1,10,True,S3_zero_drift_walk__kalman__seed1,f100b6d8743f0beb23a874f69b02d3ff86fd69d1b80c3005bc53c22fbf24242c,2dcdf9429baa9fcc847cc03bb3eb992a0574d0c81dcfbd456974ff9264223f13,c1881d4f6c0f31cc50171d6c3004faa1325b5e8d,missed,0.0,count
ladder,S3_zero_drift_walk,kalman,2,10,True,S3_zero_drift_walk__kalman__seed2,d908b1eec1d6ca010fbfed3dff58421d1657520e5136c0976972c56a507b8a71,2dcdf9429baa9fcc847cc03bb3eb992a0574d0c81dcfbd456974ff9264223f13,c1881d4f6c0f31cc50171d6c3004faa1325b5e8d,missed,0.0,count
ladder,S3_zero_drift_walk,kalman,3,10,True,S3_zero_drift_walk__kalman__seed3,e65e6377500da0315dac92d9d159e61875ec095bbab24aed7387d0c3eeb9a9db,2dcdf9429baa9fcc847cc03bb3eb992a0574d0c81dcfbd456974ff9264223f13,c1881d4f6c0f31cc50171d6c3004faa1325b5e8d,missed,0.0,count
ladder,S4_step_fault,static_affine,1,10,True,S4_step_fault__static_affine__seed1,7d29a6d7dca932314e512c265e0e559ec6cc02e548aa25349a95d1f29dbf9ef1,535f10e6c30103272f64653e50d0578cbf5af363b23f0ecbad28905519d7af3d,c1881d4f6c0f31cc50171d6c3004faa1325b5e8d,missed,2.0,count
ladder,S4_step_fault,static_affine,2,10,True,S4_step_fault__static_affine__seed2,adc80992e5ad2b0074c2ccb5fd189429c3fd11d2d51d242aa1caec078b0db1d2,535f10e6c30103272f64653e50d0578cbf5af363b23f0ecbad28905519d7af3d,c1881d4f6c0f31cc50171d6c3004faa1325b5e8d,missed,2.0,count
ladder,S4_step_fault,static_affine,3,10,True,S4_step_fault__static_affine__seed3,755a0aa70d2f3fe05534c8cb137d5df18ed16325d4692fc840c3daee2c8a8c92,535f10e6c30103272f64653e50d0578cbf5af363b23f0ecbad28905519d7af3d,c1881d4f6c0f31cc50171d6c3004faa1325b5e8d,missed,1.0,count
ladder,S4_step_fault,rls,1,10,True,S4_step_fault__rls__seed1,7d29a6d7dca932314e512c265e0e559ec6cc02e548aa25349a95d1f29dbf9ef1,f54c17346089ba805d00d389d8b7c1c3e1cdb89c6515d103c5f0f15f4eb61185,c1881d4f6c0f31cc50171d6c3004faa1325b5e8d,missed,2.0,count
ladder,S4_step_fault,rls,2,10,True,S4_step_fault__rls__seed2,adc80992e5ad2b0074c2ccb5fd189429c3fd11d2d51d242aa1caec078b0db1d2,f54c17346089ba805d00d389d8b7c1c3e1cdb89c6515d103c5f0f15f4eb61185,c1881d4f6c0f31cc50171d6c3004faa1325b5e8d,missed,2.0,count
ladder,S4_step_fault,rls,3,10,True,S4_step_fault__rls__seed3,755a0aa70d2f3fe05534c8cb137d5df18ed16325d4692fc840c3daee2c8a8c92,f54c17346089ba805d00d389d8b7c1c3e1cdb89c6515d103c5f0f15f4eb61185,c1881d4f6c0f31cc50171d6c3004faa1325b5e8d,missed,1.0,count
ladder,S4_step_fault,kalman,1,10,True,S4_step_fault__kalman__seed1,7d29a6d7dca932314e512c265e0e559ec6cc02e548aa25349a95d1f29dbf9ef1,2dcdf9429baa9fcc847cc03bb3eb992a0574d0c81dcfbd456974ff9264223f13,c1881d4f6c0f31cc50171d6c3004faa1325b5e8d,missed,2.0,count
ladder,S4_step_fault,kalman,2,10,True,S4_step_fault__kalman__seed2,adc80992e5ad2b0074c2ccb5fd189429c3fd11d2d51d242aa1caec078b0db1d2,2dcdf9429baa9fcc847cc03bb3eb992a0574d0c81dcfbd456974ff9264223f13,c1881d4f6c0f31cc50171d6c3004faa1325b5e8d,missed,2.0,count
ladder,S4_step_fault,kalman,3,10,True,S4_step_fault__kalman__seed3,755a0aa70d2f3fe05534c8cb137d5df18ed16325d4692fc840c3daee2c8a8c92,2dcdf9429baa9fcc847cc03bb3eb992a0574d0c81dcfbd456974ff9264223f13,c1881d4f6c0f31cc50171d6c3004faa1325b5e8d,missed,1.0,count
ladder,S5_outage,static_affine,1,10,True,S5_outage__static_affine__seed1,ab25696964de9a9bd056c05f5021821512f6128f06fede373f779014f2fed9d8,535f10e6c30103272f64653e50d0578cbf5af363b23f0ecbad28905519d7af3d,c1881d4f6c0f31cc50171d6c3004faa1325b5e8d,missed,0.0,count
ladder,S5_outage,static_affine,2,10,True,S5_outage__static_affine__seed2,0052a68ebb4dd1334f0378cfa6defa07917942ba64b15d70b6cd736642ab3e2c,535f10e6c30103272f64653e50d0578cbf5af363b23f0ecbad28905519d7af3d,c1881d4f6c0f31cc50171d6c3004faa1325b5e8d,missed,0.0,count
ladder,S5_outage,static_affine,3,10,True,S5_outage__static_affine__seed3,e71247b8c58f106fad94f1fa68a340a88baac5595f00b577c8912131cd60a6c4,535f10e6c30103272f64653e50d0578cbf5af363b23f0ecbad28905519d7af3d,c1881d4f6c0f31cc50171d6c3004faa1325b5e8d,missed,0.0,count
ladder,S5_outage,rls,1,10,True,S5_outage__rls__seed1,ab25696964de9a9bd056c05f5021821512f6128f06fede373f779014f2fed9d8,f54c17346089ba805d00d389d8b7c1c3e1cdb89c6515d103c5f0f15f4eb61185,c1881d4f6c0f31cc50171d6c3004faa1325b5e8d,missed,0.0,count
ladder,S5_outage,rls,2,10,True,S5_outage__rls__seed2,0052a68ebb4dd1334f0378cfa6defa07917942ba64b15d70b6cd736642ab3e2c,f54c17346089ba805d00d389d8b7c1c3e1cdb89c6515d103c5f0f15f4eb61185,c1881d4f6c0f31cc50171d6c3004faa1325b5e8d,missed,0.0,count
ladder,S5_outage,rls,3,10,True,S5_outage__rls__seed3,e71247b8c58f106fad94f1fa68a340a88baac5595f00b577c8912131cd60a6c4,f54c17346089ba805d00d389d8b7c1c3e1cdb89c6515d103c5f0f15f4eb61185,c1881d4f6c0f31cc50171d6c3004faa1325b5e8d,missed,0.0,count
ladder,S5_outage,kalman,1,10,True,S5_outage__kalman__seed1,ab25696964de9a9bd056c05f5021821512f6128f06fede373f779014f2fed9d8,2dcdf9429baa9fcc847cc03bb3eb992a0574d0c81dcfbd456974ff9264223f13,c1881d4f6c0f31cc50171d6c3004faa1325b5e8d,missed,0.0,count
ladder,S5_outage,kalman,2,10,True,S5_outage__kalman__seed2,0052a68ebb4dd1334f0378cfa6defa07917942ba64b15d70b6cd736642ab3e2c,2dcdf9429baa9fcc847cc03bb3eb992a0574d0c81dcfbd456974ff9264223f13,c1881d4f6c0f31cc50171d6c3004faa1325b5e8d,missed,0.0,count
ladder,S5_outage,kalman,3,10,True,S5_outage__kalman__seed3,e71247b8c58f106fad94f1fa68a340a88baac5595f00b577c8912131cd60a6c4,2dcdf9429baa9fcc847cc03bb3eb992a0574d0c81dcfbd456974ff9264223f13,c1881d4f6c0f31cc50171d6c3004faa1325b5e8d,missed,0.0,count
ladder,S6_combined,static_affine,1,10,True,S6_combined__static_affine__seed1,b3cf8d14b3aed8b1d65ab4497dcbfb879dbda2ce1da03bb07f6401c9b4b9bd4a,535f10e6c30103272f64653e50d0578cbf5af363b23f0ecbad28905519d7af3d,c1881d4f6c0f31cc50171d6c3004faa1325b5e8d,missed,1.0,count
ladder,S6_combined,static_affine,2,10,True,S6_combined__static_affine__seed2,e4f7ab87faf6982be139dc8af97757bff8d540d357c41e3d06ec298e4dd75854,535f10e6c30103272f64653e50d0578cbf5af363b23f0ecbad28905519d7af3d,c1881d4f6c0f31cc50171d6c3004faa1325b5e8d,missed,2.0,count
ladder,S6_combined,static_affine,3,10,True,S6_combined__static_affine__seed3,c371bfebbbdb510b204e19fcaedea3c47a4e8b6d77499f04ee6ac55d13fed988,535f10e6c30103272f64653e50d0578cbf5af363b23f0ecbad28905519d7af3d,c1881d4f6c0f31cc50171d6c3004faa1325b5e8d,missed,2.0,count
ladder,S6_combined,rls,1,10,True,S6_combined__rls__seed1,b3cf8d14b3aed8b1d65ab4497dcbfb879dbda2ce1da03bb07f6401c9b4b9bd4a,f54c17346089ba805d00d389d8b7c1c3e1cdb89c6515d103c5f0f15f4eb61185,c1881d4f6c0f31cc50171d6c3004faa1325b5e8d,missed,2.0,count
ladder,S6_combined,rls,2,10,True,S6_combined__rls__seed2,e4f7ab87faf6982be139dc8af97757bff8d540d357c41e3d06ec298e4dd75854,f54c17346089ba805d00d389d8b7c1c3e1cdb89c6515d103c5f0f15f4eb61185,c1881d4f6c0f31cc50171d6c3004faa1325b5e8d,missed,2.0,count
ladder,S6_combined,rls,3,10,True,S6_combined__rls__seed3,c371bfebbbdb510b204e19fcaedea3c47a4e8b6d77499f04ee6ac55d13fed988,f54c17346089ba805d00d389d8b7c1c3e1cdb89c6515d103c5f0f15f4eb61185,c1881d4f6c0f31cc50171d6c3004faa1325b5e8d,missed,2.0,count
ladder,S6_combined,kalman,1,10,True,S6_combined__kalman__seed1,b3cf8d14b3aed8b1d65ab4497dcbfb879dbda2ce1da03bb07f6401c9b4b9bd4a,2dcdf9429baa9fcc847cc03bb3eb992a0574d0c81dcfbd456974ff9264223f13,c1881d4f6c0f31cc50171d6c3004faa1325b5e8d,missed,2.0,count
ladder,S6_combined,kalman,2,10,True,S6_combined__kalman__seed2,e4f7ab87faf6982be139dc8af97757bff8d540d357c41e3d06ec298e4dd75854,2dcdf9429baa9fcc847cc03bb3eb992a0574d0c81dcfbd456974ff9264223f13,c1881d4f6c0f31cc50171d6c3004faa1325b5e8d,missed,2.0,count
ladder,S6_combined,kalman,3,10,True,S6_combined__kalman__seed3,c371bfebbbdb510b204e19fcaedea3c47a4e8b6d77499f04ee6ac55d13fed988,2dcdf9429baa9fcc847cc03bb3eb992a0574d0c81dcfbd456974ff9264223f13,c1881d4f6c0f31cc50171d6c3004faa1325b5e8d,missed,2.0,count
ladder,S7_sparse_reference,static_affine,1,10,True,S7_sparse_reference__static_affine__seed1,24835dafebd07f6facda17ec68b148ca21bd70070201cdbfe1cf136d6c2da50a,535f10e6c30103272f64653e50d0578cbf5af363b23f0ecbad28905519d7af3d,c1881d4f6c0f31cc50171d6c3004faa1325b5e8d,missed,1.0,count
ladder,S7_sparse_reference,static_affine,2,10,True,S7_sparse_reference__static_affine__seed2,1830f9600d18220efd37edc0ed15951b55aee715e2061c3ef38b60364f8b8678,535f10e6c30103272f64653e50d0578cbf5af363b23f0ecbad28905519d7af3d,c1881d4f6c0f31cc50171d6c3004faa1325b5e8d,missed,1.0,count
ladder,S7_sparse_reference,static_affine,3,10,True,S7_sparse_reference__static_affine__seed3,b10da6cea2c796fcd510a2c7d7f3d2074f0eed008477bb57609f09be0a5cc888,535f10e6c30103272f64653e50d0578cbf5af363b23f0ecbad28905519d7af3d,c1881d4f6c0f31cc50171d6c3004faa1325b5e8d,missed,1.0,count
ladder,S7_sparse_reference,rls,1,10,True,S7_sparse_reference__rls__seed1,24835dafebd07f6facda17ec68b148ca21bd70070201cdbfe1cf136d6c2da50a,f54c17346089ba805d00d389d8b7c1c3e1cdb89c6515d103c5f0f15f4eb61185,c1881d4f6c0f31cc50171d6c3004faa1325b5e8d,missed,1.0,count
ladder,S7_sparse_reference,rls,2,10,True,S7_sparse_reference__rls__seed2,1830f9600d18220efd37edc0ed15951b55aee715e2061c3ef38b60364f8b8678,f54c17346089ba805d00d389d8b7c1c3e1cdb89c6515d103c5f0f15f4eb61185,c1881d4f6c0f31cc50171d6c3004faa1325b5e8d,missed,0.0,count
ladder,S7_sparse_reference,rls,3,10,True,S7_sparse_reference__rls__seed3,b10da6cea2c796fcd510a2c7d7f3d2074f0eed008477bb57609f09be0a5cc888,f54c17346089ba805d00d389d8b7c1c3e1cdb89c6515d103c5f0f15f4eb61185,c1881d4f6c0f31cc50171d6c3004faa1325b5e8d,missed,1.0,count
ladder,S7_sparse_reference,kalman,1,10,True,S7_sparse_reference__kalman__seed1,24835dafebd07f6facda17ec68b148ca21bd70070201cdbfe1cf136d6c2da50a,2dcdf9429baa9fcc847cc03bb3eb992a0574d0c81dcfbd456974ff9264223f13,c1881d4f6c0f31cc50171d6c3004faa1325b5e8d,missed,1.0,count
ladder,S7_sparse_reference,kalman,2,10,True,S7_sparse_reference__kalman__seed2,1830f9600d18220efd37edc0ed15951b55aee715e2061c3ef38b60364f8b8678,2dcdf9429baa9fcc847cc03bb3eb992a0574d0c81dcfbd456974ff9264223f13,c1881d4f6c0f31cc50171d6c3004faa1325b5e8d,missed,1.0,count
ladder,S7_sparse_reference,kalman,3,10,True,S7_sparse_reference__kalman__seed3,b10da6cea2c796fcd510a2c7d7f3d2074f0eed008477bb57609f09be0a5cc888,2dcdf9429baa9fcc847cc03bb3eb992a0574d0c81dcfbd456974ff9264223f13,c1881d4f6c0f31cc50171d6c3004faa1325b5e8d,missed,1.0,count
ladder,S1_nominal,static_affine,1,10,True,S1_nominal__static_affine__seed1,1f0eb7d0a64d2c9430bd781be2ad3a6383c85935e18ff7809210a4dbae3f4f74,535f10e6c30103272f64653e50d0578cbf5af363b23f0ecbad28905519d7af3d,c1881d4f6c0f31cc50171d6c3004faa1325b5e8d,false_alarms,0.0,count
ladder,S1_nominal,static_affine,2,10,True,S1_nominal__static_affine__seed2,c45f068e83a0db5af8037bcec208da070545216f5240a590ba8286dfcee1b0b4,535f10e6c30103272f64653e50d0578cbf5af363b23f0ecbad28905519d7af3d,c1881d4f6c0f31cc50171d6c3004faa1325b5e8d,false_alarms,0.0,count
ladder,S1_nominal,static_affine,3,10,True,S1_nominal__static_affine__seed3,7f808862af70bdf5f8b721f954c967c9d3eb0d071e708e4f266d8f7901642f98,535f10e6c30103272f64653e50d0578cbf5af363b23f0ecbad28905519d7af3d,c1881d4f6c0f31cc50171d6c3004faa1325b5e8d,false_alarms,0.0,count
ladder,S1_nominal,rls,1,10,True,S1_nominal__rls__seed1,1f0eb7d0a64d2c9430bd781be2ad3a6383c85935e18ff7809210a4dbae3f4f74,f54c17346089ba805d00d389d8b7c1c3e1cdb89c6515d103c5f0f15f4eb61185,c1881d4f6c0f31cc50171d6c3004faa1325b5e8d,false_alarms,0.0,count
ladder,S1_nominal,rls,2,10,True,S1_nominal__rls__seed2,c45f068e83a0db5af8037bcec208da070545216f5240a590ba8286dfcee1b0b4,f54c17346089ba805d00d389d8b7c1c3e1cdb89c6515d103c5f0f15f4eb61185,c1881d4f6c0f31cc50171d6c3004faa1325b5e8d,false_alarms,0.0,count
ladder,S1_nominal,rls,3,10,True,S1_nominal__rls__seed3,7f808862af70bdf5f8b721f954c967c9d3eb0d071e708e4f266d8f7901642f98,f54c17346089ba805d00d389d8b7c1c3e1cdb89c6515d103c5f0f15f4eb61185,c1881d4f6c0f31cc50171d6c3004faa1325b5e8d,false_alarms,0.0,count
ladder,S1_nominal,kalman,1,10,True,S1_nominal__kalman__seed1,1f0eb7d0a64d2c9430bd781be2ad3a6383c85935e18ff7809210a4dbae3f4f74,2dcdf9429baa9fcc847cc03bb3eb992a0574d0c81dcfbd456974ff9264223f13,c1881d4f6c0f31cc50171d6c3004faa1325b5e8d,false_alarms,0.0,count
ladder,S1_nominal,kalman,2,10,True,S1_nominal__kalman__seed2,c45f068e83a0db5af8037bcec208da070545216f5240a590ba8286dfcee1b0b4,2dcdf9429baa9fcc847cc03bb3eb992a0574d0c81dcfbd456974ff9264223f13,c1881d4f6c0f31cc50171d6c3004faa1325b5e8d,false_alarms,0.0,count
ladder,S1_nominal,kalman,3,10,True,S1_nominal__kalman__seed3,7f808862af70bdf5f8b721f954c967c9d3eb0d071e708e4f266d8f7901642f98,2dcdf9429baa9fcc847cc03bb3eb992a0574d0c81dcfbd456974ff9264223f13,c1881d4f6c0f31cc50171d6c3004faa1325b5e8d,false_alarms,0.0,count
ladder,S2_thermal_cycle,static_affine,1,10,True,S2_thermal_cycle__static_affine__seed1,a9d23ff021d7d7330d2f7690ce6fe1a23e9face2bceffa30bb9e10eb4c70e685,535f10e6c30103272f64653e50d0578cbf5af363b23f0ecbad28905519d7af3d,c1881d4f6c0f31cc50171d6c3004faa1325b5e8d,false_alarms,2.0,count
ladder,S2_thermal_cycle,static_affine,2,10,True,S2_thermal_cycle__static_affine__seed2,19c57e97290995438510692dd0c87d401ed506ad1b05f6b88446276b5f326325,535f10e6c30103272f64653e50d0578cbf5af363b23f0ecbad28905519d7af3d,c1881d4f6c0f31cc50171d6c3004faa1325b5e8d,false_alarms,1.0,count
ladder,S2_thermal_cycle,static_affine,3,10,True,S2_thermal_cycle__static_affine__seed3,24befa705b788e8ac92815dc24ece289db28b46d6894613726a31248a0b3f0e9,535f10e6c30103272f64653e50d0578cbf5af363b23f0ecbad28905519d7af3d,c1881d4f6c0f31cc50171d6c3004faa1325b5e8d,false_alarms,5.0,count
ladder,S2_thermal_cycle,rls,1,10,True,S2_thermal_cycle__rls__seed1,a9d23ff021d7d7330d2f7690ce6fe1a23e9face2bceffa30bb9e10eb4c70e685,f54c17346089ba805d00d389d8b7c1c3e1cdb89c6515d103c5f0f15f4eb61185,c1881d4f6c0f31cc50171d6c3004faa1325b5e8d,false_alarms,1.0,count
ladder,S2_thermal_cycle,rls,2,10,True,S2_thermal_cycle__rls__seed2,19c57e97290995438510692dd0c87d401ed506ad1b05f6b88446276b5f326325,f54c17346089ba805d00d389d8b7c1c3e1cdb89c6515d103c5f0f15f4eb61185,c1881d4f6c0f31cc50171d6c3004faa1325b5e8d,false_alarms,3.0,count
ladder,S2_thermal_cycle,rls,3,10,True,S2_thermal_cycle__rls__seed3,24befa705b788e8ac92815dc24ece289db28b46d6894613726a31248a0b3f0e9,f54c17346089ba805d00d389d8b7c1c3e1cdb89c6515d103c5f0f15f4eb61185,c1881d4f6c0f31cc50171d6c3004faa1325b5e8d,false_alarms,2.0,count
ladder,S2_thermal_cycle,kalman,1,10,True,S2_thermal_cycle__kalman__seed1,a9d23ff021d7d7330d2f7690ce6fe1a23e9face2bceffa30bb9e10eb4c70e685,2dcdf9429baa9fcc847cc03bb3eb992a0574d0c81dcfbd456974ff9264223f13,c1881d4f6c0f31cc50171d6c3004faa1325b5e8d,false_alarms,2.0,count
ladder,S2_thermal_cycle,kalman,2,10,True,S2_thermal_cycle__kalman__seed2,19c57e97290995438510692dd0c87d401ed506ad1b05f6b88446276b5f326325,2dcdf9429baa9fcc847cc03bb3eb992a0574d0c81dcfbd456974ff9264223f13,c1881d4f6c0f31cc50171d6c3004faa1325b5e8d,false_alarms,2.0,count
ladder,S2_thermal_cycle,kalman,3,10,True,S2_thermal_cycle__kalman__seed3,24befa705b788e8ac92815dc24ece289db28b46d6894613726a31248a0b3f0e9,2dcdf9429baa9fcc847cc03bb3eb992a0574d0c81dcfbd456974ff9264223f13,c1881d4f6c0f31cc50171d6c3004faa1325b5e8d,false_alarms,3.0,count
ladder,S3_zero_drift_walk,static_affine,1,10,True,S3_zero_drift_walk__static_affine__seed1,f100b6d8743f0beb23a874f69b02d3ff86fd69d1b80c3005bc53c22fbf24242c,535f10e6c30103272f64653e50d0578cbf5af363b23f0ecbad28905519d7af3d,c1881d4f6c0f31cc50171d6c3004faa1325b5e8d,false_alarms,0.0,count
ladder,S3_zero_drift_walk,static_affine,2,10,True,S3_zero_drift_walk__static_affine__seed2,d908b1eec1d6ca010fbfed3dff58421d1657520e5136c0976972c56a507b8a71,535f10e6c30103272f64653e50d0578cbf5af363b23f0ecbad28905519d7af3d,c1881d4f6c0f31cc50171d6c3004faa1325b5e8d,false_alarms,0.0,count
ladder,S3_zero_drift_walk,static_affine,3,10,True,S3_zero_drift_walk__static_affine__seed3,e65e6377500da0315dac92d9d159e61875ec095bbab24aed7387d0c3eeb9a9db,535f10e6c30103272f64653e50d0578cbf5af363b23f0ecbad28905519d7af3d,c1881d4f6c0f31cc50171d6c3004faa1325b5e8d,false_alarms,2.0,count
ladder,S3_zero_drift_walk,rls,1,10,True,S3_zero_drift_walk__rls__seed1,f100b6d8743f0beb23a874f69b02d3ff86fd69d1b80c3005bc53c22fbf24242c,f54c17346089ba805d00d389d8b7c1c3e1cdb89c6515d103c5f0f15f4eb61185,c1881d4f6c0f31cc50171d6c3004faa1325b5e8d,false_alarms,0.0,count
ladder,S3_zero_drift_walk,rls,2,10,True,S3_zero_drift_walk__rls__seed2,d908b1eec1d6ca010fbfed3dff58421d1657520e5136c0976972c56a507b8a71,f54c17346089ba805d00d389d8b7c1c3e1cdb89c6515d103c5f0f15f4eb61185,c1881d4f6c0f31cc50171d6c3004faa1325b5e8d,false_alarms,1.0,count
ladder,S3_zero_drift_walk,rls,3,10,True,S3_zero_drift_walk__rls__seed3,e65e6377500da0315dac92d9d159e61875ec095bbab24aed7387d0c3eeb9a9db,f54c17346089ba805d00d389d8b7c1c3e1cdb89c6515d103c5f0f15f4eb61185,c1881d4f6c0f31cc50171d6c3004faa1325b5e8d,false_alarms,2.0,count
ladder,S3_zero_drift_walk,kalman,1,10,True,S3_zero_drift_walk__kalman__seed1,f100b6d8743f0beb23a874f69b02d3ff86fd69d1b80c3005bc53c22fbf24242c,2dcdf9429baa9fcc847cc03bb3eb992a0574d0c81dcfbd456974ff9264223f13,c1881d4f6c0f31cc50171d6c3004faa1325b5e8d,false_alarms,0.0,count
ladder,S3_zero_drift_walk,kalman,2,10,True,S3_zero_drift_walk__kalman__seed2,d908b1eec1d6ca010fbfed3dff58421d1657520e5136c0976972c56a507b8a71,2dcdf9429baa9fcc847cc03bb3eb992a0574d0c81dcfbd456974ff9264223f13,c1881d4f6c0f31cc50171d6c3004faa1325b5e8d,false_alarms,1.0,count
ladder,S3_zero_drift_walk,kalman,3,10,True,S3_zero_drift_walk__kalman__seed3,e65e6377500da0315dac92d9d159e61875ec095bbab24aed7387d0c3eeb9a9db,2dcdf9429baa9fcc847cc03bb3eb992a0574d0c81dcfbd456974ff9264223f13,c1881d4f6c0f31cc50171d6c3004faa1325b5e8d,false_alarms,1.0,count
ladder,S4_step_fault,static_affine,1,10,True,S4_step_fault__static_affine__seed1,7d29a6d7dca932314e512c265e0e559ec6cc02e548aa25349a95d1f29dbf9ef1,535f10e6c30103272f64653e50d0578cbf5af363b23f0ecbad28905519d7af3d,c1881d4f6c0f31cc50171d6c3004faa1325b5e8d,false_alarms,2.0,count
ladder,S4_step_fault,static_affine,2,10,True,S4_step_fault__static_affine__seed2,adc80992e5ad2b0074c2ccb5fd189429c3fd11d2d51d242aa1caec078b0db1d2,535f10e6c30103272f64653e50d0578cbf5af363b23f0ecbad28905519d7af3d,c1881d4f6c0f31cc50171d6c3004faa1325b5e8d,false_alarms,2.0,count
ladder,S4_step_fault,static_affine,3,10,True,S4_step_fault__static_affine__seed3,755a0aa70d2f3fe05534c8cb137d5df18ed16325d4692fc840c3daee2c8a8c92,535f10e6c30103272f64653e50d0578cbf5af363b23f0ecbad28905519d7af3d,c1881d4f6c0f31cc50171d6c3004faa1325b5e8d,false_alarms,1.0,count
ladder,S4_step_fault,rls,1,10,True,S4_step_fault__rls__seed1,7d29a6d7dca932314e512c265e0e559ec6cc02e548aa25349a95d1f29dbf9ef1,f54c17346089ba805d00d389d8b7c1c3e1cdb89c6515d103c5f0f15f4eb61185,c1881d4f6c0f31cc50171d6c3004faa1325b5e8d,false_alarms,2.0,count
ladder,S4_step_fault,rls,2,10,True,S4_step_fault__rls__seed2,adc80992e5ad2b0074c2ccb5fd189429c3fd11d2d51d242aa1caec078b0db1d2,f54c17346089ba805d00d389d8b7c1c3e1cdb89c6515d103c5f0f15f4eb61185,c1881d4f6c0f31cc50171d6c3004faa1325b5e8d,false_alarms,1.0,count
ladder,S4_step_fault,rls,3,10,True,S4_step_fault__rls__seed3,755a0aa70d2f3fe05534c8cb137d5df18ed16325d4692fc840c3daee2c8a8c92,f54c17346089ba805d00d389d8b7c1c3e1cdb89c6515d103c5f0f15f4eb61185,c1881d4f6c0f31cc50171d6c3004faa1325b5e8d,false_alarms,1.0,count
ladder,S4_step_fault,kalman,1,10,True,S4_step_fault__kalman__seed1,7d29a6d7dca932314e512c265e0e559ec6cc02e548aa25349a95d1f29dbf9ef1,2dcdf9429baa9fcc847cc03bb3eb992a0574d0c81dcfbd456974ff9264223f13,c1881d4f6c0f31cc50171d6c3004faa1325b5e8d,false_alarms,1.0,count
ladder,S4_step_fault,kalman,2,10,True,S4_step_fault__kalman__seed2,adc80992e5ad2b0074c2ccb5fd189429c3fd11d2d51d242aa1caec078b0db1d2,2dcdf9429baa9fcc847cc03bb3eb992a0574d0c81dcfbd456974ff9264223f13,c1881d4f6c0f31cc50171d6c3004faa1325b5e8d,false_alarms,1.0,count
ladder,S4_step_fault,kalman,3,10,True,S4_step_fault__kalman__seed3,755a0aa70d2f3fe05534c8cb137d5df18ed16325d4692fc840c3daee2c8a8c92,2dcdf9429baa9fcc847cc03bb3eb992a0574d0c81dcfbd456974ff9264223f13,c1881d4f6c0f31cc50171d6c3004faa1325b5e8d,false_alarms,1.0,count
ladder,S5_outage,static_affine,1,10,True,S5_outage__static_affine__seed1,ab25696964de9a9bd056c05f5021821512f6128f06fede373f779014f2fed9d8,535f10e6c30103272f64653e50d0578cbf5af363b23f0ecbad28905519d7af3d,c1881d4f6c0f31cc50171d6c3004faa1325b5e8d,false_alarms,0.0,count
ladder,S5_outage,static_affine,2,10,True,S5_outage__static_affine__seed2,0052a68ebb4dd1334f0378cfa6defa07917942ba64b15d70b6cd736642ab3e2c,535f10e6c30103272f64653e50d0578cbf5af363b23f0ecbad28905519d7af3d,c1881d4f6c0f31cc50171d6c3004faa1325b5e8d,false_alarms,0.0,count
ladder,S5_outage,static_affine,3,10,True,S5_outage__static_affine__seed3,e71247b8c58f106fad94f1fa68a340a88baac5595f00b577c8912131cd60a6c4,535f10e6c30103272f64653e50d0578cbf5af363b23f0ecbad28905519d7af3d,c1881d4f6c0f31cc50171d6c3004faa1325b5e8d,false_alarms,1.0,count
ladder,S5_outage,rls,1,10,True,S5_outage__rls__seed1,ab25696964de9a9bd056c05f5021821512f6128f06fede373f779014f2fed9d8,f54c17346089ba805d00d389d8b7c1c3e1cdb89c6515d103c5f0f15f4eb61185,c1881d4f6c0f31cc50171d6c3004faa1325b5e8d,false_alarms,0.0,count
ladder,S5_outage,rls,2,10,True,S5_outage__rls__seed2,0052a68ebb4dd1334f0378cfa6defa07917942ba64b15d70b6cd736642ab3e2c,f54c17346089ba805d00d389d8b7c1c3e1cdb89c6515d103c5f0f15f4eb61185,c1881d4f6c0f31cc50171d6c3004faa1325b5e8d,false_alarms,0.0,count
ladder,S5_outage,rls,3,10,True,S5_outage__rls__seed3,e71247b8c58f106fad94f1fa68a340a88baac5595f00b577c8912131cd60a6c4,f54c17346089ba805d00d389d8b7c1c3e1cdb89c6515d103c5f0f15f4eb61185,c1881d4f6c0f31cc50171d6c3004faa1325b5e8d,false_alarms,1.0,count
ladder,S5_outage,kalman,1,10,True,S5_outage__kalman__seed1,ab25696964de9a9bd056c05f5021821512f6128f06fede373f779014f2fed9d8,2dcdf9429baa9fcc847cc03bb3eb992a0574d0c81dcfbd456974ff9264223f13,c1881d4f6c0f31cc50171d6c3004faa1325b5e8d,false_alarms,0.0,count
ladder,S5_outage,kalman,2,10,True,S5_outage__kalman__seed2,0052a68ebb4dd1334f0378cfa6defa07917942ba64b15d70b6cd736642ab3e2c,2dcdf9429baa9fcc847cc03bb3eb992a0574d0c81dcfbd456974ff9264223f13,c1881d4f6c0f31cc50171d6c3004faa1325b5e8d,false_alarms,0.0,count
ladder,S5_outage,kalman,3,10,True,S5_outage__kalman__seed3,e71247b8c58f106fad94f1fa68a340a88baac5595f00b577c8912131cd60a6c4,2dcdf9429baa9fcc847cc03bb3eb992a0574d0c81dcfbd456974ff9264223f13,c1881d4f6c0f31cc50171d6c3004faa1325b5e8d,false_alarms,0.0,count
ladder,S6_combined,static_affine,1,10,True,S6_combined__static_affine__seed1,b3cf8d14b3aed8b1d65ab4497dcbfb879dbda2ce1da03bb07f6401c9b4b9bd4a,535f10e6c30103272f64653e50d0578cbf5af363b23f0ecbad28905519d7af3d,c1881d4f6c0f31cc50171d6c3004faa1325b5e8d,false_alarms,1.0,count
ladder,S6_combined,static_affine,2,10,True,S6_combined__static_affine__seed2,e4f7ab87faf6982be139dc8af97757bff8d540d357c41e3d06ec298e4dd75854,535f10e6c30103272f64653e50d0578cbf5af363b23f0ecbad28905519d7af3d,c1881d4f6c0f31cc50171d6c3004faa1325b5e8d,false_alarms,2.0,count
ladder,S6_combined,static_affine,3,10,True,S6_combined__static_affine__seed3,c371bfebbbdb510b204e19fcaedea3c47a4e8b6d77499f04ee6ac55d13fed988,535f10e6c30103272f64653e50d0578cbf5af363b23f0ecbad28905519d7af3d,c1881d4f6c0f31cc50171d6c3004faa1325b5e8d,false_alarms,1.0,count
ladder,S6_combined,rls,1,10,True,S6_combined__rls__seed1,b3cf8d14b3aed8b1d65ab4497dcbfb879dbda2ce1da03bb07f6401c9b4b9bd4a,f54c17346089ba805d00d389d8b7c1c3e1cdb89c6515d103c5f0f15f4eb61185,c1881d4f6c0f31cc50171d6c3004faa1325b5e8d,false_alarms,2.0,count
ladder,S6_combined,rls,2,10,True,S6_combined__rls__seed2,e4f7ab87faf6982be139dc8af97757bff8d540d357c41e3d06ec298e4dd75854,f54c17346089ba805d00d389d8b7c1c3e1cdb89c6515d103c5f0f15f4eb61185,c1881d4f6c0f31cc50171d6c3004faa1325b5e8d,false_alarms,2.0,count
ladder,S6_combined,rls,3,10,True,S6_combined__rls__seed3,c371bfebbbdb510b204e19fcaedea3c47a4e8b6d77499f04ee6ac55d13fed988,f54c17346089ba805d00d389d8b7c1c3e1cdb89c6515d103c5f0f15f4eb61185,c1881d4f6c0f31cc50171d6c3004faa1325b5e8d,false_alarms,2.0,count
ladder,S6_combined,kalman,1,10,True,S6_combined__kalman__seed1,b3cf8d14b3aed8b1d65ab4497dcbfb879dbda2ce1da03bb07f6401c9b4b9bd4a,2dcdf9429baa9fcc847cc03bb3eb992a0574d0c81dcfbd456974ff9264223f13,c1881d4f6c0f31cc50171d6c3004faa1325b5e8d,false_alarms,2.0,count
ladder,S6_combined,kalman,2,10,True,S6_combined__kalman__seed2,e4f7ab87faf6982be139dc8af97757bff8d540d357c41e3d06ec298e4dd75854,2dcdf9429baa9fcc847cc03bb3eb992a0574d0c81dcfbd456974ff9264223f13,c1881d4f6c0f31cc50171d6c3004faa1325b5e8d,false_alarms,1.0,count
ladder,S6_combined,kalman,3,10,True,S6_combined__kalman__seed3,c371bfebbbdb510b204e19fcaedea3c47a4e8b6d77499f04ee6ac55d13fed988,2dcdf9429baa9fcc847cc03bb3eb992a0574d0c81dcfbd456974ff9264223f13,c1881d4f6c0f31cc50171d6c3004faa1325b5e8d,false_alarms,2.0,count
ladder,S7_sparse_reference,static_affine,1,10,True,S7_sparse_reference__static_affine__seed1,24835dafebd07f6facda17ec68b148ca21bd70070201cdbfe1cf136d6c2da50a,535f10e6c30103272f64653e50d0578cbf5af363b23f0ecbad28905519d7af3d,c1881d4f6c0f31cc50171d6c3004faa1325b5e8d,false_alarms,2.0,count
ladder,S7_sparse_reference,static_affine,2,10,True,S7_sparse_reference__static_affine__seed2,1830f9600d18220efd37edc0ed15951b55aee715e2061c3ef38b60364f8b8678,535f10e6c30103272f64653e50d0578cbf5af363b23f0ecbad28905519d7af3d,c1881d4f6c0f31cc50171d6c3004faa1325b5e8d,false_alarms,2.0,count
ladder,S7_sparse_reference,static_affine,3,10,True,S7_sparse_reference__static_affine__seed3,b10da6cea2c796fcd510a2c7d7f3d2074f0eed008477bb57609f09be0a5cc888,535f10e6c30103272f64653e50d0578cbf5af363b23f0ecbad28905519d7af3d,c1881d4f6c0f31cc50171d6c3004faa1325b5e8d,false_alarms,3.0,count
ladder,S7_sparse_reference,rls,1,10,True,S7_sparse_reference__rls__seed1,24835dafebd07f6facda17ec68b148ca21bd70070201cdbfe1cf136d6c2da50a,f54c17346089ba805d00d389d8b7c1c3e1cdb89c6515d103c5f0f15f4eb61185,c1881d4f6c0f31cc50171d6c3004faa1325b5e8d,false_alarms,1.0,count
ladder,S7_sparse_reference,rls,2,10,True,S7_sparse_reference__rls__seed2,1830f9600d18220efd37edc0ed15951b55aee715e2061c3ef38b60364f8b8678,f54c17346089ba805d00d389d8b7c1c3e1cdb89c6515d103c5f0f15f4eb61185,c1881d4f6c0f31cc50171d6c3004faa1325b5e8d,false_alarms,1.0,count
ladder,S7_sparse_reference,rls,3,10,True,S7_sparse_reference__rls__seed3,b10da6cea2c796fcd510a2c7d7f3d2074f0eed008477bb57609f09be0a5cc888,f54c17346089ba805d00d389d8b7c1c3e1cdb89c6515d103c5f0f15f4eb61185,c1881d4f6c0f31cc50171d6c3004faa1325b5e8d,false_alarms,1.0,count
ladder,S7_sparse_reference,kalman,1,10,True,S7_sparse_reference__kalman__seed1,24835dafebd07f6facda17ec68b148ca21bd70070201cdbfe1cf136d6c2da50a,2dcdf9429baa9fcc847cc03bb3eb992a0574d0c81dcfbd456974ff9264223f13,c1881d4f6c0f31cc50171d6c3004faa1325b5e8d,false_alarms,0.0,count
ladder,S7_sparse_reference,kalman,2,10,True,S7_sparse_reference__kalman__seed2,1830f9600d18220efd37edc0ed15951b55aee715e2061c3ef38b60364f8b8678,2dcdf9429baa9fcc847cc03bb3eb992a0574d0c81dcfbd456974ff9264223f13,c1881d4f6c0f31cc50171d6c3004faa1325b5e8d,false_alarms,0.0,count
ladder,S7_sparse_reference,kalman,3,10,True,S7_sparse_reference__kalman__seed3,b10da6cea2c796fcd510a2c7d7f3d2074f0eed008477bb57609f09be0a5cc888,2dcdf9429baa9fcc847cc03bb3eb992a0574d0c81dcfbd456974ff9264223f13,c1881d4f6c0f31cc50171d6c3004faa1325b5e8d,false_alarms,1.0,count
ladder,S1_nominal,static_affine,1,10,True,S1_nominal__static_affine__seed1,1f0eb7d0a64d2c9430bd781be2ad3a6383c85935e18ff7809210a4dbae3f4f74,535f10e6c30103272f64653e50d0578cbf5af363b23f0ecbad28905519d7af3d,c1881d4f6c0f31cc50171d6c3004faa1325b5e8d,reconverge_passes,,count
ladder,S1_nominal,static_affine,2,10,True,S1_nominal__static_affine__seed2,c45f068e83a0db5af8037bcec208da070545216f5240a590ba8286dfcee1b0b4,535f10e6c30103272f64653e50d0578cbf5af363b23f0ecbad28905519d7af3d,c1881d4f6c0f31cc50171d6c3004faa1325b5e8d,reconverge_passes,,count
ladder,S1_nominal,static_affine,3,10,True,S1_nominal__static_affine__seed3,7f808862af70bdf5f8b721f954c967c9d3eb0d071e708e4f266d8f7901642f98,535f10e6c30103272f64653e50d0578cbf5af363b23f0ecbad28905519d7af3d,c1881d4f6c0f31cc50171d6c3004faa1325b5e8d,reconverge_passes,,count
ladder,S1_nominal,rls,1,10,True,S1_nominal__rls__seed1,1f0eb7d0a64d2c9430bd781be2ad3a6383c85935e18ff7809210a4dbae3f4f74,f54c17346089ba805d00d389d8b7c1c3e1cdb89c6515d103c5f0f15f4eb61185,c1881d4f6c0f31cc50171d6c3004faa1325b5e8d,reconverge_passes,,count
ladder,S1_nominal,rls,2,10,True,S1_nominal__rls__seed2,c45f068e83a0db5af8037bcec208da070545216f5240a590ba8286dfcee1b0b4,f54c17346089ba805d00d389d8b7c1c3e1cdb89c6515d103c5f0f15f4eb61185,c1881d4f6c0f31cc50171d6c3004faa1325b5e8d,reconverge_passes,,count
ladder,S1_nominal,rls,3,10,True,S1_nominal__rls__seed3,7f808862af70bdf5f8b721f954c967c9d3eb0d071e708e4f266d8f7901642f98,f54c17346089ba805d00d389d8b7c1c3e1cdb89c6515d103c5f0f15f4eb61185,c1881d4f6c0f31cc50171d6c3004faa1325b5e8d,reconverge_passes,,count
ladder,S1_nominal,kalman,1,10,True,S1_nominal__kalman__seed1,1f0eb7d0a64d2c9430bd781be2ad3a6383c85935e18ff7809210a4dbae3f4f74,2dcdf9429baa9fcc847cc03bb3eb992a0574d0c81dcfbd456974ff9264223f13,c1881d4f6c0f31cc50171d6c3004faa1325b5e8d,reconverge_passes,,count
ladder,S1_nominal,kalman,2,10,True,S1_nominal__kalman__seed2,c45f068e83a0db5af8037bcec208da070545216f5240a590ba8286dfcee1b0b4,2dcdf9429baa9fcc847cc03bb3eb992a0574d0c81dcfbd456974ff9264223f13,c1881d4f6c0f31cc50171d6c3004faa1325b5e8d,reconverge_passes,,count
ladder,S1_nominal,kalman,3,10,True,S1_nominal__kalman__seed3,7f808862af70bdf5f8b721f954c967c9d3eb0d071e708e4f266d8f7901642f98,2dcdf9429baa9fcc847cc03bb3eb992a0574d0c81dcfbd456974ff9264223f13,c1881d4f6c0f31cc50171d6c3004faa1325b5e8d,reconverge_passes,,count
ladder,S2_thermal_cycle,static_affine,1,10,True,S2_thermal_cycle__static_affine__seed1,a9d23ff021d7d7330d2f7690ce6fe1a23e9face2bceffa30bb9e10eb4c70e685,535f10e6c30103272f64653e50d0578cbf5af363b23f0ecbad28905519d7af3d,c1881d4f6c0f31cc50171d6c3004faa1325b5e8d,reconverge_passes,,count
ladder,S2_thermal_cycle,static_affine,2,10,True,S2_thermal_cycle__static_affine__seed2,19c57e97290995438510692dd0c87d401ed506ad1b05f6b88446276b5f326325,535f10e6c30103272f64653e50d0578cbf5af363b23f0ecbad28905519d7af3d,c1881d4f6c0f31cc50171d6c3004faa1325b5e8d,reconverge_passes,,count
ladder,S2_thermal_cycle,static_affine,3,10,True,S2_thermal_cycle__static_affine__seed3,24befa705b788e8ac92815dc24ece289db28b46d6894613726a31248a0b3f0e9,535f10e6c30103272f64653e50d0578cbf5af363b23f0ecbad28905519d7af3d,c1881d4f6c0f31cc50171d6c3004faa1325b5e8d,reconverge_passes,,count
ladder,S2_thermal_cycle,rls,1,10,True,S2_thermal_cycle__rls__seed1,a9d23ff021d7d7330d2f7690ce6fe1a23e9face2bceffa30bb9e10eb4c70e685,f54c17346089ba805d00d389d8b7c1c3e1cdb89c6515d103c5f0f15f4eb61185,c1881d4f6c0f31cc50171d6c3004faa1325b5e8d,reconverge_passes,,count
ladder,S2_thermal_cycle,rls,2,10,True,S2_thermal_cycle__rls__seed2,19c57e97290995438510692dd0c87d401ed506ad1b05f6b88446276b5f326325,f54c17346089ba805d00d389d8b7c1c3e1cdb89c6515d103c5f0f15f4eb61185,c1881d4f6c0f31cc50171d6c3004faa1325b5e8d,reconverge_passes,,count
ladder,S2_thermal_cycle,rls,3,10,True,S2_thermal_cycle__rls__seed3,24befa705b788e8ac92815dc24ece289db28b46d6894613726a31248a0b3f0e9,f54c17346089ba805d00d389d8b7c1c3e1cdb89c6515d103c5f0f15f4eb61185,c1881d4f6c0f31cc50171d6c3004faa1325b5e8d,reconverge_passes,,count
ladder,S2_thermal_cycle,kalman,1,10,True,S2_thermal_cycle__kalman__seed1,a9d23ff021d7d7330d2f7690ce6fe1a23e9face2bceffa30bb9e10eb4c70e685,2dcdf9429baa9fcc847cc03bb3eb992a0574d0c81dcfbd456974ff9264223f13,c1881d4f6c0f31cc50171d6c3004faa1325b5e8d,reconverge_passes,,count
ladder,S2_thermal_cycle,kalman,2,10,True,S2_thermal_cycle__kalman__seed2,19c57e97290995438510692dd0c87d401ed506ad1b05f6b88446276b5f326325,2dcdf9429baa9fcc847cc03bb3eb992a0574d0c81dcfbd456974ff9264223f13,c1881d4f6c0f31cc50171d6c3004faa1325b5e8d,reconverge_passes,,count
ladder,S2_thermal_cycle,kalman,3,10,True,S2_thermal_cycle__kalman__seed3,24befa705b788e8ac92815dc24ece289db28b46d6894613726a31248a0b3f0e9,2dcdf9429baa9fcc847cc03bb3eb992a0574d0c81dcfbd456974ff9264223f13,c1881d4f6c0f31cc50171d6c3004faa1325b5e8d,reconverge_passes,,count
ladder,S3_zero_drift_walk,static_affine,1,10,True,S3_zero_drift_walk__static_affine__seed1,f100b6d8743f0beb23a874f69b02d3ff86fd69d1b80c3005bc53c22fbf24242c,535f10e6c30103272f64653e50d0578cbf5af363b23f0ecbad28905519d7af3d,c1881d4f6c0f31cc50171d6c3004faa1325b5e8d,reconverge_passes,,count
ladder,S3_zero_drift_walk,static_affine,2,10,True,S3_zero_drift_walk__static_affine__seed2,d908b1eec1d6ca010fbfed3dff58421d1657520e5136c0976972c56a507b8a71,535f10e6c30103272f64653e50d0578cbf5af363b23f0ecbad28905519d7af3d,c1881d4f6c0f31cc50171d6c3004faa1325b5e8d,reconverge_passes,,count
ladder,S3_zero_drift_walk,static_affine,3,10,True,S3_zero_drift_walk__static_affine__seed3,e65e6377500da0315dac92d9d159e61875ec095bbab24aed7387d0c3eeb9a9db,535f10e6c30103272f64653e50d0578cbf5af363b23f0ecbad28905519d7af3d,c1881d4f6c0f31cc50171d6c3004faa1325b5e8d,reconverge_passes,,count
ladder,S3_zero_drift_walk,rls,1,10,True,S3_zero_drift_walk__rls__seed1,f100b6d8743f0beb23a874f69b02d3ff86fd69d1b80c3005bc53c22fbf24242c,f54c17346089ba805d00d389d8b7c1c3e1cdb89c6515d103c5f0f15f4eb61185,c1881d4f6c0f31cc50171d6c3004faa1325b5e8d,reconverge_passes,,count
ladder,S3_zero_drift_walk,rls,2,10,True,S3_zero_drift_walk__rls__seed2,d908b1eec1d6ca010fbfed3dff58421d1657520e5136c0976972c56a507b8a71,f54c17346089ba805d00d389d8b7c1c3e1cdb89c6515d103c5f0f15f4eb61185,c1881d4f6c0f31cc50171d6c3004faa1325b5e8d,reconverge_passes,,count
ladder,S3_zero_drift_walk,rls,3,10,True,S3_zero_drift_walk__rls__seed3,e65e6377500da0315dac92d9d159e61875ec095bbab24aed7387d0c3eeb9a9db,f54c17346089ba805d00d389d8b7c1c3e1cdb89c6515d103c5f0f15f4eb61185,c1881d4f6c0f31cc50171d6c3004faa1325b5e8d,reconverge_passes,,count
ladder,S3_zero_drift_walk,kalman,1,10,True,S3_zero_drift_walk__kalman__seed1,f100b6d8743f0beb23a874f69b02d3ff86fd69d1b80c3005bc53c22fbf24242c,2dcdf9429baa9fcc847cc03bb3eb992a0574d0c81dcfbd456974ff9264223f13,c1881d4f6c0f31cc50171d6c3004faa1325b5e8d,reconverge_passes,,count
ladder,S3_zero_drift_walk,kalman,2,10,True,S3_zero_drift_walk__kalman__seed2,d908b1eec1d6ca010fbfed3dff58421d1657520e5136c0976972c56a507b8a71,2dcdf9429baa9fcc847cc03bb3eb992a0574d0c81dcfbd456974ff9264223f13,c1881d4f6c0f31cc50171d6c3004faa1325b5e8d,reconverge_passes,,count
ladder,S3_zero_drift_walk,kalman,3,10,True,S3_zero_drift_walk__kalman__seed3,e65e6377500da0315dac92d9d159e61875ec095bbab24aed7387d0c3eeb9a9db,2dcdf9429baa9fcc847cc03bb3eb992a0574d0c81dcfbd456974ff9264223f13,c1881d4f6c0f31cc50171d6c3004faa1325b5e8d,reconverge_passes,,count
ladder,S4_step_fault,static_affine,1,10,True,S4_step_fault__static_affine__seed1,7d29a6d7dca932314e512c265e0e559ec6cc02e548aa25349a95d1f29dbf9ef1,535f10e6c30103272f64653e50d0578cbf5af363b23f0ecbad28905519d7af3d,c1881d4f6c0f31cc50171d6c3004faa1325b5e8d,reconverge_passes,763.0,count
ladder,S4_step_fault,static_affine,2,10,True,S4_step_fault__static_affine__seed2,adc80992e5ad2b0074c2ccb5fd189429c3fd11d2d51d242aa1caec078b0db1d2,535f10e6c30103272f64653e50d0578cbf5af363b23f0ecbad28905519d7af3d,c1881d4f6c0f31cc50171d6c3004faa1325b5e8d,reconverge_passes,580.0,count
ladder,S4_step_fault,static_affine,3,10,True,S4_step_fault__static_affine__seed3,755a0aa70d2f3fe05534c8cb137d5df18ed16325d4692fc840c3daee2c8a8c92,535f10e6c30103272f64653e50d0578cbf5af363b23f0ecbad28905519d7af3d,c1881d4f6c0f31cc50171d6c3004faa1325b5e8d,reconverge_passes,706.0,count
ladder,S4_step_fault,rls,1,10,True,S4_step_fault__rls__seed1,7d29a6d7dca932314e512c265e0e559ec6cc02e548aa25349a95d1f29dbf9ef1,f54c17346089ba805d00d389d8b7c1c3e1cdb89c6515d103c5f0f15f4eb61185,c1881d4f6c0f31cc50171d6c3004faa1325b5e8d,reconverge_passes,239.0,count
ladder,S4_step_fault,rls,2,10,True,S4_step_fault__rls__seed2,adc80992e5ad2b0074c2ccb5fd189429c3fd11d2d51d242aa1caec078b0db1d2,f54c17346089ba805d00d389d8b7c1c3e1cdb89c6515d103c5f0f15f4eb61185,c1881d4f6c0f31cc50171d6c3004faa1325b5e8d,reconverge_passes,518.0,count
ladder,S4_step_fault,rls,3,10,True,S4_step_fault__rls__seed3,755a0aa70d2f3fe05534c8cb137d5df18ed16325d4692fc840c3daee2c8a8c92,f54c17346089ba805d00d389d8b7c1c3e1cdb89c6515d103c5f0f15f4eb61185,c1881d4f6c0f31cc50171d6c3004faa1325b5e8d,reconverge_passes,492.0,count
ladder,S4_step_fault,kalman,1,10,True,S4_step_fault__kalman__seed1,7d29a6d7dca932314e512c265e0e559ec6cc02e548aa25349a95d1f29dbf9ef1,2dcdf9429baa9fcc847cc03bb3eb992a0574d0c81dcfbd456974ff9264223f13,c1881d4f6c0f31cc50171d6c3004faa1325b5e8d,reconverge_passes,202.0,count
ladder,S4_step_fault,kalman,2,10,True,S4_step_fault__kalman__seed2,adc80992e5ad2b0074c2ccb5fd189429c3fd11d2d51d242aa1caec078b0db1d2,2dcdf9429baa9fcc847cc03bb3eb992a0574d0c81dcfbd456974ff9264223f13,c1881d4f6c0f31cc50171d6c3004faa1325b5e8d,reconverge_passes,111.0,count
ladder,S4_step_fault,kalman,3,10,True,S4_step_fault__kalman__seed3,755a0aa70d2f3fe05534c8cb137d5df18ed16325d4692fc840c3daee2c8a8c92,2dcdf9429baa9fcc847cc03bb3eb992a0574d0c81dcfbd456974ff9264223f13,c1881d4f6c0f31cc50171d6c3004faa1325b5e8d,reconverge_passes,320.0,count
ladder,S5_outage,static_affine,1,10,True,S5_outage__static_affine__seed1,ab25696964de9a9bd056c05f5021821512f6128f06fede373f779014f2fed9d8,535f10e6c30103272f64653e50d0578cbf5af363b23f0ecbad28905519d7af3d,c1881d4f6c0f31cc50171d6c3004faa1325b5e8d,reconverge_passes,,count
ladder,S5_outage,static_affine,2,10,True,S5_outage__static_affine__seed2,0052a68ebb4dd1334f0378cfa6defa07917942ba64b15d70b6cd736642ab3e2c,535f10e6c30103272f64653e50d0578cbf5af363b23f0ecbad28905519d7af3d,c1881d4f6c0f31cc50171d6c3004faa1325b5e8d,reconverge_passes,,count
ladder,S5_outage,static_affine,3,10,True,S5_outage__static_affine__seed3,e71247b8c58f106fad94f1fa68a340a88baac5595f00b577c8912131cd60a6c4,535f10e6c30103272f64653e50d0578cbf5af363b23f0ecbad28905519d7af3d,c1881d4f6c0f31cc50171d6c3004faa1325b5e8d,reconverge_passes,,count
ladder,S5_outage,rls,1,10,True,S5_outage__rls__seed1,ab25696964de9a9bd056c05f5021821512f6128f06fede373f779014f2fed9d8,f54c17346089ba805d00d389d8b7c1c3e1cdb89c6515d103c5f0f15f4eb61185,c1881d4f6c0f31cc50171d6c3004faa1325b5e8d,reconverge_passes,,count
ladder,S5_outage,rls,2,10,True,S5_outage__rls__seed2,0052a68ebb4dd1334f0378cfa6defa07917942ba64b15d70b6cd736642ab3e2c,f54c17346089ba805d00d389d8b7c1c3e1cdb89c6515d103c5f0f15f4eb61185,c1881d4f6c0f31cc50171d6c3004faa1325b5e8d,reconverge_passes,,count
ladder,S5_outage,rls,3,10,True,S5_outage__rls__seed3,e71247b8c58f106fad94f1fa68a340a88baac5595f00b577c8912131cd60a6c4,f54c17346089ba805d00d389d8b7c1c3e1cdb89c6515d103c5f0f15f4eb61185,c1881d4f6c0f31cc50171d6c3004faa1325b5e8d,reconverge_passes,,count
ladder,S5_outage,kalman,1,10,True,S5_outage__kalman__seed1,ab25696964de9a9bd056c05f5021821512f6128f06fede373f779014f2fed9d8,2dcdf9429baa9fcc847cc03bb3eb992a0574d0c81dcfbd456974ff9264223f13,c1881d4f6c0f31cc50171d6c3004faa1325b5e8d,reconverge_passes,,count
ladder,S5_outage,kalman,2,10,True,S5_outage__kalman__seed2,0052a68ebb4dd1334f0378cfa6defa07917942ba64b15d70b6cd736642ab3e2c,2dcdf9429baa9fcc847cc03bb3eb992a0574d0c81dcfbd456974ff9264223f13,c1881d4f6c0f31cc50171d6c3004faa1325b5e8d,reconverge_passes,,count
ladder,S5_outage,kalman,3,10,True,S5_outage__kalman__seed3,e71247b8c58f106fad94f1fa68a340a88baac5595f00b577c8912131cd60a6c4,2dcdf9429baa9fcc847cc03bb3eb992a0574d0c81dcfbd456974ff9264223f13,c1881d4f6c0f31cc50171d6c3004faa1325b5e8d,reconverge_passes,,count
ladder,S6_combined,static_affine,1,10,True,S6_combined__static_affine__seed1,b3cf8d14b3aed8b1d65ab4497dcbfb879dbda2ce1da03bb07f6401c9b4b9bd4a,535f10e6c30103272f64653e50d0578cbf5af363b23f0ecbad28905519d7af3d,c1881d4f6c0f31cc50171d6c3004faa1325b5e8d,reconverge_passes,2270.0,count
ladder,S6_combined,static_affine,2,10,True,S6_combined__static_affine__seed2,e4f7ab87faf6982be139dc8af97757bff8d540d357c41e3d06ec298e4dd75854,535f10e6c30103272f64653e50d0578cbf5af363b23f0ecbad28905519d7af3d,c1881d4f6c0f31cc50171d6c3004faa1325b5e8d,reconverge_passes,505.0,count
ladder,S6_combined,static_affine,3,10,True,S6_combined__static_affine__seed3,c371bfebbbdb510b204e19fcaedea3c47a4e8b6d77499f04ee6ac55d13fed988,535f10e6c30103272f64653e50d0578cbf5af363b23f0ecbad28905519d7af3d,c1881d4f6c0f31cc50171d6c3004faa1325b5e8d,reconverge_passes,795.0,count
ladder,S6_combined,rls,1,10,True,S6_combined__rls__seed1,b3cf8d14b3aed8b1d65ab4497dcbfb879dbda2ce1da03bb07f6401c9b4b9bd4a,f54c17346089ba805d00d389d8b7c1c3e1cdb89c6515d103c5f0f15f4eb61185,c1881d4f6c0f31cc50171d6c3004faa1325b5e8d,reconverge_passes,,count
ladder,S6_combined,rls,2,10,True,S6_combined__rls__seed2,e4f7ab87faf6982be139dc8af97757bff8d540d357c41e3d06ec298e4dd75854,f54c17346089ba805d00d389d8b7c1c3e1cdb89c6515d103c5f0f15f4eb61185,c1881d4f6c0f31cc50171d6c3004faa1325b5e8d,reconverge_passes,2503.0,count
ladder,S6_combined,rls,3,10,True,S6_combined__rls__seed3,c371bfebbbdb510b204e19fcaedea3c47a4e8b6d77499f04ee6ac55d13fed988,f54c17346089ba805d00d389d8b7c1c3e1cdb89c6515d103c5f0f15f4eb61185,c1881d4f6c0f31cc50171d6c3004faa1325b5e8d,reconverge_passes,351.0,count
ladder,S6_combined,kalman,1,10,True,S6_combined__kalman__seed1,b3cf8d14b3aed8b1d65ab4497dcbfb879dbda2ce1da03bb07f6401c9b4b9bd4a,2dcdf9429baa9fcc847cc03bb3eb992a0574d0c81dcfbd456974ff9264223f13,c1881d4f6c0f31cc50171d6c3004faa1325b5e8d,reconverge_passes,,count
ladder,S6_combined,kalman,2,10,True,S6_combined__kalman__seed2,e4f7ab87faf6982be139dc8af97757bff8d540d357c41e3d06ec298e4dd75854,2dcdf9429baa9fcc847cc03bb3eb992a0574d0c81dcfbd456974ff9264223f13,c1881d4f6c0f31cc50171d6c3004faa1325b5e8d,reconverge_passes,,count
ladder,S6_combined,kalman,3,10,True,S6_combined__kalman__seed3,c371bfebbbdb510b204e19fcaedea3c47a4e8b6d77499f04ee6ac55d13fed988,2dcdf9429baa9fcc847cc03bb3eb992a0574d0c81dcfbd456974ff9264223f13,c1881d4f6c0f31cc50171d6c3004faa1325b5e8d,reconverge_passes,347.0,count
ladder,S7_sparse_reference,static_affine,1,10,True,S7_sparse_reference__static_affine__seed1,24835dafebd07f6facda17ec68b148ca21bd70070201cdbfe1cf136d6c2da50a,535f10e6c30103272f64653e50d0578cbf5af363b23f0ecbad28905519d7af3d,c1881d4f6c0f31cc50171d6c3004faa1325b5e8d,reconverge_passes,852.0,count
ladder,S7_sparse_reference,static_affine,2,10,True,S7_sparse_reference__static_affine__seed2,1830f9600d18220efd37edc0ed15951b55aee715e2061c3ef38b60364f8b8678,535f10e6c30103272f64653e50d0578cbf5af363b23f0ecbad28905519d7af3d,c1881d4f6c0f31cc50171d6c3004faa1325b5e8d,reconverge_passes,1411.0,count
ladder,S7_sparse_reference,static_affine,3,10,True,S7_sparse_reference__static_affine__seed3,b10da6cea2c796fcd510a2c7d7f3d2074f0eed008477bb57609f09be0a5cc888,535f10e6c30103272f64653e50d0578cbf5af363b23f0ecbad28905519d7af3d,c1881d4f6c0f31cc50171d6c3004faa1325b5e8d,reconverge_passes,,count
ladder,S7_sparse_reference,rls,1,10,True,S7_sparse_reference__rls__seed1,24835dafebd07f6facda17ec68b148ca21bd70070201cdbfe1cf136d6c2da50a,f54c17346089ba805d00d389d8b7c1c3e1cdb89c6515d103c5f0f15f4eb61185,c1881d4f6c0f31cc50171d6c3004faa1325b5e8d,reconverge_passes,523.0,count
ladder,S7_sparse_reference,rls,2,10,True,S7_sparse_reference__rls__seed2,1830f9600d18220efd37edc0ed15951b55aee715e2061c3ef38b60364f8b8678,f54c17346089ba805d00d389d8b7c1c3e1cdb89c6515d103c5f0f15f4eb61185,c1881d4f6c0f31cc50171d6c3004faa1325b5e8d,reconverge_passes,1067.0,count
ladder,S7_sparse_reference,rls,3,10,True,S7_sparse_reference__rls__seed3,b10da6cea2c796fcd510a2c7d7f3d2074f0eed008477bb57609f09be0a5cc888,f54c17346089ba805d00d389d8b7c1c3e1cdb89c6515d103c5f0f15f4eb61185,c1881d4f6c0f31cc50171d6c3004faa1325b5e8d,reconverge_passes,824.0,count
ladder,S7_sparse_reference,kalman,1,10,True,S7_sparse_reference__kalman__seed1,24835dafebd07f6facda17ec68b148ca21bd70070201cdbfe1cf136d6c2da50a,2dcdf9429baa9fcc847cc03bb3eb992a0574d0c81dcfbd456974ff9264223f13,c1881d4f6c0f31cc50171d6c3004faa1325b5e8d,reconverge_passes,,count
ladder,S7_sparse_reference,kalman,2,10,True,S7_sparse_reference__kalman__seed2,1830f9600d18220efd37edc0ed15951b55aee715e2061c3ef38b60364f8b8678,2dcdf9429baa9fcc847cc03bb3eb992a0574d0c81dcfbd456974ff9264223f13,c1881d4f6c0f31cc50171d6c3004faa1325b5e8d,reconverge_passes,,count
ladder,S7_sparse_reference,kalman,3,10,True,S7_sparse_reference__kalman__seed3,b10da6cea2c796fcd510a2c7d7f3d2074f0eed008477bb57609f09be0a5cc888,2dcdf9429baa9fcc847cc03bb3eb992a0574d0c81dcfbd456974ff9264223f13,c1881d4f6c0f31cc50171d6c3004faa1325b5e8d,reconverge_passes,806.0,count
ladder,S1_nominal,static_affine,1,10,True,S1_nominal__static_affine__seed1,1f0eb7d0a64d2c9430bd781be2ad3a6383c85935e18ff7809210a4dbae3f4f74,535f10e6c30103272f64653e50d0578cbf5af363b23f0ecbad28905519d7af3d,c1881d4f6c0f31cc50171d6c3004faa1325b5e8d,n_interval_fallback,121.0,count
ladder,S1_nominal,static_affine,2,10,True,S1_nominal__static_affine__seed2,c45f068e83a0db5af8037bcec208da070545216f5240a590ba8286dfcee1b0b4,535f10e6c30103272f64653e50d0578cbf5af363b23f0ecbad28905519d7af3d,c1881d4f6c0f31cc50171d6c3004faa1325b5e8d,n_interval_fallback,121.0,count
ladder,S1_nominal,static_affine,3,10,True,S1_nominal__static_affine__seed3,7f808862af70bdf5f8b721f954c967c9d3eb0d071e708e4f266d8f7901642f98,535f10e6c30103272f64653e50d0578cbf5af363b23f0ecbad28905519d7af3d,c1881d4f6c0f31cc50171d6c3004faa1325b5e8d,n_interval_fallback,121.0,count
ladder,S1_nominal,rls,1,10,True,S1_nominal__rls__seed1,1f0eb7d0a64d2c9430bd781be2ad3a6383c85935e18ff7809210a4dbae3f4f74,f54c17346089ba805d00d389d8b7c1c3e1cdb89c6515d103c5f0f15f4eb61185,c1881d4f6c0f31cc50171d6c3004faa1325b5e8d,n_interval_fallback,121.0,count
ladder,S1_nominal,rls,2,10,True,S1_nominal__rls__seed2,c45f068e83a0db5af8037bcec208da070545216f5240a590ba8286dfcee1b0b4,f54c17346089ba805d00d389d8b7c1c3e1cdb89c6515d103c5f0f15f4eb61185,c1881d4f6c0f31cc50171d6c3004faa1325b5e8d,n_interval_fallback,121.0,count
ladder,S1_nominal,rls,3,10,True,S1_nominal__rls__seed3,7f808862af70bdf5f8b721f954c967c9d3eb0d071e708e4f266d8f7901642f98,f54c17346089ba805d00d389d8b7c1c3e1cdb89c6515d103c5f0f15f4eb61185,c1881d4f6c0f31cc50171d6c3004faa1325b5e8d,n_interval_fallback,121.0,count
ladder,S1_nominal,kalman,1,10,True,S1_nominal__kalman__seed1,1f0eb7d0a64d2c9430bd781be2ad3a6383c85935e18ff7809210a4dbae3f4f74,2dcdf9429baa9fcc847cc03bb3eb992a0574d0c81dcfbd456974ff9264223f13,c1881d4f6c0f31cc50171d6c3004faa1325b5e8d,n_interval_fallback,121.0,count
ladder,S1_nominal,kalman,2,10,True,S1_nominal__kalman__seed2,c45f068e83a0db5af8037bcec208da070545216f5240a590ba8286dfcee1b0b4,2dcdf9429baa9fcc847cc03bb3eb992a0574d0c81dcfbd456974ff9264223f13,c1881d4f6c0f31cc50171d6c3004faa1325b5e8d,n_interval_fallback,121.0,count
ladder,S1_nominal,kalman,3,10,True,S1_nominal__kalman__seed3,7f808862af70bdf5f8b721f954c967c9d3eb0d071e708e4f266d8f7901642f98,2dcdf9429baa9fcc847cc03bb3eb992a0574d0c81dcfbd456974ff9264223f13,c1881d4f6c0f31cc50171d6c3004faa1325b5e8d,n_interval_fallback,121.0,count
ladder,S2_thermal_cycle,static_affine,1,10,True,S2_thermal_cycle__static_affine__seed1,a9d23ff021d7d7330d2f7690ce6fe1a23e9face2bceffa30bb9e10eb4c70e685,535f10e6c30103272f64653e50d0578cbf5af363b23f0ecbad28905519d7af3d,c1881d4f6c0f31cc50171d6c3004faa1325b5e8d,n_interval_fallback,121.0,count
ladder,S2_thermal_cycle,static_affine,2,10,True,S2_thermal_cycle__static_affine__seed2,19c57e97290995438510692dd0c87d401ed506ad1b05f6b88446276b5f326325,535f10e6c30103272f64653e50d0578cbf5af363b23f0ecbad28905519d7af3d,c1881d4f6c0f31cc50171d6c3004faa1325b5e8d,n_interval_fallback,121.0,count
ladder,S2_thermal_cycle,static_affine,3,10,True,S2_thermal_cycle__static_affine__seed3,24befa705b788e8ac92815dc24ece289db28b46d6894613726a31248a0b3f0e9,535f10e6c30103272f64653e50d0578cbf5af363b23f0ecbad28905519d7af3d,c1881d4f6c0f31cc50171d6c3004faa1325b5e8d,n_interval_fallback,121.0,count
ladder,S2_thermal_cycle,rls,1,10,True,S2_thermal_cycle__rls__seed1,a9d23ff021d7d7330d2f7690ce6fe1a23e9face2bceffa30bb9e10eb4c70e685,f54c17346089ba805d00d389d8b7c1c3e1cdb89c6515d103c5f0f15f4eb61185,c1881d4f6c0f31cc50171d6c3004faa1325b5e8d,n_interval_fallback,121.0,count
ladder,S2_thermal_cycle,rls,2,10,True,S2_thermal_cycle__rls__seed2,19c57e97290995438510692dd0c87d401ed506ad1b05f6b88446276b5f326325,f54c17346089ba805d00d389d8b7c1c3e1cdb89c6515d103c5f0f15f4eb61185,c1881d4f6c0f31cc50171d6c3004faa1325b5e8d,n_interval_fallback,121.0,count
ladder,S2_thermal_cycle,rls,3,10,True,S2_thermal_cycle__rls__seed3,24befa705b788e8ac92815dc24ece289db28b46d6894613726a31248a0b3f0e9,f54c17346089ba805d00d389d8b7c1c3e1cdb89c6515d103c5f0f15f4eb61185,c1881d4f6c0f31cc50171d6c3004faa1325b5e8d,n_interval_fallback,121.0,count
ladder,S2_thermal_cycle,kalman,1,10,True,S2_thermal_cycle__kalman__seed1,a9d23ff021d7d7330d2f7690ce6fe1a23e9face2bceffa30bb9e10eb4c70e685,2dcdf9429baa9fcc847cc03bb3eb992a0574d0c81dcfbd456974ff9264223f13,c1881d4f6c0f31cc50171d6c3004faa1325b5e8d,n_interval_fallback,121.0,count
ladder,S2_thermal_cycle,kalman,2,10,True,S2_thermal_cycle__kalman__seed2,19c57e97290995438510692dd0c87d401ed506ad1b05f6b88446276b5f326325,2dcdf9429baa9fcc847cc03bb3eb992a0574d0c81dcfbd456974ff9264223f13,c1881d4f6c0f31cc50171d6c3004faa1325b5e8d,n_interval_fallback,121.0,count
ladder,S2_thermal_cycle,kalman,3,10,True,S2_thermal_cycle__kalman__seed3,24befa705b788e8ac92815dc24ece289db28b46d6894613726a31248a0b3f0e9,2dcdf9429baa9fcc847cc03bb3eb992a0574d0c81dcfbd456974ff9264223f13,c1881d4f6c0f31cc50171d6c3004faa1325b5e8d,n_interval_fallback,121.0,count
ladder,S3_zero_drift_walk,static_affine,1,10,True,S3_zero_drift_walk__static_affine__seed1,f100b6d8743f0beb23a874f69b02d3ff86fd69d1b80c3005bc53c22fbf24242c,535f10e6c30103272f64653e50d0578cbf5af363b23f0ecbad28905519d7af3d,c1881d4f6c0f31cc50171d6c3004faa1325b5e8d,n_interval_fallback,121.0,count
ladder,S3_zero_drift_walk,static_affine,2,10,True,S3_zero_drift_walk__static_affine__seed2,d908b1eec1d6ca010fbfed3dff58421d1657520e5136c0976972c56a507b8a71,535f10e6c30103272f64653e50d0578cbf5af363b23f0ecbad28905519d7af3d,c1881d4f6c0f31cc50171d6c3004faa1325b5e8d,n_interval_fallback,121.0,count
ladder,S3_zero_drift_walk,static_affine,3,10,True,S3_zero_drift_walk__static_affine__seed3,e65e6377500da0315dac92d9d159e61875ec095bbab24aed7387d0c3eeb9a9db,535f10e6c30103272f64653e50d0578cbf5af363b23f0ecbad28905519d7af3d,c1881d4f6c0f31cc50171d6c3004faa1325b5e8d,n_interval_fallback,121.0,count
ladder,S3_zero_drift_walk,rls,1,10,True,S3_zero_drift_walk__rls__seed1,f100b6d8743f0beb23a874f69b02d3ff86fd69d1b80c3005bc53c22fbf24242c,f54c17346089ba805d00d389d8b7c1c3e1cdb89c6515d103c5f0f15f4eb61185,c1881d4f6c0f31cc50171d6c3004faa1325b5e8d,n_interval_fallback,121.0,count
ladder,S3_zero_drift_walk,rls,2,10,True,S3_zero_drift_walk__rls__seed2,d908b1eec1d6ca010fbfed3dff58421d1657520e5136c0976972c56a507b8a71,f54c17346089ba805d00d389d8b7c1c3e1cdb89c6515d103c5f0f15f4eb61185,c1881d4f6c0f31cc50171d6c3004faa1325b5e8d,n_interval_fallback,121.0,count
ladder,S3_zero_drift_walk,rls,3,10,True,S3_zero_drift_walk__rls__seed3,e65e6377500da0315dac92d9d159e61875ec095bbab24aed7387d0c3eeb9a9db,f54c17346089ba805d00d389d8b7c1c3e1cdb89c6515d103c5f0f15f4eb61185,c1881d4f6c0f31cc50171d6c3004faa1325b5e8d,n_interval_fallback,121.0,count
ladder,S3_zero_drift_walk,kalman,1,10,True,S3_zero_drift_walk__kalman__seed1,f100b6d8743f0beb23a874f69b02d3ff86fd69d1b80c3005bc53c22fbf24242c,2dcdf9429baa9fcc847cc03bb3eb992a0574d0c81dcfbd456974ff9264223f13,c1881d4f6c0f31cc50171d6c3004faa1325b5e8d,n_interval_fallback,121.0,count
ladder,S3_zero_drift_walk,kalman,2,10,True,S3_zero_drift_walk__kalman__seed2,d908b1eec1d6ca010fbfed3dff58421d1657520e5136c0976972c56a507b8a71,2dcdf9429baa9fcc847cc03bb3eb992a0574d0c81dcfbd456974ff9264223f13,c1881d4f6c0f31cc50171d6c3004faa1325b5e8d,n_interval_fallback,121.0,count
ladder,S3_zero_drift_walk,kalman,3,10,True,S3_zero_drift_walk__kalman__seed3,e65e6377500da0315dac92d9d159e61875ec095bbab24aed7387d0c3eeb9a9db,2dcdf9429baa9fcc847cc03bb3eb992a0574d0c81dcfbd456974ff9264223f13,c1881d4f6c0f31cc50171d6c3004faa1325b5e8d,n_interval_fallback,121.0,count
ladder,S4_step_fault,static_affine,1,10,True,S4_step_fault__static_affine__seed1,7d29a6d7dca932314e512c265e0e559ec6cc02e548aa25349a95d1f29dbf9ef1,535f10e6c30103272f64653e50d0578cbf5af363b23f0ecbad28905519d7af3d,c1881d4f6c0f31cc50171d6c3004faa1325b5e8d,n_interval_fallback,412.0,count
ladder,S4_step_fault,static_affine,2,10,True,S4_step_fault__static_affine__seed2,adc80992e5ad2b0074c2ccb5fd189429c3fd11d2d51d242aa1caec078b0db1d2,535f10e6c30103272f64653e50d0578cbf5af363b23f0ecbad28905519d7af3d,c1881d4f6c0f31cc50171d6c3004faa1325b5e8d,n_interval_fallback,311.0,count
ladder,S4_step_fault,static_affine,3,10,True,S4_step_fault__static_affine__seed3,755a0aa70d2f3fe05534c8cb137d5df18ed16325d4692fc840c3daee2c8a8c92,535f10e6c30103272f64653e50d0578cbf5af363b23f0ecbad28905519d7af3d,c1881d4f6c0f31cc50171d6c3004faa1325b5e8d,n_interval_fallback,311.0,count
ladder,S4_step_fault,rls,1,10,True,S4_step_fault__rls__seed1,7d29a6d7dca932314e512c265e0e559ec6cc02e548aa25349a95d1f29dbf9ef1,f54c17346089ba805d00d389d8b7c1c3e1cdb89c6515d103c5f0f15f4eb61185,c1881d4f6c0f31cc50171d6c3004faa1325b5e8d,n_interval_fallback,311.0,count
ladder,S4_step_fault,rls,2,10,True,S4_step_fault__rls__seed2,adc80992e5ad2b0074c2ccb5fd189429c3fd11d2d51d242aa1caec078b0db1d2,f54c17346089ba805d00d389d8b7c1c3e1cdb89c6515d103c5f0f15f4eb61185,c1881d4f6c0f31cc50171d6c3004faa1325b5e8d,n_interval_fallback,311.0,count
ladder,S4_step_fault,rls,3,10,True,S4_step_fault__rls__seed3,755a0aa70d2f3fe05534c8cb137d5df18ed16325d4692fc840c3daee2c8a8c92,f54c17346089ba805d00d389d8b7c1c3e1cdb89c6515d103c5f0f15f4eb61185,c1881d4f6c0f31cc50171d6c3004faa1325b5e8d,n_interval_fallback,121.0,count
ladder,S4_step_fault,kalman,1,10,True,S4_step_fault__kalman__seed1,7d29a6d7dca932314e512c265e0e559ec6cc02e548aa25349a95d1f29dbf9ef1,2dcdf9429baa9fcc847cc03bb3eb992a0574d0c81dcfbd456974ff9264223f13,c1881d4f6c0f31cc50171d6c3004faa1325b5e8d,n_interval_fallback,121.0,count
ladder,S4_step_fault,kalman,2,10,True,S4_step_fault__kalman__seed2,adc80992e5ad2b0074c2ccb5fd189429c3fd11d2d51d242aa1caec078b0db1d2,2dcdf9429baa9fcc847cc03bb3eb992a0574d0c81dcfbd456974ff9264223f13,c1881d4f6c0f31cc50171d6c3004faa1325b5e8d,n_interval_fallback,121.0,count
ladder,S4_step_fault,kalman,3,10,True,S4_step_fault__kalman__seed3,755a0aa70d2f3fe05534c8cb137d5df18ed16325d4692fc840c3daee2c8a8c92,2dcdf9429baa9fcc847cc03bb3eb992a0574d0c81dcfbd456974ff9264223f13,c1881d4f6c0f31cc50171d6c3004faa1325b5e8d,n_interval_fallback,121.0,count
ladder,S5_outage,static_affine,1,10,True,S5_outage__static_affine__seed1,ab25696964de9a9bd056c05f5021821512f6128f06fede373f779014f2fed9d8,535f10e6c30103272f64653e50d0578cbf5af363b23f0ecbad28905519d7af3d,c1881d4f6c0f31cc50171d6c3004faa1325b5e8d,n_interval_fallback,121.0,count
ladder,S5_outage,static_affine,2,10,True,S5_outage__static_affine__seed2,0052a68ebb4dd1334f0378cfa6defa07917942ba64b15d70b6cd736642ab3e2c,535f10e6c30103272f64653e50d0578cbf5af363b23f0ecbad28905519d7af3d,c1881d4f6c0f31cc50171d6c3004faa1325b5e8d,n_interval_fallback,121.0,count
ladder,S5_outage,static_affine,3,10,True,S5_outage__static_affine__seed3,e71247b8c58f106fad94f1fa68a340a88baac5595f00b577c8912131cd60a6c4,535f10e6c30103272f64653e50d0578cbf5af363b23f0ecbad28905519d7af3d,c1881d4f6c0f31cc50171d6c3004faa1325b5e8d,n_interval_fallback,121.0,count
ladder,S5_outage,rls,1,10,True,S5_outage__rls__seed1,ab25696964de9a9bd056c05f5021821512f6128f06fede373f779014f2fed9d8,f54c17346089ba805d00d389d8b7c1c3e1cdb89c6515d103c5f0f15f4eb61185,c1881d4f6c0f31cc50171d6c3004faa1325b5e8d,n_interval_fallback,121.0,count
ladder,S5_outage,rls,2,10,True,S5_outage__rls__seed2,0052a68ebb4dd1334f0378cfa6defa07917942ba64b15d70b6cd736642ab3e2c,f54c17346089ba805d00d389d8b7c1c3e1cdb89c6515d103c5f0f15f4eb61185,c1881d4f6c0f31cc50171d6c3004faa1325b5e8d,n_interval_fallback,121.0,count
ladder,S5_outage,rls,3,10,True,S5_outage__rls__seed3,e71247b8c58f106fad94f1fa68a340a88baac5595f00b577c8912131cd60a6c4,f54c17346089ba805d00d389d8b7c1c3e1cdb89c6515d103c5f0f15f4eb61185,c1881d4f6c0f31cc50171d6c3004faa1325b5e8d,n_interval_fallback,121.0,count
ladder,S5_outage,kalman,1,10,True,S5_outage__kalman__seed1,ab25696964de9a9bd056c05f5021821512f6128f06fede373f779014f2fed9d8,2dcdf9429baa9fcc847cc03bb3eb992a0574d0c81dcfbd456974ff9264223f13,c1881d4f6c0f31cc50171d6c3004faa1325b5e8d,n_interval_fallback,121.0,count
ladder,S5_outage,kalman,2,10,True,S5_outage__kalman__seed2,0052a68ebb4dd1334f0378cfa6defa07917942ba64b15d70b6cd736642ab3e2c,2dcdf9429baa9fcc847cc03bb3eb992a0574d0c81dcfbd456974ff9264223f13,c1881d4f6c0f31cc50171d6c3004faa1325b5e8d,n_interval_fallback,121.0,count
ladder,S5_outage,kalman,3,10,True,S5_outage__kalman__seed3,e71247b8c58f106fad94f1fa68a340a88baac5595f00b577c8912131cd60a6c4,2dcdf9429baa9fcc847cc03bb3eb992a0574d0c81dcfbd456974ff9264223f13,c1881d4f6c0f31cc50171d6c3004faa1325b5e8d,n_interval_fallback,121.0,count
ladder,S6_combined,static_affine,1,10,True,S6_combined__static_affine__seed1,b3cf8d14b3aed8b1d65ab4497dcbfb879dbda2ce1da03bb07f6401c9b4b9bd4a,535f10e6c30103272f64653e50d0578cbf5af363b23f0ecbad28905519d7af3d,c1881d4f6c0f31cc50171d6c3004faa1325b5e8d,n_interval_fallback,121.0,count
ladder,S6_combined,static_affine,2,10,True,S6_combined__static_affine__seed2,e4f7ab87faf6982be139dc8af97757bff8d540d357c41e3d06ec298e4dd75854,535f10e6c30103272f64653e50d0578cbf5af363b23f0ecbad28905519d7af3d,c1881d4f6c0f31cc50171d6c3004faa1325b5e8d,n_interval_fallback,311.0,count
ladder,S6_combined,static_affine,3,10,True,S6_combined__static_affine__seed3,c371bfebbbdb510b204e19fcaedea3c47a4e8b6d77499f04ee6ac55d13fed988,535f10e6c30103272f64653e50d0578cbf5af363b23f0ecbad28905519d7af3d,c1881d4f6c0f31cc50171d6c3004faa1325b5e8d,n_interval_fallback,321.0,count
ladder,S6_combined,rls,1,10,True,S6_combined__rls__seed1,b3cf8d14b3aed8b1d65ab4497dcbfb879dbda2ce1da03bb07f6401c9b4b9bd4a,f54c17346089ba805d00d389d8b7c1c3e1cdb89c6515d103c5f0f15f4eb61185,c1881d4f6c0f31cc50171d6c3004faa1325b5e8d,n_interval_fallback,121.0,count
ladder,S6_combined,rls,2,10,True,S6_combined__rls__seed2,e4f7ab87faf6982be139dc8af97757bff8d540d357c41e3d06ec298e4dd75854,f54c17346089ba805d00d389d8b7c1c3e1cdb89c6515d103c5f0f15f4eb61185,c1881d4f6c0f31cc50171d6c3004faa1325b5e8d,n_interval_fallback,121.0,count
ladder,S6_combined,rls,3,10,True,S6_combined__rls__seed3,c371bfebbbdb510b204e19fcaedea3c47a4e8b6d77499f04ee6ac55d13fed988,f54c17346089ba805d00d389d8b7c1c3e1cdb89c6515d103c5f0f15f4eb61185,c1881d4f6c0f31cc50171d6c3004faa1325b5e8d,n_interval_fallback,321.0,count
ladder,S6_combined,kalman,1,10,True,S6_combined__kalman__seed1,b3cf8d14b3aed8b1d65ab4497dcbfb879dbda2ce1da03bb07f6401c9b4b9bd4a,2dcdf9429baa9fcc847cc03bb3eb992a0574d0c81dcfbd456974ff9264223f13,c1881d4f6c0f31cc50171d6c3004faa1325b5e8d,n_interval_fallback,121.0,count
ladder,S6_combined,kalman,2,10,True,S6_combined__kalman__seed2,e4f7ab87faf6982be139dc8af97757bff8d540d357c41e3d06ec298e4dd75854,2dcdf9429baa9fcc847cc03bb3eb992a0574d0c81dcfbd456974ff9264223f13,c1881d4f6c0f31cc50171d6c3004faa1325b5e8d,n_interval_fallback,121.0,count
ladder,S6_combined,kalman,3,10,True,S6_combined__kalman__seed3,c371bfebbbdb510b204e19fcaedea3c47a4e8b6d77499f04ee6ac55d13fed988,2dcdf9429baa9fcc847cc03bb3eb992a0574d0c81dcfbd456974ff9264223f13,c1881d4f6c0f31cc50171d6c3004faa1325b5e8d,n_interval_fallback,131.0,count
ladder,S7_sparse_reference,static_affine,1,10,True,S7_sparse_reference__static_affine__seed1,24835dafebd07f6facda17ec68b148ca21bd70070201cdbfe1cf136d6c2da50a,535f10e6c30103272f64653e50d0578cbf5af363b23f0ecbad28905519d7af3d,c1881d4f6c0f31cc50171d6c3004faa1325b5e8d,n_interval_fallback,121.0,count
ladder,S7_sparse_reference,static_affine,2,10,True,S7_sparse_reference__static_affine__seed2,1830f9600d18220efd37edc0ed15951b55aee715e2061c3ef38b60364f8b8678,535f10e6c30103272f64653e50d0578cbf5af363b23f0ecbad28905519d7af3d,c1881d4f6c0f31cc50171d6c3004faa1325b5e8d,n_interval_fallback,121.0,count
ladder,S7_sparse_reference,static_affine,3,10,True,S7_sparse_reference__static_affine__seed3,b10da6cea2c796fcd510a2c7d7f3d2074f0eed008477bb57609f09be0a5cc888,535f10e6c30103272f64653e50d0578cbf5af363b23f0ecbad28905519d7af3d,c1881d4f6c0f31cc50171d6c3004faa1325b5e8d,n_interval_fallback,121.0,count
ladder,S7_sparse_reference,rls,1,10,True,S7_sparse_reference__rls__seed1,24835dafebd07f6facda17ec68b148ca21bd70070201cdbfe1cf136d6c2da50a,f54c17346089ba805d00d389d8b7c1c3e1cdb89c6515d103c5f0f15f4eb61185,c1881d4f6c0f31cc50171d6c3004faa1325b5e8d,n_interval_fallback,121.0,count
ladder,S7_sparse_reference,rls,2,10,True,S7_sparse_reference__rls__seed2,1830f9600d18220efd37edc0ed15951b55aee715e2061c3ef38b60364f8b8678,f54c17346089ba805d00d389d8b7c1c3e1cdb89c6515d103c5f0f15f4eb61185,c1881d4f6c0f31cc50171d6c3004faa1325b5e8d,n_interval_fallback,121.0,count
ladder,S7_sparse_reference,rls,3,10,True,S7_sparse_reference__rls__seed3,b10da6cea2c796fcd510a2c7d7f3d2074f0eed008477bb57609f09be0a5cc888,f54c17346089ba805d00d389d8b7c1c3e1cdb89c6515d103c5f0f15f4eb61185,c1881d4f6c0f31cc50171d6c3004faa1325b5e8d,n_interval_fallback,121.0,count
ladder,S7_sparse_reference,kalman,1,10,True,S7_sparse_reference__kalman__seed1,24835dafebd07f6facda17ec68b148ca21bd70070201cdbfe1cf136d6c2da50a,2dcdf9429baa9fcc847cc03bb3eb992a0574d0c81dcfbd456974ff9264223f13,c1881d4f6c0f31cc50171d6c3004faa1325b5e8d,n_interval_fallback,121.0,count
ladder,S7_sparse_reference,kalman,2,10,True,S7_sparse_reference__kalman__seed2,1830f9600d18220efd37edc0ed15951b55aee715e2061c3ef38b60364f8b8678,2dcdf9429baa9fcc847cc03bb3eb992a0574d0c81dcfbd456974ff9264223f13,c1881d4f6c0f31cc50171d6c3004faa1325b5e8d,n_interval_fallback,121.0,count
ladder,S7_sparse_reference,kalman,3,10,True,S7_sparse_reference__kalman__seed3,b10da6cea2c796fcd510a2c7d7f3d2074f0eed008477bb57609f09be0a5cc888,2dcdf9429baa9fcc847cc03bb3eb992a0574d0c81dcfbd456974ff9264223f13,c1881d4f6c0f31cc50171d6c3004faa1325b5e8d,n_interval_fallback,121.0,count
